frequency_Hz,excitation_amplitude_N,frf_valid,piezo_1_amplitude_V,frf_1_real_V_N,frf_1_imag_V_N,piezo_2_amplitude_V,frf_2_real_V_N,frf_2_imag_V_N
0,1.99679714865e-06,0,6.12431947049e-06,nan,nan,0,nan,nan
4,2.00664532035e-06,1,6.14533557e-06,3.0624921572,0.000207669489792,0,0,0
8,6.29522575424e-09,1,1.31755629395e-08,2.09284982237,0.0199876628902,0,0,0
12,6.36448830967e-09,1,1.33919563407e-08,2.10393301284,0.0314848903886,0,0,0
16,6.38378846855e-09,1,1.34567723076e-08,2.107531176,0.0425292712325,0,0,0
20,6.39196030855e-09,1,1.34891046342e-08,2.10964632608,0.0534606312796,0,0,0
24,6.39613644239e-09,1,1.35108461669e-08,2.11136450102,0.0643498453926,0,0,0
28,6.39849626264e-09,1,1.352870655e-08,2.11301864744,0.0752230277266,0,0,0
32,6.39989831732e-09,1,1.35453502477e-08,2.11474285375,0.0860933595859,0,0,0
36,6.40073886181e-09,1,1.35620291717e-08,2.11660235297,0.0969692595545,0,0,0
40,6.40122203092e-09,1,1.35794111543e-08,2.11863426534,0.107857221321,0,0,0
44,6.40146190353e-09,1,1.35978929548e-08,2.12086294942,0.118763016235,0,0,0
48,6.40152637644e-09,1,1.36177348385e-08,2.12330658689,0.129692286907,0,0,0
52,6.40145794666e-09,1,1.3639124356e-08,2.12598029491,0.140650881942,0,0,0
56,6.40128433346e-09,1,1.36622089736e-08,2.12889771198,0.151645069159,0,-0,0
60,6.40102425119e-09,1,1.36871138396e-08,2.1320718557,0.162681687808,0,-0,0
64,6.40069071003e-09,1,1.37139519782e-08,2.13551560923,0.173768268638,0,-0,0
68,6.40029298547e-09,1,1.37428304076e-08,2.13924200759,0.184913136675,0,-0,0
72,6.3998378373e-09,1,1.37738539637e-08,2.14326441066,0.196125504761,0,-0,0
76,6.39933028804e-09,1,1.38071277818e-08,2.14759660968,0.207415562888,0,-0,0
80,6.39877413414e-09,1,1.38427589675e-08,2.15225289262,0.218794565805,0,-0,0
84,6.39817228982e-09,1,1.38808577624e-08,2.15724808369,0.230274921244,0,-0,0
88,6.39752702345e-09,1,1.39215383926e-08,2.16259756585,0.241870279936,0,-0,0
92,6.39684012318e-09,1,1.39649197099e-08,2.16831729142,0.25359562847,0,-0,0
96,6.39611301514e-09,1,1.40111257009e-08,2.17442378465,0.265467385967,0,-0,0
100,6.39534684895e-09,1,1.40602859097e-08,2.18093413789,0.277503505274,0,-0,0
104,6.39454256069e-09,1,1.41125358068e-08,2.18786600298,0.289723579458,0,-0,0
108,6.3937009197e-09,1,1.4168017126e-08,2.19523757868,0.302148954299,0,-0,0
112,6.3928225639e-09,1,1.42268781854e-08,2.2030675944,0.314802847661,0,-0,-0
116,6.39190802665e-09,1,1.4289274205e-08,2.21137529082,0.327710476371,0,-0,-0
120,6.39095775753e-09,1,1.43553676292e-08,2.22018039721,0.340899191659,0,-0,-0
124,6.38997213834e-09,1,1.4425328464e-08,2.22950310548,0.354398623976,0,-0,-0
128,6.38895149577e-09,1,1.44993346346e-08,2.23936404083,0.368240838282,0,-0,-0
132,6.38789611138e-09,1,1.45775723711e-08,2.24978422877,0.382460500978,0,-0,-0
136,6.38680622948e-09,1,1.46602366278e-08,2.26078505794,0.3970950596,0,-0,-0
140,6.38568206358e-09,1,1.47475315447e-08,2.27238823861,0.412184936929,0,-0,-0
144,6.38452380144e-09,1,1.4839670956e-08,2.28461575604,0.427773740833,0,-0,-0
148,6.38333160933e-09,1,1.49368789562e-08,2.29748981818,0.443908491697,0,-0,-0
152,6.3821056354e-09,1,1.50393905301e-08,2.31103279688,0.460639869397,0,-0,-0
156,6.38084601251e-09,1,1.51474522574e-08,2.32526716181,0.478022481984,0,-0,-0
160,6.37955286051e-09,1,1.5261323103e-08,2.34021540593,0.496115158483,0,-0,-0
164,6.37822628821e-09,1,1.53812753042e-08,2.35589996127,0.51498126858,0,-0,-0
168,6.37686639496e-09,1,1.55075953697e-08,2.37234310374,0.534689072302,0,-0,-0
172,6.37547327198e-09,1,1.56405852052e-08,2.38956684516,0.555312103162,0,-0,-0
176,6.37404700353e-09,1,1.57805633846e-08,2.40759281067,0.576929588607,0,-0,-0
180,6.37258766781e-09,1,1.59278665867e-08,2.42644209921,0.599626912373,0,-0,-0
184,6.37109533783e-09,1,1.60828512219e-08,2.44613512448,0.623496123612,0,-0,-0
188,6.36957008205e-09,1,1.62458952754e-08,2.46669143334,0.648636498561,0,-0,-0
192,6.36801196497e-09,1,1.64174003991e-08,2.48812949805,0.675155161237,0,-0,-0
196,6.36642104766e-09,1,1.65977942901e-08,2.5104664782,0.703167770467,0,-0,-0
200,6.36479738815e-09,1,1.67875333954e-08,2.53371794744,0.732799281738,0,-0,-0
204,6.36314104186e-09,1,1.69871059958e-08,2.55789757917,0.764184793389,0,-0,-0
208,6.36145206183e-09,1,1.71970357258e-08,2.58301678481,0.797470488177,0,-0,-0
212,6.3597304991e-09,1,1.74178855963e-08,2.60908429614,0.832814682849,0,-0,-0
216,6.35797640286e-09,1,1.76502626034e-08,2.63610568299,0.870389000179,0,-0,-0
220,6.35618982071e-09,1,1.78948230143e-08,2.66408279478,0.910379680172,0,-0,-0
224,6.35437079883e-09,1,1.81522784445e-08,2.69301311317,0.952989049764,0,-0,-0
228,6.35251938213e-09,1,1.84234028566e-08,2.72288900006,0.998437173303,0,-0,-0
232,6.35063561441e-09,1,1.87090406412e-08,2.75369682282,1.04696370978,0,-0,-0
236,6.34871953845e-09,1,1.90101159631e-08,2.78541593451,1.09883000677,0,-0,-0
240,6.34677119613e-09,1,1.93276436026e-08,2.81801748316,1.15432146649,0,-0,-0
244,6.34479062855e-09,1,1.96627415571e-08,2.85146301864,1.21375022466,0,-0,-0
248,6.34277787607e-09,1,2.00166457302e-08,2.88570285935,1.27745819079,0,-0,-0
252,6.34073297842e-09,1,2.03907270965e-08,2.92067417363,1.34582050592,0,-0,-0
256,6.33865597473e-09,1,2.07865118191e-08,2.95629872108,1.4192494851,0,-0,-0
260,6.33654690364e-09,1,2.12057048906e-08,2.99248018745,1.49819912315,0,-0,-0
264,6.3344058033e-09,1,2.16502179982e-08,3.02910103273,1.58317025751,0,-0,-0
268,6.33223271144e-09,1,2.21222024662e-08,3.06601875465,1.67471649961,0,-0,-0
272,6.33002766541e-09,1,2.26240883185e-08,3.10306144701,1.77345106796,0,-0,-0
276,6.32779070222e-09,1,2.31586307447e-08,3.14002250687,1.88005468232,0,-0,-0
280,6.32552185856e-09,1,2.37289655456e-08,3.17665430842,1.99528471136,0,0,-0
284,6.32322117087e-09,1,2.43386755078e-08,3.21266062047,2.11998580517,0,0,-0
288,6.3208886753e-09,1,2.49918701197e-08,3.24768748937,2.25510229433,0,0,-0
292,6.31852440782e-09,1,2.56932816253e-08,3.28131224116,2.40169269752,0,0,-0
296,6.31612840417e-09,1,2.64483811517e-08,3.31303016935,2.5609467566,0,0,-0
300,6.31370069992e-09,1,2.72635195774e-08,3.34223836327,2.73420551369,0,0,-0
304,6.31124133048e-09,1,2.81460989979e-08,3.36821598793,2.92298506525,0,0,-0
308,6.30875033113e-09,1,2.91047821591e-08,3.39010013994,3.12900478129,0,0,-0
312,6.30622773704e-09,1,3.01497491724e-08,3.40685616228,3.35422097269,0,0,-0
316,6.30367358325e-09,1,3.12930133272e-08,3.41724098242,3.60086723911,0,0,-0
320,6.30108790473e-09,1,3.25488110657e-08,3.41975761995,3.87150305293,0,0,-0
324,6.29847073638e-09,1,3.39340854155e-08,3.41259845426,4.16907255261,0,0,-0
328,6.29582211305e-09,1,3.54690877473e-08,3.3935740993,4.49697606711,0,0,-0
332,6.29314206954e-09,1,3.71781301088e-08,3.36002373233,4.85915761394,0,0,-0
336,6.29043064062e-09,1,3.9090530273e-08,3.30870136475,5.26021257201,0,0,0
340,6.28768786105e-09,1,4.12418050216e-08,3.2356306836,5.70552101276,0,0,0
344,6.28491376561e-09,1,4.36751854974e-08,3.1359185234,6.2014139062,0,0,0
348,6.28210838905e-09,1,4.64435538277e-08,3.00351344718,6.75538178014,0,0,0
352,6.2792717662e-09,1,4.96119358081e-08,2.83089087255,7.37633866311,0,0,0
356,6.27640393189e-09,1,5.32607349816e-08,2.60863899965,8.07495866702,0,0,0
360,6.27350492101e-09,1,5.74899661595e-08,2.32490946543,8.86410893215,0,0,0
364,6.27057476853e-09,1,6.24248523753e-08,1.96468158836,9.75941172652,0,0,0
368,6.26761350948e-09,1,6.8223305613e-08,1.50876683473,10.7799815754,0,0,0
372,6.26462117899e-09,1,7.50860455014e-08,0.932446848216,11.9494024398,0,0,0
376,6.26159781228e-09,1,8.32704648977e-08,0.203587778666,13.2970383923,0,0,0
380,6.25854344471e-09,1,9.31098977652e-08,-0.720004546026,14.8598141603,0,0,0
384,6.25545811173e-09,1,1.05040801043e-07,-1.89434704933,16.6846678543,0,0,0
388,6.25234184897e-09,1,1.19641729597e-07,-3.39471509467,18.8319815116,0,0,0
392,6.24919469217e-09,1,1.37690213327e-07,-5.32363007834,21.3804603884,0,0,0
396,6.24601667726e-09,1,1.6024736799e-07,-7.82281893924,24.4342026473,0,0,0
400,6.24280784036e-09,1,1.88786447876e-07,-11.091496483,28.1331559712,0,0,0
404,6.23956821773e-09,1,2.25392788488e-07,-15.4149680575,32.6689441697,0,0,0
408,6.23629784587e-09,1,2.73083041682e-07,-21.2105563117,38.3094509755,0,0,0
412,6.23299676149e-09,1,3.36330180856e-07,-29.1035421558,45.4381468466,0,0,0
416,6.2296650015e-09,1,4.21956498547e-07,-40.0570064627,54.6191545019,0,0,0
420,6.22630260307e-09,1,5.4071255557e-07,-55.6025378986,66.7091709266,0,0,0
424,6.2229096036e-09,1,7.10197710351e-07,-78.2689252407,83.0589547826,0,0,0
428,6.21948604077e-09,1,9.60556854268e-07,-112.42187945,105.896173653,0,0,0
432,6.21603195251e-09,1,1.34632236097e-06,-166.016141478,139.101802277,0,0,0
436,6.21254737705e-09,1,1.97302067436e-06,-254.544677432,189.9161413,0,0,0
440,6.20903235289e-09,1,3.06307507028e-06,-410.84436565,273.088131974,0,0,0
444,6.20548691887e-09,1,5.1410722844e-06,-712.698871355,422.405264089,0,0,0
448,6.20191111411e-09,1,9.65273619947e-06,-1375.01977026,729.206841991,0,0,0
452,6.19830497807e-09,1,2.16317537056e-05,-3145.45932232,1511.89063251,0,0,0
456,6.19466855056e-09,1,6.73970640659e-05,-9894.82815945,4523.66109878,0,0,0
460,6.19100187172e-09,1,0.000544843571273,-75580.9552603,45083.5422849,0,0,0
464,6.18730498206e-09,1,0.00222956231674,342870.318279,-110852.242245,0,0,0
468,6.18357792244e-09,1,0.00199128658809,-318441.405812,47929.585597,0,0,0
472,6.17982073411e-09,1,0.000325557068222,52251.2303845,6712.78098362,0,0,0
476,6.17603345871e-09,1,5.35979640658e-05,8655.96456853,623.340590868,0,0,0
480,6.17221613825e-09,1,1.85522171247e-05,2991.77527867,289.637995714,0,0,0
484,6.16836881518e-09,1,8.59307589406e-06,1379.882867,191.351337427,0,0,0
488,6.16449153232e-09,1,4.68184830647e-06,746.393203094,140.417169124,0,0,0
492,6.16058433295e-09,1,2.83301529015e-06,446.910223233,108.368872033,0,0,0
496,6.15664726076e-09,1,1.84568344729e-06,287.070856698,86.3865176833,0,0,0
500,6.15268035985e-09,1,1.27052868336e-06,194.083817817,70.5247073864,0,-0,0
504,6.1486836748e-09,1,9.12876943419e-07,136.384709201,58.6658064385,0,-0,0
508,6.14465725062e-09,1,6.78862437846e-07,98.7433873217,49.5540029115,0,-0,0
512,6.14060113278e-09,1,5.193639849e-07,73.185574615,42.3960619021,0,-0,0
516,6.13651536719e-09,1,4.06952010303e-07,55.2570560006,36.6678520358,0,-0,0
520,6.13240000025e-09,1,3.25478883894e-07,42.3355325494,32.0107586287,0,-0,0
524,6.12825507882e-09,1,2.65012158235e-07,32.8083805514,28.1723349114,0,-0,0
528,6.12408065024e-09,1,2.19211624526e-07,25.6467349829,24.9705597183,0,-0,0
532,6.1198767623e-09,1,1.83899554132e-07,20.1731987798,22.27145298,0,-0,0
536,6.11564346332e-09,1,1.56246359568e-07,15.9294782426,19.9745992391,0,-0,0
540,6.11138080206e-09,1,1.34288888025e-07,12.5980567737,18.0035271493,0,-0,0
544,6.10708882781e-09,1,1.16635923772e-07,9.9542963599,16.2991635837,0,-0,0
548,6.10276759031e-09,1,1.02282842164e-07,7.83628743045,14.815286408,0,-0,0
552,6.09841713982e-09,1,9.04919162004e-08,6.12537817518,13.5153067982,0,-0,0
556,6.09403752709e-09,1,8.07132185279e-08,4.73330977626,12.3699542793,0,-0,-0
560,6.08962880335e-09,1,7.2531253381e-08,3.59353999202,11.3555860383,0,-0,-0
564,6.08519102035e-09,1,6.56282635587e-08,2.65528197073,10.4529351753,0,-0,-0
568,6.08072423032e-09,1,5.97585644365e-08,1.87933905647,9.64617227482,0,-0,-0
572,6.07622848599e-09,1,5.47303056208e-08,1.23514947914,8.92219374196,0,-0,-0
576,6.07170384059e-09,1,5.03923211899e-08,0.69865981952,8.27007635586,0,-0,-0
580,6.06715034785e-09,1,4.66245210998e-08,0.250774947451,7.68065509785,0,-0,-0
584,6.06256806197e-09,1,4.33307830575e-08,-0.123785369327,7.14619340256,0,-0,-0
588,6.05795703767e-09,1,4.04336341646e-08,-0.43733921523,6.66012340492,0,-0,-0
592,6.05331733016e-09,1,3.78702300044e-08,-0.699885042025,6.21683969843,0,-0,-0
596,6.0486489951e-09,1,3.55892854803e-08,-0.919590398565,5.81153436348,0,-0,-0
600,6.04395208869e-09,1,3.35487115671e-08,-1.10316698942,5.44006408728,0,-0,-0
604,6.03922666757e-09,1,3.17137810167e-08,-1.25616089097,5.0988424319,0,-0,-0
608,6.03447278889e-09,1,3.00556941824e-08,-1.38317886354,4.78475195261,0,-0,-0
612,6.02969051024e-09,1,2.85504501473e-08,-1.48806611788,4.49507209248,0,-0,-0
616,6.02487988971e-09,1,2.7177952673e-08,-1.57404690637,4.2274196962,0,-0,-0
620,6.02004098585e-09,1,2.592129808e-08,-1.64383643056,3.9796996801,0,-0,-0
624,6.01517385766e-09,1,2.47662050305e-08,-1.69973045907,3.750063923,0,-0,-0
628,6.01027856462e-09,1,2.37005556692e-08,-1.74367750774,3.5368768482,0,-0,-0
632,6.00535516664e-09,1,2.27140246524e-08,-1.77733729089,3.33868647979,0,-0,-0
636,6.00040372409e-09,1,2.17977779001e-08,-1.80212829855,3.15419999997,0,-0,-0
640,5.99542429778e-09,1,2.09442269357e-08,-1.81926671163,2.98226302484,0,-0,-0
644,5.99041694896e-09,1,2.01468277421e-08,-1.82979837942,2.82184196548,0,-0,-0
648,5.98538173928e-09,1,1.93999154242e-08,-1.83462521203,2.67200896051,0,-0,-0
652,5.98031873085e-09,1,1.86985677877e-08,-1.83452705452,2.53192896032,0,-0,-0
656,5.97522798619e-09,1,1.80384923645e-08,-1.83017988858,2.40084861885,0,-0,-0
660,5.97010956822e-09,1,1.74159325162e-08,-1.82217103602,2.27808670951,0,-0,-0
664,5.96496354026e-09,1,1.68275891221e-08,-1.81101190409,2.16302583099,0,-0,-0
668,5.95978996604e-09,1,1.62705550397e-08,-1.79714870721,2.0551052083,0,-0,-0
672,5.95458890968e-09,1,1.57422600695e-08,-1.78097151623,1.953814427,0,-0,-0
676,5.94936043567e-09,1,1.52404245879e-08,-1.7628219207,1.85868796483,0,-0,-0
680,5.9441046089e-09,1,1.4763020356e-08,-1.74299953613,1.76930040726,0,-0,-0
684,5.9388214946e-09,1,1.43082372874e-08,-1.72176754681,1.68526225066,0,-0,-0
688,5.93351115839e-09,1,1.38744551816e-08,-1.69935744032,1.60621621241,0,-0,-0
692,5.92817366623e-09,1,1.34602196046e-08,-1.67597306239,1.53183397925,0,-0,-0
696,5.92280908443e-09,1,1.30642212487e-08,-1.65179409891,1.4618133353,0,-0,-0
700,5.91741747964e-09,1,1.26852782142e-08,-1.62697907338,1.39587562035,0,-0,-0
704,5.91199891886e-09,1,1.23223207562e-08,-1.60166793347,1.33376347544,0,-0,-0
708,5.9065534694e-09,1,1.19743781152e-08,-1.57598428826,1.27523883972,0,-0,-0
712,5.90108119889e-09,1,1.16405671147e-08,-1.55003734776,1.22008116677,0,-0,-0
716,5.89558217528e-09,1,1.13200822608e-08,-1.52392360784,1.16808583379,0,-0,-0
720,5.89005646683e-09,1,1.10121871232e-08,-1.49772831727,1.11906271997,0,0,-0
724,5.8845041421e-09,1,1.07162068109e-08,-1.4715267576,1.07283493408,0,0,-0
728,5.87892526994e-09,1,1.04315213864e-08,-1.44538536201,1.02923767357,0,0,-0
732,5.87331991948e-09,1,1.01575600867e-08,-1.41936269529,0.988117199995,0,0,-0
736,5.86768816014e-09,1,9.89379623959e-09,-1.39351031385,0.949329917476,0,0,-0
740,5.86203006161e-09,1,9.63974277982e-09,-1.36787352194,0.91274154258,0,0,-0
744,5.85634569387e-09,1,9.39494828535e-09,-1.34249203759,0.878226355309,0,0,-0
748,5.85063512712e-09,1,9.15899346576e-09,-1.31740058048,0.845666522528,0,0,-0
752,5.84489843185e-09,1,8.9314880426e-09,-1.29262939144,0.814951485779,0,0,-0
756,5.8391356788e-09,1,8.71206797332e-09,-1.26820469261,0.785977406625,0,0,-0
760,5.83334693895e-09,1,8.50039297516e-09,-1.24414909567,0.758646663569,0,0,-0
764,5.82753228351e-09,1,8.29614431165e-09,-1.22048196455,0.732867394941,0,0,-0
768,5.82169178395e-09,1,8.09902281139e-09,-1.1972197385,0.708553083234,0,0,-0
772,5.81582551196e-09,1,7.90874708935e-09,-1.17437621987,0.685622176464,0,0,-0
776,5.80993353945e-09,1,7.72505195006e-09,-1.15196283161,0.663997742954,0,0,0
780,5.80401593856e-09,1,7.54768694922e-09,-1.12998884736,0.643607156125,0,0,0
784,5.79807278165e-09,1,7.37641509806e-09,-1.10846159789,0.624381806395,0,0,0
788,5.7921041413e-09,1,7.21101169376e-09,-1.08738665643,0.606256837422,0,0,0
792,5.7861100903e-09,1,7.05126326303e-09,-1.06676800539,0.58917090451,0,0,0
796,5.78009070163e-09,1,6.8969666072e-09,-1.04660818666,0.57306595287,0,0,0
800,5.77404604851e-09,1,6.74792793788e-09,-1.02690843725,0.557887013968,0,0,0
804,5.76797620434e-09,1,6.60396209501e-09,-1.007668812,0.543582018248,0,0,0
808,5.76188124271e-09,1,6.46489183892e-09,-0.988888294794,0.53010162262,0,0,0
812,5.75576123744e-09,1,6.33054720964e-09,-0.970564899484,0.517399051497,0,0,0
816,5.74961626252e-09,1,6.20076494707e-09,-0.9526957617,0.505429949923,0,0,0
820,5.74344639214e-09,1,6.07538796706e-09,-0.935277222491,0.494152247967,0,0,0
824,5.73725170069e-09,1,5.95426488827e-09,-0.918304904737,0.483526035096,0,0,0
828,5.73103226274e-09,1,5.83724960522e-09,-0.901773782929,0.473513443843,0,0,0
832,5.72478815306e-09,1,5.72420090436e-09,-0.885678247228,0.464078541773,0,0,0
836,5.7185194466e-09,1,5.61498211902e-09,-0.870012162163,0.455187231202,0,0,0
840,5.71222621851e-09,1,5.50946082075e-09,-0.854768920725,0.446807155801,0,0,0
844,5.70590854411e-09,1,5.40750854305e-09,-0.839941494056,0.438907613605,0,0,0
848,5.69956649892e-09,1,5.30900053652e-09,-0.825522477486,0.431459475831,0,0,0
852,5.69320015864e-09,1,5.21381555129e-09,-0.811504132923,0.424435111087,0,0,0
856,5.68680959918e-09,1,5.12183564544e-09,-0.797878428221,0.417808314283,0,0,0
860,5.6803948966e-09,1,5.03294601732e-09,-0.78463707366,0.411554240182,0,0,0
864,5.67395612717e-09,1,4.94703485887e-09,-0.771771555758,0.405649340925,0,0,0
868,5.66749336735e-09,1,4.86399322955e-09,-0.759273168872,0.400071307313,0,0,0
872,5.66100669379e-09,1,4.78371494716e-09,-0.747133044454,0.394799013502,0,0,0
876,5.65449618332e-09,1,4.70609649588e-09,-0.735342178445,0.389812464969,0,0,0
880,5.64796191297e-09,1,4.63103694821e-09,-0.723891456832,0.385092749129,0,0,0
884,5.64140395997e-09,1,4.55843789998e-09,-0.712771679385,0.380621988906,0,0,0
888,5.63482240171e-09,1,4.48820341757e-09,-0.701973582114,0.376383298496,0,0,0
892,5.62821731583e-09,1,4.42023999402e-09,-0.691487857939,0.372360741531,0,0,0
896,5.62158878011e-09,1,4.35445651542e-09,-0.681305176374,0.368539291299,0,0,0
900,5.61493687258e-09,1,4.29076423315e-09,-0.671416201597,0.36490479286,0,0,0
904,5.60826167144e-09,1,4.22907674358e-09,-0.661811609681,0.361443926846,0,0,0
908,5.60156325509e-09,1,4.16930997278e-09,-0.652482104491,0.358144175219,0,0,0
912,5.59484170216e-09,1,4.11138216454e-09,-0.643418432654,0.354993788114,0,0,0
916,5.58809709147e-09,1,4.05521387195e-09,-0.634611397469,0.351981752388,0,0,0
920,5.58132950205e-09,1,4.00072795158e-09,-0.626051872017,0.349097761389,0,0,0
924,5.57453901313e-09,1,3.94784955891e-09,-0.617730811253,0.346332186179,0,0,0
928,5.56772570417e-09,1,3.8965061408e-09,-0.609639262896,0.343676047181,0,0,0
932,5.56088965485e-09,1,3.84662743988e-09,-0.601768379286,0.34112098814,0,0,0
936,5.55403094504e-09,1,3.79814547737e-09,-0.594109424919,0.338659249699,0,0,0
940,5.54714965486e-09,1,3.7509945562e-09,-0.586653787141,0.336283644855,0,0,0
944,5.54024586462e-09,1,3.70511125187e-09,-0.579392983861,0.333987535332,0,-0,0
948,5.53331965488e-09,1,3.66043439999e-09,-0.572318670759,0.331764807994,0,-0,0
952,5.52637110642e-09,1,3.6169050878e-09,-0.56542264849,0.329609853059,0,-0,0
956,5.51940030024e-09,1,3.57446663842e-09,-0.558696868647,0.327517542362,0,-0,0
960,5.51240731757e-09,1,3.53306459596e-09,-0.552133439457,0.325483208874,0,-0,0
964,5.50539223987e-09,1,3.49264670511e-09,-0.545724630559,0.323502626454,0,-0,0
968,5.49835514885e-09,1,3.45316289065e-09,-0.539462877324,0.321571990841,0,-0,0
972,5.49129612643e-09,1,3.41456523276e-09,-0.533340784602,0.319687900805,0,-0,0
976,5.48421525477e-09,1,3.3768079407e-09,-0.527351129741,0.317847340412,0,-0,0
980,5.4771126163e-09,1,3.33984732354e-09,-0.521486865174,0.316047661594,0,-0,0
984,5.46998829365e-09,1,3.30364175899e-09,-0.51574112034,0.314286567612,0,-0,0
988,5.46284236972e-09,1,3.26815166009e-09,-0.510107203103,0.312562097059,0,-0,0
992,5.45567492762e-09,1,3.23333943987e-09,-0.504578600606,0.310872608491,0,-0,0
996,5.44848605074e-09,1,3.19916947462e-09,-0.49914897961,0.309216765776,0,-0,0
1000,5.44127582268e-09,1,3.16560806554e-09,-0.49381218622,0.307593524101,0,-0,-0
1004,5.43404432732e-09,1,3.13262339936e-09,-0.488562245252,0.306002116478,0,-0,-0
1008,5.42679164876e-09,1,3.10018550829e-09,-0.483393358937,0.304442041193,0,-0,-0
1012,5.41951787136e-09,1,3.06826622909e-09,-0.478299905188,0.302913049711,0,-0,-0
1016,5.41222307971e-09,1,3.03683916226e-09,-0.473276435368,0.301415135433,0,-0,-0
1020,5.40490735867e-09,1,3.00587963113e-09,-0.4683176716,0.299948523051,0,-0,-0
1024,5.39757079333e-09,1,2.97536464172e-09,-0.46341850354,0.298513658878,0,-0,-0
1028,5.39021346903e-09,1,2.94527284255e-09,-0.458573984669,0.29711120165,0,-0,-0
1032,5.38283547137e-09,1,2.91558448709e-09,-0.453779328288,0.295742014424,0,-0,-0
1036,5.37543688619e-09,1,2.88628139657e-09,-0.449029902812,0.294407157249,0,-0,-0
1040,5.36801779957e-09,1,2.85734692462e-09,-0.44432122675,0.293107880526,0,-0,-0
1044,5.36057829784e-09,1,2.82876592634e-09,-0.439648963367,0.291845619776,0,-0,-0
1048,5.35311846757e-09,1,2.80052472727e-09,-0.435008914619,0.290621990838,0,-0,-0
1052,5.3456383956e-09,1,2.77261109853e-09,-0.43039701498,0.289438786601,0,-0,-0
1056,5.33813816897e-09,1,2.74501423398e-09,-0.425809324608,0.288297974565,0,-0,-0
1060,5.330617875e-09,1,2.71772473331e-09,-0.421242022328,0.287201695753,0,-0,-0
1064,5.32307760122e-09,1,2.69073458936e-09,-0.416691398041,0.286152264824,0,-0,-0
1068,5.31551743544e-09,1,2.66403718188e-09,-0.412153844871,0.285152171578,0,-0,-0
1072,5.30793746566e-09,1,2.63762727813e-09,-0.40762585092,0.28420408398,0,-0,-0
1076,5.30033778014e-09,1,2.61150104081e-09,-0.403103990643,0.283310852733,0,-0,-0
1080,5.29271846738e-09,1,2.58565604477e-09,-0.398584915897,0.282475517567,0,-0,-0
1084,5.2850796161e-09,1,2.56009130382e-09,-0.394065346718,0.281701315478,0,-0,-0
1088,5.27742131524e-09,1,2.5348073082e-09,-0.389542061716,0.280991690913,0,-0,-0
1092,5.26974365399e-09,1,2.50980607486e-09,-0.385011888234,0.280350308257,0,-0,-0
1096,5.26204672174e-09,1,2.48509121206e-09,-0.380471692271,0.279781066726,0,-0,-0
1100,5.25433060813e-09,1,2.46066799991e-09,-0.375918368137,0.279288117966,0,-0,-0
1104,5.24659540298e-09,1,2.4365434891e-09,-0.371348827911,0.278875886562,0,-0,-0
1108,5.23884119636e-09,1,2.41272662078e-09,-0.3667599908,0.278549093902,0,-0,-0
1112,5.23106807855e-09,1,2.3892283695e-09,-0.362148772341,0.27831278553,0,-0,-0
1116,5.22327614001e-09,1,2.36606191325e-09,-0.357512073554,0.278172362662,0,-0,-0
1120,5.21546547144e-09,1,2.34324283379e-09,-0.352846770125,0.278133618083,0,-0,-0
1124,5.20763616372e-09,1,2.32078935178e-09,-0.348149701713,0.27820277708,0,-0,-0
1128,5.19978830794e-09,1,2.29872260125e-09,-0.343417661373,0.278386544029,0,-0,-0
1132,5.1919219954e-09,1,2.27706694914e-09,-0.338647385378,0.278692155205,0,-0,-0
1136,5.18403731757e-09,1,2.25585036628e-09,-0.333835543428,0.279127438833,0,-0,-0
1140,5.17613436612e-09,1,2.23510485644e-09,-0.328978729507,0.27970088301,0,-0,-0
1144,5.1682132329e-09,1,2.21486695254e-09,-0.324073453593,0.280421712859,0,-0,-0
1148,5.16027400996e-09,1,2.19517828867e-09,-0.319116134426,0.281299978015,0,-0,-0
1152,5.1523167895e-09,1,2.17608625853e-09,-0.314103093688,0.282346651828,0,-0,-0
1156,5.14434166392e-09,1,2.15764477272e-09,-0.309030551969,0.283573744124,0,-0,-0
1160,5.13634872578e-09,1,2.13991512788e-09,-0.303894626981,0.284994429338,0,-0,-0
1164,5.12833806781e-09,1,2.12296700324e-09,-0.298691334576,0.286623192439,0,0,-0
1168,5.1203097829e-09,1,2.10687960122e-09,-0.293416593288,0.288475995245,0,0,-0
1172,5.1122639641e-09,1,2.09174295145e-09,-0.288066233252,0.290570466426,0,0,-0
1176,5.10420070462e-09,1,2.07765939859e-09,-0.282636010587,0.292926118798,0,0,-0
1180,5.09612009783e-09,1,2.06474529721e-09,-0.277121628456,0.295564598545,0,0,-0
1184,5.08802223723e-09,1,2.05313293904e-09,-0.271518766593,0.298509971475,0,0,-0
1188,5.07990721647e-09,1,2.04297273941e-09,-0.265823121124,0.301789052765,0,0,-0
1192,5.07177512936e-09,1,2.03443571253e-09,-0.260030457298,0.305431787579,0,0,-0
1196,5.06362606982e-09,1,2.02771626737e-09,-0.254136678197,0.309471691725,0,0,-0
1200,5.05546013192e-09,1,2.023035358e-09,-0.248137913284,0.313946363137,0,0,-0
1204,5.04727740986e-09,1,2.02064402555e-09,-0.242030631691,0.318898077338,0,0,-0
1208,5.03907799796e-09,1,2.02082737279e-09,-0.235811786315,0.32437448286,0,0,-0
1212,5.03086199066e-09,1,2.02390901815e-09,-0.229478996444,0.330429415967,0,0,-0
1216,5.02262948254e-09,1,2.0302560851e-09,-0.223030778635,0.337123858443,0,0,-0
1220,5.01438056828e-09,1,2.04028479694e-09,-0.216466838135,0.344527067585,0,0,0
1224,5.00611534267e-09,1,2.05446676996e-09,-0.209788436747,0.352717914327,0,0,0
1228,4.99783390062e-09,1,2.07333613124e-09,-0.202998857021,0.361786474058,0,0,0
1232,4.98953633715e-09,1,2.09749763982e-09,-0.196103988893,0.371835925701,0,0,0
1236,4.98122274737e-09,1,2.1276360624e-09,-0.189113071931,0.382984828473,0,0,0
1240,4.9728932265e-09,1,2.16452716087e-09,-0.182039636757,0.395369863899,0,0,0
1244,4.96454786986e-09,1,2.20905079115e-09,-0.174902701898,0.409149154002,0,0,0
1248,4.95618677286e-09,1,2.26220680431e-09,-0.167728300318,0.424506296691,0,0,0
1252,4.947810031e-09,1,2.32513469436e-09,-0.16055143334,0.441655299665,0,0,0
1256,4.93941773989e-09,1,2.39913826096e-09,-0.153418581647,0.460846646348,0,0,0
1260,4.93100999521e-09,1,2.48571697808e-09,-0.146390946766,0.482374797831,0,0,0
1264,4.92258689272e-09,1,2.58660630256e-09,-0.139548656353,0.506587528758,0,0,0
1268,4.91414852829e-09,1,2.70382987081e-09,-0.132996249629,0.533897622558,0,0,0
1272,4.90569499783e-09,1,2.83976748611e-09,-0.126869875353,0.564797625513,0,0,0
1276,4.89722639738e-09,1,2.99724410545e-09,-0.121346798639,0.599878599384,0,0,0
1280,4.88874282301e-09,1,3.17964685932e-09,-0.116658045963,0.639854146856,0,0,0
1284,4.88024437089e-09,1,3.39107974071e-09,-0.11310535405,0.685591455747,0,0,0
1288,4.87173113727e-09,1,3.6365693643e-09,-0.111084077582,0.738151780038,0,0,0
1292,4.86320321846e-09,1,3.92234071703e-09,-0.111114432545,0.798843745841,0,0,0
1296,4.85466071084e-09,1,4.256190016e-09,-0.113884530422,0.869294289736,0,0,0
1300,4.84610371086e-09,1,4.64799410159e-09,-0.120310292575,0.951544142845,0,0,0
1304,4.83753231505e-09,1,5.11041455628e-09,-0.131619848496,1.04817794875,0,0,0
1308,4.82894661998e-09,1,5.65988377317e-09,-0.149473955081,1.1625039699,0,0,0
1312,4.82034672232e-09,1,6.31800592543e-09,-0.176140239001,1.29880593527,0,0,0
1316,4.81173271879e-09,1,7.11357922686e-09,-0.214749240358,1.46270168399,0,0,0
1320,4.80310470615e-09,1,8.08556641618e-09,-0.269677123572,1.661662961,0,0,0
1324,4.79446278127e-09,1,9.28754306713e-09,-0.347128617675,1.90578357368,0,0,0
1328,4.78580704104e-09,1,1.07945032766e-08,-0.456043797429,2.20893937649,0,0,0
1332,4.77713758244e-09,1,1.27135246697e-08,-0.609542176725,2.5905827743,0,0,0
1336,4.76845450249e-09,1,1.52009386917e-08,-0.827284231641,3.07859531256,0,0,0
1340,4.75975789829e-09,1,1.84908343878e-08,-1.13945099152,3.71396413977,0,0,0
1344,4.75104786698e-09,1,2.29440648002e-08,-1.59368483533,4.55872352611,0,0,0
1348,4.74232450578e-09,1,2.91359845085e-08,-2.26768497748,5.7100017174,0,0,0
1352,4.73358791196e-09,1,3.80211327478e-08,-3.29314897394,7.32607900301,0,0,0
1356,4.72483818284e-09,1,5.12601337562e-08,-4.90384847821,9.67753812403,0,0,0
1360,4.71607541581e-09,1,7.19138282797e-08,-7.53876417456,13.2547595917,0,0,0
1364,4.70729970833e-09,1,1.06044544148e-07,-12.0820711538,19.0136779247,0,0,0
1368,4.69851115789e-09,1,1.66818456349e-07,-20.4819652375,29.0010541756,0,0,0
1372,4.68970986206e-09,1,2.86569168258e-07,-37.5763629796,48.1866564505,0,0,0
1376,4.68089591846e-09,1,5.59763602999e-07,-77.5812457005,91.0035950277,0,0,0
1380,4.67206942478e-09,1,1.34779624203e-06,-194.604371321,212.954359896,0,0,0
1384,4.66323047876e-09,1,4.93871470767e-06,-718.195097815,778.355589237,0,0,0
1388,4.65437917818e-09,1,0.000106303247628,-5490.82243431,22169.5569627,0,-0,0
1392,4.64551562092e-09,1,0.000255586638796,22852.1087203,-50047.511489,0,-0,0
1396,4.63663990489e-09,1,0.000152751464893,-18580.8788111,27204.5308262,0,-0,0
1400,4.62775212806e-09,1,7.70108763056e-06,1588.42539967,-496.151336792,0,-0,0
1404,4.61885238847e-09,1,1.75089939301e-06,360.337826402,-117.710692516,0,-0,0
1408,4.60994078421e-09,1,6.73762857164e-07,140.297678884,-40.9591586835,0,-0,0
1412,4.60101741344e-09,1,3.29101393062e-07,69.4888576791,-16.9572353507,0,-0,0
1416,4.59208237435e-09,1,1.84793928772e-07,39.532813096,-7.52089476043,0,-0,0
1420,4.58313576523e-09,1,1.13752304839e-07,24.604168756,-3.26421454261,0,-0,0
1424,4.57417768441e-09,1,7.47387855481e-08,16.2974797189,-1.16804842684,0,-0,0
1428,4.56520823026e-09,1,5.15541339352e-08,11.2925696393,-0.0771169316596,0,-0,0
1432,4.55622750124e-09,1,3.69312713094e-08,8.08973950963,0.50791938111,0,-0,0
1436,4.54723559586e-09,1,2.72731844858e-08,5.94098422504,0.823235858962,0,-0,0
1440,4.53823261267e-09,1,2.06587131282e-08,4.44352381309,0.988514446492,0,-0,-0
1444,4.5292186503e-09,1,1.59975280121e-08,3.3668094749,1.06776829126,0,-0,-0
1448,4.52019380743e-09,1,1.26392728266e-08,2.57211942026,1.09673193969,0,-0,-0
1452,4.5111581828e-09,1,1.01794561426e-08,1.97243741073,1.09604316759,0,-0,-0
1456,4.50211187519e-09,1,8.35715844252e-09,1.51122310665,1.07794350151,0,-0,-0
1460,4.49305498347e-09,1,6.99832343009e-09,1.15061098557,1.04984341916,0,-0,-0
1464,4.48398760655e-09,1,5.98294372538e-09,0.864568486949,1.01629398188,0,-0,-0
1468,4.47490984337e-09,1,5.22544474765e-09,0.634782485658,0.980113653216,0,-0,-0
1472,4.46582179297e-09,1,4.66276265184e-09,0.448106355893,0.943050700491,0,-0,-0
1476,4.45672355442e-09,1,4.24711989354e-09,0.294930634869,0.90618212925,0,-0,-0
1480,4.44761522685e-09,1,3.94170132002e-09,0.168117001386,0.870158987204,0,-0,-0
1484,4.43849690943e-09,1,3.71803432344e-09,0.0622851550877,0.835359901356,0,-0,-0
1488,4.42936870139e-09,1,3.5542675736e-09,-0.0266738526915,0.801988628795,0,-0,-0
1492,4.42023070203e-09,1,3.43387240962e-09,-0.101935799589,0.770136809652,0,-0,-0
1496,4.41108301066e-09,1,3.34455145197e-09,-0.16598217992,0.73982473619,0,-0,-0
1500,4.40192572668e-09,1,3.27729481246e-09,-0.220771500514,0.71102803428,0,-0,-0
1504,4.3927589495e-09,1,3.22558394434e-09,-0.267863808258,0.68369520553,0,-0,-0
1508,4.38358277861e-09,1,3.18474761159e-09,-0.308512369414,0.657759177946,0,-0,-0
1512,4.37439731353e-09,1,3.15146141932e-09,-0.343731957196,0.633144894459,0,-0,-0
1516,4.36520265381e-09,1,3.12337121099e-09,-0.374350268154,0.609774263312,0,-0,-0
1520,4.35599889906e-09,1,3.09881625428e-09,-0.401047025506,0.5875693433,0,-0,-0
1524,4.34678614892e-09,1,3.07662901655e-09,-0.424383997019,0.566454344376,0,-0,-0
1528,4.33756450308e-09,1,3.05599182131e-09,-0.444828239757,0.546356833184,0,-0,-0
1532,4.32833406126e-09,1,3.03633484374e-09,-0.462770247256,0.527208406041,0,-0,-0
1536,4.3190949232e-09,1,3.01726374297e-09,-0.478538225516,0.508945007661,0,-0,-0
1540,4.30984718871e-09,1,2.99850837071e-09,-0.492409404199,0.491507016878,0,-0,-0
1544,4.30059095758e-09,1,2.97988640762e-09,-0.504619059767,0.474839181843,0,-0,-0
1548,4.29132632967e-09,1,2.96127755546e-09,-0.515367758732,0.458890461263,0,-0,-0
1552,4.28205340486e-09,1,2.94260519713e-09,-0.524827207446,0.44361380986,0,-0,-0
1556,4.27277228303e-09,1,2.92382334675e-09,-0.533145003175,0.428965933957,0,-0,-0
1560,4.26348306412e-09,1,2.90490735511e-09,-0.540448513538,0.414907034531,0,-0,-0
1564,4.25418584806e-09,1,2.88584728796e-09,-0.546848060403,0.401400549249,0,-0,-0
1568,4.24488073481e-09,1,2.86664321045e-09,-0.552439545446,0.38841290069,0,-0,-0
1572,4.23556782434e-09,1,2.84730183533e-09,-0.557306625354,0.375913255421,0,-0,-0
1576,4.22624721663e-09,1,2.82783414749e-09,-0.561522521525,0.363873296576,0,-0,-0
1580,4.2169190117e-09,1,2.80825372965e-09,-0.565151532152,0.352267011095,0,-0,-0
1584,4.20758330953e-09,1,2.78857559102e-09,-0.568250300394,0.341070492235,0,-0,-0
1588,4.19824021014e-09,1,2.76881535764e-09,-0.570868882103,0.330261757173,0,-0,-0
1592,4.18888981354e-09,1,2.74898872152e-09,-0.573051647843,0.319820579107,0,-0,-0
1596,4.17953221975e-09,1,2.72911107575e-09,-0.574838047688,0.309728333301,0,-0,-0
1600,4.17016752877e-09,1,2.70919728136e-09,-0.576263261542,0.299967856053,0,-0,-0
1604,4.16079584062e-09,1,2.68926152804e-09,-0.577358753992,0.290523315832,0,-0,-0
1608,4.15141725528e-09,1,2.66931726058e-09,-0.578152749019,0.281380095532,0,0,-0
1612,4.14203187275e-09,1,2.6493771506e-09,-0.578670637228,0.2725246851,0,0,-0
1616,4.132639793e-09,1,2.62945309951e-09,-0.578935326232,0.263944583503,0,0,-0
1620,4.12324111598e-09,1,2.60955626164e-09,-0.578967542726,0.255628209439,0,0,-0
1624,4.11383594164e-09,1,2.58969708034e-09,-0.578786093684,0.2475648198,0,0,-0
1628,4.10442436989e-09,1,2.56988533151e-09,-0.578408092584,0.239744435392,0,0,-0
1632,4.09500650063e-09,1,2.55013017114e-09,-0.5778491559,0.232157773184,0,0,-0
1636,4.08558243373e-09,1,2.53044018345e-09,-0.577123573958,0.224796184417,0,0,-0
1640,4.07615226901e-09,1,2.51082342892e-09,-0.576244459939,0.217651598277,0,0,-0
1644,4.0667161063e-09,1,2.49128748993e-09,-0.575223879939,0.210716470323,0,0,-0
1648,4.05727404535e-09,1,2.47183951415e-09,-0.574072966762,0.203983735521,0,0,-0
1652,4.0478261859e-09,1,2.45248625461e-09,-0.572802019583,0.197446765293,0,0,-0
1656,4.03837262764e-09,1,2.4332341067e-09,-0.571420591424,0.191099328309,0,0,-0
1660,4.02891347023e-09,1,2.4140891417e-09,-0.569937565987,0.184935554652,0,0,-0
1664,4.01944881326e-09,1,2.39505713701e-09,-0.568361225251,0.178949903066,0,0,0
1668,4.0099787563e-09,1,2.37614360332e-09,-0.566699309009,0.17313713107,0,0,0
1672,4.00050339886e-09,1,2.35735380893e-09,-0.564959067433,0.167492267603,0,0,0
1676,3.99102284038e-09,0,2.33869280061e-09,nan,nan,0,nan,nan
1680,3.98153718028e-09,0,2.32016542285e-09,nan,nan,0,nan,nan
1684,3.97204651788e-09,0,2.30177633373e-09,nan,nan,0,nan,nan
1688,3.96255095248e-09,0,2.28353001945e-09,nan,nan,0,nan,nan
1692,3.95305058329e-09,0,2.26543080616e-09,nan,nan,0,nan,nan
1696,3.94354550947e-09,0,2.24748287056e-09,nan,nan,0,nan,nan
1700,3.93403583012e-09,0,2.22969024857e-09,nan,nan,0,nan,nan
1704,3.92452164425e-09,0,2.21205684254e-09,nan,nan,0,nan,nan
1708,3.91500305082e-09,0,2.19458642757e-09,nan,nan,0,nan,nan
1712,3.90548014871e-09,0,2.17728265611e-09,nan,nan,0,nan,nan
1716,3.89595303672e-09,0,2.16014906202e-09,nan,nan,0,nan,nan
1720,3.88642181359e-09,0,2.14318906357e-09,nan,nan,0,nan,nan
1724,3.87688657797e-09,0,2.1264059657e-09,nan,nan,0,nan,nan
1728,3.86734742843e-09,0,2.10980296165e-09,nan,nan,0,nan,nan
1732,3.85780446346e-09,0,2.09338313397e-09,nan,nan,0,nan,nan
1736,3.84825778148e-09,0,2.07714945516e-09,nan,nan,0,nan,nan
1740,3.8387074808e-09,0,2.06110478772e-09,nan,nan,0,nan,nan
1744,3.82915365967e-09,0,2.0452518843e-09,nan,nan,0,nan,nan
1748,3.81959641624e-09,0,2.02959338703e-09,nan,nan,0,nan,nan
1752,3.81003584857e-09,0,2.01413182712e-09,nan,nan,0,nan,nan
1756,3.80047205464e-09,0,1.99886962412e-09,nan,nan,0,nan,nan
1760,3.79090513233e-09,0,1.98380908521e-09,nan,nan,0,nan,nan
1764,3.78133517944e-09,0,1.96895240433e-09,nan,nan,0,nan,nan
1768,3.77176229366e-09,0,1.95430166144e-09,nan,nan,0,nan,nan
1772,3.76218657259e-09,0,1.9398588217e-09,nan,nan,0,nan,nan
1776,3.75260811374e-09,0,1.92562573512e-09,nan,nan,0,nan,nan
1780,3.74302701453e-09,0,1.91160413553e-09,nan,nan,0,nan,nan
1784,3.73344337227e-09,0,1.89779564082e-09,nan,nan,0,nan,nan
1788,3.72385728418e-09,0,1.88420175217e-09,nan,nan,0,nan,nan
1792,3.71426884737e-09,0,1.87082385467e-09,nan,nan,0,nan,nan
1796,3.70467815887e-09,0,1.85766321686e-09,nan,nan,0,nan,nan
1800,3.69508531559e-09,0,1.84472099208e-09,nan,nan,0,nan,nan
1804,3.68549041435e-09,0,1.83199821835e-09,nan,nan,0,nan,nan
1808,3.67589355186e-09,0,1.81949582012e-09,nan,nan,0,nan,nan
1812,3.66629482475e-09,0,1.80721460907e-09,nan,nan,0,nan,nan
1816,3.65669432951e-09,0,1.79515528619e-09,nan,nan,0,nan,nan
1820,3.64709216256e-09,0,1.78331844321e-09,nan,nan,0,nan,nan
1824,3.6374884202e-09,0,1.77170456551e-09,nan,nan,0,nan,nan
1828,3.62788319863e-09,0,1.7603140339e-09,nan,nan,0,nan,nan
1832,3.61827659394e-09,0,1.74914712833e-09,nan,nan,0,nan,nan
1836,3.60866870213e-09,0,1.73820403016e-09,nan,nan,0,nan,nan
1840,3.59905961906e-09,0,1.72748482705e-09,nan,nan,0,nan,nan
1844,3.58944944052e-09,0,1.71698951504e-09,nan,nan,0,nan,nan
1848,3.57983826218e-09,0,1.70671800393e-09,nan,nan,0,nan,nan
1852,3.5702261796e-09,0,1.69667012285e-09,nan,nan,0,nan,nan
1856,3.56061328823e-09,0,1.68684562074e-09,nan,nan,0,nan,nan
1860,3.55099968341e-09,0,1.67724417763e-09,nan,nan,0,nan,nan
1864,3.5413854604e-09,0,1.667865404e-09,nan,nan,0,nan,nan
1868,3.5317707143e-09,0,1.65870885027e-09,nan,nan,0,nan,nan
1872,3.52215554015e-09,0,1.64977401166e-09,nan,nan,0,nan,nan
1876,3.51254003285e-09,0,1.64106033295e-09,nan,nan,0,nan,nan
1880,3.50292428719e-09,0,1.63256721655e-09,nan,nan,0,nan,nan
1884,3.49330839787e-09,0,1.62429402813e-09,nan,nan,0,nan,nan
1888,3.48369245946e-09,0,1.61624010318e-09,nan,nan,0,nan,nan
1892,3.47407656641e-09,0,1.60840475447e-09,nan,nan,0,nan,nan
1896,3.46446081309e-09,0,1.60078727817e-09,nan,nan,0,nan,nan
1900,3.45484529373e-09,0,1.59338696203e-09,nan,nan,0,nan,nan
1904,3.44523010245e-09,0,1.58620309161e-09,nan,nan,0,nan,nan
1908,3.43561533326e-09,0,1.57923495825e-09,nan,nan,0,nan,nan
1912,3.42600108005e-09,0,1.57248186633e-09,nan,nan,0,nan,nan
1916,3.41638743659e-09,0,1.56594314067e-09,nan,nan,0,nan,nan
1920,3.40677449656e-09,0,1.55961813388e-09,nan,nan,0,nan,nan
1924,3.39716235348e-09,0,1.55350623448e-09,nan,nan,0,nan,nan
1928,3.38755110078e-09,0,1.54760687366e-09,nan,nan,0,nan,nan
1932,3.37794083177e-09,0,1.54191953345e-09,nan,nan,0,nan,nan
1936,3.36833163963e-09,0,1.53644375396e-09,nan,nan,0,nan,nan
1940,3.35872361741e-09,0,1.531179141e-09,nan,nan,0,nan,nan
1944,3.34911685807e-09,0,1.52612537342e-09,nan,nan,0,nan,nan
1948,3.33951145441e-09,0,1.52128221081e-09,nan,nan,0,nan,nan
1952,3.32990749913e-09,0,1.51664950061e-09,nan,nan,0,nan,nan
1956,3.3203050848e-09,0,1.51222718577e-09,nan,nan,0,nan,nan
1960,3.31070430384e-09,0,1.50801531183e-09,nan,nan,0,nan,nan
1964,3.30110524858e-09,0,1.50401403455e-09,nan,nan,0,nan,nan
1968,3.29150801119e-09,0,1.50022362679e-09,nan,nan,0,nan,nan
1972,3.28191268372e-09,0,1.49664448623e-09,nan,nan,0,nan,nan
1976,3.2723193581e-09,0,1.49327714255e-09,nan,nan,0,nan,nan
1980,3.2627281261e-09,0,1.49012226485e-09,nan,nan,0,nan,nan
1984,3.25313907938e-09,0,1.48718066911e-09,nan,nan,0,nan,nan
1988,3.24355230945e-09,0,1.48445332602e-09,nan,nan,0,nan,nan
1992,3.23396790768e-09,0,1.48194136876e-09,nan,nan,0,nan,nan
1996,3.22438596532e-09,0,1.47964610109e-09,nan,nan,0,nan,nan
2000,3.21480657346e-09,0,1.47756900625e-09,nan,nan,0,nan,nan
2004,3.20522982304e-09,0,1.47571175543e-09,nan,nan,0,nan,nan
2008,3.19565580488e-09,0,1.47407621806e-09,nan,nan,0,nan,nan
2012,3.18608460963e-09,0,1.47266447162e-09,nan,nan,0,nan,nan
2016,3.17651632782e-09,0,1.4714788134e-09,nan,nan,0,nan,nan
2020,3.16695104981e-09,0,1.47052177283e-09,nan,nan,0,nan,nan
2024,3.1573888658e-09,0,1.46979612542e-09,nan,nan,0,nan,nan
2028,3.14782986586e-09,0,1.46930490852e-09,nan,nan,0,nan,nan
2032,3.1382741399e-09,0,1.46905143895e-09,nan,nan,0,nan,nan
2036,3.12872177765e-09,0,1.46903933363e-09,nan,nan,0,nan,nan
2040,3.11917286872e-09,0,1.46927253292e-09,nan,nan,0,nan,nan
2044,3.10962750253e-09,0,1.46975532796e-09,nan,nan,0,nan,nan
2048,3.10008576834e-09,0,1.47049239277e-09,nan,nan,0,nan,nan
2052,3.09054775526e-09,0,1.47148882177e-09,nan,nan,0,nan,nan
2056,3.08101355222e-09,0,1.47275017432e-09,nan,nan,0,nan,nan
2060,3.07148324799e-09,0,1.4742825276e-09,nan,nan,0,nan,nan
2064,3.06195693116e-09,0,1.4760925397e-09,nan,nan,0,nan,nan
2068,3.05243469017e-09,0,1.47818752527e-09,nan,nan,0,nan,nan
2072,3.04291661326e-09,0,1.48057554664e-09,nan,nan,0,nan,nan
2076,3.03340278851e-09,0,1.48326552357e-09,nan,nan,0,nan,nan
2080,3.02389330381e-09,0,1.48626736674e-09,nan,nan,0,nan,nan
2084,3.01438824689e-09,0,1.48959213958e-09,nan,nan,0,nan,nan
2088,3.00488770528e-09,0,1.49325225647e-09,nan,nan,0,nan,nan
2092,2.99539176633e-09,0,1.49726172465e-09,nan,nan,0,nan,nan
2096,2.98590051721e-09,0,1.50163644241e-09,nan,nan,0,nan,nan
2100,2.9764140449e-09,0,1.50639456623e-09,nan,nan,0,nan,nan
2104,2.9669324362e-09,0,1.51155696525e-09,nan,nan,0,nan,nan
2108,2.95745577769e-09,0,1.51714778587e-09,nan,nan,0,nan,nan
2112,2.9479841558e-09,0,1.52319515517e-09,nan,nan,0,nan,nan
2116,2.93851765673e-09,0,1.52973206063e-09,nan,nan,0,nan,nan
2120,2.9290563665e-09,0,1.53679745468e-09,nan,nan,0,nan,nan
2124,2.91960037094e-09,0,1.54443764565e-09,nan,nan,0,nan,nan
2128,2.91014975566e-09,0,1.5527080569e-09,nan,nan,0,nan,nan
2132,2.90070460608e-09,0,1.56167545863e-09,nan,nan,0,nan,nan
2136,2.89126500742e-09,0,1.5714208103e-09,nan,nan,0,nan,nan
2140,2.88183104469e-09,0,1.58204289322e-09,nan,nan,0,nan,nan
2144,2.8724028027e-09,0,1.5936629691e-09,nan,nan,0,nan,nan
2148,2.86298036605e-09,0,1.60643077397e-09,nan,nan,0,nan,nan
2152,2.85356381913e-09,0,1.62053225445e-09,nan,nan,0,nan,nan
2156,2.84415324613e-09,0,1.63619958006e-09,nan,nan,0,nan,nan
2160,2.83474873101e-09,0,1.65372413346e-09,nan,nan,0,nan,nan
2164,2.82535035752e-09,0,1.67347339519e-09,nan,nan,0,nan,nan
2168,2.81595820922e-09,0,1.69591291868e-09,nan,nan,0,nan,nan
2172,2.80657236943e-09,0,1.72163494195e-09,nan,nan,0,nan,nan
2176,2.79719292126e-09,0,1.7513956191e-09,nan,nan,0,nan,nan
2180,2.78781994761e-09,0,1.78616338474e-09,nan,nan,0,nan,nan
2184,2.77845353115e-09,0,1.82718158864e-09,nan,nan,0,nan,nan
2188,2.76909375433e-09,0,1.8760492548e-09,nan,nan,0,nan,nan
2192,2.7597406994e-09,0,1.93482462802e-09,nan,nan,0,nan,nan
2196,2.75039444836e-09,0,2.00615710802e-09,nan,nan,0,nan,nan
2200,2.74105508301e-09,0,2.0934543828e-09,nan,nan,0,nan,nan
2204,2.73172268492e-09,0,2.20109344613e-09,nan,nan,0,nan,nan
2208,2.72239733541e-09,0,2.33468756175e-09,nan,nan,0,nan,nan
2212,2.71307911562e-09,0,2.50142763662e-09,nan,nan,0,nan,nan
2216,2.70376810643e-09,0,2.71052825293e-09,nan,nan,0,nan,nan
2220,2.69446438851e-09,0,2.97382896697e-09,nan,nan,0,nan,nan
2224,2.68516804229e-09,0,3.30663439646e-09,nan,nan,0,nan,nan
2228,2.67587914799e-09,0,3.72892743638e-09,nan,nan,0,nan,nan
2232,2.66659778558e-09,0,4.26716774244e-09,nan,nan,0,nan,nan
2236,2.65732403481e-09,0,4.95701061505e-09,nan,nan,0,nan,nan
2240,2.6480579752e-09,0,5.84748678374e-09,nan,nan,0,nan,nan
2244,2.63879968606e-09,0,7.00754486529e-09,nan,nan,0,nan,nan
2248,2.62954924642e-09,0,8.53651990321e-09,nan,nan,0,nan,nan
2252,2.62030673513e-09,0,1.05813454558e-08,nan,nan,0,nan,nan
2256,2.61107223078e-09,0,1.33657929639e-08,nan,nan,0,nan,nan
2260,2.60184581173e-09,0,1.72420895777e-08,nan,nan,0,nan,nan
2264,2.59262755611e-09,0,2.27862355463e-08,nan,nan,0,nan,nan
2268,2.58341754183e-09,0,3.09836004383e-08,nan,nan,0,nan,nan
2272,2.57421584654e-09,0,4.36139559495e-08,nan,nan,0,nan,nan
2276,2.56502254768e-09,0,6.41144962656e-08,nan,nan,0,nan,nan
2280,2.55583772245e-09,0,9.97110236593e-08,nan,nan,0,nan,nan
2284,2.54666144781e-09,0,1.673852308e-07,nan,nan,0,nan,nan
2288,2.53749380049e-09,0,3.13699315523e-07,nan,nan,0,nan,nan
2292,2.52833485697e-09,0,6.99464966654e-07,nan,nan,0,nan,nan
2296,2.51918469353e-09,0,2.15235804252e-06,nan,nan,0,nan,nan
2300,2.51004338617e-09,0,1.64392881763e-05,nan,nan,0,nan,nan
2304,2.5009110107e-09,0,7.1070790096e-05,nan,nan,0,nan,nan
2308,2.49178764265e-09,0,6.5799777739e-05,nan,nan,0,nan,nan
2312,2.48267335735e-09,0,1.1599668007e-05,nan,nan,0,nan,nan
2316,2.47356822986e-09,0,1.84235584246e-06,nan,nan,0,nan,nan
2320,2.46447233504e-09,0,6.31214176777e-07,nan,nan,0,nan,nan
2324,2.45538574749e-09,0,2.91102653721e-07,nan,nan,0,nan,nan
2328,2.44630854157e-09,0,1.58354612433e-07,nan,nan,0,nan,nan
2332,2.4372407914e-09,0,9.58413897078e-08,nan,nan,0,nan,nan
2336,2.4281825709e-09,0,6.2538608852e-08,nan,nan,0,nan,nan
2340,2.41913395369e-09,0,4.31678267572e-08,nan,nan,0,nan,nan
2344,2.4100950132e-09,0,3.11313808648e-08,nan,nan,0,nan,nan
2348,2.40106582261e-09,0,2.32560455137e-08,nan,nan,0,nan,nan
2352,2.39204645484e-09,0,1.78845383655e-08,nan,nan,0,nan,nan
2356,2.38303698259e-09,0,1.40929615548e-08,nan,nan,0,nan,nan
2360,2.37403747832e-09,0,1.13382177261e-08,nan,nan,0,nan,nan
2364,2.36504801424e-09,0,9.28670244425e-09,nan,nan,0,nan,nan
2368,2.35606866233e-09,0,7.72575273944e-09,nan,nan,0,nan,nan
2372,2.34709949432e-09,0,6.51543646289e-09,nan,nan,0,nan,nan
2376,2.33814058168e-09,0,5.56112047683e-09,nan,nan,0,nan,nan
2380,2.32919199569e-09,0,4.79725693768e-09,nan,nan,0,nan,nan
2384,2.32025380733e-09,0,4.17747724544e-09,nan,nan,0,nan,nan
2388,2.31132608736e-09,0,3.66836087094e-09,nan,nan,0,nan,nan
2392,2.30240890631e-09,0,3.24541331181e-09,nan,nan,0,nan,nan
2396,2.29350233444e-09,0,2.89040954849e-09,nan,nan,0,nan,nan
2400,2.28460644179e-09,0,2.58960283271e-09,nan,nan,0,nan,nan
2404,2.27572129812e-09,0,2.33249428107e-09,nan,nan,0,nan,nan
2408,2.26684697297e-09,0,2.11097335674e-09,nan,nan,0,nan,nan
2412,2.25798353563e-09,0,1.91870819284e-09,nan,nan,0,nan,nan
2416,2.24913105513e-09,0,1.75070706031e-09,nan,nan,0,nan,nan
2420,2.24028960026e-09,0,1.6029988813e-09,nan,nan,0,nan,nan
2424,2.23145923956e-09,0,1.47239771786e-09,nan,nan,0,nan,nan
2428,2.22264004131e-09,0,1.35632726686e-09,nan,nan,0,nan,nan
2432,2.21383207355e-09,0,1.25268874559e-09,nan,nan,0,nan,nan
2436,2.20503540406e-09,0,1.15976049995e-09,nan,nan,0,nan,nan
2440,2.19625010038e-09,0,1.07612104136e-09,nan,nan,0,nan,nan
2444,2.18747622977e-09,0,1.00058955135e-09,nan,nan,0,nan,nan
2448,2.17871385926e-09,0,9.32179522965e-10,nan,nan,0,nan,nan
2452,2.16996305561e-09,0,8.70062362729e-10,nan,nan,0,nan,nan
2456,2.16122388533e-09,0,8.13538600908e-10,nan,nan,0,nan,nan
2460,2.15249641466e-09,0,7.62014953234e-10,nan,nan,0,nan,nan
2464,2.1437807096e-09,0,7.14985910208e-10,nan,nan,0,nan,nan
2468,2.13507683588e-09,0,6.72018849705e-10,nan,nan,0,nan,nan
2472,2.12638485896e-09,0,6.32741903277e-10,nan,nan,0,nan,nan
2476,2.11770484405e-09,0,5.96833985334e-10,nan,nan,0,nan,nan
2480,2.1090368561e-09,0,5.64016526751e-10,nan,nan,0,nan,nan
2484,2.10038095979e-09,0,5.34046557761e-10,nan,nan,0,nan,nan
2488,2.09173721952e-09,0,5.06710865619e-10,nan,nan,0,nan,nan
2492,2.08310569944e-09,0,4.81821014479e-10,nan,nan,0,nan,nan
2496,2.07448646345e-09,0,4.5920906804e-10,nan,nan,0,nan,nan
2500,2.06587957514e-09,0,4.38723896458e-10,nan,nan,0,nan,nan
2504,2.05728509786e-09,0,4.20227984479e-10,nan,nan,0,nan,nan
2508,2.04870309468e-09,0,4.03594685763e-10,nan,nan,0,nan,nan
2512,2.0401336284e-09,0,3.88705890509e-10,nan,nan,0,nan,nan
2516,2.03157676155e-09,0,3.75450087941e-10,nan,nan,0,nan,nan
2520,2.02303255638e-09,0,3.63720814226e-10,nan,nan,0,nan,nan
2524,2.01450107487e-09,0,3.53415475534e-10,nan,nan,0,nan,nan
2528,2.00598237872e-09,0,3.44434532031e-10,nan,nan,0,nan,nan
2532,1.99747652935e-09,0,3.36681016453e-10,nan,nan,0,nan,nan
2536,1.98898358792e-09,0,3.3006034966e-10,nan,nan,0,nan,nan
2540,1.98050361528e-09,0,3.24480400544e-10,nan,nan,0,nan,nan
2544,1.97203667203e-09,0,3.19851732634e-10,nan,nan,0,nan,nan
2548,1.96358281848e-09,0,3.16087969924e-10,nan,nan,0,nan,nan
2552,1.95514211465e-09,0,3.13106221028e-10,nan,nan,0,nan,nan
2556,1.94671462028e-09,0,3.10827504333e-10,nan,nan,0,nan,nan
2560,1.93830039482e-09,0,3.09177129659e-10,nan,nan,0,nan,nan
2564,1.92989949746e-09,0,3.08085004254e-10,nan,nan,0,nan,nan
2568,1.92151198708e-09,0,3.07485843835e-10,nan,nan,0,nan,nan
2572,1.91313792228e-09,0,3.07319283511e-10,nan,nan,0,nan,nan
2576,1.90477736137e-09,0,3.07529889522e-10,nan,nan,0,nan,nan
2580,1.89643036238e-09,0,3.08067083793e-10,nan,nan,0,nan,nan
2584,1.88809698305e-09,0,3.08884993515e-10,nan,nan,0,nan,nan
2588,1.87977728082e-09,0,3.09942242895e-10,nan,nan,0,nan,nan
2592,1.87147131285e-09,0,3.1120170206e-10,nan,nan,0,nan,nan
2596,1.86317913601e-09,0,3.12630208314e-10,nan,nan,0,nan,nan
2600,1.85490080686e-09,0,3.14198272148e-10,nan,nan,0,nan,nan
2604,1.8466363817e-09,0,3.15879778648e-10,nan,nan,0,nan,nan
2608,1.83838591651e-09,0,3.17651692587e-10,nan,nan,0,nan,nan
2612,1.83014946699e-09,0,3.19493773038e-10,nan,nan,0,nan,nan
2616,1.82192708854e-09,0,3.21388302395e-10,nan,nan,0,nan,nan
2620,1.81371883626e-09,0,3.23319831781e-10,nan,nan,0,nan,nan
2624,1.80552476497e-09,0,3.25274945158e-10,nan,nan,0,nan,nan
2628,1.79734492918e-09,0,3.27242042501e-10,nan,nan,0,nan,nan
2632,1.78917938313e-09,0,3.29211141481e-10,nan,nan,0,nan,nan
2636,1.78102818073e-09,0,3.31173698025e-10,nan,nan,0,nan,nan
2640,1.7728913756e-09,0,3.33122443899e-10,nan,nan,0,nan,nan
2644,1.7647690211e-09,0,3.35051240996e-10,nan,nan,0,nan,nan
2648,1.75666117025e-09,0,3.36954950394e-10,nan,nan,0,nan,nan
2652,1.74856787579e-09,0,3.38829315527e-10,nan,nan,0,nan,nan
2656,1.74048919016e-09,0,3.40670857802e-10,nan,nan,0,nan,nan
2660,1.73242516551e-09,0,3.42476783857e-10,nan,nan,0,nan,nan
2664,1.72437585369e-09,0,3.44244902667e-10,nan,nan,0,nan,nan
2668,1.71634130624e-09,0,3.45973552308e-10,nan,nan,0,nan,nan
2672,1.70832157442e-09,0,3.47661534606e-10,nan,nan,0,nan,nan
2676,1.70031670919e-09,0,3.49308057339e-10,nan,nan,0,nan,nan
2680,1.69232676119e-09,0,3.50912682839e-10,nan,nan,0,nan,nan
2684,1.68435178079e-09,0,3.52475282407e-10,nan,nan,0,nan,nan
2688,1.67639181806e-09,0,3.53995995955e-10,nan,nan,0,nan,nan
2692,1.66844692275e-09,0,3.55475196216e-10,nan,nan,0,nan,nan
2696,1.66051714434e-09,0,3.56913456935e-10,nan,nan,0,nan,nan
2700,1.65260253199e-09,0,3.58311524635e-10,nan,nan,0,nan,nan
2704,1.64470313457e-09,0,3.59670293828e-10,nan,nan,0,nan,nan
2708,1.63681900068e-09,0,3.60990784812e-10,nan,nan,0,nan,nan
2712,1.62895017857e-09,0,3.62274124063e-10,nan,nan,0,nan,nan
2716,1.62109671625e-09,0,3.63521526889e-10,nan,nan,0,nan,nan
2720,1.61325866138e-09,0,3.64734282244e-10,nan,nan,0,nan,nan
2724,1.60543606138e-09,0,3.65913738967e-10,nan,nan,0,nan,nan
2728,1.59762896332e-09,0,3.67061293952e-10,nan,nan,0,nan,nan
2732,1.58983741402e-09,0,3.68178381696e-10,nan,nan,0,nan,nan
2736,1.58206145997e-09,0,3.69266464846e-10,nan,nan,0,nan,nan
2740,1.57430114738e-09,0,3.70327026574e-10,nan,nan,0,nan,nan
2744,1.56655652218e-09,0,3.71361562755e-10,nan,nan,0,nan,nan
2748,1.55882762998e-09,0,3.72371577182e-10,nan,nan,0,nan,nan
2752,1.55111451611e-09,0,3.73358573136e-10,nan,nan,0,nan,nan
2756,1.5434172256e-09,0,3.74324057236e-10,nan,nan,0,nan,nan
2760,1.53573580319e-09,0,3.75269520678e-10,nan,nan,0,nan,nan
2764,1.52807029334e-09,0,3.76196452842e-10,nan,nan,0,nan,nan
2768,1.52042074018e-09,0,3.7710632806e-10,nan,nan,0,nan,nan
2772,1.51278718759e-09,0,3.78000606437e-10,nan,nan,0,nan,nan
2776,1.50516967914e-09,0,3.78880733475e-10,nan,nan,0,nan,nan
2780,1.4975682581e-09,0,3.79748137443e-10,nan,nan,0,nan,nan
2784,1.48998296745e-09,0,3.80604230163e-10,nan,nan,0,nan,nan
2788,1.48241384991e-09,0,3.81450405865e-10,nan,nan,0,nan,nan
2792,1.47486094786e-09,0,3.82288041919e-10,nan,nan,0,nan,nan
2796,1.46732430342e-09,0,3.83118499212e-10,nan,nan,0,nan,nan
2800,1.45980395842e-09,0,3.83943123118e-10,nan,nan,0,nan,nan
2804,1.45229995439e-09,0,3.84763244817e-10,nan,nan,0,nan,nan
2808,1.44481233257e-09,0,3.85580182772e-10,nan,nan,0,nan,nan
2812,1.43734113392e-09,0,3.86395244597e-10,nan,nan,0,nan,nan
2816,1.4298863991e-09,0,3.87209729239e-10,nan,nan,0,nan,nan
2820,1.42244816848e-09,0,3.88024929464e-10,nan,nan,0,nan,nan
2824,1.41502648216e-09,0,3.88842134468e-10,nan,nan,0,nan,nan
2828,1.40762137994e-09,0,3.89662633073e-10,nan,nan,0,nan,nan
2832,1.40023290132e-09,0,3.90487716656e-10,nan,nan,0,nan,nan
2836,1.39286108552e-09,0,3.91318683219e-10,nan,nan,0,nan,nan
2840,1.38550597148e-09,0,3.92156840556e-10,nan,nan,0,nan,nan
2844,1.37816759784e-09,0,3.93003511066e-10,nan,nan,0,nan,nan
2848,1.37084600297e-09,0,3.9386003552e-10,nan,nan,0,nan,nan
2852,1.36354122493e-09,0,3.94727778155e-10,nan,nan,0,nan,nan
2856,1.3562533015e-09,0,3.95608131592e-10,nan,nan,0,nan,nan
2860,1.34898227018e-09,0,3.96502521985e-10,nan,nan,0,nan,nan
2864,1.34172816818e-09,0,3.97412414956e-10,nan,nan,0,nan,nan
2868,1.33449103242e-09,0,3.98339321327e-10,nan,nan,0,nan,nan
2872,1.32727089953e-09,0,3.99284803799e-10,nan,nan,0,nan,nan
2876,1.32006780586e-09,0,4.0025048362e-10,nan,nan,0,nan,nan
2880,1.31288178747e-09,0,4.0123804782e-10,nan,nan,0,nan,nan
2884,1.30571288013e-09,0,4.02249257137e-10,nan,nan,0,nan,nan
2888,1.29856111933e-09,0,4.03285954154e-10,nan,nan,0,nan,nan
2892,1.29142654027e-09,0,4.0435007222e-10,nan,nan,0,nan,nan
2896,1.28430917785e-09,0,4.0544364507e-10,nan,nan,0,nan,nan
2900,1.2772090667e-09,0,4.0656881686e-10,nan,nan,0,nan,nan
2904,1.27012624116e-09,0,4.07727853493e-10,nan,nan,0,nan,nan
2908,1.26306073529e-09,0,4.08923154329e-10,nan,nan,0,nan,nan
2912,1.25601258284e-09,0,4.10157265251e-10,nan,nan,0,nan,nan
2916,1.24898181729e-09,0,4.11432892782e-10,nan,nan,0,nan,nan
2920,1.24196847184e-09,0,4.12752919294e-10,nan,nan,0,nan,nan
2924,1.23497257938e-09,0,4.14120420118e-10,nan,nan,0,nan,nan
2928,1.22799417253e-09,0,4.15538681743e-10,nan,nan,0,nan,nan
2932,1.22103328363e-09,0,4.17011222462e-10,nan,nan,0,nan,nan
2936,1.21408994471e-09,0,4.18541814767e-10,nan,nan,0,nan,nan
2940,1.20716418754e-09,0,4.20134510544e-10,nan,nan,0,nan,nan
2944,1.20025604358e-09,0,4.21793669018e-10,nan,nan,0,nan,nan
2948,1.193365544e-09,0,4.23523988112e-10,nan,nan,0,nan,nan
2952,1.18649271972e-09,0,4.25330539653e-10,nan,nan,0,nan,nan
2956,1.17963760134e-09,0,4.27218809211e-10,nan,nan,0,nan,nan
2960,1.17280021917e-09,0,4.29194741144e-10,nan,nan,0,nan,nan
2964,1.16598060326e-09,0,4.31264790117e-10,nan,nan,0,nan,nan
2968,1.15917878336e-09,0,4.33435979818e-10,nan,nan,0,nan,nan
2972,1.15239478892e-09,0,4.35715970372e-10,nan,nan,0,nan,nan
2976,1.14562864913e-09,0,4.38113136571e-10,nan,nan,0,nan,nan
2980,1.13888039287e-09,0,4.40636657982e-10,nan,nan,0,nan,nan
2984,1.13215004876e-09,0,4.43296624334e-10,nan,nan,0,nan,nan
2988,1.1254376451e-09,0,4.46104158604e-10,nan,nan,0,nan,nan
2992,1.11874320993e-09,0,4.49071561919e-10,nan,nan,0,nan,nan
2996,1.11206677101e-09,0,4.52212484493e-10,nan,nan,0,nan,nan
3000,1.10540835579e-09,0,4.55542128896e-10,nan,nan,0,nan,nan
3004,1.09876799145e-09,0,4.59077492197e-10,nan,nan,0,nan,nan
3008,1.09214570489e-09,0,4.6283765654e-10,nan,nan,0,nan,nan
3012,1.08554152272e-09,0,4.66844139191e-10,nan,nan,0,nan,nan
3016,1.07895547126e-09,0,4.7112131641e-10,nan,nan,0,nan,nan
3020,1.07238757656e-09,0,4.75696939676e-10,nan,nan,0,nan,nan
3024,1.06583786439e-09,0,4.80602767039e-10,nan,nan,0,nan,nan
3028,1.05930636021e-09,0,4.85875339891e-10,nan,nan,0,nan,nan
3032,1.05279308923e-09,0,4.91556943355e-10,nan,nan,0,nan,nan
3036,1.04629807637e-09,0,4.97696799737e-10,nan,nan,0,nan,nan
3040,1.03982134625e-09,0,5.04352559899e-10,nan,nan,0,nan,nan
3044,1.03336292324e-09,0,5.11592175627e-10,nan,nan,0,nan,nan
3048,1.02692283142e-09,0,5.19496263958e-10,nan,nan,0,nan,nan
3052,1.02050109457e-09,0,5.28161106292e-10,nan,nan,0,nan,nan
3056,1.01409773623e-09,0,5.37702472788e-10,nan,nan,0,nan,nan
3060,1.00771277964e-09,0,5.48260522695e-10,nan,nan,0,nan,nan
3064,1.00134624777e-09,0,5.60006112554e-10,nan,nan,0,nan,nan
3068,9.94998163304e-10,0,5.731489538e-10,nan,nan,0,nan,nan
3072,9.88668548672e-10,0,5.87948206944e-10,nan,nan,0,nan,nan
3076,9.82357426018e-10,0,6.04726296474e-10,nan,nan,0,nan,nan
3080,9.76064817216e-10,0,6.23886993217e-10,nan,nan,0,nan,nan
3084,9.6979074387e-10,0,6.45939170387e-10,nan,nan,0,nan,nan
3088,9.63535227314e-10,0,6.71528122729e-10,nan,nan,0,nan,nan
3092,9.57298288614e-10,0,7.01477012048e-10,nan,nan,0,nan,nan
3096,9.51079948568e-10,0,7.36841940939e-10,nan,nan,0,nan,nan
3100,9.44880227708e-10,0,7.78985516305e-10,nan,nan,0,nan,nan
3104,9.386991463e-10,0,8.29675779763e-10,nan,nan,0,nan,nan
3108,9.3253672435e-10,0,8.91220480282e-10,nan,nan,0,nan,nan
3112,9.26392981599e-10,0,9.66651570577e-10,nan,nan,0,nan,nan
3116,9.20267937527e-10,0,1.05998276693e-09,nan,nan,0,nan,nan
3120,9.14161611358e-10,0,1.17657613912e-09,nan,nan,0,nan,nan
3124,9.08074022055e-10,0,1.32367564239e-09,nan,nan,0,nan,nan
3128,9.02005188329e-10,0,1.51120266428e-09,nan,nan,0,nan,nan
3132,8.95955128632e-10,0,1.75297277653e-09,nan,nan,0,nan,nan
3136,8.89923861168e-10,0,2.06860639735e-09,nan,nan,0,nan,nan
3140,8.83911403888e-10,0,2.48661390302e-09,nan,nan,0,nan,nan
3144,8.77917774494e-10,0,3.04953147072e-09,nan,nan,0,nan,nan
3148,8.71942990441e-10,0,3.82277132759e-09,nan,nan,0,nan,nan
3152,8.65987068939e-10,0,4.91049540563e-09,nan,nan,0,nan,nan
3156,8.60050026955e-10,0,6.48545694782e-09,nan,nan,0,nan,nan
3160,8.54131881213e-10,0,8.84832957802e-09,nan,nan,0,nan,nan
3164,8.48232648199e-10,0,1.2553906382e-08,nan,nan,0,nan,nan
3168,8.42352344162e-10,0,1.87028413397e-08,nan,nan,0,nan,nan
3172,8.36490985116e-10,0,2.96910675281e-08,nan,nan,0,nan,nan
3176,8.3064858684e-10,0,5.1421264711e-08,nan,nan,0,nan,nan
3180,8.24825164885e-10,0,1.01217029901e-07,nan,nan,0,nan,nan
3184,8.1902073457e-10,0,2.45811091743e-07,nan,nan,0,nan,nan
3188,8.13235310993e-10,0,9.12612968201e-07,nan,nan,0,nan,nan
3192,8.07468909023e-10,0,1.60589110133e-05,nan,nan,0,nan,nan
3196,8.0172154331e-10,0,3.66824715818e-05,nan,nan,0,nan,nan
3200,7.95993228286e-10,0,2.11728749182e-05,nan,nan,0,nan,nan
3204,7.90283978165e-10,0,1.28192428844e-06,nan,nan,0,nan,nan
3208,7.84593806947e-10,0,3.01437745862e-07,nan,nan,0,nan,nan
3212,7.78922728421e-10,0,1.17566631324e-07,nan,nan,0,nan,nan
3216,7.73270756169e-10,0,5.80183806822e-08,nan,nan,0,nan,nan
3220,7.67637903565e-10,0,3.29259034542e-08,nan,nan,0,nan,nan
3224,7.62024183781e-10,0,2.05215890881e-08,nan,nan,0,nan,nan
3228,7.56429609789e-10,0,1.36877165444e-08,nan,nan,0,nan,nan
3232,7.50854194363e-10,0,9.61431988691e-09,nan,nan,0,nan,nan
3236,7.45297950081e-10,0,7.03632958129e-09,nan,nan,0,nan,nan
3240,7.39760889334e-10,0,5.32582441162e-09,nan,nan,0,nan,nan
3244,7.34243024319e-10,0,4.14663631717e-09,nan,nan,0,nan,nan
3248,7.28744367053e-10,0,3.30755979552e-09,nan,nan,0,nan,nan
3252,7.23264929367e-10,0,2.69430977023e-09,nan,nan,0,nan,nan
3256,7.17804722915e-10,0,2.23568880709e-09,nan,nan,0,nan,nan
3260,7.12363759175e-10,0,1.8857587166e-09,nan,nan,0,nan,nan
3264,7.06942049452e-10,0,1.61397472628e-09,nan,nan,0,nan,nan
3268,7.01539604886e-10,0,1.39949256376e-09,nan,nan,0,nan,nan
3272,6.96156436446e-10,0,1.22776203592e-09,nan,nan,0,nan,nan
3276,6.90792554944e-10,0,1.08842285856e-09,nan,nan,0,nan,nan
3280,6.85447971033e-10,0,9.73967780366e-10,nan,nan,0,nan,nan
3284,6.80122695212e-10,0,8.78871627567e-10,nan,nan,0,nan,nan
3288,6.74816737828e-10,0,7.99011003436e-10,nan,nan,0,nan,nan
3292,6.69530109084e-10,0,7.31269775683e-10,nan,nan,0,nan,nan
3296,6.6426281904e-10,0,6.73265970696e-10,nan,nan,0,nan,nan
3300,6.59014877619e-10,0,6.23159612338e-10,nan,nan,0,nan,nan
3304,6.53786294607e-10,0,5.79515521735e-10,nan,nan,0,nan,nan
3308,6.48577079665e-10,0,5.41204059314e-10,nan,nan,0,nan,nan
3312,6.43387242325e-10,0,5.07328455419e-10,nan,nan,0,nan,nan
3316,6.38216792001e-10,0,4.77171029561e-10,nan,nan,0,nan,nan
3320,6.33065737991e-10,0,4.50152992887e-10,nan,nan,0,nan,nan
3324,6.27934089482e-10,0,4.25804129587e-10,nan,nan,0,nan,nan
3328,6.22821855554e-10,0,4.03739735089e-10,nan,nan,0,nan,nan
3332,6.17729045189e-10,0,3.83642936528e-10,nan,nan,0,nan,nan
3336,6.1265566727e-10,0,3.6525103694e-10,nan,nan,0,nan,nan
3340,6.07601730593e-10,0,3.48344894905e-10,nan,nan,0,nan,nan
3344,6.02567243866e-10,0,3.32740607566e-10,nan,nan,0,nan,nan
3348,5.97552215723e-10,0,3.18282957049e-10,nan,nan,0,nan,nan
3352,5.9255665472e-10,0,3.04840213409e-10,nan,nan,0,nan,nan
3356,5.8758056935e-10,0,2.92299989295e-10,nan,nan,0,nan,nan
3360,5.82623968043e-10,0,2.80565914192e-10,nan,nan,0,nan,nan
3364,5.77686859177e-10,0,2.69554951479e-10,nan,nan,0,nan,nan
3368,5.7276925108e-10,0,2.59195222102e-10,nan,nan,0,nan,nan
3372,5.67871152042e-10,0,2.49424230029e-10,nan,nan,0,nan,nan
3376,5.62992570317e-10,0,2.40187408179e-10,nan,nan,0,nan,nan
3380,5.58133514136e-10,0,2.31436920603e-10,nan,nan,0,nan,nan
3384,5.53293991709e-10,0,2.23130671372e-10,nan,nan,0,nan,nan
3388,5.48474011236e-10,0,2.1523148059e-10,nan,nan,0,nan,nan
3392,5.43673580914e-10,0,2.07706396066e-10,nan,nan,0,nan,nan
3396,5.38892708949e-10,0,2.00526116186e-10,nan,nan,0,nan,nan
3400,5.34131403556e-10,0,1.9366450358e-10,nan,nan,0,nan,nan
3404,5.29389672978e-10,0,1.87098173654e-10,nan,nan,0,nan,nan
3408,5.2466752549e-10,0,1.80806145567e-10,nan,nan,0,nan,nan
3412,5.19964969407e-10,0,1.74769544107e-10,nan,nan,0,nan,nan
3416,5.15282013101e-10,0,1.68971345178e-10,nan,nan,0,nan,nan
3420,5.10618665001e-10,0,1.63396156784e-10,nan,nan,0,nan,nan
3424,5.05974933614e-10,0,1.58030030561e-10,nan,nan,0,nan,nan
3428,5.01350827531e-10,0,1.52860298736e-10,nan,nan,0,nan,nan
3432,4.96746355437e-10,0,1.47875432673e-10,nan,nan,0,nan,nan
3436,4.92161526127e-10,0,1.43064919868e-10,nan,nan,0,nan,nan
3440,4.87596348516e-10,0,1.38419156586e-10,nan,nan,0,nan,nan
3444,4.83050831652e-10,0,1.33929353847e-10,nan,nan,0,nan,nan
3448,4.7852498473e-10,0,1.29587455003e-10,nan,nan,0,nan,nan
3452,4.74018817105e-10,0,1.25386063125e-10,nan,nan,0,nan,nan
3456,4.69532338309e-10,0,1.21318377184e-10,nan,nan,0,nan,nan
3460,4.65065558061e-10,0,1.17378135225e-10,nan,nan,0,nan,nan
3464,4.60618486287e-10,0,1.13559564567e-10,nan,nan,0,nan,nan
3468,4.56191133135e-10,0,1.09857336963e-10,nan,nan,0,nan,nan
3472,4.5178350899e-10,0,1.06266529589e-10,nan,nan,0,nan,nan
3476,4.47395624494e-10,0,1.0278258895e-10,nan,nan,0,nan,nan
3480,4.43027490562e-10,0,9.94013002587e-11,nan,nan,0,nan,nan
3484,4.38679118402e-10,0,9.61187588694e-11,nan,nan,0,nan,nan
3488,4.34350519535e-10,0,9.29313452221e-11,nan,nan,0,nan,nan
3492,4.30041705812e-10,0,8.98357023781e-11,nan,nan,0,nan,nan
3496,4.25752689441e-10,0,8.68287157944e-11,nan,nan,0,nan,nan
3500,4.21483483005e-10,0,8.39074952555e-11,nan,nan,0,nan,nan
3504,4.17234099484e-10,0,8.10693585954e-11,nan,nan,0,nan,nan
3508,4.13004552283e-10,0,7.83118172681e-11,nan,nan,0,nan,nan
3512,4.08794855253e-10,0,7.56325631809e-11,nan,nan,0,nan,nan
3516,4.0460502272e-10,0,7.30294571549e-11,nan,nan,0,nan,nan
3520,4.00435069508e-10,0,7.0500518351e-11,nan,nan,0,nan,nan
3524,3.96285010973e-10,0,6.8043915066e-11,nan,nan,0,nan,nan
3528,3.92154863026e-10,0,6.56579564039e-11,nan,nan,0,nan,nan
3532,3.88044642167e-10,0,6.3341084858e-11,nan,nan,0,nan,nan
3536,3.83954365517e-10,0,6.10918697833e-11,nan,nan,0,nan,nan
3540,3.79884050849e-10,0,5.89090016416e-11,nan,nan,0,nan,nan
3544,3.75833716626e-10,0,5.67912869493e-11,nan,nan,0,nan,nan
3548,3.71803382032e-10,0,5.47376436772e-11,nan,nan,0,nan,nan
3552,3.67793067015e-10,0,5.27470973684e-11,nan,nan,0,nan,nan
3556,3.63802792324e-10,0,5.08187775889e-11,nan,nan,0,nan,nan
3560,3.59832579548e-10,0,4.89519148385e-11,nan,nan,0,nan,nan
3564,3.55882451162e-10,0,4.71458376155e-11,nan,nan,0,nan,nan
3568,3.51952430571e-10,0,4.53999698382e-11,nan,nan,0,nan,nan
3572,3.48042542155e-10,0,4.37138279733e-11,nan,nan,0,nan,nan
3576,3.44152811319e-10,0,4.20870185186e-11,nan,nan,0,nan,nan
3580,3.40283264545e-10,0,4.05192347118e-11,nan,nan,0,nan,nan
3584,3.36433929442e-10,0,3.9010253106e-11,nan,nan,0,nan,nan
3588,3.32604834805e-10,0,3.75599293523e-11,nan,nan,0,nan,nan
3592,3.28796010673e-10,0,3.61681928797e-11,nan,nan,0,nan,nan
3596,3.25007488388e-10,0,3.48350405209e-11,nan,nan,0,nan,nan
3600,3.21239300659e-10,0,3.35605283536e-11,nan,nan,0,nan,nan
3604,3.1749148163e-10,0,3.23447617088e-11,nan,nan,0,nan,nan
3608,3.1376406695e-10,0,3.11878829032e-11,nan,nan,0,nan,nan
3612,3.10057093844e-10,0,3.00900563058e-11,nan,nan,0,nan,nan
3616,3.06370601192e-10,0,2.90514505512e-11,nan,nan,0,nan,nan
3620,3.02704629606e-10,0,2.80722177425e-11,nan,nan,0,nan,nan
3624,2.99059221518e-10,0,2.71524694446e-11,nan,nan,0,nan,nan
3628,2.95434421265e-10,0,2.6292249847e-11,nan,nan,0,nan,nan
3632,2.91830275183e-10,0,2.54915064235e-11,nan,nan,0,nan,nan
3636,2.88246831702e-10,0,2.47500587931e-11,nan,nan,0,nan,nan
3640,2.8468414145e-10,0,2.40675668334e-11,nan,nan,0,nan,nan
3644,2.81142257356e-10,0,2.34434997332e-11,nan,nan,0,nan,nan
3648,2.77621234766e-10,0,2.28771070988e-11,nan,nan,0,nan,nan
3652,2.74121131556e-10,0,2.23673945312e-11,nan,nan,0,nan,nan
3656,2.70642008256e-10,0,2.19131051359e-11,nan,nan,0,nan,nan
3660,2.67183928183e-10,0,2.15127088235e-11,nan,nan,0,nan,nan
3664,2.63746957573e-10,0,2.11644006998e-11,nan,nan,0,nan,nan
3668,2.60331165721e-10,0,2.08661089514e-11,nan,nan,0,nan,nan
3672,2.56936625137e-10,0,2.06155128561e-11,nan,nan,0,nan,nan
3676,2.535634117e-10,0,2.0410069632e-11,nan,nan,0,nan,nan
3680,2.50211604822e-10,0,2.02470488743e-11,nan,nan,0,nan,nan
3684,2.46881287625e-10,0,2.01235730359e-11,nan,nan,0,nan,nan
3688,2.43572547119e-10,0,2.00366610079e-11,nan,nan,0,nan,nan
3692,2.40285474399e-10,0,1.99832732185e-11,nan,nan,0,nan,nan
3696,2.37020164846e-10,0,1.99603553652e-11,nan,nan,0,nan,nan
3700,2.33776718334e-10,0,1.99648795058e-11,nan,nan,0,nan,nan
3704,2.30555239462e-10,0,1.99938805858e-11,nan,nan,0,nan,nan
3708,2.27355837782e-10,0,2.0044487836e-11,nan,nan,0,nan,nan
3712,2.24178628049e-10,0,2.01139502184e-11,nan,nan,0,nan,nan
3716,2.21023730481e-10,0,2.01996564104e-11,nan,nan,0,nan,nan
3720,2.17891271032e-10,0,2.02991487826e-11,nan,nan,0,nan,nan
3724,2.14781381681e-10,0,2.04101327215e-11,nan,nan,0,nan,nan
3728,2.11694200732e-10,0,2.05304814394e-11,nan,nan,0,nan,nan
3732,2.08629873134e-10,0,2.06582369551e-11,nan,nan,0,nan,nan
3736,2.05588550817e-10,0,2.07916084799e-11,nan,nan,0,nan,nan
3740,2.02570393042e-10,0,2.0928968072e-11,nan,nan,0,nan,nan
3744,1.99575566772e-10,0,2.1068845053e-11,nan,nan,0,nan,nan
3748,1.96604247062e-10,0,2.12099189013e-11,nan,nan,0,nan,nan
3752,1.93656617464e-10,0,2.13510116778e-11,nan,nan,0,nan,nan
3756,1.90732870464e-10,0,2.14910800668e-11,nan,nan,0,nan,nan
3760,1.87833207923e-10,0,2.16292072689e-11,nan,nan,0,nan,nan
3764,1.84957841559e-10,0,2.17645951665e-11,nan,nan,0,nan,nan
3768,1.82106993438e-10,0,2.18965568691e-11,nan,nan,0,nan,nan
3772,1.79280896498e-10,0,2.20245094017e-11,nan,nan,0,nan,nan
3776,1.7647979509e-10,0,2.21479675634e-11,nan,nan,0,nan,nan
3780,1.73703945552e-10,0,2.22665377663e-11,nan,nan,0,nan,nan
3784,1.70953616804e-10,0,2.23799128433e-11,nan,nan,0,nan,nan
3788,1.6822909097e-10,0,2.24878676307e-11,nan,nan,0,nan,nan
3792,1.6553066403e-10,0,2.25902549923e-11,nan,nan,0,nan,nan
3796,1.62858646496e-10,0,2.26870028822e-11,nan,nan,0,nan,nan
3800,1.60213364115e-10,0,2.27781118322e-11,nan,nan,0,nan,nan
3804,1.57595158601e-10,0,2.28636535423e-11,nan,nan,0,nan,nan
3808,1.55004388395e-10,0,2.29437699651e-11,nan,nan,0,nan,nan
3812,1.5244142944e-10,0,2.30186734659e-11,nan,nan,0,nan,nan
3816,1.49906675999e-10,0,2.30886476258e-11,nan,nan,0,nan,nan
3820,1.47400541474e-10,0,2.31540491553e-11,nan,nan,0,nan,nan
3824,1.44923459262e-10,0,2.32153107731e-11,nan,nan,0,nan,nan
3828,1.42475883617e-10,0,2.32729449641e-11,nan,nan,0,nan,nan
3832,1.40058290535e-10,0,2.33275493031e-11,nan,nan,0,nan,nan
3836,1.37671178633e-10,0,2.33798126948e-11,nan,nan,0,nan,nan
3840,1.35315070047e-10,0,2.34305233818e-11,nan,nan,0,nan,nan
3844,1.32990511315e-10,0,2.34805784876e-11,nan,nan,0,nan,nan
3848,1.30698074248e-10,0,2.35309954521e-11,nan,nan,0,nan,nan
3852,1.28438356785e-10,0,2.3582925564e-11,nan,nan,0,nan,nan
3856,1.26211983805e-10,0,2.36376701384e-11,nan,nan,0,nan,nan
3860,1.240196079e-10,0,2.36966991629e-11,nan,nan,0,nan,nan
3864,1.2186191008e-10,0,2.37616735358e-11,nan,nan,0,nan,nan
3868,1.19739600401e-10,0,2.38344708192e-11,nan,nan,0,nan,nan
3872,1.17653418489e-10,0,2.39172152833e-11,nan,nan,0,nan,nan
3876,1.15604133941e-10,0,2.40123132513e-11,nan,nan,0,nan,nan
3880,1.13592546584e-10,0,2.4122493877e-11,nan,nan,0,nan,nan
3884,1.11619486545e-10,0,2.42508568493e-11,nan,nan,0,nan,nan
3888,1.09685814123e-10,0,2.44009283632e-11,nan,nan,0,nan,nan
3892,1.07792419411e-10,0,2.45767257297e-11,nan,nan,0,nan,nan
3896,1.05940221641e-10,0,2.47828338298e-11,nan,nan,0,nan,nan
3900,1.04130168205e-10,0,2.50244939531e-11,nan,nan,0,nan,nan
3904,1.02363233318e-10,0,2.53077089576e-11,nan,nan,0,nan,nan
3908,1.00640416273e-10,0,2.5639367334e-11,nan,nan,0,nan,nan
3912,9.89627392377e-11,0,2.60273909031e-11,nan,nan,0,nan,nan
3916,9.73312445636e-11,0,2.64809118437e-11,nan,nan,0,nan,nan
3920,9.57469915475e-11,0,2.70104870266e-11,nan,nan,0,nan,nan
3924,9.42110526114e-11,0,2.76283599527e-11,nan,nan,0,nan,nan
3928,9.27245088625e-11,0,2.83487849338e-11,nan,nan,0,nan,nan
3932,9.12884450011e-11,0,2.91884332645e-11,nan,nan,0,nan,nan
3936,8.99039435555e-11,0,3.01669090512e-11,nan,nan,0,nan,nan
3940,8.85720784322e-11,0,3.13074124897e-11,nan,nan,0,nan,nan
3944,8.72939077841e-11,0,3.26376041569e-11,nan,nan,0,nan,nan
3948,8.6070466216e-11,0,3.41907447163e-11,nan,nan,0,nan,nan
3952,8.49027563667e-11,0,3.60072152843e-11,nan,nan,0,nan,nan
3956,8.37917399255e-11,0,3.8136568765e-11,nan,nan,0,nan,nan
3960,8.27383281685e-11,0,4.06403270561e-11,nan,nan,0,nan,nan
3964,8.17433721197e-11,0,4.35958402287e-11,nan,nan,0,nan,nan
3968,8.08076524704e-11,0,4.7101672395e-11,nan,nan,0,nan,nan
3972,7.99318694116e-11,0,5.12852160335e-11,nan,nan,0,nan,nan
3976,7.91166325559e-11,0,5.63136084234e-11,nan,nan,0,nan,nan
3980,7.83624511456e-11,0,6.24096272748e-11,nan,nan,0,nan,nan
3984,7.76697247519e-11,0,6.98752410699e-11,nan,nan,0,nan,nan
3988,7.70387346834e-11,0,7.91271794672e-11,nan,nan,0,nan,nan
3992,7.64696363139e-11,0,9.075183643e-11,nan,nan,0,nan,nan
3996,7.59624525378e-11,0,1.0559210353e-10,nan,nan,0,nan,nan
4000,7.55170685376e-11,0,1.2488855282e-10,nan,nan,0,nan,nan
4004,7.51332280273e-11,0,1.50516345897e-10,nan,nan,0,nan,nan
4008,7.48105310971e-11,0,1.85397482053e-10,nan,nan,0,nan,nan
4012,7.4548433748e-11,0,2.3424908546e-10,nan,nan,0,nan,nan
4016,7.43462491583e-11,0,3.05010685083e-10,nan,nan,0,nan,nan
4020,7.42031506759e-11,0,4.11732085454e-10,nan,nan,0,nan,nan
4024,7.41181764828e-11,0,5.80849211702e-10,nan,nan,0,nan,nan
4028,7.40902358318e-11,0,8.66083660992e-10,nan,nan,0,nan,nan
4032,7.41181167146e-11,0,1.38803791166e-09,nan,nan,0,nan,nan
4036,7.42004947818e-11,0,2.45641371706e-09,nan,nan,0,nan,nan
4040,7.43359433135e-11,0,5.03585960099e-09,nan,nan,0,nan,nan
4044,7.45229440127e-11,0,1.32079305602e-08,nan,nan,0,nan,nan
4048,7.4759898391e-11,0,5.78230091111e-08,nan,nan,0,nan,nan
4052,7.50451395112e-11,0,3.82387468415e-07,nan,nan,0,nan,nan
4056,7.53769438587e-11,0,5.49715758709e-07,nan,nan,0,nan,nan
4060,7.57535431312e-11,0,2.12470942274e-07,nan,nan,0,nan,nan
4064,7.61731357538e-11,0,2.78683744574e-08,nan,nan,0,nan,nan
4068,7.66338979522e-11,0,8.34102339953e-09,nan,nan,0,nan,nan
4072,7.71339942445e-11,0,3.56985258734e-09,nan,nan,0,nan,nan
4076,7.76715872397e-11,0,1.8460670852e-09,nan,nan,0,nan,nan
4080,7.82448466601e-11,0,1.07382031083e-09,nan,nan,0,nan,nan
4084,7.88519575321e-11,0,6.76958621516e-10,nan,nan,0,nan,nan
4088,7.9491127513e-11,0,4.52644764697e-10,nan,nan,0,nan,nan
4092,8.01605933466e-11,0,3.16764427698e-10,nan,nan,0,nan,nan
4096,8.08586264567e-11,0,2.30089019602e-10,nan,nan,0,nan,nan
4100,8.15835377055e-11,0,1.72623006574e-10,nan,nan,0,nan,nan
4104,8.2333681355e-11,0,1.33433456082e-10,nan,nan,0,nan,nan
4108,8.31074582805e-11,0,1.06185766275e-10,nan,nan,0,nan,nan
4112,8.390331849e-11,0,8.70181625801e-11,nan,nan,0,nan,nan
4116,8.47197630098e-11,0,7.34618283406e-11,nan,nan,0,nan,nan
4120,8.55553451968e-11,0,6.38656821175e-11,nan,nan,0,nan,nan
4124,8.64086715386e-11,0,5.70816560514e-11,nan,nan,0,nan,nan
4128,8.7278402003e-11,0,5.22901384789e-11,nan,nan,0,nan,nan
4132,8.81632499925e-11,0,4.89001609322e-11,nan,nan,0,nan,nan
4136,8.90619819602e-11,0,4.64874013843e-11,nan,nan,0,nan,nan
4140,8.99734167378e-11,0,4.47508515606e-11,nan,nan,0,nan,nan
4144,9.08964246217e-11,0,4.34799042837e-11,nan,nan,0,nan,nan
4148,9.18299262608e-11,0,4.25289028682e-11,nan,nan,0,nan,nan
4152,9.2772891384e-11,0,4.17979003164e-11,nan,nan,0,nan,nan
4156,9.37243374019e-11,0,4.12185958981e-11,nan,nan,0,nan,nan
4160,9.46833279124e-11,0,4.07443616408e-11,nan,nan,0,nan,nan
4164,9.56489711369e-11,0,4.03433240559e-11,nan,nan,0,nan,nan
4168,9.66204183106e-11,0,3.9993633298e-11,nan,nan,0,nan,nan
4172,9.75968620457e-11,0,3.96802533738e-11,nan,nan,0,nan,nan
4176,9.85775346844e-11,0,3.93927912022e-11,nan,nan,0,nan,nan
4180,9.95617066565e-11,0,3.91240283194e-11,nan,nan,0,nan,nan
4184,1.00548684853e-10,0,3.88689254971e-11,nan,nan,0,nan,nan
4188,1.01537811023e-10,0,3.86239455729e-11,nan,nan,0,nan,nan
4192,1.02528460209e-10,0,3.83865909018e-11,nan,nan,0,nan,nan
4196,1.03520039215e-10,0,3.81550859751e-11,nan,nan,0,nan,nan
4200,1.04511985122e-10,0,3.79281585272e-11,nan,nan,0,nan,nan
4204,1.05503763855e-10,0,3.77048882895e-11,nan,nan,0,nan,nan
4208,1.06494868792e-10,0,3.74846016008e-11,nan,nan,0,nan,nan
4212,1.07484819434e-10,0,3.72667983309e-11,nan,nan,0,nan,nan
4216,1.08473160119e-10,0,3.70511005845e-11,nan,nan,0,nan,nan
4220,1.09459458798e-10,0,3.68372168249e-11,nan,nan,0,nan,nan
4224,1.10443305859e-10,0,3.66249170515e-11,nan,nan,0,nan,nan
4228,1.11424313003e-10,0,3.64140151059e-11,nan,nan,0,nan,nan
4232,1.12402112177e-10,0,3.62043563457e-11,nan,nan,0,nan,nan
4236,1.13376354551e-10,0,3.59958095038e-11,nan,nan,0,nan,nan
4240,1.14346709548e-10,0,3.57882602868e-11,nan,nan,0,nan,nan
4244,1.15312863921e-10,0,3.5581607778e-11,nan,nan,0,nan,nan
4248,1.16274520877e-10,0,3.53757613773e-11,nan,nan,0,nan,nan
4252,1.17231399244e-10,0,3.51706391604e-11,nan,nan,0,nan,nan
4256,1.18183232678e-10,0,3.49661663979e-11,nan,nan,0,nan,nan
4260,1.19129768917e-10,0,3.47622750543e-11,nan,nan,0,nan,nan
4264,1.20070769071e-10,0,3.45589029828e-11,nan,nan,0,nan,nan
4268,1.21006006943e-10,0,3.43559938976e-11,nan,nan,0,nan,nan
4272,1.21935268398e-10,0,3.41534968793e-11,nan,nan,0,nan,nan
4276,1.22858350755e-10,0,3.39513666077e-11,nan,nan,0,nan,nan
4280,1.23775062217e-10,0,3.37495629597e-11,nan,nan,0,nan,nan
4284,1.24685221327e-10,0,3.35480512641e-11,nan,nan,0,nan,nan
4288,1.25588656457e-10,0,3.33468019091e-11,nan,nan,0,nan,nan
4292,1.26485205324e-10,0,3.31457907359e-11,nan,nan,0,nan,nan
4296,1.27374714526e-10,0,3.29449985304e-11,nan,nan,0,nan,nan
4300,1.28257039112e-10,0,3.27444112317e-11,nan,nan,0,nan,nan
4304,1.29132042169e-10,0,3.25440197156e-11,nan,nan,0,nan,nan
4308,1.29999594431e-10,0,3.2343819805e-11,nan,nan,0,nan,nan
4312,1.3085957391e-10,0,3.21438118458e-11,nan,nan,0,nan,nan
4316,1.31711865551e-10,0,3.19440009669e-11,nan,nan,0,nan,nan
4320,1.32556360895e-10,0,3.17443965119e-11,nan,nan,0,nan,nan
4324,1.3339295777e-10,0,3.15450121019e-11,nan,nan,0,nan,nan
4328,1.34221559993e-10,0,3.13458654304e-11,nan,nan,0,nan,nan
4332,1.35042077089e-10,0,3.11469778412e-11,nan,nan,0,nan,nan
4336,1.35854424026e-10,0,3.09483743471e-11,nan,nan,0,nan,nan
4340,1.36658520961e-10,0,3.07500833227e-11,nan,nan,0,nan,nan
4344,1.37454293001e-10,0,3.05521361057e-11,nan,nan,0,nan,nan
4348,1.38241669976e-10,0,3.03545670236e-11,nan,nan,0,nan,nan
4352,1.39020586227e-10,0,3.01574128906e-11,nan,nan,0,nan,nan
4356,1.39790980397e-10,0,2.9960712956e-11,nan,nan,0,nan,nan
4360,1.4055279524e-10,0,2.97645084336e-11,nan,nan,0,nan,nan
4364,1.4130597744e-10,0,2.95688424366e-11,nan,nan,0,nan,nan
4368,1.42050477431e-10,0,2.93737595251e-11,nan,nan,0,nan,nan
4372,1.42786249235e-10,0,2.91793056995e-11,nan,nan,0,nan,nan
4376,1.43513250305e-10,0,2.89855277917e-11,nan,nan,0,nan,nan
4380,1.44231441373e-10,0,2.87924735584e-11,nan,nan,0,nan,nan
4384,1.44940786311e-10,0,2.86001911319e-11,nan,nan,0,nan,nan
4388,1.45641251996e-10,0,2.84087290272e-11,nan,nan,0,nan,nan
4392,1.46332808176e-10,0,2.82181356604e-11,nan,nan,0,nan,nan
4396,1.47015427356e-10,0,2.80284592553e-11,nan,nan,0,nan,nan
4400,1.47689084677e-10,0,2.78397476309e-11,nan,nan,0,nan,nan
4404,1.48353757807e-10,0,2.76520478873e-11,nan,nan,0,nan,nan
4408,1.49009426834e-10,0,2.74654062085e-11,nan,nan,0,nan,nan
4412,1.49656074169e-10,0,2.72798677605e-11,nan,nan,0,nan,nan
4416,1.50293684446e-10,0,2.70954764275e-11,nan,nan,0,nan,nan
4420,1.50922244437e-10,0,2.69122746977e-11,nan,nan,0,nan,nan
4424,1.5154174296e-10,0,2.67303032297e-11,nan,nan,0,nan,nan
4428,1.52152170798e-10,0,2.65496013307e-11,nan,nan,0,nan,nan
4432,1.52753520622e-10,0,2.63702062995e-11,nan,nan,0,nan,nan
4436,1.53345786912e-10,0,2.61921532339e-11,nan,nan,0,nan,nan
4440,1.53928965891e-10,0,2.60154755572e-11,nan,nan,0,nan,nan
4444,1.54503055448e-10,0,2.58402047056e-11,nan,nan,0,nan,nan
4448,1.55068055083e-10,0,2.56663691488e-11,nan,nan,0,nan,nan
4452,1.55623965833e-10,0,2.54939966055e-11,nan,nan,0,nan,nan
4456,1.56170790224e-10,0,2.53231112482e-11,nan,nan,0,nan,nan
4460,1.56708532204e-10,0,2.51537363015e-11,nan,nan,0,nan,nan
4464,1.57237197093e-10,0,2.49858922987e-11,nan,nan,0,nan,nan
4468,1.57756791533e-10,0,2.48195985337e-11,nan,nan,0,nan,nan
4472,1.58267323432e-10,0,2.46548716288e-11,nan,nan,0,nan,nan
4476,1.58768801921e-10,0,2.44917275182e-11,nan,nan,0,nan,nan
4480,1.59261237306e-10,0,2.43301807769e-11,nan,nan,0,nan,nan
4484,1.59744641026e-10,0,2.41702441815e-11,nan,nan,0,nan,nan
4488,1.60219025609e-10,0,2.40119302027e-11,nan,nan,0,nan,nan
4492,1.60684404633e-10,0,2.38552511771e-11,nan,nan,0,nan,nan
4496,1.61140792687e-10,0,2.37002187185e-11,nan,nan,0,nan,nan
4500,1.61588205332e-10,0,2.35468452832e-11,nan,nan,0,nan,nan
4504,1.62026659072e-10,0,2.33951440874e-11,nan,nan,0,nan,nan
4508,1.62456171313e-10,0,2.32451299739e-11,nan,nan,0,nan,nan
4512,1.62876760331e-10,0,2.30968193867e-11,nan,nan,0,nan,nan
4516,1.63288445247e-10,0,2.29502320919e-11,nan,nan,0,nan,nan
4520,1.6369124599e-10,0,2.28053908924e-11,nan,nan,0,nan,nan
4524,1.6408518327e-10,0,2.26623231502e-11,nan,nan,0,nan,nan
4528,1.64470278554e-10,0,2.25210613994e-11,nan,nan,0,nan,nan
4532,1.64846554032e-10,0,2.23816443495e-11,nan,nan,0,nan,nan
4536,1.65214032599e-10,0,2.22441181457e-11,nan,nan,0,nan,nan
4540,1.65572737826e-10,0,2.21085372346e-11,nan,nan,0,nan,nan
4544,1.65922693937e-10,0,2.19749661611e-11,nan,nan,0,nan,nan
4548,1.66263925787e-10,0,2.18434805084e-11,nan,nan,0,nan,nan
4552,1.66596458839e-10,0,2.17141687849e-11,nan,nan,0,nan,nan
4556,1.66920319143e-10,0,2.15871339967e-11,nan,nan,0,nan,nan
4560,1.67235533318e-10,0,2.14624956609e-11,nan,nan,0,nan,nan
4564,1.67542128528e-10,0,2.13403915785e-11,nan,nan,0,nan,nan
4568,1.67840132469e-10,0,2.12209804852e-11,nan,nan,0,nan,nan
4572,1.68129573344e-10,0,2.11044441086e-11,nan,nan,0,nan,nan
4576,1.68410479851e-10,0,2.0990990095e-11,nan,nan,0,nan,nan
4580,1.68682881164e-10,0,2.0880854992e-11,nan,nan,0,nan,nan
4584,1.68946806917e-10,0,2.07743071928e-11,nan,nan,0,nan,nan
4588,1.69202287188e-10,0,2.06716507706e-11,nan,nan,0,nan,nan
4592,1.69449352485e-10,0,2.05732291707e-11,nan,nan,0,nan,nan
4596,1.69688033728e-10,0,2.04794294629e-11,nan,nan,0,nan,nan
4600,1.69918362241e-10,0,2.0390686952e-11,nan,nan,0,nan,nan
4604,1.70140369733e-10,0,2.03074902072e-11,nan,nan,0,nan,nan
4608,1.70354088286e-10,0,2.02303865757e-11,nan,nan,0,nan,nan
4612,1.70559550346e-10,0,2.01599881299e-11,nan,nan,0,nan,nan
4616,1.70756788705e-10,0,2.00969783036e-11,nan,nan,0,nan,nan
4620,1.70945836494e-10,0,2.00421187658e-11,nan,nan,0,nan,nan
4624,1.71126727168e-10,0,1.99962573376e-11,nan,nan,0,nan,nan
4628,1.71299494499e-10,0,1.99603362085e-11,nan,nan,0,nan,nan
4632,1.71464172562e-10,0,1.99354008985e-11,nan,nan,0,nan,nan
4636,1.71620795725e-10,0,1.99226100944e-11,nan,nan,0,nan,nan
4640,1.71769398641e-10,0,1.99232460776e-11,nan,nan,0,nan,nan
4644,1.71910016237e-10,0,1.99387259123e-11,nan,nan,0,nan,nan
4648,1.72042683704e-10,0,1.99706137471e-11,nan,nan,0,nan,nan
4652,1.72167436491e-10,0,2.00206336226e-11,nan,nan,0,nan,nan
4656,1.72284310292e-10,0,2.00906837422e-11,nan,nan,0,nan,nan
4660,1.7239334104e-10,0,2.01828513642e-11,nan,nan,0,nan,nan
4664,1.72494564901e-10,0,2.02994293902e-11,nan,nan,0,nan,nan
4668,1.72588018262e-10,0,2.04429340485e-11,nan,nan,0,nan,nan
4672,1.72673737723e-10,0,2.06161248251e-11,nan,nan,0,nan,nan
4676,1.72751760097e-10,0,2.08220261643e-11,nan,nan,0,nan,nan
4680,1.72822122392e-10,0,2.10639522652e-11,nan,nan,0,nan,nan
4684,1.72884861813e-10,0,2.13455353615e-11,nan,nan,0,nan,nan
4688,1.7294001575e-10,0,2.16707585573e-11,nan,nan,0,nan,nan
4692,1.72987621775e-10,0,2.20439946709e-11,nan,nan,0,nan,nan
4696,1.73027717633e-10,0,2.24700526327e-11,nan,nan,0,nan,nan
4700,1.73060341236e-10,0,2.29542336256e-11,nan,nan,0,nan,nan
4704,1.73085530661e-10,0,2.35023996607e-11,nan,nan,0,nan,nan
4708,1.73103324136e-10,0,2.41210580514e-11,nan,nan,0,nan,nan
4712,1.73113760044e-10,0,2.48174655522e-11,nan,nan,0,nan,nan
4716,1.73116876912e-10,0,2.55997579104e-11,nan,nan,0,nan,nan
4720,1.73112713404e-10,0,2.64771108562e-11,nan,nan,0,nan,nan
4724,1.73101308324e-10,0,2.74599406158e-11,nan,nan,0,nan,nan
4728,1.730827006e-10,0,2.85601545785e-11,nan,nan,0,nan,nan
4732,1.73056929288e-10,0,2.97914648423e-11,nan,nan,0,nan,nan
4736,1.73024033564e-10,0,3.11697816485e-11,nan,nan,0,nan,nan
4740,1.72984052718e-10,0,3.27137092603e-11,nan,nan,0,nan,nan
4744,1.72937026153e-10,0,3.44451727253e-11,nan,nan,0,nan,nan
4748,1.72882993377e-10,0,3.63902152413e-11,nan,nan,0,nan,nan
4752,1.72821994002e-10,0,3.8580017837e-11,nan,nan,0,nan,nan
4756,1.72754067738e-10,0,4.10522127226e-11,nan,nan,0,nan,nan
4760,1.72679254387e-10,0,4.38525872839e-11,nan,nan,0,nan,nan
4764,1.72597593846e-10,0,4.70373132557e-11,nan,nan,0,nan,nan
4768,1.72509126096e-10,0,5.06758889521e-11,nan,nan,0,nan,nan
4772,1.724138912e-10,0,5.48550588132e-11,nan,nan,0,nan,nan
4776,1.72311929303e-10,0,5.96840898286e-11,nan,nan,0,nan,nan
4780,1.72203280625e-10,0,6.53019514474e-11,nan,nan,0,nan,nan
4784,1.72087985457e-10,0,7.18872024972e-11,nan,nan,0,nan,nan
4788,1.71966084162e-10,0,7.96717810585e-11,nan,nan,0,nan,nan
4792,1.71837617166e-10,0,8.89605092606e-11,nan,nan,0,nan,nan
4796,1.71702624959e-10,0,1.00159105852e-10,nan,nan,0,nan,nan
4800,1.71561148091e-10,0,1.13815104194e-10,nan,nan,0,nan,nan
4804,1.71413227167e-10,0,1.30678747737e-10,nan,nan,0,nan,nan
4808,1.71258902847e-10,0,1.51795522921e-10,nan,nan,0,nan,nan
4812,1.7109821584e-10,0,1.78650074336e-10,nan,nan,0,nan,nan
4816,1.70931206905e-10,0,2.13395959433e-10,nan,nan,0,nan,nan
4820,1.70757916843e-10,0,2.59233425671e-10,nan,nan,0,nan,nan
4824,1.70578386499e-10,0,3.21051767244e-10,nan,nan,0,nan,nan
4828,1.70392656758e-10,0,4.06564372013e-10,nan,nan,0,nan,nan
4832,1.70200768539e-10,0,5.28405628736e-10,nan,nan,0,nan,nan
4836,1.70002762798e-10,0,7.08212106903e-10,nan,nan,0,nan,nan
4840,1.69798680522e-10,0,9.85073346453e-10,nan,nan,0,nan,nan
4844,1.69588562726e-10,0,1.43439141041e-09,nan,nan,0,nan,nan
4848,1.69372450454e-10,0,2.21404337166e-09,nan,nan,0,nan,nan
4852,1.69150384771e-10,0,3.69136950874e-09,nan,nan,0,nan,nan
4856,1.68922406767e-10,0,6.84970571503e-09,nan,nan,0,nan,nan
4860,1.68688557551e-10,0,1.48788765653e-08,nan,nan,0,nan,nan
4864,1.68448878248e-10,0,4.11105392174e-08,nan,nan,0,nan,nan
4868,1.6820341e-10,0,1.43765154348e-07,nan,nan,0,nan,nan
4872,1.67952193961e-10,0,2.99903170695e-07,nan,nan,0,nan,nan
4876,1.67695271294e-10,0,2.42410030013e-07,nan,nan,0,nan,nan
4880,1.67432683175e-10,0,8.20902392914e-08,nan,nan,0,nan,nan
4884,1.67164470782e-10,0,2.52489817491e-08,nan,nan,0,nan,nan
4888,1.66890675301e-10,0,1.02734806344e-08,nan,nan,0,nan,nan
4892,1.66611337918e-10,0,5.09736553274e-09,nan,nan,0,nan,nan
4896,1.6632649982e-10,0,2.88058313367e-09,nan,nan,0,nan,nan
4900,1.66036202194e-10,0,1.78140807857e-09,nan,nan,0,nan,nan
4904,1.65740486221e-10,0,1.1767200464e-09,nan,nan,0,nan,nan
4908,1.6543939308e-10,0,8.17476586354e-10,nan,nan,0,nan,nan
4912,1.65132963938e-10,0,5.91109102157e-10,nan,nan,0,nan,nan
4916,1.64821239958e-10,0,4.41720249923e-10,nan,nan,0,nan,nan
4920,1.64504262289e-10,0,3.39419099942e-10,nan,nan,0,nan,nan
4924,1.64182072067e-10,0,2.67234347774e-10,nan,nan,0,nan,nan
4928,1.63854710416e-10,0,2.15040154928e-10,nan,nan,0,nan,nan
4932,1.63522218442e-10,0,1.76536434561e-10,nan,nan,0,nan,nan
4936,1.63184637232e-10,0,1.47659305995e-10,nan,nan,0,nan,nan
4940,1.62842007856e-10,0,1.25703098739e-10,nan,nan,0,nan,nan
4944,1.62494371362e-10,0,1.08815188838e-10,nan,nan,0,nan,nan
4948,1.62141768773e-10,0,9.56950994424e-11,nan,nan,0,nan,nan
4952,1.61784241089e-10,0,8.54098669199e-11,nan,nan,0,nan,nan
4956,1.61421829285e-10,0,7.72777244757e-11,nan,nan,0,nan,nan
4960,1.61054574305e-10,0,7.07929679917e-11,nan,nan,0,nan,nan
4964,1.60682517069e-10,0,6.55761588863e-11,nan,nan,0,nan,nan
4968,1.6030569846e-10,0,6.1340207416e-11,nan,nan,0,nan,nan
4972,1.59924159334e-10,0,5.78666160845e-11,nan,nan,0,nan,nan
4976,1.5953794051e-10,0,5.49884001469e-11,nan,nan,0,nan,nan
4980,1.59147082774e-10,0,5.25775384587e-11,nan,nan,0,nan,nan
4984,1.58751626874e-10,0,5.05356077452e-11,nan,nan,0,nan,nan
4988,1.58351613521e-10,0,4.87867230726e-11,nan,nan,0,nan,nan
4992,1.57947083387e-10,0,4.7272188773e-11,nan,nan,0,nan,nan
4996,1.57538077102e-10,0,4.59464365164e-11,nan,nan,0,nan,nan
5000,1.57124635255e-10,0,4.47739387045e-11,nan,nan,0,nan,nan
5004,1.56706798393e-10,0,4.37268635263e-11,nan,nan,0,nan,nan
5008,1.56284607017e-10,0,4.27832924291e-11,nan,nan,0,nan,nan
5012,1.55858101582e-10,0,4.19258651519e-11,nan,nan,0,nan,nan
5016,1.55427322497e-10,0,4.11407480197e-11,nan,nan,0,nan,nan
5020,1.54992310125e-10,0,4.04168468772e-11,nan,nan,0,nan,nan
5024,1.54553104775e-10,0,3.97452056736e-11,nan,nan,0,nan,nan
5028,1.5410974671e-10,0,3.91185448296e-11,nan,nan,0,nan,nan
5032,1.53662276141e-10,0,3.85309062162e-11,nan,nan,0,nan,nan
5036,1.53210733224e-10,0,3.79773787461e-11,nan,nan,0,nan,nan
5040,1.52755158063e-10,0,3.74538857069e-11,nan,nan,0,nan,nan
5044,1.5229559071e-10,0,3.69570187982e-11,nan,nan,0,nan,nan
5048,1.51832071157e-10,0,3.648390837e-11,nan,nan,0,nan,nan
5052,1.51364639342e-10,0,3.6032121346e-11,nan,nan,0,nan,nan
5056,1.50893335146e-10,0,3.55995807282e-11,nan,nan,0,nan,nan
5060,1.5041819839e-10,0,3.51845013695e-11,nan,nan,0,nan,nan
5064,1.49939268838e-10,0,3.4785338984e-11,nan,nan,0,nan,nan
5068,1.49456586192e-10,0,3.44007493244e-11,nan,nan,0,nan,nan
5072,1.48970190093e-10,0,3.40295549876e-11,nan,nan,0,nan,nan
5076,1.48480120122e-10,0,3.3670718873e-11,nan,nan,0,nan,nan
5080,1.47986415797e-10,0,3.33233223757e-11,nan,nan,0,nan,nan
5084,1.47489116571e-10,0,3.29865476661e-11,nan,nan,0,nan,nan
5088,1.46988261835e-10,0,3.26596630735e-11,nan,nan,0,nan,nan
5092,1.46483890914e-10,0,3.23420111975e-11,nan,nan,0,nan,nan
5096,1.45976043069e-10,0,3.20329986878e-11,nan,nan,0,nan,nan
5100,1.45464757494e-10,0,3.17320881155e-11,nan,nan,0,nan,nan
5104,1.44950073316e-10,0,3.14387909167e-11,nan,nan,0,nan,nan
5108,1.44432029596e-10,0,3.11526616082e-11,nan,nan,0,nan,nan
5112,1.43910665326e-10,0,3.08732927929e-11,nan,nan,0,nan,nan
5116,1.43386019429e-10,0,3.0600310937e-11,nan,nan,0,nan,nan
5120,1.42858130762e-10,0,3.03333728047e-11,nan,nan,0,nan,nan
5124,1.42327038109e-10,0,3.00721624544e-11,nan,nan,0,nan,nan
5128,1.41792780186e-10,0,2.98163884684e-11,nan,nan,0,nan,nan
5132,1.41255395639e-10,0,2.95657816582e-11,nan,nan,0,nan,nan
5136,1.40714923041e-10,0,2.93200932594e-11,nan,nan,0,nan,nan
5140,1.40171400896e-10,0,2.90790929842e-11,nan,nan,0,nan,nan
5144,1.39624867636e-10,0,2.88425675326e-11,nan,nan,0,nan,nan
5148,1.39075361619e-10,0,2.86103193093e-11,nan,nan,0,nan,nan
5152,1.38522921133e-10,0,2.83821651593e-11,nan,nan,0,nan,nan
5156,1.37967584392e-10,0,2.81579353928e-11,nan,nan,0,nan,nan
5160,1.37409389538e-10,0,2.79374725907e-11,nan,nan,0,nan,nan
5164,1.36848374639e-10,0,2.77206311729e-11,nan,nan,0,nan,nan
5168,1.36284577689e-10,0,2.7507276062e-11,nan,nan,0,nan,nan
5172,1.35718036608e-10,0,2.72972825033e-11,nan,nan,0,nan,nan
5176,1.35148789245e-10,0,2.70905350962e-11,nan,nan,0,nan,nan
5180,1.34576873371e-10,0,2.68869271788e-11,nan,nan,0,nan,nan
5184,1.34002326684e-10,0,2.66863606485e-11,nan,nan,0,nan,nan
5188,1.33425186808e-10,0,2.64887448973e-11,nan,nan,0,nan,nan
5192,1.32845491292e-10,0,2.62939968255e-11,nan,nan,0,nan,nan
5196,1.3226327761e-10,0,2.61020402052e-11,nan,nan,0,nan,nan
5200,1.31678583161e-10,0,2.5912805117e-11,nan,nan,0,nan,nan
5204,1.3109144527e-10,0,2.5726227865e-11,nan,nan,0,nan,nan
5208,1.30501901185e-10,0,2.55422504286e-11,nan,nan,0,nan,nan
5212,1.29909988081e-10,0,2.53608200774e-11,nan,nan,0,nan,nan
5216,1.29315743056e-10,0,2.51818890798e-11,nan,nan,0,nan,nan
5220,1.28719203135e-10,0,2.5005414585e-11,nan,nan,0,nan,nan
5224,1.28120405266e-10,0,2.48313580089e-11,nan,nan,0,nan,nan
5228,1.27519386323e-10,0,2.4659684558e-11,nan,nan,0,nan,nan
5232,1.26916183105e-10,0,2.44903640404e-11,nan,nan,0,nan,nan
5236,1.26310832335e-10,0,2.4323369037e-11,nan,nan,0,nan,nan
5240,1.25703370663e-10,0,2.41586757461e-11,nan,nan,0,nan,nan
5244,1.25093834662e-10,0,2.39962635862e-11,nan,nan,0,nan,nan
5248,1.24482260832e-10,0,2.38361142261e-11,nan,nan,0,nan,nan
5252,1.23868685599e-10,0,2.36782125199e-11,nan,nan,0,nan,nan
5256,1.23253145314e-10,0,2.35225450968e-11,nan,nan,0,nan,nan
5260,1.22635676254e-10,0,2.33691011267e-11,nan,nan,0,nan,nan
5264,1.22016314621e-10,0,2.32178714193e-11,nan,nan,0,nan,nan
5268,1.21395096546e-10,0,2.30688482823e-11,nan,nan,0,nan,nan
5272,1.20772058085e-10,0,2.29220265288e-11,nan,nan,0,nan,nan
5276,1.20147235221e-10,0,2.27773998156e-11,nan,nan,0,nan,nan
5280,1.19520663865e-10,0,2.263496642e-11,nan,nan,0,nan,nan
5284,1.18892379856e-10,0,2.24947222347e-11,nan,nan,0,nan,nan
5288,1.18262418959e-10,0,2.23566659194e-11,nan,nan,0,nan,nan
5292,1.1763081687e-10,0,2.22207956696e-11,nan,nan,0,nan,nan
5296,1.16997609213e-10,0,2.20871105221e-11,nan,nan,0,nan,nan
5300,1.16362831539e-10,0,2.1955609695e-11,nan,nan,0,nan,nan
5304,1.15726519333e-10,0,2.18262921602e-11,nan,nan,0,nan,nan
5308,1.15088708007e-10,0,2.16991572484e-11,nan,nan,0,nan,nan
5312,1.14449432905e-10,0,2.1574203832e-11,nan,nan,0,nan,nan
5316,1.13808729302e-10,0,2.14514303492e-11,nan,nan,0,nan,nan
5320,1.13166632407e-10,0,2.13308349564e-11,nan,nan,0,nan,nan
5324,1.12523177358e-10,0,2.12124151939e-11,nan,nan,0,nan,nan
5328,1.1187839923e-10,0,2.10961676064e-11,nan,nan,0,nan,nan
5332,1.11232333029e-10,0,2.09820883448e-11,nan,nan,0,nan,nan
5336,1.105850137e-10,0,2.08701723595e-11,nan,nan,0,nan,nan
5340,1.09936476118e-10,0,2.07604135111e-11,nan,nan,0,nan,nan
5344,1.092867551e-10,0,2.06528048682e-11,nan,nan,0,nan,nan
5348,1.08635885398e-10,0,2.0547338044e-11,nan,nan,0,nan,nan
5352,1.07983901701e-10,0,2.04440034878e-11,nan,nan,0,nan,nan
5356,1.0733083864e-10,0,2.03427903191e-11,nan,nan,0,nan,nan
5360,1.06676730786e-10,0,2.02436862302e-11,nan,nan,0,nan,nan
5364,1.06021612649e-10,0,2.01466775167e-11,nan,nan,0,nan,nan
5368,1.05365518685e-10,0,2.00517489977e-11,nan,nan,0,nan,nan
5372,1.04708483292e-10,0,1.99588838046e-11,nan,nan,0,nan,nan
5376,1.04050540815e-10,0,1.98680636707e-11,nan,nan,0,nan,nan
5380,1.03391725543e-10,0,1.97792686255e-11,nan,nan,0,nan,nan
5384,1.02732071715e-10,0,1.96924771025e-11,nan,nan,0,nan,nan
5388,1.02071613519e-10,0,1.96076658544e-11,nan,nan,0,nan,nan
5392,1.01410385095e-10,0,1.95248100734e-11,nan,nan,0,nan,nan
5396,1.00748420533e-10,0,1.94438832002e-11,nan,nan,0,nan,nan
5400,1.00085753881e-10,0,1.93648571071e-11,nan,nan,0,nan,nan
5404,9.94224191404e-11,0,1.92877021744e-11,nan,nan,0,nan,nan
5408,9.87584502726e-11,0,1.92123870576e-11,nan,nan,0,nan,nan
5412,9.80938811985e-11,0,1.91388792464e-11,nan,nan,0,nan,nan
5416,9.74287458013e-11,0,1.90671447425e-11,nan,nan,0,nan,nan
5420,9.67630779288e-11,0,1.89971485213e-11,nan,nan,0,nan,nan
5424,9.60969113956e-11,0,1.89288547217e-11,nan,nan,0,nan,nan
5428,9.54302799853e-11,0,1.88622269597e-11,nan,nan,0,nan,nan
5432,9.47632174535e-11,0,1.87972288103e-11,nan,nan,0,nan,nan
5436,9.409575753e-11,0,1.87338244363e-11,nan,nan,0,nan,nan
5440,9.34279339216e-11,0,1.86719794617e-11,nan,nan,0,nan,nan
5444,9.27597803155e-11,0,1.86116620957e-11,nan,nan,0,nan,nan
5448,9.20913303815e-11,0,1.85528445679e-11,nan,nan,0,nan,nan
5452,9.14226177761e-11,0,1.84955053461e-11,nan,nan,0,nan,nan
5456,9.0753676145e-11,0,1.8439631612e-11,nan,nan,0,nan,nan
5460,9.00845391271e-11,0,1.83852230138e-11,nan,nan,0,nan,nan
5464,8.9415240358e-11,0,1.83322966177e-11,nan,nan,0,nan,nan
5468,8.87458134738e-11,0,1.82808930279e-11,nan,nan,0,nan,nan
5472,8.8076292115e-11,0,1.82310854729e-11,nan,nan,0,nan,nan
5476,8.74067099306e-11,0,1.81829913452e-11,nan,nan,0,nan,nan
5480,8.6737100583e-11,0,1.81367878207e-11,nan,nan,0,nan,nan
5484,8.60674977517e-11,0,1.80927331403e-11,nan,nan,0,nan,nan
5488,8.53979351388e-11,0,1.80511953663e-11,nan,nan,0,nan,nan
5492,8.47284464737e-11,0,1.80126911804e-11,nan,nan,0,nan,nan
5496,8.40590655181e-11,0,1.79779391276e-11,nan,nan,0,nan,nan
5500,8.33898260718e-11,0,1.79479318507e-11,nan,nan,0,nan,nan
5504,8.27207619782e-11,0,1.79240356312e-11,nan,nan,0,nan,nan
5508,8.20519071304e-11,0,1.79081266605e-11,nan,nan,0,nan,nan
5512,8.13832954772e-11,0,1.7902779573e-11,nan,nan,0,nan,nan
5516,8.07149610298e-11,0,1.79115274138e-11,nan,nan,0,nan,nan
5520,8.00469378686e-11,0,1.79392216724e-11,nan,nan,0,nan,nan
5524,7.93792601502e-11,0,1.79925303162e-11,nan,nan,0,nan,nan
5528,7.87119621148e-11,0,1.80806251658e-11,nan,nan,0,nan,nan
5532,7.80450780943e-11,0,1.82161263825e-11,nan,nan,0,nan,nan
5536,7.73786425201e-11,0,1.84163879563e-11,nan,nan,0,nan,nan
5540,7.67126899319e-11,0,1.87052265138e-11,nan,nan,0,nan,nan
5544,7.60472549861e-11,0,1.9115196646e-11,nan,nan,0,nan,nan
5548,7.53823724659e-11,0,1.96905171798e-11,nan,nan,0,nan,nan
5552,7.47180772903e-11,0,2.04907181573e-11,nan,nan,0,nan,nan
5556,7.40544045247e-11,0,2.15950655527e-11,nan,nan,0,nan,nan
5560,7.33913893913e-11,0,2.31078739472e-11,nan,nan,0,nan,nan
5564,7.27290672807e-11,0,2.51650859009e-11,nan,nan,0,nan,nan
5568,7.20674737631e-11,0,2.79431312018e-11,nan,nan,0,nan,nan
5572,7.14066446008e-11,0,3.16721613825e-11,nan,nan,0,nan,nan
5576,7.07466157607e-11,0,3.66572404459e-11,nan,nan,0,nan,nan
5580,7.00874234283e-11,0,4.33130127056e-11,nan,nan,0,nan,nan
5584,6.9429104021e-11,0,5.22203429671e-11,nan,nan,0,nan,nan
5588,6.87716942033e-11,0,6.42189917125e-11,nan,nan,0,nan,nan
5592,6.81152309021e-11,0,8.05615424133e-11,nan,nan,0,nan,nan
5596,6.74597513225e-11,0,1.03176313426e-10,nan,nan,0,nan,nan
5600,6.68052929653e-11,0,1.35133241354e-10,nan,nan,0,nan,nan
5604,6.61518936442e-11,0,1.81505510879e-10,nan,nan,0,nan,nan
5608,6.54995915045e-11,0,2.51041487137e-10,nan,nan,0,nan,nan
5612,6.48484250427e-11,0,3.59587162661e-10,nan,nan,0,nan,nan
5616,6.41984331268e-11,0,5.37514160871e-10,nan,nan,0,nan,nan
5620,6.35496550177e-11,0,8.46841419465e-10,nan,nan,0,nan,nan
5624,6.29021303919e-11,0,1.42266581163e-09,nan,nan,0,nan,nan
5628,6.22558993646e-11,0,2.5721516954e-09,nan,nan,0,nan,nan
5632,6.16110025149e-11,0,4.94646005847e-09,nan,nan,0,nan,nan
5636,6.09674809115e-11,0,9.26843707092e-09,nan,nan,0,nan,nan
5640,6.032537614e-11,0,1.37431886411e-08,nan,nan,0,nan,nan
5644,5.96847303319e-11,0,1.34423880519e-08,nan,nan,0,nan,nan
5648,5.90455861938e-11,0,8.76456693083e-09,nan,nan,0,nan,nan
5652,5.840798704e-11,0,4.62863561121e-09,nan,nan,0,nan,nan
5656,5.77719768251e-11,0,2.41768020036e-09,nan,nan,0,nan,nan
5660,5.71376001791e-11,0,1.34968531097e-09,nan,nan,0,nan,nan
5664,5.65049024438e-11,0,8.12091825016e-10,nan,nan,0,nan,nan
5668,5.58739297117e-11,0,5.21578003956e-10,nan,nan,0,nan,nan
5672,5.52447288665e-11,0,3.53498881463e-10,nan,nan,0,nan,nan
5676,5.46173476255e-11,0,2.50364912286e-10,nan,nan,0,nan,nan
5680,5.39918345848e-11,0,1.83874752175e-10,nan,nan,0,nan,nan
5684,5.33682392659e-11,0,1.39191166975e-10,nan,nan,0,nan,nan
5688,5.27466121662e-11,0,1.08087867838e-10,nan,nan,0,nan,nan
5692,5.21270048105e-11,0,8.57767088353e-11,nan,nan,0,nan,nan
5696,5.15094698063e-11,0,6.93510952971e-11,nan,nan,0,nan,nan
5700,5.08940609018e-11,0,5.69811454311e-11,nan,nan,0,nan,nan
5704,5.02808330466e-11,0,4.747767507e-11,nan,nan,0,nan,nan
5708,4.96698424559e-11,0,4.00460477838e-11,nan,nan,0,nan,nan
5712,4.90611466779e-11,0,3.41420510465e-11,nan,nan,0,nan,nan
5716,4.84548046653e-11,0,2.93847363073e-11,nan,nan,0,nan,nan
5720,4.78508768496e-11,0,2.55021673766e-11,nan,nan,0,nan,nan
5724,4.72494252204e-11,0,2.22967712321e-11,nan,nan,0,nan,nan
5728,4.66505134078e-11,0,1.96226896085e-11,nan,nan,0,nan,nan
5732,4.60542067701e-11,0,1.73706628837e-11,nan,nan,0,nan,nan
5736,4.54605724856e-11,0,1.54577479932e-11,nan,nan,0,nan,nan
5740,4.48696796494e-11,0,1.38202029149e-11,nan,nan,0,nan,nan
5744,4.42815993745e-11,0,1.24084846646e-11,nan,nan,0,nan,nan
5748,4.36964048999e-11,0,1.11836811035e-11,nan,nan,0,nan,nan
5752,4.31141717021e-11,0,1.01149321249e-11,nan,nan,0,nan,nan
5756,4.2534977614e-11,0,9.1775422811e-12,nan,nan,0,nan,nan
5760,4.19589029488e-11,0,8.35158338322e-12,nan,nan,0,nan,nan
5764,4.13860306309e-11,0,7.62084921823e-12,nan,nan,0,nan,nan
5768,4.08164463324e-11,0,6.97206506323e-12,nan,nan,0,nan,nan
5772,4.02502386172e-11,0,6.39428465193e-12,nan,nan,0,nan,nan
5776,3.96874990916e-11,0,5.87842548336e-12,nan,nan,0,nan,nan
5780,3.91283225615e-11,0,5.41690770979e-12,nan,nan,0,nan,nan
5784,3.85728071982e-11,0,5.00337090078e-12,nan,nan,0,nan,nan
5788,3.80210547101e-11,0,4.6324499349e-12,nan,nan,0,nan,nan
5792,3.74731705233e-11,0,4.29959577416e-12,nan,nan,0,nan,nan
5796,3.69292639685e-11,0,4.00093093889e-12,nan,nan,0,nan,nan
5800,3.63894484771e-11,0,3.73313146258e-12,nan,nan,0,nan,nan
5804,3.58538417831e-11,0,3.49332952418e-12,nan,nan,0,nan,nan
5808,3.53225661337e-11,0,3.27903222112e-12,nan,nan,0,nan,nan
5812,3.47957485066e-11,0,3.08805317204e-12,nan,nan,0,nan,nan
5816,3.42735208338e-11,0,2.91845445171e-12,nan,nan,0,nan,nan
5820,3.37560202322e-11,0,2.76849750964e-12,nan,nan,0,nan,nan
5824,3.32433892397e-11,0,2.63660180293e-12,nan,nan,0,nan,nan
5828,3.27357760553e-11,0,2.52131078019e-12,nan,nan,0,nan,nan
5832,3.22333347843e-11,0,2.42126466984e-12,nan,nan,0,nan,nan
5836,3.17362256844e-11,0,2.33518009458e-12,nan,nan,0,nan,nan
5840,3.12446154132e-11,0,2.26183619566e-12,nan,nan,0,nan,nan
5844,3.07586772748e-11,0,2.20006615968e-12,nan,nan,0,nan,nan
5848,3.02785914618e-11,0,2.14875417463e-12,nan,nan,0,nan,nan
5852,2.98045452919e-11,0,2.10683590936e-12,nan,nan,0,nan,nan
5856,2.93367334346e-11,0,2.073301517e-12,nan,nan,0,nan,nan
5860,2.88753581247e-11,0,2.04720011211e-12,nan,nan,0,nan,nan
5864,2.8420629358e-11,0,2.0276441422e-12,nan,nan,0,nan,nan
5868,2.79727650647e-11,0,2.01381315297e-12,nan,nan,0,nan,nan
5872,2.75319912546e-11,0,2.00495625581e-12,nan,nan,0,nan,nan
5876,2.7098542128e-11,0,2.00039299767e-12,nan,nan,0,nan,nan
5880,2.66726601447e-11,0,1.9995125985e-12,nan,nan,0,nan,nan
5884,2.6254596044e-11,0,2.00177196613e-12,nan,nan,0,nan,nan
5888,2.58446088067e-11,0,2.00669256341e-12,nan,nan,0,nan,nan
5892,2.54429655494e-11,0,2.01385644284e-12,nan,nan,0,nan,nan
5896,2.50499413418e-11,0,2.02290166894e-12,nan,nan,0,nan,nan
5900,2.46658189349e-11,0,2.03351790008e-12,nan,nan,0,nan,nan
5904,2.42908883908e-11,0,2.04544157757e-12,nan,nan,0,nan,nan
5908,2.39254465998e-11,0,2.05845139618e-12,nan,nan,0,nan,nan
5912,2.35697966757e-11,0,2.07236420957e-12,nan,nan,0,nan,nan
5916,2.3224247215e-11,0,2.08703085492e-12,nan,nan,0,nan,nan
5920,2.28891114114e-11,0,2.10233290796e-12,nan,nan,0,nan,nan
5924,2.25647060129e-11,0,2.11817923464e-12,nan,nan,0,nan,nan
5928,2.22513501141e-11,0,2.13450324178e-12,nan,nan,0,nan,nan
5932,2.19493637766e-11,0,2.15126049821e-12,nan,nan,0,nan,nan
5936,2.16590664725e-11,0,2.16842629613e-12,nan,nan,0,nan,nan
5940,2.13807753511e-11,0,2.18599403606e-12,nan,nan,0,nan,nan
5944,2.11148033303e-11,0,2.20397332866e-12,nan,nan,0,nan,nan
5948,2.08614570219e-11,0,2.22238867561e-12,nan,nan,0,nan,nan
5952,2.06210345019e-11,0,2.24127821651e-12,nan,nan,0,nan,nan
5956,2.03938229458e-11,0,2.26069241292e-12,nan,nan,0,nan,nan
5960,2.01800961514e-11,0,2.28069328985e-12,nan,nan,0,nan,nan
5964,1.99801119827e-11,0,2.30135348288e-12,nan,nan,0,nan,nan
5968,1.97941097687e-11,0,2.32275516617e-12,nan,nan,0,nan,nan
5972,1.96223077015e-11,0,2.34498973392e-12,nan,nan,0,nan,nan
5976,1.94649002802e-11,0,2.36815671522e-12,nan,nan,0,nan,nan
5980,1.93220558521e-11,0,2.39236303997e-12,nan,nan,0,nan,nan
5984,1.91939143035e-11,0,2.41772295062e-12,nan,nan,0,nan,nan
5988,1.90805849551e-11,0,2.44435638266e-12,nan,nan,0,nan,nan
5992,1.89821447133e-11,0,2.47238903291e-12,nan,nan,0,nan,nan
5996,1.88986365272e-11,0,2.50195169425e-12,nan,nan,0,nan,nan
6000,1.88300681931e-11,0,2.53317889024e-12,nan,nan,0,nan,nan
6004,1.87764115424e-11,0,2.56620938832e-12,nan,nan,0,nan,nan
6008,1.87376020404e-11,0,2.60118398468e-12,nan,nan,0,nan,nan
6012,1.87135388083e-11,0,2.63824671761e-12,nan,nan,0,nan,nan
6016,1.8704085075e-11,0,2.67754238105e-12,nan,nan,0,nan,nan
6020,1.87090690488e-11,0,2.71921800394e-12,nan,nan,0,nan,nan
6024,1.87282851909e-11,0,2.76341987306e-12,nan,nan,0,nan,nan
6028,1.87614958592e-11,0,2.81029589777e-12,nan,nan,0,nan,nan
6032,1.88084332839e-11,0,2.85999249324e-12,nan,nan,0,nan,nan
6036,1.88688018273e-11,0,2.91265653642e-12,nan,nan,0,nan,nan
6040,1.89422804759e-11,0,2.9684338759e-12,nan,nan,0,nan,nan
6044,1.90285255089e-11,0,3.02746949822e-12,nan,nan,0,nan,nan
6048,1.91271732857e-11,0,3.08990806284e-12,nan,nan,0,nan,nan
6052,1.92378430985e-11,0,3.15589336743e-12,nan,nan,0,nan,nan
6056,1.9360140034e-11,0,3.22556938489e-12,nan,nan,0,nan,nan
6060,1.94936577991e-11,0,3.29907995107e-12,nan,nan,0,nan,nan
6064,1.96379814642e-11,0,3.3765701664e-12,nan,nan,0,nan,nan
6068,1.9792690089e-11,0,3.45818628417e-12,nan,nan,0,nan,nan
6072,1.99573592006e-11,0,3.54407736684e-12,nan,nan,0,nan,nan
6076,2.01315630991e-11,0,3.63439573016e-12,nan,nan,0,nan,nan
6080,2.0314876975e-11,0,3.72929832617e-12,nan,nan,0,nan,nan
6084,2.05068788277e-11,0,3.82894810063e-12,nan,nan,0,nan,nan
6088,2.07071511791e-11,0,3.93351554821e-12,nan,nan,0,nan,nan
6092,2.09152825828e-11,0,4.04318000039e-12,nan,nan,0,nan,nan
6096,2.11308689325e-11,0,4.15813182317e-12,nan,nan,0,nan,nan
6100,2.13535145765e-11,0,4.27857421976e-12,nan,nan,0,nan,nan
6104,2.15828332496e-11,0,4.40472557511e-12,nan,nan,0,nan,nan
6108,2.18184488317e-11,0,4.53682178466e-12,nan,nan,0,nan,nan
6112,2.20599959491e-11,0,4.67511914339e-12,nan,nan,0,nan,nan
6116,2.23071204298e-11,0,4.81989717723e-12,nan,nan,0,nan,nan
6120,2.25594796286e-11,0,4.97146221793e-12,nan,nan,0,nan,nan
6124,2.28167426358e-11,0,5.13015121413e-12,nan,nan,0,nan,nan
6128,2.30785903828e-11,0,5.29633574844e-12,nan,nan,0,nan,nan
6132,2.33447156579e-11,0,5.47042734185e-12,nan,nan,0,nan,nan
6136,2.36148230447e-11,0,5.65288249677e-12,nan,nan,0,nan,nan
6140,2.38886287954e-11,0,5.8442094233e-12,nan,nan,0,nan,nan
6144,2.41658606473e-11,0,6.04497499164e-12,nan,nan,0,nan,nan
6148,2.44462575951e-11,0,6.25581317838e-12,nan,nan,0,nan,nan
6152,2.4729569625e-11,0,6.47743475395e-12,nan,nan,0,nan,nan
6156,2.50155574196e-11,0,6.71063859147e-12,nan,nan,0,nan,nan
6160,2.53039920405e-11,0,6.95632455034e-12,nan,nan,0,nan,nan
6164,2.55946545939e-11,0,7.21550912352e-12,nan,nan,0,nan,nan
6168,2.58873358841e-11,0,7.48934343617e-12,nan,nan,0,nan,nan
6172,2.61818360606e-11,0,7.77913456034e-12,nan,nan,0,nan,nan
6176,2.64779642618e-11,0,8.08637100146e-12,nan,nan,0,nan,nan
6180,2.67755382578e-11,0,8.4127529755e-12,nan,nan,0,nan,nan
6184,2.70743840962e-11,0,8.76022830913e-12,nan,nan,0,nan,nan
6188,2.73743357528e-11,0,9.13103605727e-12,nan,nan,0,nan,nan
6192,2.76752347882e-11,0,9.52775864765e-12,nan,nan,0,nan,nan
6196,2.79769300128e-11,0,9.95338520757e-12,nan,nan,0,nan,nan
6200,2.82792771602e-11,0,1.04113883983e-11,nan,nan,0,nan,nan
6204,2.85821385717e-11,0,1.09058183578e-11,nan,nan,0,nan,nan
6208,2.88853828899e-11,0,1.14414176786e-11,nan,nan,0,nan,nan
6212,2.91888847644e-11,0,1.20237631469e-11,nan,nan,0,nan,nan
6216,2.94925245679e-11,0,1.2659441137e-11,nan,nan,0,nan,nan
6220,2.97961881243e-11,0,1.33562655507e-11,nan,nan,0,nan,nan
6224,3.00997664477e-11,0,1.41235505531e-11,nan,nan,0,nan,nan
6228,3.04031554929e-11,0,1.49724527868e-11,nan,nan,0,nan,nan
6232,3.07062559174e-11,0,1.59164043748e-11,nan,nan,0,nan,nan
6236,3.10089728533e-11,0,1.69716629588e-11,nan,nan,0,nan,nan
6240,3.1311215691e-11,0,1.81580158421e-11,nan,nan,0,nan,nan
6244,3.16128978729e-11,0,1.9499686553e-11,nan,nan,0,nan,nan
6248,3.19139366962e-11,0,2.10265119818e-11,nan,nan,0,nan,nan
6252,3.2214253127e-11,0,2.27754812643e-11,nan,nan,0,nan,nan
6256,3.25137716226e-11,0,2.47927660948e-11,nan,nan,0,nan,nan
6260,3.28124199625e-11,0,2.71364237964e-11,nan,nan,0,nan,nan
6264,3.31101290892e-11,0,2.98800309655e-11,nan,nan,0,nan,nan
6268,3.34068329559e-11,0,3.31176216259e-11,nan,nan,0,nan,nan
6272,3.37024683828e-11,0,3.69704749637e-11,nan,nan,0,nan,nan
6276,3.39969749204e-11,0,4.15965597145e-11,nan,nan,0,nan,nan
6280,3.42902947201e-11,0,4.72038485212e-11,nan,nan,0,nan,nan
6284,3.45823724117e-11,0,5.40693506507e-11,nan,nan,0,nan,nan
6288,3.48731549868e-11,0,6.25667193039e-11,nan,nan,0,nan,nan
6292,3.51625916889e-11,0,7.32069202412e-11,nan,nan,0,nan,nan
6296,3.54506339088e-11,0,8.66991101564e-11,nan,nan,0,nan,nan
6300,3.57372350856e-11,0,1.0404328238e-10,nan,nan,0,nan,nan
6304,3.60223506131e-11,0,1.26673609558e-10,nan,nan,0,nan,nan
6308,3.63059377506e-11,0,1.56683756075e-10,nan,nan,0,nan,nan
6312,3.65879555389e-11,0,1.97185917473e-10,nan,nan,0,nan,nan
6316,3.68683647207e-11,0,2.52888014442e-10,nan,nan,0,nan,nan
6320,3.71471276642e-11,0,3.31020192526e-10,nan,nan,0,nan,nan
6324,3.7424208292e-11,0,4.42786997115e-10,nan,nan,0,nan,nan
6328,3.76995720126e-11,0,6.05474904991e-10,nan,nan,0,nan,nan
6332,3.79731856565e-11,0,8.44853128234e-10,nan,nan,0,nan,nan
6336,3.82450174141e-11,0,1.19547530171e-09,nan,nan,0,nan,nan
6340,3.85150367785e-11,0,1.69062981589e-09,nan,nan,0,nan,nan
6344,3.87832144898e-11,0,2.32430356656e-09,nan,nan,0,nan,nan
6348,3.9049522483e-11,0,2.97824299043e-09,nan,nan,0,nan,nan
6352,3.93139338385e-11,0,3.39344849057e-09,nan,nan,0,nan,nan
6356,3.95764227348e-11,0,3.33568719217e-09,nan,nan,0,nan,nan
6360,3.98369644037e-11,0,2.84072642362e-09,nan,nan,0,nan,nan
6364,4.00955350877e-11,0,2.17298694093e-09,nan,nan,0,nan,nan
6368,4.0352112e-11,0,1.56565458324e-09,nan,nan,0,nan,nan
6372,4.06066732854e-11,0,1.10502499341e-09,nan,nan,0,nan,nan
6376,4.08591979843e-11,0,7.82799772199e-10,nan,nan,0,nan,nan
6380,4.11096659978e-11,0,5.63450080024e-10,nan,nan,0,nan,nan
6384,4.13580580545e-11,0,4.14131223169e-10,nan,nan,0,nan,nan
6388,4.1604355679e-11,0,3.11173843331e-10,nan,nan,0,nan,nan
6392,4.18485411625e-11,0,2.38884242197e-10,nan,nan,0,nan,nan
6396,4.20905975334e-11,0,1.87117065859e-10,nan,nan,0,nan,nan
6400,4.23305085309e-11,0,1.4931649926e-10,nan,nan,0,nan,nan
6404,4.25682585787e-11,0,1.21199875738e-10,nan,nan,0,nan,nan
6408,4.28038327605e-11,0,9.99246965987e-11,nan,nan,0,nan,nan
6412,4.30372167962e-11,0,8.3570500748e-11,nan,nan,0,nan,nan
6416,4.326839702e-11,0,7.08160895724e-11,nan,nan,0,nan,nan
6420,4.34973603583e-11,0,6.07363816307e-11,nan,nan,0,nan,nan
6424,4.372409431e-11,0,5.26727162041e-11,nan,nan,0,nan,nan
6428,4.39485869262e-11,0,4.61487097285e-11,nan,nan,0,nan,nan
6432,4.41708267924e-11,0,4.08147539443e-11,nan,nan,0,nan,nan
6436,4.43908030101e-11,0,3.64108015378e-11,nan,nan,0,nan,nan
6440,4.46085051799e-11,0,3.274101189e-11,nan,nan,0,nan,nan
6444,4.48239233855e-11,0,2.96562108622e-11,nan,nan,0,nan,nan
6448,4.50370481779e-11,0,2.70415789711e-11,nan,nan,0,nan,nan
6452,4.52478705606e-11,0,2.48078888887e-11,nan,nan,0,nan,nan
6456,4.54563819753e-11,0,2.28851874827e-11,nan,nan,0,nan,nan
6460,4.56625742883e-11,0,2.12181847877e-11,nan,nan,0,nan,nan
6464,4.58664397778e-11,0,1.97628495828e-11,nan,nan,0,nan,nan
6468,4.60679711205e-11,0,1.84838700648e-11,nan,nan,0,nan,nan
6472,4.62671613808e-11,0,1.73527402046e-11,nan,nan,0,nan,nan
6476,4.64640039983e-11,0,1.63463048899e-11,nan,nan,0,nan,nan
6480,4.66584927773e-11,0,1.54456450501e-11,nan,nan,0,nan,nan
6484,4.68506218761e-11,0,1.46352160775e-11,nan,nan,0,nan,nan
6488,4.7040385797e-11,0,1.39021775716e-11,nan,nan,0,nan,nan
6492,4.72277793762e-11,0,1.32358688043e-11,nan,nan,0,nan,nan
6496,4.7412797775e-11,0,1.26273949706e-11,nan,nan,0,nan,nan
6500,4.75954364702e-11,0,1.20692999391e-11,nan,nan,0,nan,nan
6504,4.77756912462e-11,0,1.15553049977e-11,nan,nan,0,nan,nan
6508,4.7953558186e-11,0,1.10801003196e-11,nan,nan,0,nan,nan
6512,4.81290336635e-11,0,1.06391765641e-11,nan,nan,0,nan,nan
6516,4.83021143362e-11,0,1.02286892614e-11,nan,nan,0,nan,nan
6520,4.84727971371e-11,0,9.84534858249e-12,nan,nan,0,nan,nan
6524,4.86410792682e-11,0,9.48632941544e-12,nan,nan,0,nan,nan
6528,4.88069581935e-11,0,9.14919789479e-12,nan,nan,0,nan,nan
6532,4.89704316322e-11,0,8.83185085097e-12,nan,nan,0,nan,nan
6536,4.91314975527e-11,0,8.53246623512e-12,nan,nan,0,nan,nan
6540,4.92901541663e-11,0,8.24946154478e-12,nan,nan,0,nan,nan
6544,4.94463999213e-11,0,7.9814596927e-12,nan,nan,0,nan,nan
6548,4.96002334973e-11,0,7.7272605558e-12,nan,nan,0,nan,nan
6552,4.97516537999e-11,0,7.48581693403e-12,nan,nan,0,nan,nan
6556,4.99006599553e-11,0,7.25621451111e-12,nan,nan,0,nan,nan
6560,5.00472513051e-11,0,7.03765510432e-12,nan,nan,0,nan,nan
6564,5.01914274017e-11,0,6.82944227828e-12,nan,nan,0,nan,nan
6568,5.03331880032e-11,0,6.63096947129e-12,nan,nan,0,nan,nan
6572,5.0472533069e-11,0,6.44170956069e-12,nan,nan,0,nan,nan
6576,5.06094627552e-11,0,6.2612062339e-12,nan,nan,0,nan,nan
6580,5.07439774108e-11,0,6.08906654477e-12,nan,nan,0,nan,nan
6584,5.08760775729e-11,0,5.92495433732e-12,nan,nan,0,nan,nan
6588,5.10057639631e-11,0,5.76858484331e-12,nan,nan,0,nan,nan
6592,5.11330374837e-11,0,5.61971969483e-12,nan,nan,0,nan,nan
6596,5.12578992137e-11,0,5.47816269105e-12,nan,nan,0,nan,nan
6600,5.13803504052e-11,0,5.34375602291e-12,nan,nan,0,nan,nan
6604,5.15003924803e-11,0,5.21637668893e-12,nan,nan,0,nan,nan
6608,5.16180270271e-11,0,5.09593342044e-12,nan,nan,0,nan,nan
6612,5.1733255797e-11,0,4.9823636718e-12,nan,nan,0,nan,nan
6616,5.18460807011e-11,0,4.87563074262e-12,nan,nan,0,nan,nan
6620,5.19565038075e-11,0,4.77572095101e-12,nan,nan,0,nan,nan
6624,5.20645273378e-11,0,4.68264086406e-12,nan,nan,0,nan,nan
6628,5.21701536649e-11,0,4.59641453452e-12,nan,nan,0,nan,nan
6632,5.22733853096e-11,0,4.51708057659e-12,nan,nan,0,nan,nan
6636,5.23742249381e-11,0,4.44468931749e-12,nan,nan,0,nan,nan
6640,5.24726753597e-11,0,4.37929984217e-12,nan,nan,0,nan,nan
6644,5.25687395237e-11,0,4.32097689937e-12,nan,nan,0,nan,nan
6648,5.26624205171e-11,0,4.26978803607e-12,nan,nan,0,nan,nan
6652,5.27537215626e-11,0,4.22580062392e-12,nan,nan,0,nan,nan
6656,5.28426460158e-11,0,4.1890791511e-12,nan,nan,0,nan,nan
6660,5.29291973629e-11,0,4.15968252428e-12,nan,nan,0,nan,nan
6664,5.30133792191e-11,0,4.13766200357e-12,nan,nan,0,nan,nan
6668,5.30951953258e-11,0,4.12305917446e-12,nan,nan,0,nan,nan
6672,5.31746495489e-11,0,4.1159046772e-12,nan,nan,0,nan,nan
6676,5.32517458766e-11,0,4.11621725702e-12,nan,nan,0,nan,nan
6680,5.33264884177e-11,0,4.12400352374e-12,nan,nan,0,nan,nan
6684,5.33988813995e-11,0,4.13925839017e-12,nan,nan,0,nan,nan
6688,5.34689291658e-11,0,4.16196577854e-12,nan,nan,0,nan,nan
6692,5.35366361755e-11,0,4.19210024991e-12,nan,nan,0,nan,nan
6696,5.36020070007e-11,0,4.22962891674e-12,nan,nan,0,nan,nan
6700,5.36650463245e-11,0,4.27451385987e-12,nan,nan,0,nan,nan
6704,5.37257589404e-11,0,4.32671485805e-12,nan,nan,0,nan,nan
6708,5.37841497495e-11,0,4.3861923745e-12,nan,nan,0,nan,nan
6712,5.38402237599e-11,0,4.45291073264e-12,nan,nan,0,nan,nan
6716,5.38939860844e-11,0,4.52684140671e-12,nan,nan,0,nan,nan
6720,5.39454419395e-11,0,4.60796613934e-12,nan,nan,0,nan,nan
6724,5.39945966439e-11,0,4.69628033341e-12,nan,nan,0,nan,nan
6728,5.40414556168e-11,0,4.79179622887e-12,nan,nan,0,nan,nan
6732,5.40860243766e-11,0,4.89454587977e-12,nan,nan,0,nan,nan
6736,5.41283085397e-11,0,5.00458437415e-12,nan,nan,0,nan,nan
6740,5.41683138191e-11,0,5.12199269477e-12,nan,nan,0,nan,nan
6744,5.42060460229e-11,0,5.24688075463e-12,nan,nan,0,nan,nan
6748,5.42415110535e-11,0,5.37939046873e-12,nan,nan,0,nan,nan
6752,5.42747149056e-11,0,5.51969869712e-12,nan,nan,0,nan,nan
6756,5.43056636657e-11,0,5.66802066322e-12,nan,nan,0,nan,nan
6760,5.43343635107e-11,0,5.82461326265e-12,nan,nan,0,nan,nan
6764,5.43608207063e-11,0,5.98977894968e-12,nan,nan,0,nan,nan
6768,5.43850416065e-11,0,6.16386974518e-12,nan,nan,0,nan,nan
6772,5.44070326521e-11,0,6.34729205724e-12,nan,nan,0,nan,nan
6776,5.44268003696e-11,0,6.54051178992e-12,nan,nan,0,nan,nan
6780,5.44443513702e-11,0,6.74406035061e-12,nan,nan,0,nan,nan
6784,5.44596923487e-11,0,6.95854156652e-12,nan,nan,0,nan,nan
6788,5.44728300824e-11,0,7.1846394825e-12,nan,nan,0,nan,nan
6792,5.44837714301e-11,0,7.42312762289e-12,nan,nan,0,nan,nan
6796,5.44925233312e-11,0,7.67487941977e-12,nan,nan,0,nan,nan
6800,5.44990928044e-11,0,7.94088079138e-12,nan,nan,0,nan,nan
6804,5.45034869472e-11,0,8.22224425477e-12,nan,nan,0,nan,nan
6808,5.45057129342e-11,0,8.52022599554e-12,nan,nan,0,nan,nan
6812,5.45057780169e-11,0,8.83624556346e-12,nan,nan,0,nan,nan
6816,5.45036895221e-11,0,9.17190887431e-12,nan,nan,0,nan,nan
6820,5.44994548516e-11,0,9.52903579182e-12,nan,nan,0,nan,nan
6824,5.44930814807e-11,0,9.90969220231e-12,nan,nan,0,nan,nan
6828,5.44845769576e-11,0,1.03162282531e-11,nan,nan,0,nan,nan
6832,5.44739489023e-11,0,1.07513236428e-11,nan,nan,0,nan,nan
6836,5.4461205006e-11,0,1.12180416347e-11,nan,nan,0,nan,nan
6840,5.44463530299e-11,0,1.17198934611e-11,nan,nan,0,nan,nan
6844,5.44294008045e-11,0,1.22609155235e-11,nan,nan,0,nan,nan
6848,5.44103562287e-11,0,1.28457621159e-11,nan,nan,0,nan,nan
6852,5.43892272688e-11,0,1.34798173066e-11,nan,nan,0,nan,nan
6856,5.43660219579e-11,0,1.41693301735e-11,nan,nan,0,nan,nan
6860,5.43407483948e-11,0,1.49215791956e-11,nan,nan,0,nan,nan
6864,5.43134147434e-11,0,1.57450725236e-11,nan,nan,0,nan,nan
6868,5.42840292317e-11,0,1.66497930367e-11,nan,nan,0,nan,nan
6872,5.42526001511e-11,0,1.76474995735e-11,nan,nan,0,nan,nan
6876,5.42191358552e-11,0,1.87520984096e-11,nan,nan,0,nan,nan
6880,5.41836447596e-11,0,1.99801039187e-11,nan,nan,0,nan,nan
6884,5.41461353408e-11,0,2.13512118247e-11,nan,nan,0,nan,nan
6888,5.4106616135e-11,0,2.28890165643e-11,nan,nan,0,nan,nan
6892,5.40650957382e-11,0,2.4621913012e-11,nan,nan,0,nan,nan
6896,5.40215828045e-11,0,2.65842356863e-11,nan,nan,0,nan,nan
6900,5.39760860458e-11,0,2.88177063866e-11,nan,nan,0,nan,nan
6904,5.39286142311e-11,0,3.13732817894e-11,nan,nan,0,nan,nan
6908,5.38791761854e-11,0,3.43135266264e-11,nan,nan,0,nan,nan
6912,5.38277807891e-11,0,3.77156761031e-11,nan,nan,0,nan,nan
6916,5.37744369773e-11,0,4.16756093758e-11,nan,nan,0,nan,nan
6920,5.37191537388e-11,0,4.63130299887e-11,nan,nan,0,nan,nan
6924,5.36619401157e-11,0,5.17782477162e-11,nan,nan,0,nan,nan
6928,5.36028052025e-11,0,5.8261086642e-11,nan,nan,0,nan,nan
6932,5.35417581452e-11,0,6.60026060193e-11,nan,nan,0,nan,nan
6936,5.34788081407e-11,0,7.53105137378e-11,nan,nan,0,nan,nan
6940,5.34139644361e-11,0,8.65793524364e-11,nan,nan,0,nan,nan
6944,5.33472363281e-11,0,1.00316679535e-10,nan,nan,0,nan,nan
6948,5.32786331618e-11,0,1.17176380252e-10,nan,nan,0,nan,nan
6952,5.32081643306e-11,0,1.37999584238e-10,nan,nan,0,nan,nan
6956,5.31358392752e-11,0,1.6386163052e-10,nan,nan,0,nan,nan
6960,5.30616674827e-11,0,1.961186418e-10,nan,nan,0,nan,nan
6964,5.29856584863e-11,0,2.36436776021e-10,nan,nan,0,nan,nan
6968,5.29078218643e-11,0,2.86766723751e-10,nan,nan,0,nan,nan
6972,5.28281672397e-11,0,3.49190299529e-10,nan,nan,0,nan,nan
6976,5.27467042794e-11,0,4.25514342524e-10,nan,nan,0,nan,nan
6980,5.26634426933e-11,0,5.1644064439e-10,nan,nan,0,nan,nan
6984,5.25783922339e-11,0,6.20177355862e-10,nan,nan,0,nan,nan
6988,5.24915626959e-11,0,7.30642924782e-10,nan,nan,0,nan,nan
6992,5.24029639149e-11,0,8.36106603752e-10,nan,nan,0,nan,nan
6996,5.23126057673e-11,0,9.199473189e-10,nan,nan,0,nan,nan
7000,5.22204981693e-11,0,9.65023607702e-10,nan,nan,0,nan,nan
7004,5.21266510769e-11,0,9.60676242993e-10,nan,nan,0,nan,nan
7008,5.20310744842e-11,0,9.08037943694e-10,nan,nan,0,nan,nan
7012,5.19337784241e-11,0,8.1942501839e-10,nan,nan,0,nan,nan
7016,5.18347729666e-11,0,7.12330866846e-10,nan,nan,0,nan,nan
7020,5.17340682188e-11,0,6.02673481477e-10,nan,nan,0,nan,nan
7024,5.16316743244e-11,0,5.01122639431e-10,nan,nan,0,nan,nan
7028,5.15276014624e-11,0,4.12866069807e-10,nan,nan,0,nan,nan
7032,5.14218598475e-11,0,3.39142774738e-10,nan,nan,0,nan,nan
7036,5.13144597288e-11,0,2.78992416097e-10,nan,nan,0,nan,nan
7040,5.12054113898e-11,0,2.30535043406e-10,nan,nan,0,nan,nan
7044,5.10947251473e-11,0,1.91709343341e-10,nan,nan,0,nan,nan
7048,5.09824113513e-11,0,1.60621526526e-10,nan,nan,0,nan,nan
7052,5.08684803844e-11,0,1.35669155403e-10,nan,nan,0,nan,nan
7056,5.07529426612e-11,0,1.15553852213e-10,nan,nan,0,nan,nan
7060,5.06358086278e-11,0,9.92479713366e-11,nan,nan,0,nan,nan
7064,5.05170887613e-11,0,8.59478994382e-11,nan,nan,0,nan,nan
7068,5.03967935695e-11,0,7.50284596739e-11,nan,nan,0,nan,nan
7072,5.02749335901e-11,0,6.600371357e-11,nan,nan,0,nan,nan
7076,5.01515193904e-11,0,5.84952489073e-11,nan,nan,0,nan,nan
7080,5.00265615672e-11,0,5.22073313098e-11,nan,nan,0,nan,nan
7084,4.99000707455e-11,0,4.69077681174e-11,nan,nan,0,nan,nan
7088,4.9772057579e-11,0,4.24132967853e-11,nan,nan,0,nan,nan
7092,4.96425327489e-11,0,3.85784672377e-11,nan,nan,0,nan,nan
7096,4.95115069641e-11,0,3.5287183103e-11,nan,nan,0,nan,nan
7100,4.93789909603e-11,0,3.24462518922e-11,nan,nan,0,nan,nan
7104,4.92449954999e-11,0,2.99804499707e-11,nan,nan,0,nan,nan
7108,4.91095313716e-11,0,2.78287295536e-11,nan,nan,0,nan,nan
7112,4.89726093896e-11,0,2.59412883131e-11,nan,nan,0,nan,nan
7116,4.8834240394e-11,0,2.42772938487e-11,nan,nan,0,nan,nan
7120,4.86944352496e-11,0,2.2803106074e-11,nan,nan,0,nan,nan
7124,4.85532048461e-11,0,2.14908818677e-11,nan,nan,0,nan,nan
7128,4.84105600976e-11,0,2.03174727055e-11,nan,nan,0,nan,nan
7132,4.82665119421e-11,0,1.92635502129e-11,nan,nan,0,nan,nan
7136,4.81210713413e-11,0,1.83129083621e-11,nan,nan,0,nan,nan
7140,4.79742492805e-11,0,1.74519037578e-11,nan,nan,0,nan,nan
7144,4.78260567678e-11,0,1.66690053979e-11,nan,nan,0,nan,nan
7148,4.76765048341e-11,0,1.59544300281e-11,nan,nan,0,nan,nan
7152,4.75256045328e-11,0,1.52998460577e-11,nan,nan,0,nan,nan
7156,4.73733669393e-11,0,1.46981319437e-11,nan,nan,0,nan,nan
7160,4.72198031512e-11,0,1.41431788933e-11,nan,nan,0,nan,nan
7164,4.70649242873e-11,0,1.36297277205e-11,nan,nan,0,nan,nan
7168,4.6908741488e-11,0,1.31532354396e-11,nan,nan,0,nan,nan
7172,4.67512659144e-11,0,1.27097639989e-11,nan,nan,0,nan,nan
7176,4.65925087487e-11,0,1.22958884485e-11,nan,nan,0,nan,nan
7180,4.64324811935e-11,0,1.19086201838e-11,nan,nan,0,nan,nan
7184,4.62711944718e-11,0,1.15453428443e-11,nan,nan,0,nan,nan
7188,4.61086598265e-11,0,1.12037587113e-11,nan,nan,0,nan,nan
7192,4.59448885204e-11,0,1.08818436678e-11,nan,nan,0,nan,nan
7196,4.5779891836e-11,0,1.05778088019e-11,nan,nan,0,nan,nan
7200,4.5613681075e-11,0,1.02900687645e-11,nan,nan,0,nan,nan
7204,4.54462675583e-11,0,1.00172141296e-11,nan,nan,0,nan,nan
7208,4.5277662626e-11,0,9.757988359e-12,nan,nan,0,nan,nan
7212,4.51078776368e-11,0,9.51126807829e-12,nan,nan,0,nan,nan
7216,4.49369239679e-11,0,9.27604612057e-12,nan,nan,0,nan,nan
7220,4.4764813015e-11,0,9.05141715584e-12,nan,nan,0,nan,nan
7224,4.45915561922e-11,0,8.83656515581e-12,nan,nan,0,nan,nan
7228,4.44171649312e-11,0,8.63075284812e-12,nan,nan,0,nan,nan
7232,4.42416506821e-11,0,8.43331237678e-12,nan,nan,0,nan,nan
7236,4.40650249124e-11,0,8.24363727198e-12,nan,nan,0,nan,nan
7240,4.38872991073e-11,0,8.06117567161e-12,nan,nan,0,nan,nan
7244,4.37084847693e-11,0,7.88542423108e-12,nan,nan,0,nan,nan
7248,4.35285934185e-11,0,7.7159229014e-12,nan,nan,0,nan,nan
7252,4.33476365917e-11,0,7.55225027962e-12,nan,nan,0,nan,nan
7256,4.31656258432e-11,0,7.39401960486e-12,nan,nan,0,nan,nan
7260,4.29825727439e-11,0,7.24087557648e-12,nan,nan,0,nan,nan
7264,4.27984888816e-11,0,7.09249077503e-12,nan,nan,0,nan,nan
7268,4.2613385861e-11,0,6.94856336786e-12,nan,nan,0,nan,nan
7272,4.24272753031e-11,0,6.80881457619e-12,nan,nan,0,nan,nan
7276,4.22401688456e-11,0,6.67298660884e-12,nan,nan,0,nan,nan
7280,4.20520781426e-11,0,6.54084084568e-12,nan,nan,0,nan,nan
7284,4.18630148648e-11,0,6.41215629795e-12,nan,nan,0,nan,nan
7288,4.16729906988e-11,0,6.28672783892e-12,nan,nan,0,nan,nan
7292,4.14820173479e-11,0,6.16436571516e-12,nan,nan,0,nan,nan
7296,4.12901065313e-11,0,6.04489341499e-12,nan,nan,0,nan,nan
7300,4.10972699847e-11,0,5.92814778489e-12,nan,nan,0,nan,nan
7304,4.09035194597e-11,0,5.81397741663e-12,nan,nan,0,nan,nan
7308,4.07088667243e-11,0,5.70224237688e-12,nan,nan,0,nan,nan
7312,4.05133235626e-11,0,5.59281341288e-12,nan,nan,0,nan,nan
7316,4.03169017748e-11,0,5.48557182625e-12,nan,nan,0,nan,nan
7320,4.01196131776e-11,0,5.38040846176e-12,nan,nan,0,nan,nan
7324,3.99214696037e-11,0,5.27722428601e-12,nan,nan,0,nan,nan
7328,3.97224829022e-11,0,5.17592945876e-12,nan,nan,0,nan,nan
7332,3.95226649387e-11,0,5.0764438048e-12,nan,nan,0,nan,nan
7336,3.93220275952e-11,0,4.97869676744e-12,nan,nan,0,nan,nan
7340,3.91205827704e-11,0,4.8826275043e-12,nan,nan,0,nan,nan
7344,3.89183423794e-11,0,4.78818533434e-12,nan,nan,0,nan,nan
7348,3.87153183547e-11,0,4.69533037948e-12,nan,nan,0,nan,nan
7352,3.85115226454e-11,0,4.60403407028e-12,nan,nan,0,nan,nan
7356,3.83069672178e-11,0,4.51428027286e-12,nan,nan,0,nan,nan
7360,3.81016640559e-11,0,4.42606629887e-12,nan,nan,0,nan,nan
7364,3.7895625161e-11,0,4.33940461471e-12,nan,nan,0,nan,nan
7368,3.76888625524e-11,0,4.25432447332e-12,nan,nan,0,nan,nan
7372,3.74813882676e-11,0,4.17087429526e-12,nan,nan,0,nan,nan
7376,3.72732143625e-11,0,4.08912448195e-12,nan,nan,0,nan,nan
7380,3.70643529115e-11,0,4.00917073589e-12,nan,nan,0,nan,nan
7384,3.68548160086e-11,0,3.93113809505e-12,nan,nan,0,nan,nan
7388,3.66446157668e-11,0,3.8551859034e-12,nan,nan,0,nan,nan
7392,3.64337643192e-11,0,3.78151390069e-12,nan,nan,0,nan,nan
7396,3.62222738192e-11,0,3.71036898739e-12,nan,nan,0,nan,nan
7400,3.60101564409e-11,0,3.64205409066e-12,nan,nan,0,nan,nan
7404,3.57974243801e-11,0,3.57693797542e-12,nan,nan,0,nan,nan
7408,3.55840898538e-11,0,3.51546712724e-12,nan,nan,0,nan,nan
7412,3.5370165102e-11,0,3.45817972614e-12,nan,nan,0,nan,nan
7416,3.51556623874e-11,0,3.40572137306e-12,nan,nan,0,nan,nan
7420,3.49405939966e-11,0,3.35886339826e-12,nan,nan,0,nan,nan
7424,3.47249722406e-11,0,3.31852286106e-12,nan,nan,0,nan,nan
7428,3.45088094556e-11,0,3.28578465319e-12,nan,nan,0,nan,nan
7432,3.42921180036e-11,0,3.26192452689e-12,nan,nan,0,nan,nan
7436,3.40749102736e-11,0,3.2484327186e-12,nan,nan,0,nan,nan
7440,3.38571986823e-11,0,3.24703642343e-12,nan,nan,0,nan,nan
7444,3.3638995675e-11,0,3.25972078963e-12,nan,nan,0,nan,nan
7448,3.34203137267e-11,0,3.28874626761e-12,nan,nan,0,nan,nan
7452,3.32011653432e-11,0,3.33666312212e-12,nan,nan,0,nan,nan
7456,3.29815630623e-11,0,3.40632317033e-12,nan,nan,0,nan,nan
7460,3.27615194546e-11,0,3.50089242289e-12,nan,nan,0,nan,nan
7464,3.25410471252e-11,0,3.6238689727e-12,nan,nan,0,nan,nan
7468,3.23201587149e-11,0,3.77911362493e-12,nan,nan,0,nan,nan
7472,3.20988669015e-11,0,3.97090096605e-12,nan,nan,0,nan,nan
7476,3.18771844013e-11,0,4.2039987307e-12,nan,nan,0,nan,nan
7480,3.16551239709e-11,0,4.4837821712e-12,nan,nan,0,nan,nan
7484,3.14326984084e-11,0,4.81638665049e-12,nan,nan,0,nan,nan
7488,3.12099205556e-11,0,5.20890087288e-12,nan,nan,0,nan,nan
7492,3.09868032995e-11,0,5.66959977223e-12,nan,nan,0,nan,nan
7496,3.07633595742e-11,0,6.20821503718e-12,nan,nan,0,nan,nan
7500,3.05396023631e-11,0,6.83623940962e-12,nan,nan,0,nan,nan
7504,3.03155447009e-11,0,7.56725705682e-12,nan,nan,0,nan,nan
7508,3.00911996759e-11,0,8.41728660135e-12,nan,nan,0,nan,nan
7512,2.98665804321e-11,0,9.40511156493e-12,nan,nan,0,nan,nan
7516,2.96417001722e-11,0,1.05525525572e-11,nan,nan,0,nan,nan
7520,2.94165721594e-11,0,1.18846065444e-11,nan,nan,0,nan,nan
7524,2.91912097206e-11,0,1.34293291141e-11,nan,nan,0,nan,nan
7528,2.89656262492e-11,0,1.52172713483e-11,nan,nan,0,nan,nan
7532,2.8739835208e-11,0,1.7280196148e-11,nan,nan,0,nan,nan
7536,2.85138501324e-11,0,1.96486977015e-11,nan,nan,0,nan,nan
7540,2.82876846333e-11,0,2.23482592623e-11,nan,nan,0,nan,nan
7544,2.80613524013e-11,0,2.53932634839e-11,nan,nan,0,nan,nan
7548,2.78348672094e-11,0,2.87786177244e-11,nan,nan,0,nan,nan
7552,2.76082429177e-11,0,3.24691363349e-11,nan,nan,0,nan,nan
7556,2.73814934765e-11,0,3.63877912562e-11,nan,nan,0,nan,nan
7560,2.7154632931e-11,0,4.04054528168e-11,nan,nan,0,nan,nan
7564,2.69276754259e-11,0,4.43364762487e-11,nan,nan,0,nan,nan
7568,2.67006352091e-11,0,4.79455312248e-11,nan,nan,0,nan,nan
7572,2.64735266373e-11,0,5.09699721247e-11,nan,nan,0,nan,nan
7576,2.6246364181e-11,0,5.31576490387e-11,nan,nan,0,nan,nan
7580,2.60191624292e-11,0,5.43129964883e-11,nan,nan,0,nan,nan
7584,2.57919360957e-11,0,5.43378670219e-11,nan,nan,0,nan,nan
7588,2.55647000243e-11,0,5.32525725737e-11,nan,nan,0,nan,nan
7592,2.53374691954e-11,0,5.11891657747e-11,nan,nan,0,nan,nan
7596,2.51102587322e-11,0,4.8360089083e-11,nan,nan,0,nan,nan
7600,2.48830839075e-11,0,4.501439854e-11,nan,nan,0,nan,nan
7604,2.46559601507e-11,0,4.13959909347e-11,nan,nan,0,nan,nan
7608,2.44289030551e-11,0,3.77138876233e-11,nan,nan,0,nan,nan
7612,2.42019283864e-11,0,3.41276980257e-11,nan,nan,0,nan,nan
7616,2.39750520898e-11,0,3.07459076032e-11,nan,nan,0,nan,nan
7620,2.37482902996e-11,0,2.76322501939e-11,nan,nan,0,nan,nan
7624,2.35216593477e-11,0,2.48155838443e-11,nan,nan,0,nan,nan
7628,2.32951757731e-11,0,2.23000605826e-11,nan,nan,0,nan,nan
7632,2.30688563323e-11,0,2.00738793369e-11,nan,nan,0,nan,nan
7636,2.28427180094e-11,0,1.81160275402e-11,nan,nan,0,nan,nan
7640,2.2616778027e-11,0,1.64010643754e-11,nan,nan,0,nan,nan
7644,2.23910538584e-11,0,1.49022818797e-11,nan,nan,0,nan,nan
7648,2.21655632392e-11,0,1.35936480546e-11,nan,nan,0,nan,nan
7652,2.19403241803e-11,0,1.24508957305e-11,nan,nan,0,nan,nan
7656,2.17153549815e-11,0,1.14520451494e-11,nan,nan,0,nan,nan
7660,2.14906742457e-11,0,1.05775706551e-11,nan,nan,0,nan,nan
7664,2.12663008936e-11,0,9.81035628039e-12,nan,nan,0,nan,nan
7668,2.10422541795e-11,0,9.13553649506e-12,nan,nan,0,nan,nan
7672,2.08185537078e-11,0,8.54028232568e-12,nan,nan,0,nan,nan
7676,2.05952194508e-11,0,8.01357023855e-12,nan,nan,0,nan,nan
7680,2.03722717662e-11,0,7.5459546929e-12,nan,nan,0,nan,nan
7684,2.01497314172e-11,0,7.12935624082e-12,nan,nan,0,nan,nan
7688,1.99276195921e-11,0,6.75686959704e-12,nan,nan,0,nan,nan
7692,1.97059579264e-11,0,6.42259443166e-12,nan,nan,0,nan,nan
7696,1.94847685246e-11,0,6.1214873753e-12,nan,nan,0,nan,nan
7700,1.92640739845e-11,0,5.8492345832e-12,nan,nan,0,nan,nan
7704,1.90438974218e-11,0,5.60214220872e-12,nan,nan,0,nan,nan
7708,1.88242624967e-11,0,5.37704329195e-12,nan,nan,0,nan,nan
7712,1.86051934412e-11,0,5.17121818193e-12,nan,nan,0,nan,nan
7716,1.8386715089e-11,0,4.98232767856e-12,nan,nan,0,nan,nan
7720,1.81688529054e-11,0,4.80835566591e-12,nan,nan,0,nan,nan
7724,1.79516330206e-11,0,4.64756145074e-12,nan,nan,0,nan,nan
7728,1.77350822631e-11,0,4.49843862065e-12,nan,nan,0,nan,nan
7732,1.75192281961e-11,0,4.35968102493e-12,nan,nan,0,nan,nan
7736,1.73040991552e-11,0,4.23015349432e-12,nan,nan,0,nan,nan
7740,1.70897242882e-11,0,4.10886739611e-12,nan,nan,0,nan,nan
7744,1.68761335974e-11,0,3.99495967612e-12,nan,nan,0,nan,nan
7748,1.66633579832e-11,0,3.8876753998e-12,nan,nan,0,nan,nan
7752,1.64514292911e-11,0,3.78635268323e-12,nan,nan,0,nan,nan
7756,1.62403803604e-11,0,3.69041006415e-12,nan,nan,0,nan,nan
7760,1.60302450753e-11,0,3.59933576569e-12,nan,nan,0,nan,nan
7764,1.58210584193e-11,0,3.51267821286e-12,nan,nan,0,nan,nan
7768,1.56128565317e-11,0,3.43003877896e-12,nan,nan,0,nan,nan
7772,1.54056767668e-11,0,3.3510643315e-12,nan,nan,0,nan,nan
7776,1.51995577568e-11,0,3.2754421571e-12,nan,nan,0,nan,nan
7780,1.49945394768e-11,0,3.20289474392e-12,nan,nan,0,nan,nan
7784,1.47906633132e-11,0,3.13317562287e-12,nan,nan,0,nan,nan
7788,1.45879721353e-11,0,3.06606561956e-12,nan,nan,0,nan,nan
7792,1.438651037e-11,0,3.0013700851e-12,nan,nan,0,nan,nan
7796,1.41863240792e-11,0,2.93891576229e-12,nan,nan,0,nan,nan
7800,1.39874610419e-11,0,2.87854879696e-12,nan,nan,0,nan,nan
7804,1.37899708368e-11,0,2.82013260679e-12,nan,nan,0,nan,nan
7808,1.35939049314e-11,0,2.76354615158e-12,nan,nan,0,nan,nan
7812,1.33993167706e-11,0,2.70868235195e-12,nan,nan,0,nan,nan
7816,1.32062618712e-11,0,2.65544696617e-12,nan,nan,0,nan,nan
7820,1.30147979168e-11,0,2.60375744656e-12,nan,nan,0,nan,nan
7824,1.28249848564e-11,0,2.55354165e-12,nan,nan,0,nan,nan
7828,1.26368850043e-11,0,2.50473752025e-12,nan,nan,0,nan,nan
7832,1.24505631419e-11,0,2.45729200128e-12,nan,nan,0,nan,nan
7836,1.22660866204e-11,0,2.41116034373e-12,nan,nan,0,nan,nan
7840,1.20835254639e-11,0,2.36630612578e-12,nan,nan,0,nan,nan
7844,1.19029524716e-11,0,2.32270021105e-12,nan,nan,0,nan,nan
7848,1.17244433192e-11,0,2.28032071655e-12,nan,nan,0,nan,nan
7852,1.15480766571e-11,0,2.23915241334e-12,nan,nan,0,nan,nan
7856,1.13739342048e-11,0,2.19918725332e-12,nan,nan,0,nan,nan
7860,1.12021008401e-11,0,2.16042305061e-12,nan,nan,0,nan,nan
7864,1.10326646807e-11,0,2.12286440955e-12,nan,nan,0,nan,nan
7868,1.08657171562e-11,0,2.08652195265e-12,nan,nan,0,nan,nan
7872,1.0701353069e-11,0,2.0514128154e-12,nan,nan,0,nan,nan
7876,1.05396706404e-11,0,2.01756022224e-12,nan,nan,0,nan,nan
7880,1.03807715395e-11,0,1.98499389991e-12,nan,nan,0,nan,nan
7884,1.02247608921e-11,0,1.9537499763e-12,nan,nan,0,nan,nan
7888,1.00717472645e-11,0,1.92387130928e-12,nan,nan,0,nan,nan
7892,9.92184262035e-12,0,1.89540758473e-12,nan,nan,0,nan,nan
7896,9.77516224494e-12,0,1.86841558042e-12,nan,nan,0,nan,nan
7900,9.63182463268e-12,0,1.84295951196e-12,nan,nan,0,nan,nan
7904,9.49195133385e-12,0,1.81911127116e-12,nan,nan,0,nan,nan
7908,9.35566675499e-12,0,1.79695098071e-12,nan,nan,0,nan,nan
7912,9.22309790864e-12,0,1.77656715584e-12,nan,nan,0,nan,nan
7916,9.09437410757e-12,0,1.75805750166e-12,nan,nan,0,nan,nan
7920,8.96962659889e-12,0,1.74152935543e-12,nan,nan,0,nan,nan
7924,8.84898813415e-12,0,1.7271000575e-12,nan,nan,0,nan,nan
7928,8.73259247184e-12,0,1.71489810405e-12,nan,nan,0,nan,nan
7932,8.62057380963e-12,0,1.70506335033e-12,nan,nan,0,nan,nan
7936,8.51306614513e-12,0,1.69774835831e-12,nan,nan,0,nan,nan
7940,8.41020256459e-12,0,1.69311902366e-12,nan,nan,0,nan,nan
7944,8.31211446161e-12,0,1.69135567672e-12,nan,nan,0,nan,nan
7948,8.21893068888e-12,0,1.69265432238e-12,nan,nan,0,nan,nan
7952,8.13077664876e-12,0,1.69722792104e-12,nan,nan,0,nan,nan
7956,8.04777333074e-12,0,1.70530767947e-12,nan,nan,0,nan,nan
7960,7.9700363058e-12,0,1.71714479024e-12,nan,nan,0,nan,nan
7964,7.89767469111e-12,0,1.73301179328e-12,nan,nan,0,nan,nan
7968,7.83079009975e-12,0,1.75320442882e-12,nan,nan,0,nan,nan
7972,7.76947559357e-12,0,1.77804327342e-12,nan,nan,0,nan,nan
7976,7.71381465786e-12,0,1.80787479253e-12,nan,nan,0,nan,nan
7980,7.66388021907e-12,0,1.84307283234e-12,nan,nan,0,nan,nan
7984,7.61973372658e-12,0,1.88403852553e-12,nan,nan,0,nan,nan
7988,7.58142432036e-12,0,1.93119966008e-12,nan,nan,0,nan,nan
7992,7.54898810465e-12,0,1.98500814551e-12,nan,nan,0,nan,nan
7996,7.52244754718e-12,0,2.04593504634e-12,nan,nan,0,nan,nan
8000,7.50181102007e-12,0,2.11446214541e-12,nan,nan,0,nan,nan
8004,7.48707249614e-12,0,2.19106914717e-12,nan,nan,0,nan,nan
8008,7.47821140913e-12,0,2.27621416389e-12,nan,nan,0,nan,nan
8012,7.47519268457e-12,0,2.37030716591e-12,nan,nan,0,nan,nan
8016,7.47796693981e-12,0,2.47367275349e-12,nan,nan,0,nan,nan
8020,7.48647085033e-12,0,2.58650160315e-12,nan,nan,0,nan,nan
8024,7.50062767327e-12,0,2.70878786186e-12,nan,nan,0,nan,nan
8028,7.52034791501e-12,0,2.8402518766e-12,nan,nan,0,nan,nan
8032,7.54553012694e-12,0,2.98024774932e-12,nan,nan,0,nan,nan
8036,7.57606181008e-12,0,3.12765875225e-12,nan,nan,0,nan,nan
8040,7.61182040759e-12,0,3.28078537337e-12,nan,nan,0,nan,nan
8044,7.65267436291e-12,0,3.43723765076e-12,nan,nan,0,nan,nan
8048,7.69848422153e-12,0,3.59384606942e-12,nan,nan,0,nan,nan
8052,7.74910375405e-12,0,3.74661464099e-12,nan,nan,0,nan,nan
8056,7.80438108058e-12,0,3.89074145896e-12,nan,nan,0,nan,nan
8060,7.86415977732e-12,0,4.02073439817e-12,nan,nan,0,nan,nan
8064,7.92827994907e-12,0,4.13064429733e-12,nan,nan,0,nan,nan
8068,7.99657925354e-12,0,4.21442210361e-12,nan,nan,0,nan,nan
8072,8.06889386632e-12,0,4.26638610326e-12,nan,nan,0,nan,nan
8076,8.14505937748e-12,0,4.28175227737e-12,nan,nan,0,nan,nan
8080,8.22491161401e-12,0,4.25715800196e-12,nan,nan,0,nan,nan
8084,8.30828738396e-12,0,4.19108910338e-12,nan,nan,0,nan,nan
8088,8.395025141e-12,0,4.08412693855e-12,nan,nan,0,nan,nan
8092,8.48496556918e-12,0,3.93895962247e-12,nan,nan,0,nan,nan
8096,8.57795208996e-12,0,3.76014713766e-12,nan,nan,0,nan,nan
8100,8.67383129431e-12,0,3.55368096977e-12,nan,nan,0,nan,nan
8104,8.77245330391e-12,0,3.32641867123e-12,nan,nan,0,nan,nan
8108,8.87367206619e-12,0,3.08549070058e-12,nan,nan,0,nan,nan
8112,8.9773455881e-12,0,2.83776898146e-12,nan,nan,0,nan,nan
8116,9.08333611436e-12,0,2.58945963102e-12,nan,nan,0,nan,nan
8120,9.19151025541e-12,0,2.34584854423e-12,nan,nan,0,nan,nan
8124,9.30173907061e-12,0,2.11119738518e-12,nan,nan,0,nan,nan
8128,9.41389811195e-12,0,1.88876503554e-12,nan,nan,0,nan,nan
8132,9.5278674334e-12,0,1.68092208288e-12,nan,nan,0,nan,nan
8136,9.6435315705e-12,0,1.48932295809e-12,nan,nan,0,nan,nan
8140,9.76077949463e-12,0,1.31510752091e-12,nan,nan,0,nan,nan
8144,9.87950454609e-12,0,1.15910854728e-12,nan,nan,0,nan,nan
8148,9.99960434951e-12,0,1.0220447578e-12,nan,nan,0,nan,nan
8152,1.0120980715e-11,0,9.0467107326e-13,nan,nan,0,nan,nan
8156,1.0243539528e-11,0,8.07840610274e-13,nan,nan,0,nan,nan
8160,1.03671906298e-11,0,7.32408002506e-13,nan,nan,0,nan,nan
8164,1.04918476925e-11,0,6.78915102291e-13,nan,nan,0,nan,nan
8168,1.06174280887e-11,0,6.47107801552e-13,nan,nan,0,nan,nan
8172,1.07438527581e-11,0,6.35534126646e-13,nan,nan,0,nan,nan
8176,1.08710460735e-11,0,6.41551076714e-13,nan,nan,0,nan,nan
8180,1.09989357061e-11,0,6.61808225244e-13,nan,nan,0,nan,nan
8184,1.11274524913e-11,0,6.92907665591e-13,nan,nan,0,nan,nan
8188,1.12565302973e-11,0,7.31891156303e-13,nan,nan,0,nan,nan
8192,1.13861058942e-11,0,7.76436924518e-13,nan,nan,0,nan,nan
8196,1.15161188283e-11,0,8.24845139759e-13,nan,nan,0,nan,nan
8200,1.16465112975e-11,0,8.75929451051e-13,nan,nan,0,nan,nan
8204,1.17772280322e-11,0,9.28891872538e-13,nan,nan,0,nan,nan
8208,1.19082161788e-11,0,9.83214771179e-13,nan,nan,0,nan,nan
8212,1.20394251885e-11,0,1.03857781271e-12,nan,nan,0,nan,nan
8216,1.21708067087e-11,0,1.0947975367e-12,nan,nan,0,nan,nan
8220,1.23023144806e-11,0,1.15178545147e-12,nan,nan,0,nan,nan
8224,1.24339042395e-11,0,1.20951816415e-12,nan,nan,0,nan,nan
8228,1.256553362e-11,0,1.26801766698e-12,nan,nan,0,nan,nan
8232,1.26971620655e-11,0,1.32733734076e-12,nan,nan,0,nan,nan
8236,1.28287507417e-11,0,1.38755266822e-12,nan,nan,0,nan,nan
8240,1.29602624536e-11,0,1.44875479844e-12,nan,nan,0,nan,nan
8244,1.30916615675e-11,0,1.51104651056e-12,nan,nan,0,nan,nan
8248,1.32229139356e-11,0,1.57453941615e-12,nan,nan,0,nan,nan
8252,1.33539868253e-11,0,1.63935227825e-12,nan,nan,0,nan,nan
8256,1.34848488513e-11,0,1.70560995213e-12,nan,nan,0,nan,nan
8260,1.36154699111e-11,0,1.77344311914e-12,nan,nan,0,nan,nan
8264,1.37458211244e-11,0,1.84298827761e-12,nan,nan,0,nan,nan
8268,1.38758747751e-11,0,1.91438795075e-12,nan,nan,0,nan,nan
8272,1.40056042557e-11,0,1.98779102981e-12,nan,nan,0,nan,nan
8276,1.41349840162e-11,0,2.06335369458e-12,nan,nan,0,nan,nan
8280,1.42639895139e-11,0,2.14124012567e-12,nan,nan,0,nan,nan
8284,1.43925971664e-11,0,2.22162330668e-12,nan,nan,0,nan,nan
8288,1.4520784308e-11,0,2.30468630634e-12,nan,nan,0,nan,nan
8292,1.46485291465e-11,0,2.39062343895e-12,nan,nan,0,nan,nan
8296,1.47758107241e-11,0,2.47964133213e-12,nan,nan,0,nan,nan
8300,1.49026088791e-11,0,2.57196064666e-12,nan,nan,0,nan,nan
8304,1.502890421e-11,0,2.66781727614e-12,nan,nan,0,nan,nan
8308,1.51546780417e-11,0,2.76746435142e-12,nan,nan,0,nan,nan
8312,1.52799123932e-11,0,2.87117369547e-12,nan,nan,0,nan,nan
8316,1.54045899468e-11,0,2.97923791751e-12,nan,nan,0,nan,nan
8320,1.55286940194e-11,0,3.09197254371e-12,nan,nan,0,nan,nan
8324,1.56522085347e-11,0,3.20971792122e-12,nan,nan,0,nan,nan
8328,1.57751179976e-11,0,3.33284201052e-12,nan,nan,0,nan,nan
8332,1.58974074689e-11,0,3.46174256299e-12,nan,nan,0,nan,nan
8336,1.60190625423e-11,0,3.59684996853e-12,nan,nan,0,nan,nan
8340,1.6140069322e-11,0,3.73862993733e-12,nan,nan,0,nan,nan
8344,1.62604144013e-11,0,3.88758672188e-12,nan,nan,0,nan,nan
8348,1.63800848431e-11,0,4.04426584231e-12,nan,nan,0,nan,nan
8352,1.64990681605e-11,0,4.2092573809e-12,nan,nan,0,nan,nan
8356,1.66173522985e-11,0,4.38319925278e-12,nan,nan,0,nan,nan
8360,1.67349256174e-11,0,4.56678007458e-12,nan,nan,0,nan,nan
8364,1.68517768761e-11,0,4.76074236538e-12,nan,nan,0,nan,nan
8368,1.69678952166e-11,0,4.96588501921e-12,nan,nan,0,nan,nan
8372,1.70832701494e-11,0,5.18306591827e-12,nan,nan,0,nan,nan
8376,1.71978915395e-11,0,5.41320320393e-12,nan,nan,0,nan,nan
8380,1.73117495929e-11,0,5.65727638708e-12,nan,nan,0,nan,nan
8384,1.74248348438e-11,0,5.91632548683e-12,nan,nan,0,nan,nan
8388,1.75371381431e-11,0,6.19144927695e-12,nan,nan,0,nan,nan
8392,1.76486506462e-11,0,6.48380064243e-12,nan,nan,0,nan,nan
8396,1.77593638025e-11,0,6.79457969735e-12,nan,nan,0,nan,nan
8400,1.7869269345e-11,0,7.12502291643e-12,nan,nan,0,nan,nan
8404,1.79783592799e-11,0,7.47638817911e-12,nan,nan,0,nan,nan
8408,1.80866258778e-11,0,7.84993412433e-12,nan,nan,0,nan,nan
8412,1.8194061664e-11,0,8.24689281447e-12,nan,nan,0,nan,nan
8416,1.83006594103e-11,0,8.66843458292e-12,nan,nan,0,nan,nan
8420,1.84064121269e-11,0,9.11562315682e-12,nan,nan,0,nan,nan
8424,1.8511313054e-11,0,9.58936047894e-12,nan,nan,0,nan,nan
8428,1.86153556549e-11,0,1.00903186327e-11,nan,nan,0,nan,nan
8432,1.87185336086e-11,0,1.0618858914e-11,nan,nan,0,nan,nan
8436,1.88208408028e-11,0,1.1174936829e-11,nan,nan,0,nan,nan
8440,1.89222713276e-11,0,1.17579929542e-11,nan,nan,0,nan,nan
8444,1.90228194694e-11,0,1.23668310341e-11,nan,nan,0,nan,nan
8448,1.91224797045e-11,0,1.29994864936e-11,nan,nan,0,nan,nan
8452,1.92212466937e-11,0,1.36530894962e-11,nan,nan,0,nan,nan
8456,1.93191152768e-11,0,1.4323730349e-11,nan,nan,0,nan,nan
8460,1.94160804672e-11,0,1.50063375813e-11,nan,nan,0,nan,nan
8464,1.95121374472e-11,0,1.56945816587e-11,nan,nan,0,nan,nan
8468,1.9607281563e-11,0,1.63808207582e-11,nan,nan,0,nan,nan
8472,1.97015083199e-11,0,1.70561060372e-11,nan,nan,0,nan,nan
8476,1.97948133783e-11,0,1.7710264689e-11,nan,nan,0,nan,nan
8480,1.98871925493e-11,0,1.83320773329e-11,nan,nan,0,nan,nan
8484,1.99786417905e-11,0,1.89095594257e-11,nan,nan,0,nan,nan
8488,2.00691572025e-11,0,1.94303502193e-11,nan,nan,0,nan,nan
8492,2.01587350246e-11,0,1.98821984809e-11,nan,nan,0,nan,nan
8496,2.02473716316e-11,0,2.02535230189e-11,nan,nan,0,nan,nan
8500,2.03350635306e-11,0,2.05340094252e-11,nan,nan,0,nan,nan
8504,2.04218073569e-11,0,2.07151953641e-11,nan,nan,0,nan,nan
8508,2.05075998716e-11,0,2.07909885441e-11,nan,nan,0,nan,nan
8512,2.05924379581e-11,0,2.0758063906e-11,nan,nan,0,nan,nan
8516,2.06763186195e-11,0,2.06160950247e-11,nan,nan,0,nan,nan
8520,2.07592389754e-11,0,2.03677927469e-11,nan,nan,0,nan,nan
8524,2.08411962594e-11,0,2.00187443674e-11,nan,nan,0,nan,nan
8528,2.09221878164e-11,0,1.95770723157e-11,nan,nan,0,nan,nan
8532,2.10022111003e-11,0,1.90529484231e-11,nan,nan,0,nan,nan
8536,2.10812636712e-11,0,1.84580155499e-11,nan,nan,0,nan,nan
8540,2.11593431933e-11,0,1.78047743269e-11,nan,nan,0,nan,nan
8544,2.12364474327e-11,0,1.71059864856e-11,nan,nan,0,nan,nan
8548,2.13125742552e-11,0,1.63741415687e-11,nan,nan,0,nan,nan
8552,2.13877216239e-11,0,1.56210165707e-11,nan,nan,0,nan,nan
8556,2.14618875976e-11,0,1.48573447782e-11,nan,nan,0,nan,nan
8560,2.15350703288e-11,0,1.40925967242e-11,nan,nan,0,nan,nan
8564,2.16072680615e-11,0,1.33348650183e-11,nan,nan,0,nan,nan
8568,2.16784791297e-11,0,1.25908383652e-11,nan,nan,0,nan,nan
8572,2.17487019556e-11,0,1.18658451478e-11,nan,nan,0,nan,nan
8576,2.1817935048e-11,0,1.11639482609e-11,nan,nan,0,nan,nan
8580,2.18861770001e-11,0,1.04880721096e-11,nan,nan,0,nan,nan
8584,2.19534264889e-11,0,9.84014680278e-12,nan,nan,0,nan,nan
8588,2.2019682273e-11,0,9.22125746266e-12,nan,nan,0,nan,nan
8592,2.2084943191e-11,0,8.6317892414e-12,nan,nan,0,nan,nan
8596,2.21492081608e-11,0,8.0715622286e-12,nan,nan,0,nan,nan
8600,2.22124761777e-11,0,7.53995301554e-12,nan,nan,0,nan,nan
8604,2.2274746313e-11,0,7.03600002985e-12,nan,nan,0,nan,nan
8608,2.23360177131e-11,0,6.55849423624e-12,nan,nan,0,nan,nan
8612,2.2396289598e-11,0,6.10605382055e-12,nan,nan,0,nan,nan
8616,2.24555612602e-11,0,5.67718564922e-12,nan,nan,0,nan,nan
8620,2.25138320636e-11,0,5.27033412552e-12,nan,nan,0,nan,nan
8624,2.25711014421e-11,0,4.88391968583e-12,nan,nan,0,nan,nan
8628,2.26273688991e-11,0,4.5163681328e-12,nan,nan,0,nan,nan
8632,2.26826340056e-11,0,4.16613277722e-12,nan,nan,0,nan,nan
8636,2.27368964e-11,0,3.83171074361e-12,nan,nan,0,nan,nan
8640,2.27901557867e-11,0,3.51165461899e-12,nan,nan,0,nan,nan
8644,2.28424119352e-11,0,3.2045810264e-12,nan,nan,0,nan,nan
8648,2.28936646792e-11,0,2.90917737402e-12,nan,nan,0,nan,nan
8652,2.29439139158e-11,0,2.6242084172e-12,nan,nan,0,nan,nan
8656,2.29931596043e-11,0,2.3485243117e-12,nan,nan,0,nan,nan
8660,2.30414017661e-11,0,2.08107464491e-12,nan,nan,0,nan,nan
8664,2.30886404829e-11,0,1.82093411077e-12,nan,nan,0,nan,nan
8668,2.31348758966e-11,0,1.56735439892e-12,nan,nan,0,nan,nan
8672,2.31801082086e-11,0,1.31987609473e-12,nan,nan,0,nan,nan
8676,2.32243376783e-11,0,1.0785905551e-12,nan,nan,0,nan,nan
8680,2.32675646234e-11,0,8.44829517902e-13,nan,nan,0,nan,nan
8684,2.33097894184e-11,0,6.23289822009e-13,nan,nan,0,nan,nan
8688,2.33510124943e-11,0,4.29858654815e-13,nan,nan,0,nan,nan
8692,2.33912343378e-11,0,3.1868644486e-13,nan,nan,0,nan,nan
8696,2.34304554907e-11,0,3.73552980527e-13,nan,nan,0,nan,nan
8700,2.34686765494e-11,0,5.48763938912e-13,nan,nan,0,nan,nan
8704,2.35058981642e-11,0,7.68437755755e-13,nan,nan,0,nan,nan
8708,2.35421210385e-11,0,1.00671495605e-12,nan,nan,0,nan,nan
8712,2.35773459287e-11,0,1.2560725491e-12,nan,nan,0,nan,nan
8716,2.3611573643e-11,0,1.51416473503e-12,nan,nan,0,nan,nan
8720,2.36448050416e-11,0,1.78038475391e-12,nan,nan,0,nan,nan
8724,2.36770410355e-11,0,2.0548191277e-12,nan,nan,0,nan,nan
8728,2.37082825864e-11,0,2.33786746537e-12,nan,nan,0,nan,nan
8732,2.37385307062e-11,0,2.63008107561e-12,nan,nan,0,nan,nan
8736,2.3767786456e-11,0,2.93208432724e-12,nan,nan,0,nan,nan
8740,2.37960509463e-11,0,3.24453076888e-12,nan,nan,0,nan,nan
8744,2.38233253361e-11,0,3.56807372183e-12,nan,nan,0,nan,nan
8748,2.38496108326e-11,0,3.90334320037e-12,nan,nan,0,nan,nan
8752,2.38749086906e-11,0,4.25092514692e-12,nan,nan,0,nan,nan
8756,2.38992202123e-11,0,4.61133997707e-12,nan,nan,0,nan,nan
8760,2.39225467466e-11,0,4.98501985173e-12,nan,nan,0,nan,nan
8764,2.39448896887e-11,0,5.3722838007e-12,nan,nan,0,nan,nan
8768,2.39662504802e-11,0,5.77330983788e-12,nan,nan,0,nan,nan
8772,2.39866306078e-11,0,6.18810505504e-12,nan,nan,0,nan,nan
8776,2.40060316035e-11,0,6.61647222675e-12,nan,nan,0,nan,nan
8780,2.40244550442e-11,0,7.0579751288e-12,nan,nan,0,nan,nan
8784,2.40419025511e-11,0,7.51190238779e-12,nan,nan,0,nan,nan
8788,2.40583757892e-11,0,7.97723070504e-12,nan,nan,0,nan,nan
8792,2.40738764674e-11,0,8.45259021001e-12,nan,nan,0,nan,nan
8796,2.40884063376e-11,0,8.93623268773e-12,nan,nan,0,nan,nan
8800,2.41019671947e-11,0,9.42600576969e-12,nan,nan,0,nan,nan
8804,2.4114560876e-11,0,9.91933555854e-12,nan,nan,0,nan,nan
8808,2.4126189261e-11,0,1.04132206102e-11,nan,nan,0,nan,nan
8812,2.41368542708e-11,0,1.09042404417e-11,nan,nan,0,nan,nan
8816,2.41465578682e-11,0,1.13885809985e-11,nan,nan,0,nan,nan
8820,2.41553020567e-11,0,1.18620798184e-11,nan,nan,0,nan,nan
8824,2.41630888808e-11,0,1.23202921046e-11,nan,nan,0,nan,nan
8828,2.41699204253e-11,0,1.27585779089e-11,nan,nan,0,nan,nan
8832,2.41757988149e-11,0,1.31722092818e-11,nan,nan,0,nan,nan
8836,2.4180726214e-11,0,1.3556494875e-11,nan,nan,0,nan,nan
8840,2.41847048265e-11,0,1.39069164243e-11,nan,nan,0,nan,nan
8844,2.41877368951e-11,0,1.42192714759e-11,nan,nan,0,nan,nan
8848,2.41898247014e-11,0,1.44898150836e-11,nan,nan,0,nan,nan
8852,2.41909705651e-11,0,1.47153905008e-11,nan,nan,0,nan,nan
8856,2.41911768439e-11,0,1.4893543445e-11,nan,nan,0,nan,nan
8860,2.41904459333e-11,0,1.50226091401e-11,nan,nan,0,nan,nan
8864,2.41887802662e-11,0,1.51017689993e-11,nan,nan,0,nan,nan
8868,2.41861823123e-11,0,1.51310717287e-11,nan,nan,0,nan,nan
8872,2.41826545781e-11,0,1.51114181292e-11,nan,nan,0,nan,nan
8876,2.41781996065e-11,0,1.50445118648e-11,nan,nan,0,nan,nan
8880,2.41728199763e-11,0,1.49327788275e-11,nan,nan,0,nan,nan
8884,2.41665183022e-11,0,1.47792630018e-11,nan,nan,0,nan,nan
8888,2.41592972342e-11,0,1.45875045087e-11,nan,nan,0,nan,nan
8892,2.41511594573e-11,0,1.43614088553e-11,nan,nan,0,nan,nan
8896,2.41421076914e-11,0,1.41051146436e-11,nan,nan,0,nan,nan
8900,2.41321446907e-11,0,1.38228666951e-11,nan,nan,0,nan,nan
8904,2.41212732437e-11,0,1.35189000805e-11,nan,nan,0,nan,nan
8908,2.41094961725e-11,0,1.31973392156e-11,nan,nan,0,nan,nan
8912,2.40968163327e-11,0,1.28621149444e-11,nan,nan,0,nan,nan
8916,2.40832366134e-11,0,1.25168995576e-11,nan,nan,0,nan,nan
8920,2.4068759936e-11,0,1.21650608877e-11,nan,nan,0,nan,nan
8924,2.40533892551e-11,0,1.18096329649e-11,nan,nan,0,nan,nan
8928,2.4037127557e-11,0,1.14533025281e-11,nan,nan,0,nan,nan
8932,2.40199778602e-11,0,1.10984077544e-11,nan,nan,0,nan,nan
8936,2.40019432148e-11,0,1.07469482563e-11,nan,nan,0,nan,nan
8940,2.39830267022e-11,0,1.0400602636e-11,nan,nan,0,nan,nan
8944,2.39632314349e-11,0,1.00607521078e-11,nan,nan,0,nan,nan
8948,2.3942560556e-11,0,9.72850822306e-12,nan,nan,0,nan,nan
8952,2.39210172391e-11,0,9.40474265021e-12,nan,nan,0,nan,nan
8956,2.3898604688e-11,0,9.09011803311e-12,nan,nan,0,nan,nan
8960,2.38753261361e-11,0,8.78511905136e-12,nan,nan,0,nan,nan
8964,2.38511848465e-11,0,8.49008236619e-12,nan,nan,0,nan,nan
8968,2.38261841117e-11,0,8.20522581381e-12,nan,nan,0,nan,nan
8972,2.38003272528e-11,0,7.93067585779e-12,nan,nan,0,nan,nan
8976,2.377361762e-11,0,7.66649374061e-12,nan,nan,0,nan,nan
8980,2.37460585914e-11,0,7.41269980767e-12,nan,nan,0,nan,nan
8984,2.37176535737e-11,0,7.16929655912e-12,nan,nan,0,nan,nan
8988,2.36884060011e-11,0,6.93629036446e-12,nan,nan,0,nan,nan
8992,2.36583193356e-11,0,6.71371165492e-12,nan,nan,0,nan,nan
8996,2.36273970662e-11,0,6.5016341212e-12,nan,nan,0,nan,nan
9000,2.35956427093e-11,0,6.30019265478e-12,nan,nan,0,nan,nan
9004,2.35630598077e-11,0,6.10959962174e-12,nan,nan,0,nan,nan
9008,2.3529651931e-11,0,5.93015935322e-12,nan,nan,0,nan,nan
9012,2.34954226748e-11,0,5.76228018438e-12,nan,nan,0,nan,nan
9016,2.34603756608e-11,0,5.60648292268e-12,nan,nan,0,nan,nan
9020,2.34245145364e-11,0,5.46340466853e-12,nan,nan,0,nan,nan
9024,2.33878429745e-11,0,5.33379598173e-12,nan,nan,0,nan,nan
9028,2.33503646733e-11,0,5.21851071187e-12,nan,nan,0,nan,nan
9032,2.33120833559e-11,0,5.11848522547e-12,nan,nan,0,nan,nan
9036,2.32730027702e-11,0,5.03470725201e-12,nan,nan,0,nan,nan
9040,2.32331266886e-11,0,4.96817264853e-12,nan,nan,0,nan,nan
9044,2.31924589079e-11,0,4.91983176137e-12,nan,nan,0,nan,nan
9048,2.3151003249e-11,0,4.89052703701e-12,nan,nan,0,nan,nan
9052,2.31087635565e-11,0,4.88092728491e-12,nan,nan,0,nan,nan
9056,2.30657436988e-11,0,4.89146371052e-12,nan,nan,0,nan,nan
9060,2.30219475675e-11,0,4.92227459696e-12,nan,nan,0,nan,nan
9064,2.29773790778e-11,0,4.97316498642e-12,nan,nan,0,nan,nan
9068,2.29320421677e-11,0,5.04358540436e-12,nan,nan,0,nan,nan
9072,2.28859407978e-11,0,5.13263233637e-12,nan,nan,0,nan,nan
9076,2.28390789519e-11,0,5.23906727892e-12,nan,nan,0,nan,nan
9080,2.27914606356e-11,0,5.36135458082e-12,nan,nan,0,nan,nan
9084,2.27430898771e-11,0,5.49770897745e-12,nan,nan,0,nan,nan
9088,2.26939707267e-11,0,5.64615195642e-12,nan,nan,0,nan,nan
9092,2.26441072564e-11,0,5.80456941266e-12,nan,nan,0,nan,nan
9096,2.259350356e-11,0,5.97076885112e-12,nan,nan,0,nan,nan
9100,2.25421637528e-11,0,6.1425335346e-12,nan,nan,0,nan,nan
9104,2.24900919715e-11,0,6.31767228844e-12,nan,nan,0,nan,nan
9108,2.2437292374e-11,0,6.49406383096e-12,nan,nan,0,nan,nan
9112,2.23837691393e-11,0,6.66969660814e-12,nan,nan,0,nan,nan
9116,2.23295264671e-11,0,6.84270255784e-12,nan,nan,0,nan,nan
9120,2.2274568578e-11,0,7.01138565134e-12,nan,nan,0,nan,nan
9124,2.22188997132e-11,0,7.17424459081e-12,nan,nan,0,nan,nan
9128,2.21625241343e-11,0,7.32998978546e-12,nan,nan,0,nan,nan
9132,2.21054461231e-11,0,7.47755396e-12,nan,nan,0,nan,nan
9136,2.20476699818e-11,0,7.61609686485e-12,nan,nan,0,nan,nan
9140,2.19892000324e-11,0,7.74500385576e-12,nan,nan,0,nan,nan
9144,2.19300406169e-11,0,7.86387896503e-12,nan,nan,0,nan,nan
9148,2.18701960971e-11,0,7.97253238948e-12,nan,nan,0,nan,nan
9152,2.18096708544e-11,0,8.07096412942e-12,nan,nan,0,nan,nan
9156,2.17484692897e-11,0,8.15934316648e-12,nan,nan,0,nan,nan
9160,2.16865958234e-11,0,8.23798480793e-12,nan,nan,0,nan,nan
9164,2.16240548952e-11,0,8.30732560116e-12,nan,nan,0,nan,nan
9168,2.15608509638e-11,0,8.36789796882e-12,nan,nan,0,nan,nan
9172,2.14969885072e-11,0,8.42030473453e-12,nan,nan,0,nan,nan
9176,2.14324720221e-11,0,8.4651946282e-12,nan,nan,0,nan,nan
9180,2.13673060245e-11,0,8.50323960593e-12,nan,nan,0,nan,nan
9184,2.13014950486e-11,0,8.53511403157e-12,nan,nan,0,nan,nan
9188,2.12350436477e-11,0,8.56147614421e-12,nan,nan,0,nan,nan
9192,2.11679563935e-11,0,8.58295298724e-12,nan,nan,0,nan,nan
9196,2.11002378762e-11,0,8.60012693239e-12,nan,nan,0,nan,nan
9200,2.10318927043e-11,0,8.61352650554e-12,nan,nan,0,nan,nan
9204,2.09629255046e-11,0,8.62361824003e-12,nan,nan,0,nan,nan
9208,2.08933409223e-11,0,8.63080264499e-12,nan,nan,0,nan,nan
9212,2.08231436205e-11,0,8.63541117803e-12,nan,nan,0,nan,nan
9216,2.07523382804e-11,0,8.63770702562e-12,nan,nan,0,nan,nan
9220,2.06809296012e-11,0,8.63788579185e-12,nan,nan,0,nan,nan
9224,2.06089223e-11,0,8.63608006098e-12,nan,nan,0,nan,nan
9228,2.05363211116e-11,0,8.63236380562e-12,nan,nan,0,nan,nan
9232,2.04631307885e-11,0,8.62675908867e-12,nan,nan,0,nan,nan
9236,2.03893561012e-11,0,8.61924342582e-12,nan,nan,0,nan,nan
9240,2.03150018373e-11,0,8.60975815509e-12,nan,nan,0,nan,nan
9244,2.02400728024e-11,0,8.59821702911e-12,nan,nan,0,nan,nan
9248,2.01645738192e-11,0,8.58451589806e-12,nan,nan,0,nan,nan
9252,2.00885097279e-11,0,8.56854137453e-12,nan,nan,0,nan,nan
9256,2.00118853863e-11,0,8.55018050815e-12,nan,nan,0,nan,nan
9260,1.99347056691e-11,0,8.52932850582e-12,nan,nan,0,nan,nan
9264,1.98569754684e-11,0,8.50589700871e-12,nan,nan,0,nan,nan
9268,1.97786996937e-11,0,8.47981983976e-12,nan,nan,0,nan,nan
9272,1.96998832713e-11,0,8.45105827583e-12,nan,nan,0,nan,nan
9276,1.96205311448e-11,0,8.41960415584e-12,nan,nan,0,nan,nan
9280,1.95406482747e-11,0,8.38548079038e-12,nan,nan,0,nan,nan
9284,1.94602396389e-11,0,8.34874234384e-12,nan,nan,0,nan,nan
9288,1.93793102317e-11,0,8.30947080947e-12,nan,nan,0,nan,nan
9292,1.92978650648e-11,0,8.26777072286e-12,nan,nan,0,nan,nan
9296,1.92159091667e-11,0,8.22376273657e-12,nan,nan,0,nan,nan
9300,1.91334475829e-11,0,8.17757505433e-12,nan,nan,0,nan,nan
9304,1.90504853756e-11,0,8.12933379827e-12,nan,nan,0,nan,nan
9308,1.8967027624e-11,0,8.07915380691e-12,nan,nan,0,nan,nan
9312,1.88830794242e-11,0,8.02712792164e-12,nan,nan,0,nan,nan
9316,1.87986458891e-11,0,7.97331829201e-12,nan,nan,0,nan,nan
9320,1.87137321486e-11,0,7.91774819549e-12,nan,nan,0,nan,nan
9324,1.86283433495e-11,0,7.86039612718e-12,nan,nan,0,nan,nan
9328,1.85424846553e-11,0,7.8011914153e-12,nan,nan,0,nan,nan
9332,1.84561612466e-11,0,7.74001349356e-12,nan,nan,0,nan,nan
9336,1.8369378321e-11,0,7.67669273236e-12,nan,nan,0,nan,nan
9340,1.82821410931e-11,0,7.61101496975e-12,nan,nan,0,nan,nan
9344,1.81944547945e-11,0,7.54272781262e-12,nan,nan,0,nan,nan
9348,1.81063246738e-11,0,7.47154984103e-12,nan,nan,0,nan,nan
9352,1.8017755997e-11,0,7.39718092455e-12,nan,nan,0,nan,nan
9356,1.79287540473e-11,0,7.3193145372e-12,nan,nan,0,nan,nan
9360,1.78393241252e-11,0,7.23765004837e-12,nan,nan,0,nan,nan
9364,1.77494715486e-11,0,7.15190540312e-12,nan,nan,0,nan,nan
9368,1.76592016529e-11,0,7.06182945333e-12,nan,nan,0,nan,nan
9372,1.75685197913e-11,0,6.9672127144e-12,nan,nan,0,nan,nan
9376,1.74774313348e-11,0,6.86789710996e-12,nan,nan,0,nan,nan
9380,1.73859416721e-11,0,6.76378360029e-12,nan,nan,0,nan,nan
9384,1.72940562103e-11,0,6.65483772712e-12,nan,nan,0,nan,nan
9388,1.72017803744e-11,0,6.54109288383e-12,nan,nan,0,nan,nan
9392,1.71091196083e-11,0,6.42265157957e-12,nan,nan,0,nan,nan
9396,1.70160793741e-11,0,6.29968397452e-12,nan,nan,0,nan,nan
9400,1.69226651531e-11,0,6.17242489339e-12,nan,nan,0,nan,nan
9404,1.68288824455e-11,0,6.04116900997e-12,nan,nan,0,nan,nan
9408,1.6734736771e-11,0,5.90626407246e-12,nan,nan,0,nan,nan
9412,1.66402336688e-11,0,5.76810349074e-12,nan,nan,0,nan,nan
9416,1.65453786982e-11,0,5.62711800996e-12,nan,nan,0,nan,nan
9420,1.64501774385e-11,0,5.48376665578e-12,nan,nan,0,nan,nan
9424,1.63546354898e-11,0,5.33852777626e-12,nan,nan,0,nan,nan
9428,1.6258758473e-11,0,5.19189038534e-12,nan,nan,0,nan,nan
9432,1.61625520303e-11,0,5.04434532958e-12,nan,nan,0,nan,nan
9436,1.60660218258e-11,0,4.8963779056e-12,nan,nan,0,nan,nan
9440,1.59691735456e-11,0,4.74846078662e-12,nan,nan,0,nan,nan
9444,1.58720128983e-11,0,4.6010476193e-12,nan,nan,0,nan,nan
9448,1.57745456159e-11,0,4.45456845847e-12,nan,nan,0,nan,nan
9452,1.56767774538e-11,0,4.30942526547e-12,nan,nan,0,nan,nan
9456,1.55787141915e-11,0,4.16598894887e-12,nan,nan,0,nan,nan
9460,1.54803616336e-11,0,4.02459719258e-12,nan,nan,0,nan,nan
9464,1.53817256096e-11,0,3.88555312805e-12,nan,nan,0,nan,nan
9468,1.52828119754e-11,0,3.74912495163e-12,nan,nan,0,nan,nan
9472,1.51836266133e-11,0,3.61554585623e-12,nan,nan,0,nan,nan
9476,1.50841754332e-11,0,3.48501497007e-12,nan,nan,0,nan,nan
9480,1.49844643732e-11,0,3.35769860802e-12,nan,nan,0,nan,nan
9484,1.48844994002e-11,0,3.23373166284e-12,nan,nan,0,nan,nan
9488,1.47842865111e-11,0,3.11321989129e-12,nan,nan,0,nan,nan
9492,1.46838317336e-11,0,2.99624156099e-12,nan,nan,0,nan,nan
9496,1.45831411267e-11,0,2.88285006025e-12,nan,nan,0,nan,nan
9500,1.44822207826e-11,0,2.77307599229e-12,nan,nan,0,nan,nan
9504,1.43810768267e-11,0,2.66692942315e-12,nan,nan,0,nan,nan
9508,1.42797154197e-11,0,2.56440235453e-12,nan,nan,0,nan,nan
9512,1.41781427578e-11,0,2.46547059876e-12,nan,nan,0,nan,nan
9516,1.40763650747e-11,0,2.37009612086e-12,nan,nan,0,nan,nan
9520,1.39743886423e-11,0,2.27822880792e-12,nan,nan,0,nan,nan
9524,1.38722197726e-11,0,2.18980835485e-12,nan,nan,0,nan,nan
9528,1.37698648185e-11,0,2.10476593376e-12,nan,nan,0,nan,nan
9532,1.36673301758e-11,0,2.02302567424e-12,nan,nan,0,nan,nan
9536,1.35646222844e-11,0,1.94450600183e-12,nan,nan,0,nan,nan
9540,1.34617476301e-11,0,1.869121105e-12,nan,nan,0,nan,nan
9544,1.33587127464e-11,0,1.79678161616e-12,nan,nan,0,nan,nan
9548,1.32555242159e-11,0,1.72739593689e-12,nan,nan,0,nan,nan
9552,1.31521886727e-11,0,1.6608709721e-12,nan,nan,0,nan,nan
9556,1.30487128042e-11,0,1.5971126174e-12,nan,nan,0,nan,nan
9560,1.29451033528e-11,0,1.53602691929e-12,nan,nan,0,nan,nan
9564,1.28413671188e-11,0,1.47752000457e-12,nan,nan,0,nan,nan
9568,1.27375109619e-11,0,1.42149890872e-12,nan,nan,0,nan,nan
9572,1.26335418045e-11,0,1.36787182752e-12,nan,nan,0,nan,nan
9576,1.25294666332e-11,0,1.31654839438e-12,nan,nan,0,nan,nan
9580,1.24252925023e-11,0,1.267440015e-12,nan,nan,0,nan,nan
9584,1.23210265362e-11,0,1.22045992637e-12,nan,nan,0,nan,nan
9588,1.22166759324e-11,0,1.1755234113e-12,nan,nan,0,nan,nan
9592,1.21122479644e-11,0,1.13254795501e-12,nan,nan,0,nan,nan
9596,1.20077499852e-11,0,1.09145319129e-12,nan,nan,0,nan,nan
9600,1.19031894305e-11,0,1.05216109924e-12,nan,nan,0,nan,nan
9604,1.17985738222e-11,0,1.01459590247e-12,nan,nan,0,nan,nan
9608,1.16939107724e-11,0,9.78684032895e-13,nan,nan,0,nan,nan
9612,1.15892079869e-11,0,9.44354339569e-13,nan,nan,0,nan,nan
9616,1.14844732697e-11,0,9.11537883162e-13,nan,nan,0,nan,nan
9620,1.13797145271e-11,0,8.8016784191e-13,nan,nan,0,nan,nan
9624,1.12749397721e-11,0,8.50179644946e-13,nan,nan,0,nan,nan
9628,1.11701571298e-11,0,8.21510876699e-13,nan,nan,0,nan,nan
9632,1.10653748414e-11,0,7.94101154537e-13,nan,nan,0,nan,nan
9636,1.09606012705e-11,0,7.67892079797e-13,nan,nan,0,nan,nan
9640,1.0855844908e-11,0,7.42827334775e-13,nan,nan,0,nan,nan
9644,1.07511143781e-11,0,7.18852448505e-13,nan,nan,0,nan,nan
9648,1.06464184443e-11,0,6.9591485218e-13,nan,nan,0,nan,nan
9652,1.05417660162e-11,0,6.73963785991e-13,nan,nan,0,nan,nan
9656,1.0437166156e-11,0,6.52950371107e-13,nan,nan,0,nan,nan
9660,1.03326280856e-11,0,6.3282728827e-13,nan,nan,0,nan,nan
9664,1.02281611941e-11,0,6.13549175104e-13,nan,nan,0,nan,nan
9668,1.01237750461e-11,0,5.95072092243e-13,nan,nan,0,nan,nan
9672,1.00194793894e-11,0,5.77353922872e-13,nan,nan,0,nan,nan
9676,9.91528416431e-12,0,5.60354113074e-13,nan,nan,0,nan,nan
9680,9.81119951246e-12,0,5.4403362857e-13,nan,nan,0,nan,nan
9684,9.70723578672e-12,0,5.28355060095e-13,nan,nan,0,nan,nan
9688,9.60340356146e-12,0,5.13282534461e-13,nan,nan,0,nan,nan
9692,9.49971364321e-12,0,4.98781597724e-13,nan,nan,0,nan,nan
9696,9.39617708208e-12,0,4.84819416899e-13,nan,nan,0,nan,nan
9700,9.29280518367e-12,0,4.71364455341e-13,nan,nan,0,nan,nan
9704,9.18960952173e-12,0,4.58386728436e-13,nan,nan,0,nan,nan
9708,9.08660195138e-12,0,4.45857641666e-13,nan,nan,0,nan,nan
9712,8.98379462316e-12,0,4.33749971044e-13,nan,nan,0,nan,nan
9716,8.88119999769e-12,0,4.22037807058e-13,nan,nan,0,nan,nan
9720,8.77883086129e-12,0,4.10696672892e-13,nan,nan,0,nan,nan
9724,8.6767003423e-12,0,3.99703276236e-13,nan,nan,0,nan,nan
9728,8.57482192829e-12,0,3.8903575025e-13,nan,nan,0,nan,nan
9732,8.47320948433e-12,0,3.78673266095e-13,nan,nan,0,nan,nan
9736,8.37187727198e-12,0,3.68596407736e-13,nan,nan,0,nan,nan
9740,8.2708399696e-12,0,3.58786833558e-13,nan,nan,0,nan,nan
9744,8.1701126934e-12,0,3.49227345562e-13,nan,nan,0,nan,nan
9748,8.06971101992e-12,0,3.39901856713e-13,nan,nan,0,nan,nan
9752,7.96965100947e-12,0,3.30795374381e-13,nan,nan,0,nan,nan
9756,7.86994923081e-12,0,3.2189391331e-13,nan,nan,0,nan,nan
9760,7.77062278724e-12,0,3.1318447815e-13,nan,nan,0,nan,nan
9764,7.67168934385e-12,0,3.04655088683e-13,nan,nan,0,nan,nan
9768,7.57316715622e-12,0,2.96294545343e-13,nan,nan,0,nan,nan
9772,7.47507510059e-12,0,2.88092724543e-13,nan,nan,0,nan,nan
9776,7.37743270535e-12,0,2.80040151682e-13,nan,nan,0,nan,nan
9780,7.28026018429e-12,0,2.72128288183e-13,nan,nan,0,nan,nan
9784,7.18357847107e-12,0,2.64349236293e-13,nan,nan,0,nan,nan
9788,7.08740925565e-12,0,2.56695980857e-13,nan,nan,0,nan,nan
9792,6.99177502198e-12,0,2.49162035145e-13,nan,nan,0,nan,nan
9796,6.89669908756e-12,0,2.41741669269e-13,nan,nan,0,nan,nan
9800,6.80220564449e-12,0,2.34429798522e-13,nan,nan,0,nan,nan
9804,6.70831980222e-12,0,2.27221775123e-13,nan,nan,0,nan,nan
9808,6.61506763175e-12,0,2.2011366471e-13,nan,nan,0,nan,nan
9812,6.52247621156e-12,0,2.131020072e-13,nan,nan,0,nan,nan
9816,6.4305736748e-12,0,2.06183787214e-13,nan,nan,0,nan,nan
9820,6.33938925795e-12,0,1.99356521191e-13,nan,nan,0,nan,nan
9824,6.24895335058e-12,0,1.9261814732e-13,nan,nan,0,nan,nan
9828,6.15929754633e-12,0,1.85966967865e-13,nan,nan,0,nan,nan
9832,6.07045469439e-12,0,1.79401810374e-13,nan,nan,0,nan,nan
9836,5.98245895179e-12,0,1.72921662678e-13,nan,nan,0,nan,nan
9840,5.89534583567e-12,0,1.66526136047e-13,nan,nan,0,nan,nan
9844,5.80915227535e-12,0,1.60214944144e-13,nan,nan,0,nan,nan
9848,5.72391666372e-12,0,1.53988261328e-13,nan,nan,0,nan,nan
9852,5.63967890727e-12,0,1.47846482942e-13,nan,nan,0,nan,nan
9856,5.55648047403e-12,0,1.41790427755e-13,nan,nan,0,nan,nan
9860,5.4743644389e-12,0,1.35821076905e-13,nan,nan,0,nan,nan
9864,5.39337552514e-12,0,1.29939825772e-13,nan,nan,0,nan,nan
9868,5.31356014112e-12,0,1.24148291789e-13,nan,nan,0,nan,nan
9872,5.23496641119e-12,0,1.18448452562e-13,nan,nan,0,nan,nan
9876,5.15764419928e-12,0,1.12842606756e-13,nan,nan,0,nan,nan
9880,5.08164512374e-12,0,1.07333381832e-13,nan,nan,0,nan,nan
9884,5.0070225617e-12,0,1.01923851456e-13,nan,nan,0,nan,nan
9888,4.93383164141e-12,0,9.66174318566e-14,nan,nan,0,nan,nan
9892,4.86212922022e-12,0,9.1418134004e-14,nan,nan,0,nan,nan
9896,4.79197384639e-12,0,8.6330459343e-14,nan,nan,0,nan,nan
9900,4.72342570234e-12,0,8.13596916146e-14,nan,nan,0,nan,nan
9904,4.65654652712e-12,0,7.65118077061e-14,nan,nan,0,nan,nan
9908,4.59139951549e-12,0,7.17938859789e-14,nan,nan,0,nan,nan
9912,4.52804919154e-12,0,6.72141845874e-14,nan,nan,0,nan,nan
9916,4.46656125405e-12,0,6.27824132312e-14,nan,nan,0,nan,nan
9920,4.40700239181e-12,0,5.85102597766e-14,nan,nan,0,nan,nan
9924,4.34944006655e-12,0,5.44115569809e-14,nan,nan,0,nan,nan
9928,4.29394226184e-12,0,5.05031081272e-14,nan,nan,0,nan,nan
9932,4.24057719695e-12,0,4.68050673899e-14,nan,nan,0,nan,nan
9936,4.1894130046e-12,0,4.33417197412e-14,nan,nan,0,nan,nan
9940,4.14051737292e-12,0,4.01420216939e-14,nan,nan,0,nan,nan
9944,4.09395715241e-12,0,3.72398254034e-14,nan,nan,0,nan,nan
9948,4.04979792969e-12,0,3.46734467674e-14,nan,nan,0,nan,nan
9952,4.00810357098e-12,0,3.24839934557e-14,nan,nan,0,nan,nan
9956,3.96893573942e-12,0,3.07118446757e-14,nan,nan,0,nan,nan
9960,3.93235339165e-12,0,2.939083441e-14,nan,nan,0,nan,nan
9964,3.89841225993e-12,0,2.85413950697e-14,nan,nan,0,nan,nan
9968,3.86716432804e-12,0,2.81640736573e-14,nan,nan,0,nan,nan
9972,3.83865730912e-12,0,2.82363883354e-14,nan,nan,0,nan,nan
9976,3.81293413584e-12,0,2.87153724574e-14,nan,nan,0,nan,nan
9980,3.79003247273e-12,0,2.95434060011e-14,nan,nan,0,nan,nan
9984,3.76998426156e-12,0,3.06567535656e-14,nan,nan,0,nan,nan
9988,3.75281531046e-12,0,3.19925576153e-14,nan,nan,0,nan,nan
9992,3.73854493669e-12,0,3.34935083619e-14,nan,nan,0,nan,nan
9996,3.72718567262e-12,0,3.51100921523e-14,nan,nan,0,nan,nan
10000,3.71874304291e-12,0,3.68009347363e-14,nan,nan,0,nan,nan
10004,3.71321541882e-12,0,3.85322685435e-14,nan,nan,0,nan,nan
10008,3.71059395513e-12,0,4.02767647938e-14,nan,nan,0,nan,nan
10012,3.71086261043e-12,0,4.20125983232e-14,nan,nan,0,nan,nan
10016,3.7139982521e-12,0,4.37222342717e-14,nan,nan,0,nan,nan
10020,3.71997084273e-12,0,4.53916627987e-14,nan,nan,0,nan,nan
10024,3.72874370384e-12,0,4.7009700431e-14,nan,nan,0,nan,nan
10028,3.74027385004e-12,0,4.85673100355e-14,nan,nan,0,nan,nan
10032,3.75451238574e-12,0,5.00572712074e-14,nan,nan,0,nan,nan
10036,3.77140495452e-12,0,5.14739249168e-14,nan,nan,0,nan,nan
10040,3.7908922309e-12,0,5.28124578208e-14,nan,nan,0,nan,nan
10044,3.81291044344e-12,0,5.40692402592e-14,nan,nan,0,nan,nan
10048,3.8373919183e-12,0,5.52413644338e-14,nan,nan,0,nan,nan
10052,3.86426563243e-12,0,5.6326561134e-14,nan,nan,0,nan,nan
10056,3.89345776647e-12,0,5.73230418586e-14,nan,nan,0,nan,nan
10060,3.92489224819e-12,0,5.82295875166e-14,nan,nan,0,nan,nan
10064,3.95849127863e-12,0,5.9045249147e-14,nan,nan,0,nan,nan
10068,3.99417583391e-12,0,5.97695162881e-14,nan,nan,0,nan,nan
10072,4.03186613761e-12,0,6.04020437452e-14,nan,nan,0,nan,nan
10076,4.07148209936e-12,0,6.09428849007e-14,nan,nan,0,nan,nan
10080,4.11294371671e-12,0,6.13922226046e-14,nan,nan,0,nan,nan
10084,4.15617143881e-12,0,6.17504498225e-14,nan,nan,0,nan,nan
10088,4.2010864907e-12,0,6.20181940842e-14,nan,nan,0,nan,nan
10092,4.24761115892e-12,0,6.21961644955e-14,nan,nan,0,nan,nan
10096,4.29566903889e-12,0,6.22852886333e-14,nan,nan,0,nan,nan
10100,4.34518524585e-12,0,6.22865941689e-14,nan,nan,0,nan,nan
10104,4.39608659133e-12,0,6.22012039372e-14,nan,nan,0,nan,nan
10108,4.44830172702e-12,0,6.20304448547e-14,nan,nan,0,nan,nan
10112,4.50176125943e-12,0,6.17756509172e-14,nan,nan,0,nan,nan
10116,4.55639783707e-12,0,6.14383057657e-14,nan,nan,0,nan,nan
10120,4.61214621339e-12,0,6.10199921028e-14,nan,nan,0,nan,nan
10124,4.66894328791e-12,0,6.05223272539e-14,nan,nan,0,nan,nan
10128,4.72672812832e-12,0,5.99470822506e-14,nan,nan,0,nan,nan
10132,4.78544197561e-12,0,5.92960418335e-14,nan,nan,0,nan,nan
10136,4.84502823506e-12,0,5.85711135274e-14,nan,nan,0,nan,nan
10140,4.90543245472e-12,0,5.77742224869e-14,nan,nan,0,nan,nan
10144,4.96660229368e-12,0,5.69074087991e-14,nan,nan,0,nan,nan
10148,5.02848748171e-12,0,5.59727444039e-14,nan,nan,0,nan,nan
10152,5.09103977204e-12,0,5.49723525213e-14,nan,nan,0,nan,nan
10156,5.15421288843e-12,0,5.39084621506e-14,nan,nan,0,nan,nan
10160,5.21796246815e-12,0,5.27833531537e-14,nan,nan,0,nan,nan
10164,5.28224600154e-12,0,5.15992819985e-14,nan,nan,0,nan,nan
10168,5.34702276954e-12,0,5.03586525825e-14,nan,nan,0,nan,nan
10172,5.41225377969e-12,0,4.90638901146e-14,nan,nan,0,nan,nan
10176,5.47790170136e-12,0,4.7717498215e-14,nan,nan,0,nan,nan
10180,5.54393080099e-12,0,4.63220215949e-14,nan,nan,0,nan,nan
10184,5.61030687762e-12,0,4.48800988996e-14,nan,nan,0,nan,nan
10188,5.67699719911e-12,0,4.33943725097e-14,nan,nan,0,nan,nan
10192,5.74397043967e-12,0,4.18676738733e-14,nan,nan,0,nan,nan
10196,5.81119661863e-12,0,4.03028508326e-14,nan,nan,0,nan,nan
10200,5.8786470408e-12,0,3.8702868256e-14,nan,nan,0,nan,nan
10204,5.94629423868e-12,0,3.70708478723e-14,nan,nan,0,nan,nan
10208,6.0141119165e-12,0,3.54100451605e-14,nan,nan,0,nan,nan
10212,6.08207489615e-12,0,3.37239268272e-14,nan,nan,0,nan,nan
10216,6.15015906525e-12,0,3.20162054711e-14,nan,nan,0,nan,nan
10220,6.21834132724e-12,0,3.02908789886e-14,nan,nan,0,nan,nan
10224,6.28659955344e-12,0,2.85523983136e-14,nan,nan,0,nan,nan
10228,6.3549125372e-12,0,2.68057070044e-14,nan,nan,0,nan,nan
10232,6.4232599501e-12,0,2.50565597034e-14,nan,nan,0,nan,nan
10236,6.49162230015e-12,0,2.33115695832e-14,nan,nan,0,nan,nan
10240,6.55998089178e-12,0,2.15788710523e-14,nan,nan,0,nan,nan
10244,6.62831778788e-12,0,1.98683518211e-14,nan,nan,0,nan,nan
10248,6.6966157736e-12,0,1.81927721498e-14,nan,nan,0,nan,nan
10252,6.76485832186e-12,0,1.65685969473e-14,nan,nan,0,nan,nan
10256,6.83302956067e-12,0,1.50179960767e-14,nan,nan,0,nan,nan
10260,6.90111424198e-12,0,1.35707557749e-14,nan,nan,0,nan,nan
10264,6.96909771213e-12,0,1.22672367739e-14,nan,nan,0,nan,nan
10268,7.03696588384e-12,0,1.11602755909e-14,nan,nan,0,nan,nan
10272,7.10470520956e-12,0,1.03143042347e-14,nan,nan,0,nan,nan
10276,7.17230265621e-12,0,9.7963531797e-15,nan,nan,0,nan,nan
10280,7.23974568129e-12,0,9.65675805459e-15,nan,nan,0,nan,nan
10284,7.30702221004e-12,0,9.90734468857e-15,nan,nan,0,nan,nan
10288,7.37412061409e-12,0,1.05147715565e-14,nan,nan,0,nan,nan
10292,7.44102969085e-12,0,1.14159218099e-14,nan,nan,0,nan,nan
10296,7.50773864427e-12,0,1.25406087605e-14,nan,nan,0,nan,nan
10300,7.57423706648e-12,0,1.3827060568e-14,nan,nan,0,nan,nan
10304,7.64051492035e-12,0,1.52267368453e-14,nan,nan,0,nan,nan
10308,7.70656252303e-12,0,1.67035308522e-14,nan,nan,0,nan,nan
10312,7.77237053032e-12,0,1.82309679645e-14,nan,nan,0,nan,nan
10316,7.83792992184e-12,0,1.97896833611e-14,nan,nan,0,nan,nan
10320,7.90323198699e-12,0,2.13652098777e-14,nan,nan,0,nan,nan
10324,7.96826831155e-12,0,2.29465821944e-14,nan,nan,0,nan,nan
10328,8.03303076519e-12,0,2.45253136336e-14,nan,nan,0,nan,nan
10332,8.09751148933e-12,0,2.60946344111e-14,nan,nan,0,nan,nan
10336,8.16170288583e-12,0,2.76490811192e-14,nan,nan,0,nan,nan
10340,8.22559760619e-12,0,2.91841108144e-14,nan,nan,0,nan,nan
10344,8.28918854136e-12,0,3.06959028959e-14,nan,nan,0,nan,nan
10348,8.35246881187e-12,0,3.21812160944e-14,nan,nan,0,nan,nan
10352,8.41543175877e-12,0,3.36371938793e-14,nan,nan,0,nan,nan
10356,8.47807093472e-12,0,3.50612600278e-14,nan,nan,0,nan,nan
10360,8.54038009577e-12,0,3.64512472712e-14,nan,nan,0,nan,nan
10364,8.60235319336e-12,0,3.78051277452e-14,nan,nan,0,nan,nan
10368,8.66398436687e-12,0,3.91211003775e-14,nan,nan,0,nan,nan
10372,8.72526793641e-12,0,4.03975032288e-14,nan,nan,0,nan,nan
10376,8.78619839603e-12,0,4.16328380873e-14,nan,nan,0,nan,nan
10380,8.84677040731e-12,0,4.28257382897e-14,nan,nan,0,nan,nan
10384,8.90697879315e-12,0,4.39749494691e-14,nan,nan,0,nan,nan
10388,8.9668185319e-12,0,4.50793115762e-14,nan,nan,0,nan,nan
10392,9.02628475189e-12,0,4.61377967596e-14,nan,nan,0,nan,nan
10396,9.08537272595e-12,0,4.71493851053e-14,nan,nan,0,nan,nan
10400,9.14407786652e-12,0,4.81132439463e-14,nan,nan,0,nan,nan
10404,9.20239572072e-12,0,4.90285599306e-14,nan,nan,0,nan,nan
10408,9.26032196585e-12,0,4.9894637712e-14,nan,nan,0,nan,nan
10412,9.31785240488e-12,0,5.07107954387e-14,nan,nan,0,nan,nan
10416,9.37498296246e-12,0,5.14764858378e-14,nan,nan,0,nan,nan
10420,9.43170968073e-12,0,5.21912032826e-14,nan,nan,0,nan,nan
10424,9.48802871565e-12,0,5.28545060654e-14,nan,nan,0,nan,nan
10428,9.54393633338e-12,0,5.34660058144e-14,nan,nan,0,nan,nan
10432,9.59942890672e-12,0,5.40254251913e-14,nan,nan,0,nan,nan
10436,9.65450291185e-12,0,5.453249295e-14,nan,nan,0,nan,nan
10440,9.70915492519e-12,0,5.49870421892e-14,nan,nan,0,nan,nan
10444,9.76338162033e-12,0,5.53889525131e-14,nan,nan,0,nan,nan
10448,9.81717976517e-12,0,5.57381420765e-14,nan,nan,0,nan,nan
10452,9.87054621913e-12,0,5.60346122805e-14,nan,nan,0,nan,nan
10456,9.92347793049e-12,0,5.62783945765e-14,nan,nan,0,nan,nan
10460,9.97597193392e-12,0,5.64696372211e-14,nan,nan,0,nan,nan
10464,1.0028025348e-11,0,5.66084520808e-14,nan,nan,0,nan,nan
10468,1.00796353728e-11,0,5.66950711867e-14,nan,nan,0,nan,nan
10472,1.01307992879e-11,0,5.67297676815e-14,nan,nan,0,nan,nan
10476,1.01815144502e-11,0,5.67128346617e-14,nan,nan,0,nan,nan
10480,1.02317782915e-11,0,5.66446358445e-14,nan,nan,0,nan,nan
10484,1.0281588317e-11,0,5.65256158681e-14,nan,nan,0,nan,nan
10488,1.03309421032e-11,0,5.63561922181e-14,nan,nan,0,nan,nan
10492,1.03798372963e-11,0,5.61369047912e-14,nan,nan,0,nan,nan
10496,1.04282716101e-11,0,5.58682876427e-14,nan,nan,0,nan,nan
10500,1.04762428246e-11,0,5.55509575645e-14,nan,nan,0,nan,nan
10504,1.05237487844e-11,0,5.51855437429e-14,nan,nan,0,nan,nan
10508,1.0570787397e-11,0,5.47727352679e-14,nan,nan,0,nan,nan
10512,1.06173566315e-11,0,5.4313230708e-14,nan,nan,0,nan,nan
10516,1.06634545173e-11,0,5.38078364192e-14,nan,nan,0,nan,nan
10520,1.07090791421e-11,0,5.32573318957e-14,nan,nan,0,nan,nan
10524,1.07542286515e-11,0,5.26625411719e-14,nan,nan,0,nan,nan
10528,1.0798901247e-11,0,5.20243795628e-14,nan,nan,0,nan,nan
10532,1.08430951851e-11,0,5.13437244432e-14,nan,nan,0,nan,nan
10536,1.08868087763e-11,0,5.06215378767e-14,nan,nan,0,nan,nan
10540,1.09300403836e-11,0,4.9858771731e-14,nan,nan,0,nan,nan
10544,1.09727884214e-11,0,4.90564551455e-14,nan,nan,0,nan,nan
10548,1.10150513551e-11,0,4.8215616582e-14,nan,nan,0,nan,nan
10552,1.10568276994e-11,0,4.73373315987e-14,nan,nan,0,nan,nan
10556,1.10981160175e-11,0,4.6422680155e-14,nan,nan,0,nan,nan
10560,1.11389149203e-11,0,4.54727906929e-14,nan,nan,0,nan,nan
10564,1.11792230656e-11,0,4.44887724095e-14,nan,nan,0,nan,nan
10568,1.12190391569e-11,0,4.34718437236e-14,nan,nan,0,nan,nan
10572,1.12583619429e-11,0,4.24231621575e-14,nan,nan,0,nan,nan
10576,1.12971902164e-11,0,4.13439342804e-14,nan,nan,0,nan,nan
10580,1.13355228137e-11,0,4.02353763837e-14,nan,nan,0,nan,nan
10584,1.1373358614e-11,0,3.90987581312e-14,nan,nan,0,nan,nan
10588,1.14106965382e-11,0,3.79353172286e-14,nan,nan,0,nan,nan
10592,1.14475355489e-11,0,3.67463264992e-14,nan,nan,0,nan,nan
10596,1.14838746489e-11,0,3.55330958191e-14,nan,nan,0,nan,nan
10600,1.15197128813e-11,0,3.42969043878e-14,nan,nan,0,nan,nan
10604,1.15550493284e-11,0,3.30390806468e-14,nan,nan,0,nan,nan
10608,1.15898831114e-11,0,3.1760921127e-14,nan,nan,0,nan,nan
10612,1.16242133896e-11,0,3.04637909015e-14,nan,nan,0,nan,nan
10616,1.16580393598e-11,0,2.91489760114e-14,nan,nan,0,nan,nan
10620,1.1691360256e-11,0,2.78178607498e-14,nan,nan,0,nan,nan
10624,1.17241753487e-11,0,2.64717852893e-14,nan,nan,0,nan,nan
10628,1.17564839446e-11,0,2.51120737047e-14,nan,nan,0,nan,nan
10632,1.17882853857e-11,0,2.37401191302e-14,nan,nan,0,nan,nan
10636,1.18195790493e-11,0,2.2357212622e-14,nan,nan,0,nan,nan
10640,1.18503643471e-11,0,2.09648081634e-14,nan,nan,0,nan,nan
10644,1.18806407251e-11,0,1.95641597932e-14,nan,nan,0,nan,nan
10648,1.19104076631e-11,0,1.81566962936e-14,nan,nan,0,nan,nan
10652,1.19396646742e-11,0,1.67437298117e-14,nan,nan,0,nan,nan
10656,1.19684113044e-11,0,1.53266370333e-14,nan,nan,0,nan,nan
10660,1.19966471324e-11,0,1.39067835982e-14,nan,nan,0,nan,nan
10664,1.20243717688e-11,0,1.24855572922e-14,nan,nan,0,nan,nan
10668,1.20515848564e-11,0,1.10643353772e-14,nan,nan,0,nan,nan
10672,1.20782860691e-11,0,9.64459529543e-15,nan,nan,0,nan,nan
10676,1.21044751123e-11,0,8.22784883041e-15,nan,nan,0,nan,nan
10680,1.2130151722e-11,0,6.81587443218e-15,nan,nan,0,nan,nan
10684,1.21553156646e-11,0,5.41089386526e-15,nan,nan,0,nan,nan
10688,1.21799667369e-11,0,4.0164548492e-15,nan,nan,0,nan,nan
10692,1.22041047655e-11,0,2.64094650088e-15,nan,nan,0,nan,nan
10696,1.22277296066e-11,0,1.32225105214e-15,nan,nan,0,nan,nan
10700,1.22508411458e-11,0,6.18508114334e-16,nan,nan,0,nan,nan
10704,1.22734392975e-11,0,1.67159801813e-15,nan,nan,0,nan,nan
10708,1.22955240052e-11,0,2.98134020109e-15,nan,nan,0,nan,nan
10712,1.23170952407e-11,0,4.30797668142e-15,nan,nan,0,nan,nan
10716,1.23381530042e-11,0,5.6291481265e-15,nan,nan,0,nan,nan
10720,1.23586973239e-11,0,6.9388223551e-15,nan,nan,0,nan,nan
10724,1.23787282557e-11,0,8.23413264256e-15,nan,nan,0,nan,nan
10728,1.23982458833e-11,0,9.51324105124e-15,nan,nan,0,nan,nan
10732,1.24172503175e-11,0,1.07747754484e-14,nan,nan,0,nan,nan
10736,1.24357416964e-11,0,1.20175025549e-14,nan,nan,0,nan,nan
10740,1.24537201849e-11,0,1.32403433472e-14,nan,nan,0,nan,nan
10744,1.24711859745e-11,0,1.44422719162e-14,nan,nan,0,nan,nan
10748,1.24881392834e-11,0,1.56223400223e-14,nan,nan,0,nan,nan
10752,1.25045803562e-11,0,1.67796259584e-14,nan,nan,0,nan,nan
10756,1.25205094631e-11,0,1.79132626343e-14,nan,nan,0,nan,nan
10760,1.25359269008e-11,0,1.90224122095e-14,nan,nan,0,nan,nan
10764,1.25508329913e-11,0,2.01062855756e-14,nan,nan,0,nan,nan
10768,1.25652280822e-11,0,2.11640868718e-14,nan,nan,0,nan,nan
10772,1.25791125467e-11,0,2.21951382738e-14,nan,nan,0,nan,nan
10776,1.25924867829e-11,0,2.31986979513e-14,nan,nan,0,nan,nan
10780,1.26053512139e-11,0,2.41741345456e-14,nan,nan,0,nan,nan
10784,1.26177062877e-11,0,2.51207863832e-14,nan,nan,0,nan,nan
10788,1.26295524771e-11,0,2.60380672741e-14,nan,nan,0,nan,nan
10792,1.2640890279e-11,0,2.69254075936e-14,nan,nan,0,nan,nan
10796,1.26517202149e-11,0,2.77822911787e-14,nan,nan,0,nan,nan
10800,1.26620428304e-11,0,2.8608207118e-14,nan,nan,0,nan,nan
10804,1.2671858695e-11,0,2.9402694388e-14,nan,nan,0,nan,nan
10808,1.26811684019e-11,0,3.01653147453e-14,nan,nan,0,nan,nan
10812,1.26899725682e-11,0,3.08956808057e-14,nan,nan,0,nan,nan
10816,1.26982718344e-11,0,3.15934427729e-14,nan,nan,0,nan,nan
10820,1.27060668641e-11,0,3.22582401842e-14,nan,nan,0,nan,nan
10824,1.27133583445e-11,0,3.28897951404e-14,nan,nan,0,nan,nan
10828,1.27201469853e-11,0,3.34878595584e-14,nan,nan,0,nan,nan
10832,1.27264335195e-11,0,3.40521702322e-14,nan,nan,0,nan,nan
10836,1.27322187024e-11,0,3.45825745019e-14,nan,nan,0,nan,nan
10840,1.27375033123e-11,0,3.50788702966e-14,nan,nan,0,nan,nan
10844,1.27422881493e-11,0,3.55409673814e-14,nan,nan,0,nan,nan
10848,1.27465740362e-11,0,3.59687347761e-14,nan,nan,0,nan,nan
10852,1.27503618177e-11,0,3.63621666933e-14,nan,nan,0,nan,nan
10856,1.27536523602e-11,0,3.67211819111e-14,nan,nan,0,nan,nan
10860,1.27564465523e-11,0,3.70458129598e-14,nan,nan,0,nan,nan
10864,1.27587453038e-11,0,3.73361033021e-14,nan,nan,0,nan,nan
10868,1.27605495462e-11,0,3.75921070023e-14,nan,nan,0,nan,nan
10872,1.27618602321e-11,0,3.78139161337e-14,nan,nan,0,nan,nan
10876,1.27626783353e-11,0,3.80016983708e-14,nan,nan,0,nan,nan
10880,1.27630048506e-11,0,3.81556081629e-14,nan,nan,0,nan,nan
10884,1.27628407937e-11,0,3.82758243985e-14,nan,nan,0,nan,nan
10888,1.27621872009e-11,0,3.83626018083e-14,nan,nan,0,nan,nan
10892,1.27610451289e-11,0,3.84161810091e-14,nan,nan,0,nan,nan
10896,1.2759415655e-11,0,3.84368608063e-14,nan,nan,0,nan,nan
10900,1.27572998766e-11,0,3.84249557719e-14,nan,nan,0,nan,nan
10904,1.27546989111e-11,0,3.8380819936e-14,nan,nan,0,nan,nan
10908,1.27516138958e-11,0,3.8304812281e-14,nan,nan,0,nan,nan
10912,1.27480459879e-11,0,3.81973665219e-14,nan,nan,0,nan,nan
10916,1.27439963641e-11,0,3.80589027898e-14,nan,nan,0,nan,nan
10920,1.27394662205e-11,0,3.78898686453e-14,nan,nan,0,nan,nan
10924,1.27344567726e-11,0,3.76907841465e-14,nan,nan,0,nan,nan
10928,1.2728969255e-11,0,3.74621348546e-14,nan,nan,0,nan,nan
10932,1.27230049213e-11,0,3.72044933056e-14,nan,nan,0,nan,nan
10936,1.2716565044e-11,0,3.69184138013e-14,nan,nan,0,nan,nan
10940,1.27096509142e-11,0,3.66044872895e-14,nan,nan,0,nan,nan
10944,1.27022638415e-11,0,3.62633506665e-14,nan,nan,0,nan,nan
10948,1.26944051541e-11,0,3.58956421698e-14,nan,nan,0,nan,nan
10952,1.26860761983e-11,0,3.55020450756e-14,nan,nan,0,nan,nan
10956,1.26772783386e-11,0,3.50832465027e-14,nan,nan,0,nan,nan
10960,1.26680129573e-11,0,3.46399747214e-14,nan,nan,0,nan,nan
10964,1.26582814549e-11,0,3.41729515128e-14,nan,nan,0,nan,nan
10968,1.2648085249e-11,0,3.36830390086e-14,nan,nan,0,nan,nan
10972,1.26374257754e-11,0,3.31709724585e-14,nan,nan,0,nan,nan
10976,1.26263044866e-11,0,3.26375835292e-14,nan,nan,0,nan,nan
10980,1.2614722853e-11,0,3.208371935e-14,nan,nan,0,nan,nan
10984,1.26026823618e-11,0,3.15102611695e-14,nan,nan,0,nan,nan
10988,1.25901845171e-11,0,3.09181551636e-14,nan,nan,0,nan,nan
10992,1.25772308401e-11,0,3.03082719954e-14,nan,nan,0,nan,nan
10996,1.25638228686e-11,0,2.96816431826e-14,nan,nan,0,nan,nan
11000,1.2549962157e-11,0,2.90392359557e-14,nan,nan,0,nan,nan
11004,1.25356502761e-11,0,2.83820922897e-14,nan,nan,0,nan,nan
11008,1.25208888132e-11,0,2.77112805896e-14,nan,nan,0,nan,nan
11012,1.25056793717e-11,0,2.70279116514e-14,nan,nan,0,nan,nan
11016,1.24900235711e-11,0,2.63331430625e-14,nan,nan,0,nan,nan
11020,1.24739230468e-11,0,2.56281615135e-14,nan,nan,0,nan,nan
11024,1.24573794502e-11,0,2.49142503397e-14,nan,nan,0,nan,nan
11028,1.24403944484e-11,0,2.41926994876e-14,nan,nan,0,nan,nan
11032,1.24229697239e-11,0,2.34648690942e-14,nan,nan,0,nan,nan
11036,1.24051069751e-11,0,2.27322975639e-14,nan,nan,0,nan,nan
11040,1.23868079154e-11,0,2.19963925197e-14,nan,nan,0,nan,nan
11044,1.23680742738e-11,0,2.1258896091e-14,nan,nan,0,nan,nan
11048,1.23489077942e-11,0,2.05215352363e-14,nan,nan,0,nan,nan
11052,1.23293102359e-11,0,1.97861521473e-14,nan,nan,0,nan,nan
11056,1.23092833728e-11,0,1.9054836912e-14,nan,nan,0,nan,nan
11060,1.22888289939e-11,0,1.83297226798e-14,nan,nan,0,nan,nan
11064,1.22679489031e-11,0,1.76132479314e-14,nan,nan,0,nan,nan
11068,1.22466449187e-11,0,1.69079977855e-14,nan,nan,0,nan,nan
11072,1.22249188737e-11,0,1.62168756978e-14,nan,nan,0,nan,nan
11076,1.22027726157e-11,0,1.55430104133e-14,nan,nan,0,nan,nan
11080,1.21802080066e-11,0,1.48899081618e-14,nan,nan,0,nan,nan
11084,1.21572269227e-11,0,1.42614002773e-14,nan,nan,0,nan,nan
11088,1.21338312544e-11,0,1.36616736875e-14,nan,nan,0,nan,nan
11092,1.21100229065e-11,0,1.30953041624e-14,nan,nan,0,nan,nan
11096,1.20858037977e-11,0,1.25672269728e-14,nan,nan,0,nan,nan
11100,1.20611758607e-11,0,1.20826391115e-14,nan,nan,0,nan,nan
11104,1.20361410423e-11,0,1.16469471785e-14,nan,nan,0,nan,nan
11108,1.20107013029e-11,0,1.12655016546e-14,nan,nan,0,nan,nan
11112,1.19848586169e-11,0,1.09434571218e-14,nan,nan,0,nan,nan
11116,1.19586149723e-11,0,1.06853658645e-14,nan,nan,0,nan,nan
11120,1.19319723708e-11,0,1.0494892117e-14,nan,nan,0,nan,nan
11124,1.19049328278e-11,0,1.03744461124e-14,nan,nan,0,nan,nan
11128,1.18774983719e-11,0,1.03249216022e-14,nan,nan,0,nan,nan
11132,1.18496710455e-11,0,1.03455834508e-14,nan,nan,0,nan,nan
11136,1.18214529041e-11,0,1.04340457272e-14,nan,nan,0,nan,nan
11140,1.17928460169e-11,0,1.0586511686e-14,nan,nan,0,nan,nan
11144,1.1763852466e-11,0,1.07980101785e-14,nan,nan,0,nan,nan
11148,1.1734474347e-11,0,1.10627947692e-14,nan,nan,0,nan,nan
11152,1.17047137686e-11,0,1.13746962347e-14,nan,nan,0,nan,nan
11156,1.16745728525e-11,0,1.17274633964e-14,nan,nan,0,nan,nan
11160,1.16440537337e-11,0,1.21149719239e-14,nan,nan,0,nan,nan
11164,1.161315856e-11,0,1.25315032765e-14,nan,nan,0,nan,nan
11168,1.15818894923e-11,0,1.29716579561e-14,nan,nan,0,nan,nan
11172,1.15502487045e-11,0,1.34305735171e-14,nan,nan,0,nan,nan
11176,1.15182383831e-11,0,1.39039106988e-14,nan,nan,0,nan,nan
11180,1.14858607278e-11,0,1.43877746106e-14,nan,nan,0,nan,nan
11184,1.14531179508e-11,0,1.48786741099e-14,nan,nan,0,nan,nan
11188,1.14200122773e-11,0,1.53735958534e-14,nan,nan,0,nan,nan
11192,1.1386545945e-11,0,1.58698013962e-14,nan,nan,0,nan,nan
11196,1.13527212043e-11,0,1.63649417133e-14,nan,nan,0,nan,nan
11200,1.13185403184e-11,0,1.68569047397e-14,nan,nan,0,nan,nan
11204,1.1284005563e-11,0,1.73438443119e-14,nan,nan,0,nan,nan
11208,1.12491192262e-11,0,1.78240846694e-14,nan,nan,0,nan,nan
11212,1.12138836089e-11,0,1.82962264169e-14,nan,nan,0,nan,nan
11216,1.11783010243e-11,0,1.87589342463e-14,nan,nan,0,nan,nan
11220,1.11423737981e-11,0,1.92110874639e-14,nan,nan,0,nan,nan
11224,1.11061042683e-11,0,1.96516454415e-14,nan,nan,0,nan,nan
11228,1.10694947856e-11,0,2.00797102676e-14,nan,nan,0,nan,nan
11232,1.10325477127e-11,0,2.04944719189e-14,nan,nan,0,nan,nan
11236,1.09952654247e-11,0,2.0895251326e-14,nan,nan,0,nan,nan
11240,1.09576503093e-11,0,2.12813449661e-14,nan,nan,0,nan,nan
11244,1.0919704766e-11,0,2.16522272385e-14,nan,nan,0,nan,nan
11248,1.08814312068e-11,0,2.20074086755e-14,nan,nan,0,nan,nan
11252,1.08428320559e-11,0,2.23464424633e-14,nan,nan,0,nan,nan
11256,1.08039097496e-11,0,2.2668942114e-14,nan,nan,0,nan,nan
11260,1.07646667363e-11,0,2.29745847313e-14,nan,nan,0,nan,nan
11264,1.07251054767e-11,0,2.32631097542e-14,nan,nan,0,nan,nan
11268,1.06852284434e-11,0,2.35342437075e-14,nan,nan,0,nan,nan
11272,1.06450381214e-11,0,2.3787816766e-14,nan,nan,0,nan,nan
11276,1.06045370074e-11,0,2.40236548943e-14,nan,nan,0,nan,nan
11280,1.05637276103e-11,0,2.42416682584e-14,nan,nan,0,nan,nan
11284,1.0522612451e-11,0,2.44417559897e-14,nan,nan,0,nan,nan
11288,1.04811940626e-11,0,2.46238823321e-14,nan,nan,0,nan,nan
11292,1.04394749899e-11,0,2.4788036791e-14,nan,nan,0,nan,nan
11296,1.03974577899e-11,0,2.49342330196e-14,nan,nan,0,nan,nan
11300,1.03551450314e-11,0,2.50624902676e-14,nan,nan,0,nan,nan
11304,1.03125392954e-11,0,2.51729329118e-14,nan,nan,0,nan,nan
11308,1.02696431746e-11,0,2.52656308368e-14,nan,nan,0,nan,nan
11312,1.0226459274e-11,0,2.53407341294e-14,nan,nan,0,nan,nan
11316,1.01829902102e-11,0,2.53983887609e-14,nan,nan,0,nan,nan
11320,1.01392386121e-11,0,2.54387781393e-14,nan,nan,0,nan,nan
11324,1.00952071203e-11,0,2.54621242396e-14,nan,nan,0,nan,nan
11328,1.00508983875e-11,0,2.54686399605e-14,nan,nan,0,nan,nan
11332,1.00063150784e-11,0,2.54586262541e-14,nan,nan,0,nan,nan
11336,9.96145986989e-12,0,2.54323208223e-14,nan,nan,0,nan,nan
11340,9.91633545059e-12,0,2.53900314927e-14,nan,nan,0,nan,nan
11344,9.87094452138e-12,0,2.53320973979e-14,nan,nan,0,nan,nan
11348,9.82528979521e-12,0,2.52588750952e-14,nan,nan,0,nan,nan
11352,9.77937399715e-12,0,2.51707228806e-14,nan,nan,0,nan,nan
11356,9.73319986447e-12,0,2.5068038979e-14,nan,nan,0,nan,nan
11360,9.68677014664e-12,0,2.49512481234e-14,nan,nan,0,nan,nan
11364,9.64008760544e-12,0,2.48207491633e-14,nan,nan,0,nan,nan
11368,9.59315501497e-12,0,2.46770562411e-14,nan,nan,0,nan,nan
11372,9.54597516173e-12,0,2.45205755642e-14,nan,nan,0,nan,nan
11376,9.4985508447e-12,0,2.43518484728e-14,nan,nan,0,nan,nan
11380,9.45088487545e-12,0,2.41714008836e-14,nan,nan,0,nan,nan
11384,9.40298007815e-12,0,2.39797272333e-14,nan,nan,0,nan,nan
11388,9.35483928973e-12,0,2.37774316205e-14,nan,nan,0,nan,nan
11392,9.30646535996e-12,0,2.35650748034e-14,nan,nan,0,nan,nan
11396,9.25786115159e-12,0,2.33432269067e-14,nan,nan,0,nan,nan
11400,9.20902954043e-12,0,2.3112530276e-14,nan,nan,0,nan,nan
11404,9.15997341552e-12,0,2.28736267673e-14,nan,nan,0,nan,nan
11408,9.11069567923e-12,0,2.26271492706e-14,nan,nan,0,nan,nan
11412,9.06119924748e-12,0,2.23737903361e-14,nan,nan,0,nan,nan
11416,9.01148704983e-12,0,2.21142206832e-14,nan,nan,0,nan,nan
11420,8.96156202971e-12,0,2.18491722577e-14,nan,nan,0,nan,nan
11424,8.9114271446e-12,0,2.15793588448e-14,nan,nan,0,nan,nan
11428,8.86108536619e-12,0,2.13055515712e-14,nan,nan,0,nan,nan
11432,8.81053968067e-12,0,2.10285092131e-14,nan,nan,0,nan,nan
11436,8.75979308887e-12,0,2.07489816348e-14,nan,nan,0,nan,nan
11440,8.7088486066e-12,0,2.04678141053e-14,nan,nan,0,nan,nan
11444,8.65770926483e-12,0,2.01857911747e-14,nan,nan,0,nan,nan
11448,8.60637811001e-12,0,1.9903749256e-14,nan,nan,0,nan,nan
11452,8.55485820434e-12,0,1.96225557267e-14,nan,nan,0,nan,nan
11456,8.50315262613e-12,0,1.93430181682e-14,nan,nan,0,nan,nan
11460,8.45126447003e-12,0,1.90660158335e-14,nan,nan,0,nan,nan
11464,8.39919684746e-12,0,1.87924378998e-14,nan,nan,0,nan,nan
11468,8.34695288701e-12,0,1.85231617195e-14,nan,nan,0,nan,nan
11472,8.29453573466e-12,0,1.82590068299e-14,nan,nan,0,nan,nan
11476,8.24194855443e-12,0,1.80009169227e-14,nan,nan,0,nan,nan
11480,8.18919452859e-12,0,1.77497179409e-14,nan,nan,0,nan,nan
11484,8.13627685826e-12,0,1.75062597618e-14,nan,nan,0,nan,nan
11488,8.08319876383e-12,0,1.72713889415e-14,nan,nan,0,nan,nan
11492,8.02996348553e-12,0,1.70459246987e-14,nan,nan,0,nan,nan
11496,7.97657428378e-12,0,1.68306489554e-14,nan,nan,0,nan,nan
11500,7.92303444016e-12,0,1.66262856048e-14,nan,nan,0,nan,nan
11504,7.86934725737e-12,0,1.64335696391e-14,nan,nan,0,nan,nan
11508,7.81551606058e-12,0,1.62531305181e-14,nan,nan,0,nan,nan
11512,7.76154419746e-12,0,1.60855826232e-14,nan,nan,0,nan,nan
11516,7.70743503923e-12,0,1.59314409873e-14,nan,nan,0,nan,nan
11520,7.65319198129e-12,0,1.5791153555e-14,nan,nan,0,nan,nan
11524,7.59881844395e-12,0,1.56651244048e-14,nan,nan,0,nan,nan
11528,7.5443178733e-12,0,1.55536181432e-14,nan,nan,0,nan,nan
11532,7.48969374195e-12,0,1.54570348094e-14,nan,nan,0,nan,nan
11536,7.43494954999e-12,0,1.53749452944e-14,nan,nan,0,nan,nan
11540,7.3800888259e-12,0,1.53079379788e-14,nan,nan,0,nan,nan
11544,7.32511512751e-12,0,1.5255708731e-14,nan,nan,0,nan,nan
11548,7.270032043e-12,0,1.52180816676e-14,nan,nan,0,nan,nan
11552,7.21484319203e-12,0,1.51948040666e-14,nan,nan,0,nan,nan
11556,7.15955222679e-12,0,1.51855332777e-14,nan,nan,0,nan,nan
11560,7.10416283327e-12,0,1.51898340206e-14,nan,nan,0,nan,nan
11564,7.04867873242e-12,0,1.52072160295e-14,nan,nan,0,nan,nan
11568,6.99310368144e-12,0,1.52370247217e-14,nan,nan,0,nan,nan
11572,6.93744147525e-12,0,1.52787078164e-14,nan,nan,0,nan,nan
11576,6.8816959478e-12,0,1.53315076117e-14,nan,nan,0,nan,nan
11580,6.82587097363e-12,0,1.53947166751e-14,nan,nan,0,nan,nan
11584,6.7699704695e-12,0,1.54675806702e-14,nan,nan,0,nan,nan
11588,6.71399839589e-12,0,1.5549264926e-14,nan,nan,0,nan,nan
11592,6.65795875888e-12,0,1.56390019501e-14,nan,nan,0,nan,nan
11596,6.60185561195e-12,0,1.57359213856e-14,nan,nan,0,nan,nan
11600,6.54569305781e-12,0,1.58392364743e-14,nan,nan,0,nan,nan
11604,6.48947525058e-12,0,1.5948114165e-14,nan,nan,0,nan,nan
11608,6.43320639767e-12,0,1.60617348243e-14,nan,nan,0,nan,nan
11612,6.3768907622e-12,0,1.61793116789e-14,nan,nan,0,nan,nan
11616,6.32053266524e-12,0,1.63000769896e-14,nan,nan,0,nan,nan
11620,6.26413648826e-12,0,1.64232626274e-14,nan,nan,0,nan,nan
11624,6.20770667575e-12,0,1.65481527813e-14,nan,nan,0,nan,nan
11628,6.15124773784e-12,0,1.66740532274e-14,nan,nan,0,nan,nan
11632,6.09476425323e-12,0,1.68002891158e-14,nan,nan,0,nan,nan
11636,6.03826087209e-12,0,1.69262350703e-14,nan,nan,0,nan,nan
11640,5.98174231931e-12,0,1.70512673707e-14,nan,nan,0,nan,nan
11644,5.9252133977e-12,0,1.71748438385e-14,nan,nan,0,nan,nan
11648,5.8686789915e-12,0,1.72964194055e-14,nan,nan,0,nan,nan
11652,5.81214407006e-12,0,1.74154952273e-14,nan,nan,0,nan,nan
11656,5.75561369166e-12,0,1.75316081603e-14,nan,nan,0,nan,nan
11660,5.69909300754e-12,0,1.7644329664e-14,nan,nan,0,nan,nan
11664,5.64258726621e-12,0,1.77532441215e-14,nan,nan,0,nan,nan
11668,5.58610181787e-12,0,1.78579888131e-14,nan,nan,0,nan,nan
11672,5.52964211916e-12,0,1.79582491384e-14,nan,nan,0,nan,nan
11676,5.47321373816e-12,0,1.80536870741e-14,nan,nan,0,nan,nan
11680,5.41682235952e-12,0,1.81440493886e-14,nan,nan,0,nan,nan
11684,5.36047379011e-12,0,1.82291006902e-14,nan,nan,0,nan,nan
11688,5.30417396471e-12,0,1.83086024187e-14,nan,nan,0,nan,nan
11692,5.24792895219e-12,0,1.83823781598e-14,nan,nan,0,nan,nan
11696,5.19174496192e-12,0,1.84502705596e-14,nan,nan,0,nan,nan
11700,5.13562835059e-12,0,1.85121321425e-14,nan,nan,0,nan,nan
11704,5.07958562927e-12,0,1.85678751759e-14,nan,nan,0,nan,nan
11708,5.02362347114e-12,0,1.86173984455e-14,nan,nan,0,nan,nan
11712,4.96774871922e-12,0,1.86606476755e-14,nan,nan,0,nan,nan
11716,4.91196839486e-12,0,1.86975693661e-14,nan,nan,0,nan,nan
11720,4.85628970655e-12,0,1.8728171655e-14,nan,nan,0,nan,nan
11724,4.80072005919e-12,0,1.87524578528e-14,nan,nan,0,nan,nan
11728,4.74526706393e-12,0,1.87704353446e-14,nan,nan,0,nan,nan
11732,4.68993854842e-12,0,1.87821800256e-14,nan,nan,0,nan,nan
11736,4.63474256774e-12,0,1.87877286576e-14,nan,nan,0,nan,nan
11740,4.57968741584e-12,0,1.87871897237e-14,nan,nan,0,nan,nan
11744,4.5247816376e-12,0,1.87806526929e-14,nan,nan,0,nan,nan
11748,4.47003404152e-12,0,1.87682413788e-14,nan,nan,0,nan,nan
11752,4.41545371307e-12,0,1.87500858504e-14,nan,nan,0,nan,nan
11756,4.36105002878e-12,0,1.87263536098e-14,nan,nan,0,nan,nan
11760,4.30683267101e-12,0,1.86972008554e-14,nan,nan,0,nan,nan
11764,4.25281164347e-12,0,1.86628251624e-14,nan,nan,0,nan,nan
11768,4.19899728756e-12,0,1.86233884156e-14,nan,nan,0,nan,nan
11772,4.14540029952e-12,0,1.85791625914e-14,nan,nan,0,nan,nan
11776,4.09203174837e-12,0,1.85303143059e-14,nan,nan,0,nan,nan
11780,4.03890309478e-12,0,1.84770980964e-14,nan,nan,0,nan,nan
11784,3.98602621076e-12,0,1.84197465747e-14,nan,nan,0,nan,nan
11788,3.93341340034e-12,0,1.83585514215e-14,nan,nan,0,nan,nan
11792,3.88107742104e-12,0,1.82937373029e-14,nan,nan,0,nan,nan
11796,3.82903150639e-12,0,1.822559332e-14,nan,nan,0,nan,nan
11800,3.77728938937e-12,0,1.81544052721e-14,nan,nan,0,nan,nan
11804,3.72586532661e-12,0,1.80804594683e-14,nan,nan,0,nan,nan
11808,3.67477412373e-12,0,1.80040457406e-14,nan,nan,0,nan,nan
11812,3.62403116141e-12,0,1.79254711896e-14,nan,nan,0,nan,nan
11816,3.57365242227e-12,0,1.78450278215e-14,nan,nan,0,nan,nan
11820,3.52365451862e-12,0,1.77630523314e-14,nan,nan,0,nan,nan
11824,3.47405472083e-12,0,1.76798319342e-14,nan,nan,0,nan,nan
11828,3.42487098634e-12,0,1.75956604788e-14,nan,nan,0,nan,nan
11832,3.37612198904e-12,0,1.75109027746e-14,nan,nan,0,nan,nan
11836,3.32782714902e-12,0,1.74257914415e-14,nan,nan,0,nan,nan
11840,3.28000666247e-12,0,1.73407091769e-14,nan,nan,0,nan,nan
11844,3.23268153121e-12,0,1.7255918437e-14,nan,nan,0,nan,nan
11848,3.18587359219e-12,0,1.7171718685e-14,nan,nan,0,nan,nan
11852,3.13960554581e-12,0,1.70884214255e-14,nan,nan,0,nan,nan
11856,3.09390098342e-12,0,1.7006300672e-14,nan,nan,0,nan,nan
11860,3.04878441313e-12,0,1.69256429511e-14,nan,nan,0,nan,nan
11864,3.00428128343e-12,0,1.68467023115e-14,nan,nan,0,nan,nan
11868,2.96041800426e-12,0,1.67697440989e-14,nan,nan,0,nan,nan
11872,2.91722196456e-12,0,1.66950101324e-14,nan,nan,0,nan,nan
11876,2.8747215458e-12,0,1.6622726164e-14,nan,nan,0,nan,nan
11880,2.83294613047e-12,0,1.65531269871e-14,nan,nan,0,nan,nan
11884,2.79192610462e-12,0,1.64863863839e-14,nan,nan,0,nan,nan
11888,2.75169285356e-12,0,1.64227104321e-14,nan,nan,0,nan,nan
11892,2.71227874935e-12,0,1.63622491626e-14,nan,nan,0,nan,nan
11896,2.67371712922e-12,0,1.63051632911e-14,nan,nan,0,nan,nan
11900,2.63604226325e-12,0,1.62515754454e-14,nan,nan,0,nan,nan
11904,2.59928931035e-12,0,1.62015940821e-14,nan,nan,0,nan,nan
11908,2.56349426097e-12,0,1.61553032817e-14,nan,nan,0,nan,nan
11912,2.52869386519e-12,0,1.61127803597e-14,nan,nan,0,nan,nan
11916,2.49492554505e-12,0,1.60740648004e-14,nan,nan,0,nan,nan
11920,2.46222728952e-12,0,1.60391838299e-14,nan,nan,0,nan,nan
11924,2.43063753134e-12,0,1.60081532572e-14,nan,nan,0,nan,nan
11928,2.40019500447e-12,0,1.59809412223e-14,nan,nan,0,nan,nan
11932,2.37093858174e-12,0,1.59574942857e-14,nan,nan,0,nan,nan
11936,2.34290709207e-12,0,1.59378357363e-14,nan,nan,0,nan,nan
11940,2.31613911759e-12,0,1.5921783445e-14,nan,nan,0,nan,nan
11944,2.29067277087e-12,0,1.59093089067e-14,nan,nan,0,nan,nan
11948,2.2665454536e-12,0,1.5900310639e-14,nan,nan,0,nan,nan
11952,2.24379359826e-12,0,1.58946153006e-14,nan,nan,0,nan,nan
11956,2.2224523952e-12,0,1.58921186643e-14,nan,nan,0,nan,nan
11960,2.20255550812e-12,0,1.5892640194e-14,nan,nan,0,nan,nan
11964,2.18413478183e-12,0,1.58960346505e-14,nan,nan,0,nan,nan
11968,2.16721994648e-12,0,1.59021065377e-14,nan,nan,0,nan,nan
11972,2.15183832352e-12,0,1.5910648324e-14,nan,nan,0,nan,nan
11976,2.13801453861e-12,0,1.59214922355e-14,nan,nan,0,nan,nan
11980,2.12577024768e-12,0,1.59344231437e-14,nan,nan,0,nan,nan
11984,2.11512388162e-12,0,1.59492166879e-14,nan,nan,0,nan,nan
11988,2.10609041625e-12,0,1.5965647413e-14,nan,nan,0,nan,nan
11992,2.09868117249e-12,0,1.59835019304e-14,nan,nan,0,nan,nan
11996,2.09290365262e-12,0,1.60025606338e-14,nan,nan,0,nan,nan
12000,2.08876141685e-12,0,1.60226060649e-14,nan,nan,0,nan,nan
12004,2.08625400243e-12,0,1.60433863784e-14,nan,nan,0,nan,nan
12008,2.08537689161e-12,0,1.60647028942e-14,nan,nan,0,nan,nan
12012,2.08612152335e-12,0,1.60863261257e-14,nan,nan,0,nan,nan
12016,2.08847535502e-12,0,1.61080298279e-14,nan,nan,0,nan,nan
12020,2.09242196843e-12,0,1.61296199942e-14,nan,nan,0,nan,nan
12024,2.09794121935e-12,0,1.61508700622e-14,nan,nan,0,nan,nan
12028,2.10500942633e-12,0,1.61715932671e-14,nan,nan,0,nan,nan
12032,2.11359959416e-12,0,1.6191575035e-14,nan,nan,0,nan,nan
12036,2.12368166654e-12,0,1.62106641041e-14,nan,nan,0,nan,nan
12040,2.13522280221e-12,0,1.62286406795e-14,nan,nan,0,nan,nan
12044,2.14818766828e-12,0,1.62453591206e-14,nan,nan,0,nan,nan
12048,2.1625387445e-12,0,1.62606415342e-14,nan,nan,0,nan,nan
12052,2.17823663293e-12,0,1.62743542648e-14,nan,nan,0,nan,nan
12056,2.19524036682e-12,0,1.62863468749e-14,nan,nan,0,nan,nan
12060,2.21350771421e-12,0,1.62965025167e-14,nan,nan,0,nan,nan
12064,2.23299547151e-12,0,1.63046821492e-14,nan,nan,0,nan,nan
12068,2.25365974344e-12,0,1.63107817049e-14,nan,nan,0,nan,nan
12072,2.27545620623e-12,0,1.63147327832e-14,nan,nan,0,nan,nan
12076,2.29834035209e-12,0,1.63164032396e-14,nan,nan,0,nan,nan
12080,2.32226771295e-12,0,1.63157475871e-14,nan,nan,0,nan,nan
12084,2.34719406289e-12,0,1.63126916354e-14,nan,nan,0,nan,nan
12088,2.37307559875e-12,0,1.63071940844e-14,nan,nan,0,nan,nan
12092,2.39986909895e-12,0,1.62992163326e-14,nan,nan,0,nan,nan
12096,2.42753206117e-12,0,1.62887041234e-14,nan,nan,0,nan,nan
12100,2.45602281982e-12,0,1.62756678407e-14,nan,nan,0,nan,nan
12104,2.48530064396e-12,0,1.62600874666e-14,nan,nan,0,nan,nan
12108,2.51532581786e-12,0,1.62419733528e-14,nan,nan,0,nan,nan
12112,2.54605970446e-12,0,1.62213576738e-14,nan,nan,0,nan,nan
12116,2.5774647942e-12,0,1.61982433663e-14,nan,nan,0,nan,nan
12120,2.60950474011e-12,0,1.61726707657e-14,nan,nan,0,nan,nan
12124,2.64214438094e-12,0,1.61447000245e-14,nan,nan,0,nan,nan
12128,2.67534975357e-12,0,1.61143853682e-14,nan,nan,0,nan,nan
12132,2.70908809619e-12,0,1.60817992377e-14,nan,nan,0,nan,nan
12136,2.74332784352e-12,0,1.60470272191e-14,nan,nan,0,nan,nan
12140,2.77803861505e-12,0,1.60101183845e-14,nan,nan,0,nan,nan
12144,2.81319119778e-12,0,1.59712100148e-14,nan,nan,0,nan,nan
12148,2.84875752403e-12,0,1.59303904273e-14,nan,nan,0,nan,nan
12152,2.88471064541e-12,0,1.58877830822e-14,nan,nan,0,nan,nan
12156,2.92102470382e-12,0,1.58434993436e-14,nan,nan,0,nan,nan
12160,2.95767489991e-12,0,1.57976816199e-14,nan,nan,0,nan,nan
12164,2.99463745985e-12,0,1.57504522398e-14,nan,nan,0,nan,nan
12168,3.03188960086e-12,0,1.5701935587e-14,nan,nan,0,nan,nan
12172,3.06940949589e-12,0,1.56523268972e-14,nan,nan,0,nan,nan
12176,3.10717623788e-12,0,1.56017441715e-14,nan,nan,0,nan,nan
12180,3.14516980405e-12,0,1.55503588227e-14,nan,nan,0,nan,nan
12184,3.18337102019e-12,0,1.54983210267e-14,nan,nan,0,nan,nan
12188,3.22176152562e-12,0,1.54458048584e-14,nan,nan,0,nan,nan
12192,3.26032373858e-12,0,1.53929750694e-14,nan,nan,0,nan,nan
12196,3.29904082233e-12,0,1.53400029168e-14,nan,nan,0,nan,nan
12200,3.33789665231e-12,0,1.52870593842e-14,nan,nan,0,nan,nan
12204,3.37687578423e-12,0,1.52343037265e-14,nan,nan,0,nan,nan
12208,3.41596342298e-12,0,1.518194829e-14,nan,nan,0,nan,nan
12212,3.45514539286e-12,0,1.51301120765e-14,nan,nan,0,nan,nan
12216,3.49440810889e-12,0,1.50790044047e-14,nan,nan,0,nan,nan
12220,3.53373854909e-12,0,1.50287743334e-14,nan,nan,0,nan,nan
12224,3.5731242281e-12,0,1.49795915322e-14,nan,nan,0,nan,nan
12228,3.61255317169e-12,0,1.49316173252e-14,nan,nan,0,nan,nan
12232,3.65201389268e-12,0,1.48849995551e-14,nan,nan,0,nan,nan
12236,3.69149536765e-12,0,1.48398853347e-14,nan,nan,0,nan,nan
12240,3.73098701494e-12,0,1.47964475082e-14,nan,nan,0,nan,nan
12244,3.77047867357e-12,0,1.47547700194e-14,nan,nan,0,nan,nan
12248,3.80996058322e-12,0,1.47150549631e-14,nan,nan,0,nan,nan
12252,3.84942336515e-12,0,1.46773391971e-14,nan,nan,0,nan,nan
12256,3.88885800409e-12,0,1.46417976905e-14,nan,nan,0,nan,nan
12260,3.92825583104e-12,0,1.46085022573e-14,nan,nan,0,nan,nan
12264,3.96760850685e-12,0,1.45775477683e-14,nan,nan,0,nan,nan
12268,4.00690800676e-12,0,1.45490097601e-14,nan,nan,0,nan,nan
12272,4.04614660559e-12,0,1.45229664041e-14,nan,nan,0,nan,nan
12276,4.08531686385e-12,0,1.44994623397e-14,nan,nan,0,nan,nan
12280,4.12441161438e-12,0,1.4478567307e-14,nan,nan,0,nan,nan
12284,4.16342394981e-12,0,1.44602799116e-14,nan,nan,0,nan,nan
12288,4.20234721067e-12,0,1.44446463174e-14,nan,nan,0,nan,nan
12292,4.241174974e-12,0,1.44316636071e-14,nan,nan,0,nan,nan
12296,4.27990104269e-12,0,1.44213184302e-14,nan,nan,0,nan,nan
12300,4.3185194353e-12,0,1.44136066641e-14,nan,nan,0,nan,nan
12304,4.35702437638e-12,0,1.44084937693e-14,nan,nan,0,nan,nan
12308,4.39541028741e-12,0,1.44059398064e-14,nan,nan,0,nan,nan
12312,4.4336717781e-12,0,1.44058801563e-14,nan,nan,0,nan,nan
12316,4.47180363816e-12,0,1.44082724879e-14,nan,nan,0,nan,nan
12320,4.50980082955e-12,0,1.44130029814e-14,nan,nan,0,nan,nan
12324,4.54765847903e-12,0,1.44200432009e-14,nan,nan,0,nan,nan
12328,4.58537187125e-12,0,1.44292255061e-14,nan,nan,0,nan,nan
12332,4.62293644202e-12,0,1.44404918795e-14,nan,nan,0,nan,nan
12336,4.66034777207e-12,0,1.44537154109e-14,nan,nan,0,nan,nan
12340,4.69760158098e-12,0,1.44687900731e-14,nan,nan,0,nan,nan
12344,4.73469372169e-12,0,1.44855481347e-14,nan,nan,0,nan,nan
12348,4.77162017482e-12,0,1.45038962257e-14,nan,nan,0,nan,nan
12352,4.80837704383e-12,0,1.45236483934e-14,nan,nan,0,nan,nan
12356,4.84496054998e-12,0,1.45447125381e-14,nan,nan,0,nan,nan
12360,4.88136702782e-12,0,1.4566885862e-14,nan,nan,0,nan,nan
12364,4.91759292076e-12,0,1.45900525236e-14,nan,nan,0,nan,nan
12368,4.95363477685e-12,0,1.46140136981e-14,nan,nan,0,nan,nan
12372,4.98948924492e-12,0,1.46386627358e-14,nan,nan,0,nan,nan
12376,5.02515307075e-12,0,1.46638024744e-14,nan,nan,0,nan,nan
12380,5.06062309347e-12,0,1.46892853629e-14,nan,nan,0,nan,nan
12384,5.0958962422e-12,0,1.4714937572e-14,nan,nan,0,nan,nan
12388,5.13096953277e-12,0,1.47406326075e-14,nan,nan,0,nan,nan
12392,5.16584006461e-12,0,1.47661737603e-14,nan,nan,0,nan,nan
12396,5.20050501788e-12,0,1.47914253451e-14,nan,nan,0,nan,nan
12400,5.2349616506e-12,0,1.4816235938e-14,nan,nan,0,nan,nan
12404,5.26920729598e-12,0,1.48404590096e-14,nan,nan,0,nan,nan
12408,5.30323935991e-12,0,1.48639267321e-14,nan,nan,0,nan,nan
12412,5.33705531854e-12,0,1.48865242502e-14,nan,nan,0,nan,nan
12416,5.37065271589e-12,0,1.4908116538e-14,nan,nan,0,nan,nan
12420,5.40402916172e-12,0,1.49285372211e-14,nan,nan,0,nan,nan
12424,5.43718232941e-12,0,1.49476910297e-14,nan,nan,0,nan,nan
12428,5.4701099539e-12,0,1.49654532726e-14,nan,nan,0,nan,nan
12432,5.50280982983e-12,0,1.49816897492e-14,nan,nan,0,nan,nan
12436,5.53527980966e-12,0,1.49963227159e-14,nan,nan,0,nan,nan
12440,5.56751780189e-12,0,1.50092310005e-14,nan,nan,0,nan,nan
12444,5.59952176954e-12,0,1.50203330097e-14,nan,nan,0,nan,nan
12448,5.63128972828e-12,0,1.50295260571e-14,nan,nan,0,nan,nan
12452,5.66281974517e-12,0,1.50367537885e-14,nan,nan,0,nan,nan
12456,5.69410993699e-12,0,1.50419203176e-14,nan,nan,0,nan,nan
12460,5.72515846897e-12,0,1.50449373328e-14,nan,nan,0,nan,nan
12464,5.75596355334e-12,0,1.50459220375e-14,nan,nan,0,nan,nan
12468,5.78652344814e-12,0,1.5044509983e-14,nan,nan,0,nan,nan
12472,5.81683645592e-12,0,1.50408788055e-14,nan,nan,0,nan,nan
12476,5.84690092256e-12,0,1.50349571174e-14,nan,nan,0,nan,nan
12480,5.87671523621e-12,0,1.50267330925e-14,nan,nan,0,nan,nan
12484,5.90627782607e-12,0,1.50161539812e-14,nan,nan,0,nan,nan
12488,5.93558716149e-12,0,1.50032295234e-14,nan,nan,0,nan,nan
12492,5.96464175088e-12,0,1.49879323062e-14,nan,nan,0,nan,nan
12496,5.99344014077e-12,0,1.49703093735e-14,nan,nan,0,nan,nan
12500,6.02198091501e-12,0,1.49503369565e-14,nan,nan,0,nan,nan
12504,6.05026269354e-12,0,1.49280675102e-14,nan,nan,0,nan,nan
12508,6.07828413204e-12,0,1.49035033789e-14,nan,nan,0,nan,nan
12512,6.10604392066e-12,0,1.4876692526e-14,nan,nan,0,nan,nan
12516,6.13354078351e-12,0,1.48476652557e-14,nan,nan,0,nan,nan
12520,6.16077347783e-12,0,1.48165038793e-14,nan,nan,0,nan,nan
12524,6.1877407932e-12,0,1.47832328637e-14,nan,nan,0,nan,nan
12528,6.214441551e-12,0,1.47479333348e-14,nan,nan,0,nan,nan
12532,6.24087460357e-12,0,1.47106847703e-14,nan,nan,0,nan,nan
12536,6.26703883368e-12,0,1.46715508941e-14,nan,nan,0,nan,nan
12540,6.29293315388e-12,0,1.46306216491e-14,nan,nan,0,nan,nan
12544,6.31855650586e-12,0,1.45880059326e-14,nan,nan,0,nan,nan
12548,6.34390785998e-12,0,1.45437540274e-14,nan,nan,0,nan,nan
12552,6.3689862146e-12,0,1.449800198e-14,nan,nan,0,nan,nan
12556,6.39379059565e-12,0,1.44508752127e-14,nan,nan,0,nan,nan
12560,6.41832005604e-12,0,1.44024296881e-14,nan,nan,0,nan,nan
12564,6.44257367522e-12,0,1.43528370667e-14,nan,nan,0,nan,nan
12568,6.46655055869e-12,0,1.43021820428e-14,nan,nan,0,nan,nan
12572,6.49024983754e-12,0,1.42506316487e-14,nan,nan,0,nan,nan
12576,6.51367066803e-12,0,1.41982875827e-14,nan,nan,0,nan,nan
12580,6.53681223115e-12,0,1.41452661015e-14,nan,nan,0,nan,nan
12584,6.55967373218e-12,0,1.40917432058e-14,nan,nan,0,nan,nan
12588,6.58225440035e-12,0,1.40378264628e-14,nan,nan,0,nan,nan
12592,6.60455348849e-12,0,1.39836684365e-14,nan,nan,0,nan,nan
12596,6.62657027256e-12,0,1.39293918275e-14,nan,nan,0,nan,nan
12600,6.64830405139e-12,0,1.38751832375e-14,nan,nan,0,nan,nan
12604,6.66975414629e-12,0,1.38211388663e-14,nan,nan,0,nan,nan
12608,6.69091990079e-12,0,1.37674274278e-14,nan,nan,0,nan,nan
12612,6.71180068022e-12,0,1.37141822168e-14,nan,nan,0,nan,nan
12616,6.73239587151e-12,0,1.36615437117e-14,nan,nan,0,nan,nan
12620,6.75270488285e-12,0,1.36096519858e-14,nan,nan,0,nan,nan
12624,6.7727271434e-12,0,1.35586530615e-14,nan,nan,0,nan,nan
12628,6.79246210306e-12,0,1.35086667049e-14,nan,nan,0,nan,nan
12632,6.81190923216e-12,0,1.34598272037e-14,nan,nan,0,nan,nan
12636,6.83106802125e-12,0,1.34122950387e-14,nan,nan,0,nan,nan
12640,6.84993798081e-12,0,1.3366137475e-14,nan,nan,0,nan,nan
12644,6.8685186411e-12,0,1.33215215434e-14,nan,nan,0,nan,nan
12648,6.88680955182e-12,0,1.32785151495e-14,nan,nan,0,nan,nan
12652,6.90481028197e-12,0,1.32372595124e-14,nan,nan,0,nan,nan
12656,6.9225204196e-12,0,1.31978486937e-14,nan,nan,0,nan,nan
12660,6.93993957169e-12,0,1.3160355677e-14,nan,nan,0,nan,nan
12664,6.95706736385e-12,0,1.31248642928e-14,nan,nan,0,nan,nan
12668,6.97390344013e-12,0,1.30914871677e-14,nan,nan,0,nan,nan
12672,6.99044746294e-12,0,1.30602541159e-14,nan,nan,0,nan,nan
12676,7.00669911279e-12,0,1.30312349452e-14,nan,nan,0,nan,nan
12680,7.02265808814e-12,0,1.30044985836e-14,nan,nan,0,nan,nan
12684,7.03832410525e-12,0,1.29800665095e-14,nan,nan,0,nan,nan
12688,7.053696898e-12,0,1.29579632162e-14,nan,nan,0,nan,nan
12692,7.06877621772e-12,0,1.29382314405e-14,nan,nan,0,nan,nan
12696,7.08356183311e-12,0,1.29208679457e-14,nan,nan,0,nan,nan
12700,7.09805353e-12,0,1.29058889675e-14,nan,nan,0,nan,nan
12704,7.11225111129e-12,0,1.28932631741e-14,nan,nan,0,nan,nan
12708,7.12615439676e-12,0,1.28829940974e-14,nan,nan,0,nan,nan
12712,7.139763223e-12,0,1.28750641907e-14,nan,nan,0,nan,nan
12716,7.15307744322e-12,0,1.28694006129e-14,nan,nan,0,nan,nan
12720,7.1660969271e-12,0,1.28659966425e-14,nan,nan,0,nan,nan
12724,7.17882156082e-12,0,1.28647777043e-14,nan,nan,0,nan,nan
12728,7.19125124675e-12,0,1.28656950499e-14,nan,nan,0,nan,nan
12732,7.20338590345e-12,0,1.28686500774e-14,nan,nan,0,nan,nan
12736,7.21522546555e-12,0,1.28736195279e-14,nan,nan,0,nan,nan
12740,7.22676988362e-12,0,1.28804438575e-14,nan,nan,0,nan,nan
12744,7.23801912403e-12,0,1.2889082746e-14,nan,nan,0,nan,nan
12748,7.24897316893e-12,0,1.28994327643e-14,nan,nan,0,nan,nan
12752,7.25963201607e-12,0,1.29113965414e-14,nan,nan,0,nan,nan
12756,7.26999567872e-12,0,1.29248398569e-14,nan,nan,0,nan,nan
12760,7.28006418563e-12,0,1.29396782982e-14,nan,nan,0,nan,nan
12764,7.2898375808e-12,0,1.29557636969e-14,nan,nan,0,nan,nan
12768,7.29931592355e-12,0,1.2973011217e-14,nan,nan,0,nan,nan
12772,7.30849928831e-12,0,1.29912789451e-14,nan,nan,0,nan,nan
12776,7.31738776456e-12,0,1.30104409658e-14,nan,nan,0,nan,nan
12780,7.32598145673e-12,0,1.30303741782e-14,nan,nan,0,nan,nan
12784,7.33428048415e-12,0,1.30509679661e-14,nan,nan,0,nan,nan
12788,7.34228498091e-12,0,1.30720650546e-14,nan,nan,0,nan,nan
12792,7.34999509578e-12,0,1.30935505504e-14,nan,nan,0,nan,nan
12796,7.35741099219e-12,0,1.31153029888e-14,nan,nan,0,nan,nan
12800,7.36453284804e-12,0,1.31372048244e-14,nan,nan,0,nan,nan
12804,7.37136085566e-12,0,1.31590972982e-14,nan,nan,0,nan,nan
12808,7.37789522175e-12,0,1.31809008767e-14,nan,nan,0,nan,nan
12812,7.38413616728e-12,0,1.32024626479e-14,nan,nan,0,nan,nan
12816,7.39008392736e-12,0,1.32236866152e-14,nan,nan,0,nan,nan
12820,7.39573875121e-12,0,1.32444297009e-14,nan,nan,0,nan,nan
12824,7.40110090208e-12,0,1.3264612713e-14,nan,nan,0,nan,nan
12828,7.40617065711e-12,0,1.32841187665e-14,nan,nan,0,nan,nan
12832,7.41094830728e-12,0,1.33028289454e-14,nan,nan,0,nan,nan
12836,7.41543415736e-12,0,1.33206623029e-14,nan,nan,0,nan,nan
12840,7.41962852574e-12,0,1.33375217893e-14,nan,nan,0,nan,nan
12844,7.42353174444e-12,0,1.33533238499e-14,nan,nan,0,nan,nan
12848,7.42714415896e-12,0,1.33679414528e-14,nan,nan,0,nan,nan
12852,7.43046612822e-12,0,1.33813602951e-14,nan,nan,0,nan,nan
12856,7.4334980245e-12,0,1.33934412364e-14,nan,nan,0,nan,nan
12860,7.43624023327e-12,0,1.3404157641e-14,nan,nan,0,nan,nan
12864,7.43869315325e-12,0,1.34134524825e-14,nan,nan,0,nan,nan
12868,7.44085719617e-12,0,1.34212128663e-14,nan,nan,0,nan,nan
12872,7.44273278678e-12,0,1.34274362766e-14,nan,nan,0,nan,nan
12876,7.44432036276e-12,0,1.34320705303e-14,nan,nan,0,nan,nan
12880,7.44562037461e-12,0,1.34350495743e-14,nan,nan,0,nan,nan
12884,7.44663328555e-12,0,1.34363667664e-14,nan,nan,0,nan,nan
12888,7.44735957149e-12,0,1.3435965286e-14,nan,nan,0,nan,nan
12892,7.4477997209e-12,0,1.34338424072e-14,nan,nan,0,nan,nan
12896,7.44795423474e-12,0,1.34299634993e-14,nan,nan,0,nan,nan
12900,7.44782362637e-12,0,1.3424325277e-14,nan,nan,0,nan,nan
12904,7.44740842148e-12,0,1.34169178629e-14,nan,nan,0,nan,nan
12908,7.44670915799e-12,0,1.34077473702e-14,nan,nan,0,nan,nan
12912,7.44572638597e-12,0,1.33968100538e-14,nan,nan,0,nan,nan
12916,7.44446066754e-12,0,1.3384125477e-14,nan,nan,0,nan,nan
12920,7.44291257686e-12,0,1.33696938864e-14,nan,nan,0,nan,nan
12924,7.44108269991e-12,0,1.33535353859e-14,nan,nan,0,nan,nan
12928,7.43897163456e-12,0,1.33357100054e-14,nan,nan,0,nan,nan
12932,7.43657999034e-12,0,1.33161975649e-14,nan,nan,0,nan,nan
12936,7.43390838848e-12,0,1.32950573879e-14,nan,nan,0,nan,nan
12940,7.43095746176e-12,0,1.32723522814e-14,nan,nan,0,nan,nan
12944,7.42772785444e-12,0,1.32480915189e-14,nan,nan,0,nan,nan
12948,7.4242202222e-12,0,1.32223556632e-14,nan,nan,0,nan,nan
12952,7.42043523201e-12,0,1.31951899196e-14,nan,nan,0,nan,nan
12956,7.41637356213e-12,0,1.31666323752e-14,nan,nan,0,nan,nan
12960,7.41203590192e-12,0,1.31367699415e-14,nan,nan,0,nan,nan
12964,7.40742295188e-12,0,1.3105624497e-14,nan,nan,0,nan,nan
12968,7.40253542348e-12,0,1.30733654782e-14,nan,nan,0,nan,nan
12972,7.39737403912e-12,0,1.30399568853e-14,nan,nan,0,nan,nan
12976,7.39193953208e-12,0,1.30055507399e-14,nan,nan,0,nan,nan
12980,7.38623264637e-12,0,1.29701886695e-14,nan,nan,0,nan,nan
12984,7.38025413673e-12,0,1.29339509307e-14,nan,nan,0,nan,nan
12988,7.37400476852e-12,0,1.2896957473e-14,nan,nan,0,nan,nan
12992,7.36748531765e-12,0,1.28592465501e-14,nan,nan,0,nan,nan
12996,7.36069657052e-12,0,1.2820950519e-14,nan,nan,0,nan,nan
13000,7.35363932394e-12,0,1.27821401905e-14,nan,nan,0,nan,nan
13004,7.34631438501e-12,0,1.27429150359e-14,nan,nan,0,nan,nan
13008,7.33872257119e-12,0,1.27033571163e-14,nan,nan,0,nan,nan
13012,7.33086471012e-12,0,1.26635630563e-14,nan,nan,0,nan,nan
13016,7.32274163953e-12,0,1.26236506356e-14,nan,nan,0,nan,nan
13020,7.3143542073e-12,0,1.25836691844e-14,nan,nan,0,nan,nan
13024,7.30570327125e-12,0,1.254375331e-14,nan,nan,0,nan,nan
13028,7.29678969919e-12,0,1.25039927063e-14,nan,nan,0,nan,nan
13032,7.28761436884e-12,0,1.24644774091e-14,nan,nan,0,nan,nan
13036,7.27817816772e-12,0,1.24252507817e-14,nan,nan,0,nan,nan
13040,7.2684819931e-12,0,1.23864841385e-14,nan,nan,0,nan,nan
13044,7.25852675199e-12,0,1.23482025912e-14,nan,nan,0,nan,nan
13048,7.2483133611e-12,0,1.23105229662e-14,nan,nan,0,nan,nan
13052,7.2378427467e-12,0,1.22735305236e-14,nan,nan,0,nan,nan
13056,7.2271158446e-12,0,1.22372887193e-14,nan,nan,0,nan,nan
13060,7.21613360017e-12,0,1.22018941167e-14,nan,nan,0,nan,nan
13064,7.20489696816e-12,0,1.21674215994e-14,nan,nan,0,nan,nan
13068,7.1934069128e-12,0,1.21339062608e-14,nan,nan,0,nan,nan
13072,7.18166440764e-12,0,1.21014731805e-14,nan,nan,0,nan,nan
13076,7.16967043551e-12,0,1.2070129764e-14,nan,nan,0,nan,nan
13080,7.15742598861e-12,0,1.20399670896e-14,nan,nan,0,nan,nan
13084,7.14493206822e-12,0,1.20110316153e-14,nan,nan,0,nan,nan
13088,7.13218968494e-12,0,1.19833810494e-14,nan,nan,0,nan,nan
13092,7.11919985844e-12,0,1.1957029945e-14,nan,nan,0,nan,nan
13096,7.10596361748e-12,0,1.19320442872e-14,nan,nan,0,nan,nan
13100,7.09248199996e-12,0,1.19084413103e-14,nan,nan,0,nan,nan
13104,7.07875605273e-12,0,1.18862643623e-14,nan,nan,0,nan,nan
13108,7.06478683168e-12,0,1.18655059809e-14,nan,nan,0,nan,nan
13112,7.05057540164e-12,0,1.18462264927e-14,nan,nan,0,nan,nan
13116,7.03612283636e-12,0,1.18283816105e-14,nan,nan,0,nan,nan
13120,7.02143021852e-12,0,1.18120213562e-14,nan,nan,0,nan,nan
13124,7.00649863963e-12,0,1.1797130798e-14,nan,nan,0,nan,nan
13128,6.99132920003e-12,0,1.17836934732e-14,nan,nan,0,nan,nan
13132,6.97592300887e-12,0,1.17717162745e-14,nan,nan,0,nan,nan
13136,6.96028118408e-12,0,1.17611406299e-14,nan,nan,0,nan,nan
13140,6.94440485235e-12,0,1.17519954461e-14,nan,nan,0,nan,nan
13144,6.92829514906e-12,0,1.17442106407e-14,nan,nan,0,nan,nan
13148,6.91195321831e-12,0,1.17377938352e-14,nan,nan,0,nan,nan
13152,6.89538021284e-12,0,1.17326745184e-14,nan,nan,0,nan,nan
13156,6.87857729407e-12,0,1.172880762e-14,nan,nan,0,nan,nan
13160,6.86154563202e-12,0,1.17261737549e-14,nan,nan,0,nan,nan
13164,6.84428640532e-12,0,1.17247074612e-14,nan,nan,0,nan,nan
13168,6.82680080117e-12,0,1.1724343312e-14,nan,nan,0,nan,nan
13172,6.80909001531e-12,0,1.17250512343e-14,nan,nan,0,nan,nan
13176,6.79115525205e-12,0,1.17267532571e-14,nan,nan,0,nan,nan
13180,6.77299772418e-12,0,1.17293848729e-14,nan,nan,0,nan,nan
13184,6.75461865301e-12,0,1.1732890239e-14,nan,nan,0,nan,nan
13188,6.73601926828e-12,0,1.17371738369e-14,nan,nan,0,nan,nan
13192,6.71720080822e-12,0,1.17422114733e-14,nan,nan,0,nan,nan
13196,6.69816451949e-12,0,1.174789067e-14,nan,nan,0,nan,nan
13200,6.67891165711e-12,0,1.1754147536e-14,nan,nan,0,nan,nan
13204,6.65944348464e-12,0,1.17609348877e-14,nan,nan,0,nan,nan
13208,6.63976127382e-12,0,1.17681497096e-14,nan,nan,0,nan,nan
13212,6.61986630489e-12,0,1.17757234512e-14,nan,nan,0,nan,nan
13216,6.59975986644e-12,0,1.17835914732e-14,nan,nan,0,nan,nan
13220,6.57944325527e-12,0,1.17916708131e-14,nan,nan,0,nan,nan
13224,6.55891777661e-12,0,1.17998958157e-14,nan,nan,0,nan,nan
13228,6.53818474392e-12,0,1.180818842e-14,nan,nan,0,nan,nan
13232,6.51724547896e-12,0,1.18164761279e-14,nan,nan,0,nan,nan
13236,6.49610131173e-12,0,1.18246837231e-14,nan,nan,0,nan,nan
13240,6.4747535805e-12,0,1.18327613809e-14,nan,nan,0,nan,nan
13244,6.45320363174e-12,0,1.1840647137e-14,nan,nan,0,nan,nan
13248,6.43145282018e-12,0,1.18482327096e-14,nan,nan,0,nan,nan
13252,6.40950250871e-12,0,1.18555062094e-14,nan,nan,0,nan,nan
13256,6.38735406844e-12,0,1.18623585321e-14,nan,nan,0,nan,nan
13260,6.36500887861e-12,0,1.18687879843e-14,nan,nan,0,nan,nan
13264,6.34246832666e-12,0,1.18746968947e-14,nan,nan,0,nan,nan
13268,6.31973380817e-12,0,1.18800495636e-14,nan,nan,0,nan,nan
13272,6.29680672685e-12,0,1.18847908882e-14,nan,nan,0,nan,nan
13276,6.27368849455e-12,0,1.1888888838e-14,nan,nan,0,nan,nan
13280,6.2503805312e-12,0,1.18922779469e-14,nan,nan,0,nan,nan
13284,6.22688426488e-12,0,1.18949414861e-14,nan,nan,0,nan,nan
13288,6.20320113175e-12,0,1.18968347761e-14,nan,nan,0,nan,nan
13292,6.17933257604e-12,0,1.18979138307e-14,nan,nan,0,nan,nan
13296,6.1552800501e-12,0,1.18981422012e-14,nan,nan,0,nan,nan
13300,6.13104501431e-12,0,1.18975344553e-14,nan,nan,0,nan,nan
13304,6.1066289372e-12,0,1.18960313329e-14,nan,nan,0,nan,nan
13308,6.08203329529e-12,0,1.18936299927e-14,nan,nan,0,nan,nan
13312,6.05725957321e-12,0,1.18903005907e-14,nan,nan,0,nan,nan
13316,6.03230926368e-12,0,1.18860394458e-14,nan,nan,0,nan,nan
13320,6.00718386744e-12,0,1.18808360543e-14,nan,nan,0,nan,nan
13324,5.98188489336e-12,0,1.1874679203e-14,nan,nan,0,nan,nan
13328,5.95641385837e-12,0,1.18675834901e-14,nan,nan,0,nan,nan
13332,5.9307722875e-12,0,1.18595345076e-14,nan,nan,0,nan,nan
13336,5.90496171386e-12,0,1.18505277943e-14,nan,nan,0,nan,nan
13340,5.87898367871e-12,0,1.18405993817e-14,nan,nan,0,nan,nan
13344,5.85283973142e-12,0,1.18297416904e-14,nan,nan,0,nan,nan
13348,5.82653142953e-12,0,1.18179590514e-14,nan,nan,0,nan,nan
13352,5.80006033872e-12,0,1.18052693854e-14,nan,nan,0,nan,nan
13356,5.77342803291e-12,0,1.17917057477e-14,nan,nan,0,nan,nan
13360,5.74663609421e-12,0,1.177729436e-14,nan,nan,0,nan,nan
13364,5.719686113e-12,0,1.17620369393e-14,nan,nan,0,nan,nan
13368,5.69257968796e-12,0,1.17459853276e-14,nan,nan,0,nan,nan
13372,5.66531842611e-12,0,1.17291526739e-14,nan,nan,0,nan,nan
13376,5.63790394282e-12,0,1.1711574034e-14,nan,nan,0,nan,nan
13380,5.6103378619e-12,0,1.16932750581e-14,nan,nan,0,nan,nan
13384,5.58262181566e-12,0,1.16743055861e-14,nan,nan,0,nan,nan
13388,5.55475744491e-12,0,1.16547021558e-14,nan,nan,0,nan,nan
13392,5.52674639908e-12,0,1.1634488661e-14,nan,nan,0,nan,nan
13396,5.49859033628e-12,0,1.16137170156e-14,nan,nan,0,nan,nan
13400,5.47029092335e-12,0,1.15924351357e-14,nan,nan,0,nan,nan
13404,5.44184983593e-12,0,1.15706874236e-14,nan,nan,0,nan,nan
13408,5.41326875862e-12,0,1.15485005842e-14,nan,nan,0,nan,nan
13412,5.38454938501e-12,0,1.1525947214e-14,nan,nan,0,nan,nan
13416,5.35569341776e-12,0,1.1503050639e-14,nan,nan,0,nan,nan
13420,5.32670256882e-12,0,1.14798613542e-14,nan,nan,0,nan,nan
13424,5.29757855936e-12,0,1.14564437421e-14,nan,nan,0,nan,nan
13428,5.26832312011e-12,0,1.14328211458e-14,nan,nan,0,nan,nan
13432,5.23893799132e-12,0,1.14090471982e-14,nan,nan,0,nan,nan
13436,5.20942492299e-12,0,1.13852092895e-14,nan,nan,0,nan,nan
13440,5.17978567498e-12,0,1.13613035671e-14,nan,nan,0,nan,nan
13444,5.15002201719e-12,0,1.13373911318e-14,nan,nan,0,nan,nan
13448,5.12013572973e-12,0,1.13135438689e-14,nan,nan,0,nan,nan
13452,5.09012860308e-12,0,1.12897653216e-14,nan,nan,0,nan,nan
13456,5.06000243829e-12,0,1.12661309468e-14,nan,nan,0,nan,nan
13460,5.02975904719e-12,0,1.12426927159e-14,nan,nan,0,nan,nan
13464,4.99940025261e-12,0,1.12194582574e-14,nan,nan,0,nan,nan
13468,4.96892788856e-12,0,1.1196475607e-14,nan,nan,0,nan,nan
13472,4.93834380051e-12,0,1.11738393224e-14,nan,nan,0,nan,nan
13476,4.90764984563e-12,0,1.11515346594e-14,nan,nan,0,nan,nan
13480,4.87684789311e-12,0,1.11296034722e-14,nan,nan,0,nan,nan
13484,4.84593982427e-12,0,1.11080744762e-14,nan,nan,0,nan,nan
13488,4.81492753306e-12,0,1.10870247202e-14,nan,nan,0,nan,nan
13492,4.78381292628e-12,0,1.10664203228e-14,nan,nan,0,nan,nan
13496,4.75259792387e-12,0,1.10463287012e-14,nan,nan,0,nan,nan
13500,4.72128445926e-12,0,1.10267686973e-14,nan,nan,0,nan,nan
13504,4.68987447995e-12,0,1.10077867126e-14,nan,nan,0,nan,nan
13508,4.65836994743e-12,0,1.09893597749e-14,nan,nan,0,nan,nan
13512,4.62677283805e-12,0,1.09715234656e-14,nan,nan,0,nan,nan
13516,4.59508514322e-12,0,1.09543181637e-14,nan,nan,0,nan,nan
13520,4.56330886983e-12,0,1.09377321314e-14,nan,nan,0,nan,nan
13524,4.5314460408e-12,0,1.09217684221e-14,nan,nan,0,nan,nan
13528,4.49949869553e-12,0,1.09064833002e-14,nan,nan,0,nan,nan
13532,4.46746889043e-12,0,1.08918211198e-14,nan,nan,0,nan,nan
13536,4.43535869942e-12,0,1.08777671232e-14,nan,nan,0,nan,nan
13540,4.40317021452e-12,0,1.08644593072e-14,nan,nan,0,nan,nan
13544,4.3709055465e-12,0,1.08517520981e-14,nan,nan,0,nan,nan
13548,4.33856682538e-12,0,1.08396965884e-14,nan,nan,0,nan,nan
13552,4.30615620118e-12,0,1.08282829086e-14,nan,nan,0,nan,nan
13556,4.27367584457e-12,0,1.08175000194e-14,nan,nan,0,nan,nan
13560,4.24112794763e-12,0,1.0807320424e-14,nan,nan,0,nan,nan
13564,4.20851472452e-12,0,1.07977572863e-14,nan,nan,0,nan,nan
13568,4.17583841235e-12,0,1.07888046098e-14,nan,nan,0,nan,nan
13572,4.14310127199e-12,0,1.07803849895e-14,nan,nan,0,nan,nan
13576,4.11030558893e-12,0,1.07725287783e-14,nan,nan,0,nan,nan
13580,4.07745367422e-12,0,1.07652238467e-14,nan,nan,0,nan,nan
13584,4.04454786536e-12,0,1.07583954689e-14,nan,nan,0,nan,nan
13588,4.01159052745e-12,0,1.07520402051e-14,nan,nan,0,nan,nan
13592,3.97858405409e-12,0,1.07461771443e-14,nan,nan,0,nan,nan
13596,3.94553086859e-12,0,1.07407262538e-14,nan,nan,0,nan,nan
13600,3.91243342512e-12,0,1.07356763368e-14,nan,nan,0,nan,nan
13604,3.87929420985e-12,0,1.07309808484e-14,nan,nan,0,nan,nan
13608,3.84611574243e-12,0,1.07266450166e-14,nan,nan,0,nan,nan
13612,3.81290057713e-12,0,1.07225885344e-14,nan,nan,0,nan,nan
13616,3.77965130437e-12,0,1.07188215807e-14,nan,nan,0,nan,nan
13620,3.74637055221e-12,0,1.07153080428e-14,nan,nan,0,nan,nan
13624,3.71306098783e-12,0,1.07119930895e-14,nan,nan,0,nan,nan
13628,3.67972531935e-12,0,1.0708875728e-14,nan,nan,0,nan,nan
13632,3.64636629733e-12,0,1.0705882336e-14,nan,nan,0,nan,nan
13636,3.61298671675e-12,0,1.07030185643e-14,nan,nan,0,nan,nan
13640,3.57958941893e-12,0,1.07002268729e-14,nan,nan,0,nan,nan
13644,3.54617729342e-12,0,1.06974938718e-14,nan,nan,0,nan,nan
13648,3.51275328018e-12,0,1.06947698499e-14,nan,nan,0,nan,nan
13652,3.47932037182e-12,0,1.06920466948e-14,nan,nan,0,nan,nan
13656,3.44588161597e-12,0,1.06892811929e-14,nan,nan,0,nan,nan
13660,3.41244011764e-12,0,1.06864392742e-14,nan,nan,0,nan,nan
13664,3.37899904184e-12,0,1.06835068536e-14,nan,nan,0,nan,nan
13668,3.34556161641e-12,0,1.06804447177e-14,nan,nan,0,nan,nan
13672,3.31213113476e-12,0,1.06772381563e-14,nan,nan,0,nan,nan
13676,3.27871095895e-12,0,1.06738477763e-14,nan,nan,0,nan,nan
13680,3.24530452291e-12,0,1.06702768251e-14,nan,nan,0,nan,nan
13684,3.2119153357e-12,0,1.0666467553e-14,nan,nan,0,nan,nan
13688,3.17854698513e-12,0,1.06624290072e-14,nan,nan,0,nan,nan
13692,3.14520314147e-12,0,1.06581313808e-14,nan,nan,0,nan,nan
13696,3.11188756133e-12,0,1.0653557158e-14,nan,nan,0,nan,nan
13700,3.07860409176e-12,0,1.06486867083e-14,nan,nan,0,nan,nan
13704,3.04535667474e-12,0,1.06435044045e-14,nan,nan,0,nan,nan
13708,3.01214935165e-12,0,1.06380173656e-14,nan,nan,0,nan,nan
13712,2.97898626814e-12,0,1.06321834861e-14,nan,nan,0,nan,nan
13716,2.94587167922e-12,0,1.06260200814e-14,nan,nan,0,nan,nan
13720,2.91280995471e-12,0,1.06194965777e-14,nan,nan,0,nan,nan
13724,2.87980558472e-12,0,1.0612609808e-14,nan,nan,0,nan,nan
13728,2.84686318582e-12,0,1.06053809578e-14,nan,nan,0,nan,nan
13732,2.81398750719e-12,0,1.05977907567e-14,nan,nan,0,nan,nan
13736,2.78118343728e-12,0,1.05898468267e-14,nan,nan,0,nan,nan
13740,2.74845601084e-12,0,1.05814989131e-14,nan,nan,0,nan,nan
13744,2.71581041618e-12,0,1.05728079546e-14,nan,nan,0,nan,nan
13748,2.68325200295e-12,0,1.05637628619e-14,nan,nan,0,nan,nan
13752,2.65078629029e-12,0,1.05543539777e-14,nan,nan,0,nan,nan
13756,2.61841897537e-12,0,1.05446041671e-14,nan,nan,0,nan,nan
13760,2.58615594242e-12,0,1.05345038536e-14,nan,nan,0,nan,nan
13764,2.5540032722e-12,0,1.05240700315e-14,nan,nan,0,nan,nan
13768,2.52196725192e-12,0,1.05133081486e-14,nan,nan,0,nan,nan
13772,2.49005438572e-12,0,1.05022424552e-14,nan,nan,0,nan,nan
13776,2.45827140561e-12,0,1.04908692987e-14,nan,nan,0,nan,nan
13780,2.42662528295e-12,0,1.04792217249e-14,nan,nan,0,nan,nan
13784,2.39512324051e-12,0,1.04672845214e-14,nan,nan,0,nan,nan
13788,2.36377276498e-12,0,1.04551085528e-14,nan,nan,0,nan,nan
13792,2.33258162018e-12,0,1.04426748514e-14,nan,nan,0,nan,nan
13796,2.30155786072e-12,0,1.04300279103e-14,nan,nan,0,nan,nan
13800,2.27070984629e-12,0,1.04171726994e-14,nan,nan,0,nan,nan
13804,2.24004625643e-12,0,1.04041234095e-14,nan,nan,0,nan,nan
13808,2.20957610609e-12,0,1.0390913378e-14,nan,nan,0,nan,nan
13812,2.17930876132e-12,0,1.03775467399e-14,nan,nan,0,nan,nan
13816,2.14925395587e-12,0,1.0364053045e-14,nan,nan,0,nan,nan
13820,2.11942180802e-12,0,1.03504493529e-14,nan,nan,0,nan,nan
13824,2.0898228379e-12,0,1.03367476018e-14,nan,nan,0,nan,nan
13828,2.06046798521e-12,0,1.03229860543e-14,nan,nan,0,nan,nan
13832,2.03136862713e-12,0,1.03091547227e-14,nan,nan,0,nan,nan
13836,2.00253659649e-12,0,1.02953061222e-14,nan,nan,0,nan,nan
13840,1.97398420002e-12,0,1.02814451291e-14,nan,nan,0,nan,nan
13844,1.94572423635e-12,0,1.02675961641e-14,nan,nan,0,nan,nan
13848,1.91777001401e-12,0,1.02537594554e-14,nan,nan,0,nan,nan
13852,1.89013536879e-12,0,1.02399812282e-14,nan,nan,0,nan,nan
13856,1.86283468044e-12,0,1.02262608532e-14,nan,nan,0,nan,nan
13860,1.83588288844e-12,0,1.02126250937e-14,nan,nan,0,nan,nan
13864,1.80929550649e-12,0,1.01990788643e-14,nan,nan,0,nan,nan
13868,1.78308863529e-12,0,1.01856743469e-14,nan,nan,0,nan,nan
13872,1.75727897334e-12,0,1.0172383433e-14,nan,nan,0,nan,nan
13876,1.73188382512e-12,0,1.01592543398e-14,nan,nan,0,nan,nan
13880,1.70692110639e-12,0,1.01462631661e-14,nan,nan,0,nan,nan
13884,1.68240934565e-12,0,1.01334586592e-14,nan,nan,0,nan,nan
13888,1.65836768163e-12,0,1.01208275026e-14,nan,nan,0,nan,nan
13892,1.63481585565e-12,0,1.01084069561e-14,nan,nan,0,nan,nan
13896,1.6117741984e-12,0,1.00961847124e-14,nan,nan,0,nan,nan
13900,1.58926361043e-12,0,1.00841810464e-14,nan,nan,0,nan,nan
13904,1.56730553513e-12,0,1.00723909594e-14,nan,nan,0,nan,nan
13908,1.54592192402e-12,0,1.00608430582e-14,nan,nan,0,nan,nan
13912,1.52513519285e-12,0,1.00495198097e-14,nan,nan,0,nan,nan
13916,1.5049681682e-12,0,1.00384498767e-14,nan,nan,0,nan,nan
13920,1.48544402354e-12,0,1.00276043412e-14,nan,nan,0,nan,nan
13924,1.46658620426e-12,0,1.00170224393e-14,nan,nan,0,nan,nan
13928,1.44841834082e-12,0,1.00066663912e-14,nan,nan,0,nan,nan
13932,1.43096415003e-12,0,9.99657205667e-15,nan,nan,0,nan,nan
13936,1.41424732375e-12,0,9.98670642848e-15,nan,nan,0,nan,nan
13940,1.39829140548e-12,0,9.97708636918e-15,nan,nan,0,nan,nan
13944,1.38311965494e-12,0,9.96770763342e-15,nan,nan,0,nan,nan
13948,1.3687549013e-12,0,9.95856558074e-15,nan,nan,0,nan,nan
13952,1.35521938622e-12,0,9.94963685905e-15,nan,nan,0,nan,nan
13956,1.34253459808e-12,0,9.94094772666e-15,nan,nan,0,nan,nan
13960,1.33072109917e-12,0,9.9324508464e-15,nan,nan,0,nan,nan
13964,1.31979834838e-12,0,9.92410878987e-15,nan,nan,0,nan,nan
13968,1.30978452178e-12,0,9.91611243878e-15,nan,nan,0,nan,nan
13972,1.30069633436e-12,0,9.90817537743e-15,nan,nan,0,nan,nan
13976,1.29254886617e-12,0,9.9004374642e-15,nan,nan,0,nan,nan
13980,1.28535539637e-12,0,9.8928691819e-15,nan,nan,0,nan,nan
13984,1.27912724898e-12,0,9.88544646551e-15,nan,nan,0,nan,nan
13988,1.27387365373e-12,0,9.87816857391e-15,nan,nan,0,nan,nan
13992,1.2696016256e-12,0,9.87100687394e-15,nan,nan,0,nan,nan
13996,1.26631586615e-12,0,9.86395916765e-15,nan,nan,0,nan,nan
14000,1.2640186893e-12,0,9.85701119803e-15,nan,nan,0,nan,nan
14004,1.26270997322e-12,0,9.85013978642e-15,nan,nan,0,nan,nan
14008,1.26238714124e-12,0,9.84334406735e-15,nan,nan,0,nan,nan
14012,1.26304516992e-12,0,9.83661110346e-15,nan,nan,0,nan,nan
14016,1.2646766268e-12,0,9.82988330229e-15,nan,nan,0,nan,nan
14020,1.26727173521e-12,0,9.82321103454e-15,nan,nan,0,nan,nan
14024,1.27081846514e-12,0,9.81654740449e-15,nan,nan,0,nan,nan
14028,1.27530264797e-12,0,9.80986637483e-15,nan,nan,0,nan,nan
14032,1.28070811176e-12,0,9.80319275367e-15,nan,nan,0,nan,nan
14036,1.28701683438e-12,0,9.79645261044e-15,nan,nan,0,nan,nan
14040,1.29420911047e-12,0,9.78968482516e-15,nan,nan,0,nan,nan
14044,1.30226372876e-12,0,9.78285806639e-15,nan,nan,0,nan,nan
14048,1.31115815588e-12,0,9.77597275405e-15,nan,nan,0,nan,nan
14052,1.32086872327e-12,0,9.76898912815e-15,nan,nan,0,nan,nan
14056,1.33137081362e-12,0,9.76190870677e-15,nan,nan,0,nan,nan
14060,1.34263904392e-12,0,9.75473073957e-15,nan,nan,0,nan,nan
14064,1.35464744255e-12,0,9.74744828128e-15,nan,nan,0,nan,nan
14068,1.36736961779e-12,0,9.74002017006e-15,nan,nan,0,nan,nan
14072,1.38077891664e-12,0,9.73245683169e-15,nan,nan,0,nan,nan
14076,1.39484857182e-12,0,9.72476155907e-15,nan,nan,0,nan,nan
14080,1.40955183675e-12,0,9.71691275378e-15,nan,nan,0,nan,nan
14084,1.42486210717e-12,0,9.7089035687e-15,nan,nan,0,nan,nan
14088,1.44075303004e-12,0,9.70074474015e-15,nan,nan,0,nan,nan
14092,1.45719859906e-12,0,9.69239844958e-15,nan,nan,0,nan,nan
14096,1.47417323756e-12,0,9.68389059747e-15,nan,nan,0,nan,nan
14100,1.49165186911e-12,0,9.67521169521e-15,nan,nan,0,nan,nan
14104,1.50960997679e-12,0,9.66636052393e-15,nan,nan,0,nan,nan
14108,1.52802365117e-12,0,9.65732129952e-15,nan,nan,0,nan,nan
14112,1.54686962903e-12,0,9.64811203161e-15,nan,nan,0,nan,nan
14116,1.56612532251e-12,0,9.63870963978e-15,nan,nan,0,nan,nan
14120,1.58576884042e-12,0,9.62914255759e-15,nan,nan,0,nan,nan
14124,1.60577900207e-12,0,9.61940325676e-15,nan,nan,0,nan,nan
14128,1.62613534506e-12,0,9.60948243296e-15,nan,nan,0,nan,nan
14132,1.64681812703e-12,0,9.59939601394e-15,nan,nan,0,nan,nan
14136,1.66780832303e-12,0,9.58914939895e-15,nan,nan,0,nan,nan
14140,1.68908761853e-12,0,9.57873338314e-15,nan,nan,0,nan,nan
14144,1.71063839906e-12,0,9.56818740806e-15,nan,nan,0,nan,nan
14148,1.73244373706e-12,0,9.55748348759e-15,nan,nan,0,nan,nan
14152,1.75448737628e-12,0,9.54664088285e-15,nan,nan,0,nan,nan
14156,1.77675371444e-12,0,9.5356701924e-15,nan,nan,0,nan,nan
14160,1.79922778434e-12,0,9.5245890817e-15,nan,nan,0,nan,nan
14164,1.82189523407e-12,0,9.51339035322e-15,nan,nan,0,nan,nan
14168,1.84474230621e-12,0,9.50209562161e-15,nan,nan,0,nan,nan
14172,1.86775581686e-12,0,9.49071593038e-15,nan,nan,0,nan,nan
14176,1.89092313413e-12,0,9.47924917252e-15,nan,nan,0,nan,nan
14180,1.91423215674e-12,0,9.46771735149e-15,nan,nan,0,nan,nan
14184,1.93767129272e-12,0,9.45614110688e-15,nan,nan,0,nan,nan
14188,1.96122943832e-12,0,9.44452046747e-15,nan,nan,0,nan,nan
14192,1.98489595729e-12,0,9.43286212202e-15,nan,nan,0,nan,nan
14196,2.00866066062e-12,0,9.42119627003e-15,nan,nan,0,nan,nan
14200,2.03251378685e-12,0,9.40951430918e-15,nan,nan,0,nan,nan
14204,2.05644598277e-12,0,9.39784876495e-15,nan,nan,0,nan,nan
14208,2.0804482851e-12,0,9.3862070337e-15,nan,nan,0,nan,nan
14212,2.10451210235e-12,0,9.3746092258e-15,nan,nan,0,nan,nan
14216,2.12862919779e-12,0,9.36303770513e-15,nan,nan,0,nan,nan
14220,2.15279167274e-12,0,9.35154118359e-15,nan,nan,0,nan,nan
14224,2.17699195081e-12,0,9.34011502141e-15,nan,nan,0,nan,nan
14228,2.20122276258e-12,0,9.32877386666e-15,nan,nan,0,nan,nan
14232,2.22547713114e-12,0,9.31753425726e-15,nan,nan,0,nan,nan
14236,2.24974835818e-12,0,9.30638639292e-15,nan,nan,0,nan,nan
14240,2.27403001077e-12,0,9.29536411679e-15,nan,nan,0,nan,nan
14244,2.29831590866e-12,0,9.28448693724e-15,nan,nan,0,nan,nan
14248,2.32260011233e-12,0,9.27372879851e-15,nan,nan,0,nan,nan
14252,2.34687691157e-12,0,9.26313882401e-15,nan,nan,0,nan,nan
14256,2.37114081454e-12,0,9.25270206733e-15,nan,nan,0,nan,nan
14260,2.39538653745e-12,0,9.24243243062e-15,nan,nan,0,nan,nan
14264,2.4196089948e-12,0,9.23231115094e-15,nan,nan,0,nan,nan
14268,2.44380329002e-12,0,9.22241850866e-15,nan,nan,0,nan,nan
14272,2.46796470662e-12,0,9.21269612048e-15,nan,nan,0,nan,nan
14276,2.49208869981e-12,0,9.20316530901e-15,nan,nan,0,nan,nan
14280,2.51617088855e-12,0,9.19383364771e-15,nan,nan,0,nan,nan
14284,2.54020704796e-12,0,9.18470380296e-15,nan,nan,0,nan,nan
14288,2.56419310223e-12,0,9.17577850365e-15,nan,nan,0,nan,nan
14292,2.58812511775e-12,0,9.16705760276e-15,nan,nan,0,nan,nan
14296,2.61199929672e-12,0,9.15856273121e-15,nan,nan,0,nan,nan
14300,2.63581197111e-12,0,9.15026306166e-15,nan,nan,0,nan,nan
14304,2.65955959666e-12,0,9.14217604794e-15,nan,nan,0,nan,nan
14308,2.68323874771e-12,0,9.13430061071e-15,nan,nan,0,nan,nan
14312,2.70684611173e-12,0,9.12663521603e-15,nan,nan,0,nan,nan
14316,2.73037848453e-12,0,9.11915341613e-15,nan,nan,0,nan,nan
14320,2.75383276551e-12,0,9.1118963407e-15,nan,nan,0,nan,nan
14324,2.77720595332e-12,0,9.10482655218e-15,nan,nan,0,nan,nan
14328,2.80049514156e-12,0,9.09795394079e-15,nan,nan,0,nan,nan
14332,2.82369751482e-12,0,9.09124705516e-15,nan,nan,0,nan,nan
14336,2.84681034495e-12,0,9.08472690668e-15,nan,nan,0,nan,nan
14340,2.86983098735e-12,0,9.07838593219e-15,nan,nan,0,nan,nan
14344,2.8927568777e-12,0,9.0722122433e-15,nan,nan,0,nan,nan
14348,2.91558552862e-12,0,9.06617934146e-15,nan,nan,0,nan,nan
14352,2.93831452664e-12,0,9.06029150905e-15,nan,nan,0,nan,nan
14356,2.96094152924e-12,0,9.05453324812e-15,nan,nan,0,nan,nan
14360,2.98346426218e-12,0,9.04889960403e-15,nan,nan,0,nan,nan
14364,3.00588051671e-12,0,9.04338426313e-15,nan,nan,0,nan,nan
14368,3.02818814725e-12,0,9.03797144684e-15,nan,nan,0,nan,nan
14372,3.0503850688e-12,0,9.03264586214e-15,nan,nan,0,nan,nan
14376,3.07246925486e-12,0,9.02740056814e-15,nan,nan,0,nan,nan
14380,3.09443873517e-12,0,9.02221741105e-15,nan,nan,0,nan,nan
14384,3.11629159374e-12,0,9.01709550908e-15,nan,nan,0,nan,nan
14388,3.13802596677e-12,0,9.01199781813e-15,nan,nan,0,nan,nan
14392,3.15964004094e-12,0,9.00694194192e-15,nan,nan,0,nan,nan
14396,3.18113205159e-12,0,9.0018855652e-15,nan,nan,0,nan,nan
14400,3.20250028097e-12,0,8.99683183928e-15,nan,nan,0,nan,nan
14404,3.22374305668e-12,0,8.99176772924e-15,nan,nan,0,nan,nan
14408,3.24485875026e-12,0,8.98668167161e-15,nan,nan,0,nan,nan
14412,3.26584577547e-12,0,8.98157105626e-15,nan,nan,0,nan,nan
14416,3.28670258717e-12,0,8.97640265988e-15,nan,nan,0,nan,nan
14420,3.3074276798e-12,0,8.97116618113e-15,nan,nan,0,nan,nan
14424,3.32801958621e-12,0,8.96584701909e-15,nan,nan,0,nan,nan
14428,3.34847687643e-12,0,8.96044878314e-15,nan,nan,0,nan,nan
14432,3.36879815652e-12,0,8.95495521388e-15,nan,nan,0,nan,nan
14436,3.3889820674e-12,0,8.94933337321e-15,nan,nan,0,nan,nan
14440,3.40902728394e-12,0,8.94362157259e-15,nan,nan,0,nan,nan
14444,3.42893251379e-12,0,8.93776305931e-15,nan,nan,0,nan,nan
14448,3.44869649653e-12,0,8.93176205438e-15,nan,nan,0,nan,nan
14452,3.4683180027e-12,0,8.9256257201e-15,nan,nan,0,nan,nan
14456,3.48779583294e-12,0,8.91931673258e-15,nan,nan,0,nan,nan
14460,3.50712881711e-12,0,8.91285040354e-15,nan,nan,0,nan,nan
14464,3.52631581354e-12,0,8.90617918837e-15,nan,nan,0,nan,nan
14468,3.54535570818e-12,0,8.89938071568e-15,nan,nan,0,nan,nan
14472,3.56424741396e-12,0,8.89238313762e-15,nan,nan,0,nan,nan
14476,3.58298986996e-12,0,8.88520176535e-15,nan,nan,0,nan,nan
14480,3.60158204084e-12,0,8.87781211816e-15,nan,nan,0,nan,nan
14484,3.62002291612e-12,0,8.87023471635e-15,nan,nan,0,nan,nan
14488,3.63831150957e-12,0,8.86246101498e-15,nan,nan,0,nan,nan
14492,3.65644685862e-12,0,8.85446793641e-15,nan,nan,0,nan,nan
14496,3.6744280238e-12,0,8.84629890791e-15,nan,nan,0,nan,nan
14500,3.69225408813e-12,0,8.83790044113e-15,nan,nan,0,nan,nan
14504,3.70992415661e-12,0,8.82931485444e-15,nan,nan,0,nan,nan
14508,3.7274373558e-12,0,8.8205155602e-15,nan,nan,0,nan,nan
14512,3.74479283323e-12,0,8.81152905882e-15,nan,nan,0,nan,nan
14516,3.76198975691e-12,0,8.80235034539e-15,nan,nan,0,nan,nan
14520,3.77902731501e-12,0,8.79295652288e-15,nan,nan,0,nan,nan
14524,3.79590471529e-12,0,8.78338446465e-15,nan,nan,0,nan,nan
14528,3.81262118474e-12,0,8.77364362781e-15,nan,nan,0,nan,nan
14532,3.82917596921e-12,0,8.76368233091e-15,nan,nan,0,nan,nan
14536,3.84556833296e-12,0,8.75362830037e-15,nan,nan,0,nan,nan
14540,3.86179755836e-12,0,8.74330150723e-15,nan,nan,0,nan,nan
14544,3.87786294549e-12,0,8.73288116538e-15,nan,nan,0,nan,nan
14548,3.89376381179e-12,0,8.72230781295e-15,nan,nan,0,nan,nan
14552,3.90949949177e-12,0,8.7115803626e-15,nan,nan,0,nan,nan
14556,3.92506933666e-12,0,8.70073816942e-15,nan,nan,0,nan,nan
14560,3.94047271414e-12,0,8.68976675562e-15,nan,nan,0,nan,nan
14564,3.955709008e-12,0,8.67867877457e-15,nan,nan,0,nan,nan
14568,3.97077761791e-12,0,8.66750993464e-15,nan,nan,0,nan,nan
14572,3.98567795911e-12,0,8.65621407349e-15,nan,nan,0,nan,nan
14576,4.00040946218e-12,0,8.64487463822e-15,nan,nan,0,nan,nan
14580,4.01497157275e-12,0,8.63345529965e-15,nan,nan,0,nan,nan
14584,4.02936375131e-12,0,8.62198513522e-15,nan,nan,0,nan,nan
14588,4.04358547293e-12,0,8.61047256712e-15,nan,nan,0,nan,nan
14592,4.05763622707e-12,0,8.59893221599e-15,nan,nan,0,nan,nan
14596,4.07151551736e-12,0,8.58737856156e-15,nan,nan,0,nan,nan
14600,4.0852228614e-12,0,8.5758263269e-15,nan,nan,0,nan,nan
14604,4.09875779044e-12,0,8.56427423436e-15,nan,nan,0,nan,nan
14608,4.11211984946e-12,0,8.55275386278e-15,nan,nan,0,nan,nan
14612,4.1253085967e-12,0,8.54126924439e-15,nan,nan,0,nan,nan
14616,4.13832360369e-12,0,8.52982325427e-15,nan,nan,0,nan,nan
14620,4.15116445494e-12,0,8.51844512713e-15,nan,nan,0,nan,nan
14624,4.16383074782e-12,0,8.507137124e-15,nan,nan,0,nan,nan
14628,4.17632209244e-12,0,8.49590555519e-15,nan,nan,0,nan,nan
14632,4.18863811149e-12,0,8.48479847827e-15,nan,nan,0,nan,nan
14636,4.20077844002e-12,0,8.47377860288e-15,nan,nan,0,nan,nan
14640,4.21274272537e-12,0,8.46286710234e-15,nan,nan,0,nan,nan
14644,4.22453062706e-12,0,8.45210970801e-15,nan,nan,0,nan,nan
14648,4.23614181657e-12,0,8.44148233899e-15,nan,nan,0,nan,nan
14652,4.24757597726e-12,0,8.43101000729e-15,nan,nan,0,nan,nan
14656,4.25883280426e-12,0,8.42069032992e-15,nan,nan,0,nan,nan
14660,4.26991200435e-12,0,8.41054018026e-15,nan,nan,0,nan,nan
14664,4.28081329583e-12,0,8.40057163315e-15,nan,nan,0,nan,nan
14668,4.29153640842e-12,0,8.3907667228e-15,nan,nan,0,nan,nan
14672,4.30208108314e-12,0,8.38117921463e-15,nan,nan,0,nan,nan
14676,4.31244707227e-12,0,8.37176948223e-15,nan,nan,0,nan,nan
14680,4.32263413914e-12,0,8.36256702507e-15,nan,nan,0,nan,nan
14684,4.33264205818e-12,0,8.35356953978e-15,nan,nan,0,nan,nan
14688,4.34247061469e-12,0,8.34477097783e-15,nan,nan,0,nan,nan
14692,4.35211960484e-12,0,8.33620399007e-15,nan,nan,0,nan,nan
14696,4.36158883557e-12,0,8.3278419327e-15,nan,nan,0,nan,nan
14700,4.37087812444e-12,0,8.31970715056e-15,nan,nan,0,nan,nan
14704,4.37998729971e-12,0,8.31176941849e-15,nan,nan,0,nan,nan
14708,4.38891620004e-12,0,8.30407392566e-15,nan,nan,0,nan,nan
14712,4.39766467465e-12,0,8.29657746572e-15,nan,nan,0,nan,nan
14716,4.40623258306e-12,0,8.28929955263e-15,nan,nan,0,nan,nan
14720,4.41461979511e-12,0,8.28223919475e-15,nan,nan,0,nan,nan
14724,4.42282619087e-12,0,8.27538894695e-15,nan,nan,0,nan,nan
14728,4.43085166059e-12,0,8.26873763539e-15,nan,nan,0,nan,nan
14732,4.43869610462e-12,0,8.26229833815e-15,nan,nan,0,nan,nan
14736,4.44635943332e-12,0,8.25607043847e-15,nan,nan,0,nan,nan
14740,4.45384156708e-12,0,8.24999905066e-15,nan,nan,0,nan,nan
14744,4.46114243616e-12,0,8.24413135382e-15,nan,nan,0,nan,nan
14748,4.4682619807e-12,0,8.23844063212e-15,nan,nan,0,nan,nan
14752,4.47520015062e-12,0,8.23292012827e-15,nan,nan,0,nan,nan
14756,4.48195690559e-12,0,8.22754849984e-15,nan,nan,0,nan,nan
14760,4.48853221497e-12,0,8.22235437619e-15,nan,nan,0,nan,nan
14764,4.49492605774e-12,0,8.21728910367e-15,nan,nan,0,nan,nan
14768,4.50113842247e-12,0,8.21236222219e-15,nan,nan,0,nan,nan
14772,4.50716930723e-12,0,8.20754788781e-15,nan,nan,0,nan,nan
14776,4.51301871956e-12,0,8.20285907179e-15,nan,nan,0,nan,nan
14780,4.51868667646e-12,0,8.19827984701e-15,nan,nan,0,nan,nan
14784,4.52417320421e-12,0,8.19378775267e-15,nan,nan,0,nan,nan
14788,4.52947833849e-12,0,8.18938042193e-15,nan,nan,0,nan,nan
14792,4.53460212417e-12,0,8.18502421787e-15,nan,nan,0,nan,nan
14796,4.5395446154e-12,0,8.18073498446e-15,nan,nan,0,nan,nan
14800,4.54430587535e-12,0,8.17649354371e-15,nan,nan,0,nan,nan
14804,4.54888597653e-12,0,8.17230335833e-15,nan,nan,0,nan,nan
14808,4.55328500027e-12,0,8.16810105588e-15,nan,nan,0,nan,nan
14812,4.55750303707e-12,0,8.16393155201e-15,nan,nan,0,nan,nan
14816,4.56154018627e-12,0,8.15974756501e-15,nan,nan,0,nan,nan
14820,4.56539655625e-12,0,8.15556784586e-15,nan,nan,0,nan,nan
14824,4.5690722641e-12,0,8.15135040147e-15,nan,nan,0,nan,nan
14828,4.57256743584e-12,0,8.14710048221e-15,nan,nan,0,nan,nan
14832,4.57588220617e-12,0,8.14280350148e-15,nan,nan,0,nan,nan
14836,4.57901671854e-12,0,8.13846084774e-15,nan,nan,0,nan,nan
14840,4.58197112503e-12,0,8.13402562795e-15,nan,nan,0,nan,nan
14844,4.58474558634e-12,0,8.12953325714e-15,nan,nan,0,nan,nan
14848,4.58734027173e-12,0,8.12492844724e-15,nan,nan,0,nan,nan
14852,4.58975535894e-12,0,8.12025128083e-15,nan,nan,0,nan,nan
14856,4.59199103419e-12,0,8.1154430712e-15,nan,nan,0,nan,nan
14860,4.59404749209e-12,0,8.11054120832e-15,nan,nan,0,nan,nan
14864,4.59592493562e-12,0,8.10551390505e-15,nan,nan,0,nan,nan
14868,4.59762357603e-12,0,8.10033469154e-15,nan,nan,0,nan,nan
14872,4.59914363286e-12,0,8.09503728626e-15,nan,nan,0,nan,nan
14876,4.60048533381e-12,0,8.08957204269e-15,nan,nan,0,nan,nan
14880,4.60164891477e-12,0,8.08397364524e-15,nan,nan,0,nan,nan
14884,4.60263461966e-12,0,8.07822454455e-15,nan,nan,0,nan,nan
14888,4.60344270051e-12,0,8.07230703943e-15,nan,nan,0,nan,nan
14892,4.60407341732e-12,0,8.06621316029e-15,nan,nan,0,nan,nan
14896,4.60452703803e-12,0,8.05996076918e-15,nan,nan,0,nan,nan
14900,4.60480383848e-12,0,8.05354071576e-15,nan,nan,0,nan,nan
14904,4.60490410233e-12,0,8.04694716044e-15,nan,nan,0,nan,nan
14908,4.60482812103e-12,0,8.04017016411e-15,nan,nan,0,nan,nan
14912,4.60457619379e-12,0,8.03322110172e-15,nan,nan,0,nan,nan
14916,4.60414862746e-12,0,8.02609386373e-15,nan,nan,0,nan,nan
14920,4.60354573657e-12,0,8.0187937341e-15,nan,nan,0,nan,nan
14924,4.60276784322e-12,0,8.01131606321e-15,nan,nan,0,nan,nan
14928,4.60181527701e-12,0,8.00366005693e-15,nan,nan,0,nan,nan
14932,4.60068837506e-12,0,7.9958460249e-15,nan,nan,0,nan,nan
14936,4.59938748192e-12,0,7.98786302611e-15,nan,nan,0,nan,nan
14940,4.59791294948e-12,0,7.97969830593e-15,nan,nan,0,nan,nan
14944,4.59626513701e-12,0,7.97138157466e-15,nan,nan,0,nan,nan
14948,4.59444441104e-12,0,7.96291569711e-15,nan,nan,0,nan,nan
14952,4.59245114534e-12,0,7.9542874932e-15,nan,nan,0,nan,nan
14956,4.59028572085e-12,0,7.9455109752e-15,nan,nan,0,nan,nan
14960,4.58794852565e-12,0,7.93660043303e-15,nan,nan,0,nan,nan
14964,4.58543995497e-12,0,7.92755032388e-15,nan,nan,0,nan,nan
14968,4.58276041097e-12,0,7.91840135314e-15,nan,nan,0,nan,nan
14972,4.5799103029e-12,0,7.90910960685e-15,nan,nan,0,nan,nan
14976,4.57689004694e-12,0,7.89970543863e-15,nan,nan,0,nan,nan
14980,4.57370006617e-12,0,7.89020546839e-15,nan,nan,0,nan,nan
14984,4.57034079049e-12,0,7.880619868e-15,nan,nan,0,nan,nan
14988,4.56681265672e-12,0,7.87093829965e-15,nan,nan,0,nan,nan
14992,4.56311610836e-12,0,7.86117258168e-15,nan,nan,0,nan,nan
14996,4.55925159569e-12,0,7.85135631516e-15,nan,nan,0,nan,nan
15000,4.55521957564e-12,0,7.84147428692e-15,nan,nan,0,nan,nan
15004,4.55102051189e-12,0,7.831554348e-15,nan,nan,0,nan,nan
15008,4.5466548746e-12,0,7.82158238001e-15,nan,nan,0,nan,nan
15012,4.5421231406e-12,0,7.81159332726e-15,nan,nan,0,nan,nan
15016,4.53742579321e-12,0,7.80157724133e-15,nan,nan,0,nan,nan
15020,4.53256332227e-12,0,7.79156035551e-15,nan,nan,0,nan,nan
15024,4.52753622406e-12,0,7.78153861998e-15,nan,nan,0,nan,nan
15028,4.52234500128e-12,0,7.77153168496e-15,nan,nan,0,nan,nan
15032,4.51699016307e-12,0,7.76153802407e-15,nan,nan,0,nan,nan
15036,4.51147222486e-12,0,7.75163213144e-15,nan,nan,0,nan,nan
15040,4.50579170845e-12,0,7.74168587941e-15,nan,nan,0,nan,nan
15044,4.4999491419e-12,0,7.73183089723e-15,nan,nan,0,nan,nan
15048,4.49394505958e-12,0,7.72203464189e-15,nan,nan,0,nan,nan
15052,4.48778000202e-12,0,7.71229736858e-15,nan,nan,0,nan,nan
15056,4.48145451602e-12,0,7.70264849638e-15,nan,nan,0,nan,nan
15060,4.47496915448e-12,0,7.69307109808e-15,nan,nan,0,nan,nan
15064,4.46832447654e-12,0,7.68359382699e-15,nan,nan,0,nan,nan
15068,4.46152104734e-12,0,7.67421557212e-15,nan,nan,0,nan,nan
15072,4.45455943823e-12,0,7.66496842436e-15,nan,nan,0,nan,nan
15076,4.44744022652e-12,0,7.65581584197e-15,nan,nan,0,nan,nan
15080,4.44016399567e-12,0,7.64678633973e-15,nan,nan,0,nan,nan
15084,4.43273133508e-12,0,7.63787983175e-15,nan,nan,0,nan,nan
15088,4.42514284016e-12,0,7.62910476355e-15,nan,nan,0,nan,nan
15092,4.41739911232e-12,0,7.62049223623e-15,nan,nan,0,nan,nan
15096,4.40950075893e-12,0,7.61198081492e-15,nan,nan,0,nan,nan
15100,4.40144839321e-12,0,7.60364487659e-15,nan,nan,0,nan,nan
15104,4.39324263444e-12,0,7.59546138538e-15,nan,nan,0,nan,nan
15108,4.38488410767e-12,0,7.58741755886e-15,nan,nan,0,nan,nan
15112,4.3763734439e-12,0,7.57952946234e-15,nan,nan,0,nan,nan
15116,4.36771127994e-12,0,7.57179297941e-15,nan,nan,0,nan,nan
15120,4.35889825847e-12,0,7.56422796834e-15,nan,nan,0,nan,nan
15124,4.349935028e-12,0,7.55681472544e-15,nan,nan,0,nan,nan
15128,4.34082224285e-12,0,7.54956202961e-15,nan,nan,0,nan,nan
15132,4.33156056311e-12,0,7.5424534486e-15,nan,nan,0,nan,nan
15136,4.32215065467e-12,0,7.53553048495e-15,nan,nan,0,nan,nan
15140,4.31259318919e-12,0,7.5287355973e-15,nan,nan,0,nan,nan
15144,4.30288884407e-12,0,7.52211101932e-15,nan,nan,0,nan,nan
15148,4.29303830247e-12,0,7.51562630116e-15,nan,nan,0,nan,nan
15152,4.28304225325e-12,0,7.50929574001e-15,nan,nan,0,nan,nan
15156,4.27290139097e-12,0,7.50310777925e-15,nan,nan,0,nan,nan
15160,4.26261641595e-12,0,7.4970568554e-15,nan,nan,0,nan,nan
15164,4.25218803413e-12,0,7.49114478221e-15,nan,nan,0,nan,nan
15168,4.24161695717e-12,0,7.48538009188e-15,nan,nan,0,nan,nan
15172,4.23090390236e-12,0,7.47970416991e-15,nan,nan,0,nan,nan
15176,4.22004959268e-12,0,7.47416974552e-15,nan,nan,0,nan,nan
15180,4.20905475673e-12,0,7.46874773023e-15,nan,nan,0,nan,nan
15184,4.19792012871e-12,0,7.46343244608e-15,nan,nan,0,nan,nan
15188,4.18664644852e-12,0,7.45821614366e-15,nan,nan,0,nan,nan
15192,4.17523446158e-12,0,7.45310086703e-15,nan,nan,0,nan,nan
15196,4.16368491896e-12,0,7.44806728753e-15,nan,nan,0,nan,nan
15200,4.1519985773e-12,0,7.4431196451e-15,nan,nan,0,nan,nan
15204,4.14017619882e-12,0,7.4382349258e-15,nan,nan,0,nan,nan
15208,4.1282185513e-12,0,7.43342754024e-15,nan,nan,0,nan,nan
15212,4.11612640809e-12,0,7.42866445404e-15,nan,nan,0,nan,nan
15216,4.10390054805e-12,0,7.42396347124e-15,nan,nan,0,nan,nan
15220,4.09154175561e-12,0,7.41929205879e-15,nan,nan,0,nan,nan
15224,4.07905082071e-12,0,7.41465597482e-15,nan,nan,0,nan,nan
15228,4.06642853882e-12,0,7.41005222564e-15,nan,nan,0,nan,nan
15232,4.05367571088e-12,0,7.40546131446e-15,nan,nan,0,nan,nan
15236,4.04079314334e-12,0,7.40087102947e-15,nan,nan,0,nan,nan
15240,4.02778164819e-12,0,7.39630662105e-15,nan,nan,0,nan,nan
15244,4.01464204276e-12,0,7.39171941933e-15,nan,nan,0,nan,nan
15248,4.00137514999e-12,0,7.3871195456e-15,nan,nan,0,nan,nan
15252,3.98798179818e-12,0,7.38249905977e-15,nan,nan,0,nan,nan
15256,3.97446282114e-12,0,7.37784335661e-15,nan,nan,0,nan,nan
15260,3.96081905806e-12,0,7.37317265168e-15,nan,nan,0,nan,nan
15264,3.94705135359e-12,0,7.36843995945e-15,nan,nan,0,nan,nan
15268,3.93316055782e-12,0,7.36365461541e-15,nan,nan,0,nan,nan
15272,3.91914752618e-12,0,7.3588375296e-15,nan,nan,0,nan,nan
15276,3.90501311957e-12,0,7.35395630659e-15,nan,nan,0,nan,nan
15280,3.89075820428e-12,0,7.34899336042e-15,nan,nan,0,nan,nan
15284,3.87638365196e-12,0,7.3439720794e-15,nan,nan,0,nan,nan
15288,3.86189033965e-12,0,7.33887001827e-15,nan,nan,0,nan,nan
15292,3.84727914979e-12,0,7.33368155215e-15,nan,nan,0,nan,nan
15296,3.83255097015e-12,0,7.32841958685e-15,nan,nan,0,nan,nan
15300,3.8177066939e-12,0,7.3230675606e-15,nan,nan,0,nan,nan
15304,3.8027472196e-12,0,7.31761828429e-15,nan,nan,0,nan,nan
15308,3.78767345108e-12,0,7.31206902298e-15,nan,nan,0,nan,nan
15312,3.77248629762e-12,0,7.3064271517e-15,nan,nan,0,nan,nan
15316,3.75718667381e-12,0,7.3006837192e-15,nan,nan,0,nan,nan
15320,3.74177549959e-12,0,7.29483325783e-15,nan,nan,0,nan,nan
15324,3.72625370031e-12,0,7.28889501377e-15,nan,nan,0,nan,nan
15328,3.71062220662e-12,0,7.28283540796e-15,nan,nan,0,nan,nan
15332,3.69488195457e-12,0,7.27667687046e-15,nan,nan,0,nan,nan
15336,3.67903388557e-12,0,7.27040874423e-15,nan,nan,0,nan,nan
15340,3.66307894642e-12,0,7.26403326305e-15,nan,nan,0,nan,nan
15344,3.6470180893e-12,0,7.25756285626e-15,nan,nan,0,nan,nan
15348,3.63085227175e-12,0,7.25098425401e-15,nan,nan,0,nan,nan
15352,3.61458245678e-12,0,7.24429379891e-15,nan,nan,0,nan,nan
15356,3.59820961281e-12,0,7.23752138925e-15,nan,nan,0,nan,nan
15360,3.58173471366e-12,0,7.2306455194e-15,nan,nan,0,nan,nan
15364,3.56515873862e-12,0,7.22365369254e-15,nan,nan,0,nan,nan
15368,3.54848267253e-12,0,7.21660355053e-15,nan,nan,0,nan,nan
15372,3.53170750564e-12,0,7.20942510348e-15,nan,nan,0,nan,nan
15376,3.51483423379e-12,0,7.20219796067e-15,nan,nan,0,nan,nan
15380,3.49786385837e-12,0,7.19485948403e-15,nan,nan,0,nan,nan
15384,3.48079738635e-12,0,7.18744057757e-15,nan,nan,0,nan,nan
15388,3.46363583035e-12,0,7.17997798047e-15,nan,nan,0,nan,nan
15392,3.44638020864e-12,0,7.17242116974e-15,nan,nan,0,nan,nan
15396,3.42903154521e-12,0,7.16479702656e-15,nan,nan,0,nan,nan
15400,3.41159086982e-12,0,7.15711304145e-15,nan,nan,0,nan,nan
15404,3.39405921803e-12,0,7.14938206866e-15,nan,nan,0,nan,nan
15408,3.37643763125e-12,0,7.14159403248e-15,nan,nan,0,nan,nan
15412,3.35872715685e-12,0,7.13377179664e-15,nan,nan,0,nan,nan
15416,3.34092884813e-12,0,7.12589413263e-15,nan,nan,0,nan,nan
15420,3.32304376451e-12,0,7.11799559409e-15,nan,nan,0,nan,nan
15424,3.30507297146e-12,0,7.11006686773e-15,nan,nan,0,nan,nan
15428,3.28701754074e-12,0,7.10210162723e-15,nan,nan,0,nan,nan
15432,3.26887855032e-12,0,7.09413900349e-15,nan,nan,0,nan,nan
15436,3.25065708458e-12,0,7.08616226926e-15,nan,nan,0,nan,nan
15440,3.2323542344e-12,0,7.07817545537e-15,nan,nan,0,nan,nan
15444,3.21397109715e-12,0,7.07017191971e-15,nan,nan,0,nan,nan
15448,3.19550877698e-12,0,7.06220222139e-15,nan,nan,0,nan,nan
15452,3.17696838474e-12,0,7.05422595522e-15,nan,nan,0,nan,nan
15456,3.15835103825e-12,0,7.04627698997e-15,nan,nan,0,nan,nan
15460,3.13965786233e-12,0,7.03834775294e-15,nan,nan,0,nan,nan
15464,3.12088998902e-12,0,7.03046352748e-15,nan,nan,0,nan,nan
15468,3.10204855762e-12,0,7.02257121758e-15,nan,nan,0,nan,nan
15472,3.08313471497e-12,0,7.01475783083e-15,nan,nan,0,nan,nan
15476,3.06414961546e-12,0,7.00696726379e-15,nan,nan,0,nan,nan
15480,3.04509442131e-12,0,6.99922481344e-15,nan,nan,0,nan,nan
15484,3.02597030272e-12,0,6.99152705868e-15,nan,nan,0,nan,nan
15488,3.00677843805e-12,0,6.98389766509e-15,nan,nan,0,nan,nan
15492,2.987520014e-12,0,6.97632596925e-15,nan,nan,0,nan,nan
15496,2.96819622586e-12,0,6.96881497196e-15,nan,nan,0,nan,nan
15500,2.94880827762e-12,0,6.96137118413e-15,nan,nan,0,nan,nan
15504,2.92935738238e-12,0,6.95398478927e-15,nan,nan,0,nan,nan
15508,2.90984476242e-12,0,6.94668694588e-15,nan,nan,0,nan,nan
15512,2.89027164961e-12,0,6.93944539596e-15,nan,nan,0,nan,nan
15516,2.87063928554e-12,0,6.9322980641e-15,nan,nan,0,nan,nan
15520,2.85094892181e-12,0,6.9252159323e-15,nan,nan,0,nan,nan
15524,2.83120182043e-12,0,6.91822626214e-15,nan,nan,0,nan,nan
15528,2.81139925404e-12,0,6.91130012405e-15,nan,nan,0,nan,nan
15532,2.79154250627e-12,0,6.90448153948e-15,nan,nan,0,nan,nan
15536,2.77163287204e-12,0,6.89772722224e-15,nan,nan,0,nan,nan
15540,2.75167165798e-12,0,6.89104332243e-15,nan,nan,0,nan,nan
15544,2.73166018276e-12,0,6.88446367895e-15,nan,nan,0,nan,nan
15548,2.71159977749e-12,0,6.87796652186e-15,nan,nan,0,nan,nan
15552,2.69149178614e-12,0,6.87154219128e-15,nan,nan,0,nan,nan
15556,2.67133756598e-12,0,6.86521004378e-15,nan,nan,0,nan,nan
15560,2.651138488e-12,0,6.85893837275e-15,nan,nan,0,nan,nan
15564,2.63089593743e-12,0,6.85278213743e-15,nan,nan,0,nan,nan
15568,2.61061131423e-12,0,6.84666466626e-15,nan,nan,0,nan,nan
15572,2.59028603357e-12,0,6.84063073886e-15,nan,nan,0,nan,nan
15576,2.56992152644e-12,0,6.83467615124e-15,nan,nan,0,nan,nan
15580,2.54951924022e-12,0,6.82879018506e-15,nan,nan,0,nan,nan
15584,2.52908063921e-12,0,6.82297075384e-15,nan,nan,0,nan,nan
15588,2.50860720537e-12,0,6.81723421667e-15,nan,nan,0,nan,nan
15592,2.48810043894e-12,0,6.81153754514e-15,nan,nan,0,nan,nan
15596,2.46756185911e-12,0,6.80590521298e-15,nan,nan,0,nan,nan
15600,2.44699300482e-12,0,6.80033476147e-15,nan,nan,0,nan,nan
15604,2.42639543548e-12,0,6.79480572944e-15,nan,nan,0,nan,nan
15608,2.40577073177e-12,0,6.78934806878e-15,nan,nan,0,nan,nan
15612,2.38512049657e-12,0,6.78390837994e-15,nan,nan,0,nan,nan
15616,2.36444635574e-12,0,6.77853633814e-15,nan,nan,0,nan,nan
15620,2.34374995916e-12,0,6.77318500265e-15,nan,nan,0,nan,nan
15624,2.32303298167e-12,0,6.76786266948e-15,nan,nan,0,nan,nan
15628,2.30229712408e-12,0,6.76258643755e-15,nan,nan,0,nan,nan
15632,2.28154411431e-12,0,6.75733673927e-15,nan,nan,0,nan,nan
15636,2.26077570851e-12,0,6.75209367746e-15,nan,nan,0,nan,nan
15640,2.23999369226e-12,0,6.74687251001e-15,nan,nan,0,nan,nan
15644,2.21919988184e-12,0,6.74167803716e-15,nan,nan,0,nan,nan
15648,2.19839612555e-12,0,6.73646619356e-15,nan,nan,0,nan,nan
15652,2.17758430515e-12,0,6.73129122338e-15,nan,nan,0,nan,nan
15656,2.15676633725e-12,0,6.72608982919e-15,nan,nan,0,nan,nan
15660,2.13594417496e-12,0,6.72090126561e-15,nan,nan,0,nan,nan
15664,2.11511980945e-12,0,6.71571318426e-15,nan,nan,0,nan,nan
15668,2.09429527167e-12,0,6.71051226881e-15,nan,nan,0,nan,nan
15672,2.07347263421e-12,0,6.70530308353e-15,nan,nan,0,nan,nan
15676,2.05265401314e-12,0,6.70007153405e-15,nan,nan,0,nan,nan
15680,2.03184157004e-12,0,6.69482128374e-15,nan,nan,0,nan,nan
15684,2.01103751416e-12,0,6.68955146954e-15,nan,nan,0,nan,nan
15688,1.9902441045e-12,0,6.68426351093e-15,nan,nan,0,nan,nan
15692,1.96946365236e-12,0,6.67893948497e-15,nan,nan,0,nan,nan
15696,1.94869852361e-12,0,6.67360058567e-15,nan,nan,0,nan,nan
15700,1.92795114142e-12,0,6.66821158798e-15,nan,nan,0,nan,nan
15704,1.90722398897e-12,0,6.66279586729e-15,nan,nan,0,nan,nan
15708,1.88651961226e-12,0,6.65734457577e-15,nan,nan,0,nan,nan
15712,1.86584062331e-12,0,6.6518656884e-15,nan,nan,0,nan,nan
15716,1.84518970324e-12,0,6.64632620679e-15,nan,nan,0,nan,nan
15720,1.82456960567e-12,0,6.64077555894e-15,nan,nan,0,nan,nan
15724,1.80398316039e-12,0,6.63516434397e-15,nan,nan,0,nan,nan
15728,1.78343327693e-12,0,6.62951635963e-15,nan,nan,0,nan,nan
15732,1.7629229487e-12,0,6.6238352887e-15,nan,nan,0,nan,nan
15736,1.74245525707e-12,0,6.61809494091e-15,nan,nan,0,nan,nan
15740,1.72203337576e-12,0,6.61232284764e-15,nan,nan,0,nan,nan
15744,1.70166057551e-12,0,6.60650228641e-15,nan,nan,0,nan,nan
15748,1.68134022891e-12,0,6.60064357368e-15,nan,nan,0,nan,nan
15752,1.66107581557e-12,0,6.59474069387e-15,nan,nan,0,nan,nan
15756,1.64087092745e-12,0,6.58879410266e-15,nan,nan,0,nan,nan
15760,1.62072927464e-12,0,6.5828106694e-15,nan,nan,0,nan,nan
15764,1.60065469121e-12,0,6.57678006767e-15,nan,nan,0,nan,nan
15768,1.58065114156e-12,0,6.57073496373e-15,nan,nan,0,nan,nan
15772,1.56072272698e-12,0,6.56462240693e-15,nan,nan,0,nan,nan
15776,1.54087369253e-12,0,6.55848705609e-15,nan,nan,0,nan,nan
15780,1.52110843431e-12,0,6.5523172848e-15,nan,nan,0,nan,nan
15784,1.50143150699e-12,0,6.54610618442e-15,nan,nan,0,nan,nan
15788,1.48184763182e-12,0,6.53987128558e-15,nan,nan,0,nan,nan
15792,1.46236170481e-12,0,6.53360137407e-15,nan,nan,0,nan,nan
15796,1.44297880543e-12,0,6.52732720459e-15,nan,nan,0,nan,nan
15800,1.42370420557e-12,0,6.52100674392e-15,nan,nan,0,nan,nan
15804,1.40454337898e-12,0,6.51467745475e-15,nan,nan,0,nan,nan
15808,1.38550201078e-12,0,6.50831642852e-15,nan,nan,0,nan,nan
15812,1.36658600768e-12,0,6.50194828815e-15,nan,nan,0,nan,nan
15816,1.34780150824e-12,0,6.49556352919e-15,nan,nan,0,nan,nan
15820,1.32915489355e-12,0,6.48917405508e-15,nan,nan,0,nan,nan
15824,1.31065279814e-12,0,6.4827592822e-15,nan,nan,0,nan,nan
15828,1.29230212115e-12,0,6.47635706298e-15,nan,nan,0,nan,nan
15832,1.27411003758e-12,0,6.46993160865e-15,nan,nan,0,nan,nan
15836,1.25608400982e-12,0,6.46352089928e-15,nan,nan,0,nan,nan
15840,1.23823179906e-12,0,6.45710061317e-15,nan,nan,0,nan,nan
15844,1.22056147674e-12,0,6.45069735825e-15,nan,nan,0,nan,nan
15848,1.20308143584e-12,0,6.44428992035e-15,nan,nan,0,nan,nan
15852,1.18580040177e-12,0,6.43790449624e-15,nan,nan,0,nan,nan
15856,1.16872744302e-12,0,6.43151716784e-15,nan,nan,0,nan,nan
15860,1.15187198099e-12,0,6.42515687663e-15,nan,nan,0,nan,nan
15864,1.13524379921e-12,0,6.41879145677e-15,nan,nan,0,nan,nan
15868,1.11885305131e-12,0,6.41247250277e-15,nan,nan,0,nan,nan
15872,1.1027102679e-12,0,6.40615664155e-15,nan,nan,0,nan,nan
15876,1.08682636169e-12,0,6.39986179086e-15,nan,nan,0,nan,nan
15880,1.07121263083e-12,0,6.39360627915e-15,nan,nan,0,nan,nan
15884,1.05588075982e-12,0,6.38737139298e-15,nan,nan,0,nan,nan
15888,1.040842818e-12,0,6.38116085802e-15,nan,nan,0,nan,nan
15892,1.02611125458e-12,0,6.37498186252e-15,nan,nan,0,nan,nan
15896,1.01169889049e-12,0,6.36884709401e-15,nan,nan,0,nan,nan
15900,9.97618905883e-13,0,6.36271712604e-15,nan,nan,0,nan,nan
15904,9.83884823343e-13,0,6.35663768582e-15,nan,nan,0,nan,nan
15908,9.70510485721e-13,0,6.3505967582e-15,nan,nan,0,nan,nan
15912,9.57510028729e-13,0,6.34457637647e-15,nan,nan,0,nan,nan
15916,9.44897847122e-13,0,6.33860099901e-15,nan,nan,0,nan,nan
15920,9.32688554488e-13,0,6.33266452001e-15,nan,nan,0,nan,nan
15924,9.20896935928e-13,0,6.32676448492e-15,nan,nan,0,nan,nan
15928,9.09537893449e-13,0,6.32089490616e-15,nan,nan,0,nan,nan
15932,8.98626383658e-13,0,6.31508502648e-15,nan,nan,0,nan,nan
15936,8.8817734775e-13,0,6.30927431347e-15,nan,nan,0,nan,nan
15940,8.78205633721e-13,0,6.30352335027e-15,nan,nan,0,nan,nan
15944,8.68725911094e-13,0,6.29780797151e-15,nan,nan,0,nan,nan
15948,8.59752578533e-13,0,6.2921233406e-15,nan,nan,0,nan,nan
15952,8.51299664999e-13,0,6.28647876019e-15,nan,nan,0,nan,nan
15956,8.43380725391e-13,0,6.28086718251e-15,nan,nan,0,nan,nan
15960,8.36008731857e-13,0,6.27528736295e-15,nan,nan,0,nan,nan
15964,8.29195962112e-13,0,6.26973239628e-15,nan,nan,0,nan,nan
15968,8.22953886689e-13,0,6.26421196776e-15,nan,nan,0,nan,nan
15972,8.17293056715e-13,0,6.25871488111e-15,nan,nan,0,nan,nan
15976,8.12222994623e-13,0,6.25326542741e-15,nan,nan,0,nan,nan
15980,8.0775208988e-13,0,6.24783734912e-15,nan,nan,0,nan,nan
15984,8.0388750193e-13,0,6.2424209204e-15,nan,nan,0,nan,nan
15988,8.00635072938e-13,0,6.23703724666e-15,nan,nan,0,nan,nan
15992,7.97999252024e-13,0,6.23166566211e-15,nan,nan,0,nan,nan
15996,7.95983033405e-13,0,6.22632693684e-15,nan,nan,0,nan,nan
16000,7.94587909728e-13,0,6.22100252755e-15,nan,nan,0,nan,nan
16004,7.93813842467e-13,0,6.21568762943e-15,nan,nan,0,nan,nan
16008,7.93659249204e-13,0,6.21038888066e-15,nan,nan,0,nan,nan
16012,7.94121009675e-13,0,6.20510427068e-15,nan,nan,0,nan,nan
16016,7.95194489206e-13,0,6.19981842387e-15,nan,nan,0,nan,nan
16020,7.9687357962e-13,0,6.19454810363e-15,nan,nan,0,nan,nan
16024,7.99150756536e-13,0,6.18928494668e-15,nan,nan,0,nan,nan
16028,8.02017151514e-13,0,6.18402596097e-15,nan,nan,0,nan,nan
16032,8.0546263711e-13,0,6.17877371636e-15,nan,nan,0,nan,nan
16036,8.09475923197e-13,0,6.17349257367e-15,nan,nan,0,nan,nan
16040,8.14044661855e-13,0,6.16824195736e-15,nan,nan,0,nan,nan
16044,8.19155558708e-13,0,6.16297732581e-15,nan,nan,0,nan,nan
16048,8.2479448857e-13,0,6.15770264052e-15,nan,nan,0,nan,nan
16052,8.30946612616e-13,0,6.15242318581e-15,nan,nan,0,nan,nan
16056,8.37596495559e-13,0,6.14713484751e-15,nan,nan,0,nan,nan
16060,8.44728220542e-13,0,6.14182210109e-15,nan,nan,0,nan,nan
16064,8.52325500303e-13,0,6.13650406308e-15,nan,nan,0,nan,nan
16068,8.60371782937e-13,0,6.13119719959e-15,nan,nan,0,nan,nan
16072,8.68850351563e-13,0,6.12584043128e-15,nan,nan,0,nan,nan
16076,8.77744416591e-13,0,6.12048419578e-15,nan,nan,0,nan,nan
16080,8.87037200387e-13,0,6.1150998443e-15,nan,nan,0,nan,nan
16084,8.96712013595e-13,0,6.10971123105e-15,nan,nan,0,nan,nan
16088,9.06752323535e-13,0,6.10428434764e-15,nan,nan,0,nan,nan
16092,9.17141814003e-13,0,6.09885338694e-15,nan,nan,0,nan,nan
16096,9.27864437394e-13,0,6.09339236035e-15,nan,nan,0,nan,nan
16100,9.3890445903e-13,0,6.08791410533e-15,nan,nan,0,nan,nan
16104,9.50246494166e-13,0,6.08242973897e-15,nan,nan,0,nan,nan
16108,9.61875538397e-13,0,6.07688448417e-15,nan,nan,0,nan,nan
16112,9.73776991691e-13,0,6.07133871357e-15,nan,nan,0,nan,nan
16116,9.85936676886e-13,0,6.06578983895e-15,nan,nan,0,nan,nan
16120,9.98340853009e-13,0,6.06018755578e-15,nan,nan,0,nan,nan
16124,1.01097622398e-12,0,6.05458091875e-15,nan,nan,0,nan,nan
16128,1.02382994354e-12,0,6.04894863409e-15,nan,nan,0,nan,nan
16132,1.03688961638e-12,0,6.04329451056e-15,nan,nan,0,nan,nan
16136,1.05014329652e-12,0,6.03761125078e-15,nan,nan,0,nan,nan
16140,1.06357948296e-12,0,6.03192855463e-15,nan,nan,0,nan,nan
16144,1.07718711321e-12,0,6.026223647e-15,nan,nan,0,nan,nan
16148,1.09095555509e-12,0,6.02048567711e-15,nan,nan,0,nan,nan
16152,1.10487459694e-12,0,6.01475232604e-15,nan,nan,0,nan,nan
16156,1.11893443684e-12,0,6.00897518625e-15,nan,nan,0,nan,nan
16160,1.13312567073e-12,0,6.00321056101e-15,nan,nan,0,nan,nan
16164,1.14743928008e-12,0,5.99743135175e-15,nan,nan,0,nan,nan
16168,1.16186661884e-12,0,5.99160930153e-15,nan,nan,0,nan,nan
16172,1.17639940033e-12,0,5.98581660993e-15,nan,nan,0,nan,nan
16176,1.19102968377e-12,0,5.98000252155e-15,nan,nan,0,nan,nan
16180,1.2057498609e-12,0,5.97418654923e-15,nan,nan,0,nan,nan
16184,1.22055264261e-12,0,5.96834798202e-15,nan,nan,0,nan,nan
16188,1.23543104579e-12,0,5.96254596431e-15,nan,nan,0,nan,nan
16192,1.25037838033e-12,0,5.9566914642e-15,nan,nan,0,nan,nan
16196,1.26538823641e-12,0,5.95087284163e-15,nan,nan,0,nan,nan
16200,1.2804544722e-12,0,5.94504951942e-15,nan,nan,0,nan,nan
16204,1.2955712018e-12,0,5.93922162112e-15,nan,nan,0,nan,nan
16208,1.31073278369e-12,0,5.93342042798e-15,nan,nan,0,nan,nan
16212,1.32593380946e-12,0,5.92760704315e-15,nan,nan,0,nan,nan
16216,1.34116909307e-12,0,5.92180814628e-15,nan,nan,0,nan,nan
16220,1.35643366043e-12,0,5.91603033485e-15,nan,nan,0,nan,nan
16224,1.37172273952e-12,0,5.91025894204e-15,nan,nan,0,nan,nan
16228,1.38703175079e-12,0,5.9045078516e-15,nan,nan,0,nan,nan
16232,1.40235629811e-12,0,5.89878742733e-15,nan,nan,0,nan,nan
16236,1.41769216004e-12,0,5.89306326989e-15,nan,nan,0,nan,nan
16240,1.43303528154e-12,0,5.88736881973e-15,nan,nan,0,nan,nan
16244,1.44838176608e-12,0,5.88170208677e-15,nan,nan,0,nan,nan
16248,1.4637278681e-12,0,5.87604048818e-15,nan,nan,0,nan,nan
16252,1.47906998584e-12,0,5.87042330044e-15,nan,nan,0,nan,nan
16256,1.49440465452e-12,0,5.86482329915e-15,nan,nan,0,nan,nan
16260,1.50972853992e-12,0,5.85927263827e-15,nan,nan,0,nan,nan
16264,1.52503843213e-12,0,5.85372320922e-15,nan,nan,0,nan,nan
16268,1.54033123981e-12,0,5.84821915905e-15,nan,nan,0,nan,nan
16272,1.55560398463e-12,0,5.8427423751e-15,nan,nan,0,nan,nan
16276,1.57085379596e-12,0,5.83729886724e-15,nan,nan,0,nan,nan
16280,1.58607790593e-12,0,5.83189832507e-15,nan,nan,0,nan,nan
16284,1.60127364468e-12,0,5.82652189673e-15,nan,nan,0,nan,nan
16288,1.6164384359e-12,0,5.8211785756e-15,nan,nan,0,nan,nan
16292,1.63156979252e-12,0,5.81586848752e-15,nan,nan,0,nan,nan
16296,1.64666531274e-12,0,5.81059975601e-15,nan,nan,0,nan,nan
16300,1.66172267622e-12,0,5.80535857957e-15,nan,nan,0,nan,nan
16304,1.67673964031e-12,0,5.80015826536e-15,nan,nan,0,nan,nan
16308,1.69171403685e-12,0,5.79498587268e-15,nan,nan,0,nan,nan
16312,1.70664376865e-12,0,5.7898507534e-15,nan,nan,0,nan,nan
16316,1.72152680664e-12,0,5.78474944245e-15,nan,nan,0,nan,nan
16320,1.73636118674e-12,0,5.77967973916e-15,nan,nan,0,nan,nan
16324,1.75114500725e-12,0,5.77464844387e-15,nan,nan,0,nan,nan
16328,1.76587642609e-12,0,5.76965050073e-15,nan,nan,0,nan,nan
16332,1.78055365835e-12,0,5.76466296302e-15,nan,nan,0,nan,nan
16336,1.79517497393e-12,0,5.75973251123e-15,nan,nan,0,nan,nan
16340,1.80973869524e-12,0,5.75482228429e-15,nan,nan,0,nan,nan
16344,1.82424319514e-12,0,5.74994314313e-15,nan,nan,0,nan,nan
16348,1.83868689481e-12,0,5.74508781089e-15,nan,nan,0,nan,nan
16352,1.85306826191e-12,0,5.74025587832e-15,nan,nan,0,nan,nan
16356,1.86738580872e-12,0,5.73543723905e-15,nan,nan,0,nan,nan
16360,1.88163809038e-12,0,5.73064879772e-15,nan,nan,0,nan,nan
16364,1.89582370328e-12,0,5.72588695543e-15,nan,nan,0,nan,nan
16368,1.90994128344e-12,0,5.72114745223e-15,nan,nan,0,nan,nan
16372,1.92398950507e-12,0,5.71640801839e-15,nan,nan,0,nan,nan
16376,1.9379670791e-12,0,5.71169769565e-15,nan,nan,0,nan,nan
16380,1.95187275186e-12,0,5.70698310923e-15,nan,nan,0,nan,nan
16384,1.96570530381e-12,0,5.70229927862e-15,nan,nan,0,nan,nan
16388,1.97946354825e-12,0,5.69761563076e-15,nan,nan,0,nan,nan
16392,1.99314633025e-12,0,5.69293443193e-15,nan,nan,0,nan,nan
16396,2.00675252545e-12,0,5.68826848853e-15,nan,nan,0,nan,nan
16400,2.02028103907e-12,0,5.68360366058e-15,nan,nan,0,nan,nan
16404,2.03373080485e-12,0,5.67894103383e-15,nan,nan,0,nan,nan
16408,2.04710078412e-12,0,5.67426907546e-15,nan,nan,0,nan,nan
16412,2.06038996494e-12,0,5.66960936963e-15,nan,nan,0,nan,nan
16416,2.07359736108e-12,0,5.66494026659e-15,nan,nan,0,nan,nan
16420,2.08672201132e-12,0,5.66025790604e-15,nan,nan,0,nan,nan
16424,2.09976297863e-12,0,5.65555510444e-15,nan,nan,0,nan,nan
16428,2.11271934934e-12,0,5.65085793838e-15,nan,nan,0,nan,nan
16432,2.12559023251e-12,0,5.64615387215e-15,nan,nan,0,nan,nan
16436,2.13837475916e-12,0,5.64142222997e-15,nan,nan,0,nan,nan
16440,2.15107208167e-12,0,5.63668016057e-15,nan,nan,0,nan,nan
16444,2.1636813731e-12,0,5.63194362342e-15,nan,nan,0,nan,nan
16448,2.17620182661e-12,0,5.62715668698e-15,nan,nan,0,nan,nan
16452,2.18863265488e-12,0,5.62236768263e-15,nan,nan,0,nan,nan
16456,2.20097308954e-12,0,5.61754888574e-15,nan,nan,0,nan,nan
16460,2.21322238066e-12,0,5.61270612491e-15,nan,nan,0,nan,nan
16464,2.22537979623e-12,0,5.60785259613e-15,nan,nan,0,nan,nan
16468,2.2374446217e-12,0,5.60295392907e-15,nan,nan,0,nan,nan
16472,2.24941615947e-12,0,5.59803189368e-15,nan,nan,0,nan,nan
16476,2.26129372848e-12,0,5.59309986917e-15,nan,nan,0,nan,nan
16480,2.27307666376e-12,0,5.58813423137e-15,nan,nan,0,nan,nan
16484,2.28476431606e-12,0,5.58312672945e-15,nan,nan,0,nan,nan
16488,2.29635605139e-12,0,5.57811105966e-15,nan,nan,0,nan,nan
16492,2.30785125073e-12,0,5.57306057058e-15,nan,nan,0,nan,nan
16496,2.31924930959e-12,0,5.56797113135e-15,nan,nan,0,nan,nan
16500,2.33054963764e-12,0,5.5628619137e-15,nan,nan,0,nan,nan
16504,2.3417516587e-12,0,5.55771775475e-15,nan,nan,0,nan,nan
16508,2.35285480976e-12,0,5.55254833724e-15,nan,nan,0,nan,nan
16512,2.36385854133e-12,0,5.54735524146e-15,nan,nan,0,nan,nan
16516,2.37476231682e-12,0,5.54213440389e-15,nan,nan,0,nan,nan
16520,2.38556561233e-12,0,5.53687367767e-15,nan,nan,0,nan,nan
16524,2.39626791637e-12,0,5.5315979006e-15,nan,nan,0,nan,nan
16528,2.40686872959e-12,0,5.52628279704e-15,nan,nan,0,nan,nan
16532,2.41736756455e-12,0,5.52097205867e-15,nan,nan,0,nan,nan
16536,2.42776394548e-12,0,5.51563091043e-15,nan,nan,0,nan,nan
16540,2.43805740802e-12,0,5.51023064927e-15,nan,nan,0,nan,nan
16544,2.44824749905e-12,0,5.50482582526e-15,nan,nan,0,nan,nan
16548,2.45833377639e-12,0,5.49940434308e-15,nan,nan,0,nan,nan
16552,2.46831580871e-12,0,5.4939780728e-15,nan,nan,0,nan,nan
16556,2.47819317525e-12,0,5.48852488092e-15,nan,nan,0,nan,nan
16560,2.48796546563e-12,0,5.48304604996e-15,nan,nan,0,nan,nan
16564,2.49763227972e-12,0,5.47757041962e-15,nan,nan,0,nan,nan
16568,2.50719322743e-12,0,5.47206025532e-15,nan,nan,0,nan,nan
16572,2.51664792854e-12,0,5.46655270827e-15,nan,nan,0,nan,nan
16576,2.52599601256e-12,0,5.46103110685e-15,nan,nan,0,nan,nan
16580,2.53523711854e-12,0,5.45551638974e-15,nan,nan,0,nan,nan
16584,2.54437089498e-12,0,5.44997624395e-15,nan,nan,0,nan,nan
16588,2.55339699957e-12,0,5.44445406538e-15,nan,nan,0,nan,nan
16592,2.56231509923e-12,0,5.43891639192e-15,nan,nan,0,nan,nan
16596,2.5711248698e-12,0,5.43338385126e-15,nan,nan,0,nan,nan
16600,2.579825996e-12,0,5.42785560079e-15,nan,nan,0,nan,nan
16604,2.58841817136e-12,0,5.42233121139e-15,nan,nan,0,nan,nan
16608,2.59690109792e-12,0,5.41680113607e-15,nan,nan,0,nan,nan
16612,2.60527448635e-12,0,5.41129797134e-15,nan,nan,0,nan,nan
16616,2.61353805564e-12,0,5.40580060869e-15,nan,nan,0,nan,nan
16620,2.62169153312e-12,0,5.40033023135e-15,nan,nan,0,nan,nan
16624,2.62973465433e-12,0,5.39485509002e-15,nan,nan,0,nan,nan
16628,2.63766716287e-12,0,5.3894087406e-15,nan,nan,0,nan,nan
16632,2.64548881038e-12,0,5.38397264014e-15,nan,nan,0,nan,nan
16636,2.65319935641e-12,0,5.37856835114e-15,nan,nan,0,nan,nan
16640,2.66079856835e-12,0,5.37317750334e-15,nan,nan,0,nan,nan
16644,2.66828622129e-12,0,5.36781382754e-15,nan,nan,0,nan,nan
16648,2.67566209808e-12,0,5.36247488647e-15,nan,nan,0,nan,nan
16652,2.68292598906e-12,0,5.35715999323e-15,nan,nan,0,nan,nan
16656,2.69007769218e-12,0,5.3518768989e-15,nan,nan,0,nan,nan
16660,2.69711701275e-12,0,5.34662252238e-15,nan,nan,0,nan,nan
16664,2.70404376353e-12,0,5.341407145e-15,nan,nan,0,nan,nan
16668,2.71085776455e-12,0,5.33622963224e-15,nan,nan,0,nan,nan
16672,2.71755884309e-12,0,5.33107194865e-15,nan,nan,0,nan,nan
16676,2.72414683365e-12,0,5.32594654319e-15,nan,nan,0,nan,nan
16680,2.73062157779e-12,0,5.32086775616e-15,nan,nan,0,nan,nan
16684,2.73698292421e-12,0,5.31582189811e-15,nan,nan,0,nan,nan
16688,2.74323072859e-12,0,5.3108160315e-15,nan,nan,0,nan,nan
16692,2.74936485356e-12,0,5.30584803719e-15,nan,nan,0,nan,nan
16696,2.75538516868e-12,0,5.30091882821e-15,nan,nan,0,nan,nan
16700,2.76129155034e-12,0,5.29600603994e-15,nan,nan,0,nan,nan
16704,2.76708388181e-12,0,5.29115577996e-15,nan,nan,0,nan,nan
16708,2.77276205302e-12,0,5.28632285142e-15,nan,nan,0,nan,nan
16712,2.7783259607e-12,0,5.28153782296e-15,nan,nan,0,nan,nan
16716,2.78377550821e-12,0,5.27679818097e-15,nan,nan,0,nan,nan
16720,2.78911060554e-12,0,5.2720968002e-15,nan,nan,0,nan,nan
16724,2.7943311693e-12,0,5.26743472578e-15,nan,nan,0,nan,nan
16728,2.79943712261e-12,0,5.26278940402e-15,nan,nan,0,nan,nan
16732,2.80442839512e-12,0,5.25819940064e-15,nan,nan,0,nan,nan
16736,2.80930492293e-12,0,5.25362544462e-15,nan,nan,0,nan,nan
16740,2.81406664859e-12,0,5.24908985673e-15,nan,nan,0,nan,nan
16744,2.81871352103e-12,0,5.24458998685e-15,nan,nan,0,nan,nan
16748,2.82324549551e-12,0,5.24013178971e-15,nan,nan,0,nan,nan
16752,2.82766253367e-12,0,5.23569192796e-15,nan,nan,0,nan,nan
16756,2.83196460336e-12,0,5.23126814925e-15,nan,nan,0,nan,nan
16760,2.83615167873e-12,0,5.22689600507e-15,nan,nan,0,nan,nan
16764,2.84022374014e-12,0,5.22255458855e-15,nan,nan,0,nan,nan
16768,2.84418077408e-12,0,5.21820183082e-15,nan,nan,0,nan,nan
16772,2.84802277326e-12,0,5.21390900834e-15,nan,nan,0,nan,nan
16776,2.85174973644e-12,0,5.20961839447e-15,nan,nan,0,nan,nan
16780,2.85536166848e-12,0,5.20534881512e-15,nan,nan,0,nan,nan
16784,2.85885858028e-12,0,5.20109599018e-15,nan,nan,0,nan,nan
16788,2.86224048879e-12,0,5.19687268463e-15,nan,nan,0,nan,nan
16792,2.86550741688e-12,0,5.19264373357e-15,nan,nan,0,nan,nan
16796,2.86865939339e-12,0,5.18842621858e-15,nan,nan,0,nan,nan
16800,2.87169645311e-12,0,5.1842255234e-15,nan,nan,0,nan,nan
16804,2.87461863667e-12,0,5.18003816165e-15,nan,nan,0,nan,nan
16808,2.87742599056e-12,0,5.17585253202e-15,nan,nan,0,nan,nan
16812,2.88011856709e-12,0,5.17166112875e-15,nan,nan,0,nan,nan
16816,2.88269642435e-12,0,5.16747911025e-15,nan,nan,0,nan,nan
16820,2.88515962622e-12,0,5.16329965222e-15,nan,nan,0,nan,nan
16824,2.88750824222e-12,0,5.15911975604e-15,nan,nan,0,nan,nan
16828,2.88974234764e-12,0,5.15492109807e-15,nan,nan,0,nan,nan
16832,2.89186202339e-12,0,5.15074723678e-15,nan,nan,0,nan,nan
16836,2.89386735599e-12,0,5.14653416327e-15,nan,nan,0,nan,nan
16840,2.89575843757e-12,0,5.14232041082e-15,nan,nan,0,nan,nan
16844,2.89753536582e-12,0,5.13808715518e-15,nan,nan,0,nan,nan
16848,2.89919824393e-12,0,5.13386483736e-15,nan,nan,0,nan,nan
16852,2.90074718061e-12,0,5.12960198929e-15,nan,nan,0,nan,nan
16856,2.90218229003e-12,0,5.12534770492e-15,nan,nan,0,nan,nan
16860,2.9035036917e-12,0,5.12106447595e-15,nan,nan,0,nan,nan
16864,2.90471151066e-12,0,5.11675831462e-15,nan,nan,0,nan,nan
16868,2.9058058772e-12,0,5.11245896908e-15,nan,nan,0,nan,nan
16872,2.90678692699e-12,0,5.10809681909e-15,nan,nan,0,nan,nan
16876,2.90765480096e-12,0,5.10373246077e-15,nan,nan,0,nan,nan
16880,2.90840964531e-12,0,5.09934676574e-15,nan,nan,0,nan,nan
16884,2.90905161145e-12,0,5.09492876323e-15,nan,nan,0,nan,nan
16888,2.90958085599e-12,0,5.09049061512e-15,nan,nan,0,nan,nan
16892,2.90999754074e-12,0,5.08603543728e-15,nan,nan,0,nan,nan
16896,2.91030183254e-12,0,5.081542039e-15,nan,nan,0,nan,nan
16900,2.91049390338e-12,0,5.07703020371e-15,nan,nan,0,nan,nan
16904,2.91057393031e-12,0,5.07247815302e-15,nan,nan,0,nan,nan
16908,2.91054209539e-12,0,5.06792210331e-15,nan,nan,0,nan,nan
16912,2.91039858564e-12,0,5.06331977132e-15,nan,nan,0,nan,nan
16916,2.91014359306e-12,0,5.05869452337e-15,nan,nan,0,nan,nan
16920,2.9097773146e-12,0,5.05404179232e-15,nan,nan,0,nan,nan
16924,2.90929995204e-12,0,5.04936671106e-15,nan,nan,0,nan,nan
16928,2.90871171206e-12,0,5.04466124081e-15,nan,nan,0,nan,nan
16932,2.90801280615e-12,0,5.0399232811e-15,nan,nan,0,nan,nan
16936,2.90720345059e-12,0,5.03516349983e-15,nan,nan,0,nan,nan
16940,2.90628386642e-12,0,5.03039407609e-15,nan,nan,0,nan,nan
16944,2.90525427941e-12,0,5.02557666689e-15,nan,nan,0,nan,nan
16948,2.90411492002e-12,0,5.02074221702e-15,nan,nan,0,nan,nan
16952,2.90286602338e-12,0,5.01590517115e-15,nan,nan,0,nan,nan
16956,2.90150782925e-12,0,5.01101055408e-15,nan,nan,0,nan,nan
16960,2.90004058201e-12,0,5.00612854876e-15,nan,nan,0,nan,nan
16964,2.89846453056e-12,0,5.00119548126e-15,nan,nan,0,nan,nan
16968,2.89677992842e-12,0,4.9963044085e-15,nan,nan,0,nan,nan
16972,2.89498703357e-12,0,4.99132963262e-15,nan,nan,0,nan,nan
16976,2.89308610848e-12,0,4.98635779151e-15,nan,nan,0,nan,nan
16980,2.89107742009e-12,0,4.98136653691e-15,nan,nan,0,nan,nan
16984,2.8889612398e-12,0,4.9763985683e-15,nan,nan,0,nan,nan
16988,2.88673784333e-12,0,4.97138749663e-15,nan,nan,0,nan,nan
16992,2.88440751083e-12,0,4.96637390801e-15,nan,nan,0,nan,nan
16996,2.88197052682e-12,0,4.9613608567e-15,nan,nan,0,nan,nan
17000,2.87942718002e-12,0,4.95632518167e-15,nan,nan,0,nan,nan
17004,2.87677776366e-12,0,4.9512942355e-15,nan,nan,0,nan,nan
17008,2.87402257501e-12,0,4.94625995003e-15,nan,nan,0,nan,nan
17012,2.87116191576e-12,0,4.94121758529e-15,nan,nan,0,nan,nan
17016,2.86819609174e-12,0,4.93618764478e-15,nan,nan,0,nan,nan
17020,2.86512541299e-12,0,4.93114459062e-15,nan,nan,0,nan,nan
17024,2.86195019376e-12,0,4.92612286734e-15,nan,nan,0,nan,nan
17028,2.8586707524e-12,0,4.92110583271e-15,nan,nan,0,nan,nan
17032,2.85528741147e-12,0,4.91606714599e-15,nan,nan,0,nan,nan
17036,2.85180049757e-12,0,4.91109475017e-15,nan,nan,0,nan,nan
17040,2.84821034145e-12,0,4.90608626193e-15,nan,nan,0,nan,nan
17044,2.8445172779e-12,0,4.90110847381e-15,nan,nan,0,nan,nan
17048,2.84072164578e-12,0,4.89612813447e-15,nan,nan,0,nan,nan
17052,2.83682378799e-12,0,4.89118091069e-15,nan,nan,0,nan,nan
17056,2.83282405146e-12,0,4.88624103252e-15,nan,nan,0,nan,nan
17060,2.82872278706e-12,0,4.88132649601e-15,nan,nan,0,nan,nan
17064,2.82452034974e-12,0,4.87642988019e-15,nan,nan,0,nan,nan
17068,2.82021709837e-12,0,4.87153061452e-15,nan,nan,0,nan,nan
17072,2.81581339575e-12,0,4.86669370448e-15,nan,nan,0,nan,nan
17076,2.81130960866e-12,0,4.86186579951e-15,nan,nan,0,nan,nan
17080,2.80670610781e-12,0,4.85705465202e-15,nan,nan,0,nan,nan
17084,2.80200326776e-12,0,4.85225864673e-15,nan,nan,0,nan,nan
17088,2.79720146705e-12,0,4.84751471435e-15,nan,nan,0,nan,nan
17092,2.79230108805e-12,0,4.84278114931e-15,nan,nan,0,nan,nan
17096,2.78730251698e-12,0,4.83807861627e-15,nan,nan,0,nan,nan
17100,2.782206144e-12,0,4.83339798215e-15,nan,nan,0,nan,nan
17104,2.77701236304e-12,0,4.82875557074e-15,nan,nan,0,nan,nan
17108,2.77172157192e-12,0,4.82413235784e-15,nan,nan,0,nan,nan
17112,2.76633417224e-12,0,4.81955126494e-15,nan,nan,0,nan,nan
17116,2.76085056942e-12,0,4.81499547421e-15,nan,nan,0,nan,nan
17120,2.75527117273e-12,0,4.8104718862e-15,nan,nan,0,nan,nan
17124,2.74959639518e-12,0,4.8059762249e-15,nan,nan,0,nan,nan
17128,2.74382665359e-12,0,4.80149874325e-15,nan,nan,0,nan,nan
17132,2.73796236855e-12,0,4.79708216294e-15,nan,nan,0,nan,nan
17136,2.73200396441e-12,0,4.79264643455e-15,nan,nan,0,nan,nan
17140,2.72595186928e-12,0,4.788280971e-15,nan,nan,0,nan,nan
17144,2.71980651504e-12,0,4.78394090221e-15,nan,nan,0,nan,nan
17148,2.71356833724e-12,0,4.77959761084e-15,nan,nan,0,nan,nan
17152,2.70723777524e-12,0,4.77532460757e-15,nan,nan,0,nan,nan
17156,2.70081527209e-12,0,4.77105447679e-15,nan,nan,0,nan,nan
17160,2.69430127453e-12,0,4.76680772318e-15,nan,nan,0,nan,nan
17164,2.68769623305e-12,0,4.76260027571e-15,nan,nan,0,nan,nan
17168,2.68100060179e-12,0,4.7584082076e-15,nan,nan,0,nan,nan
17172,2.67421483863e-12,0,4.75423578635e-15,nan,nan,0,nan,nan
17176,2.66733940509e-12,0,4.75009315586e-15,nan,nan,0,nan,nan
17180,2.66037476639e-12,0,4.74597023719e-15,nan,nan,0,nan,nan
17184,2.65332139139e-12,0,4.74187030082e-15,nan,nan,0,nan,nan
17188,2.64617975262e-12,0,4.73779839129e-15,nan,nan,0,nan,nan
17192,2.63895032629e-12,0,4.73372013286e-15,nan,nan,0,nan,nan
17196,2.63163359219e-12,0,4.72967135224e-15,nan,nan,0,nan,nan
17200,2.62423003385e-12,0,4.72564432201e-15,nan,nan,0,nan,nan
17204,2.61674013826e-12,0,4.72163073073e-15,nan,nan,0,nan,nan
17208,2.60916439619e-12,0,4.71761818976e-15,nan,nan,0,nan,nan
17212,2.60150330196e-12,0,4.71361982094e-15,nan,nan,0,nan,nan
17216,2.59375735346e-12,0,4.70964014416e-15,nan,nan,0,nan,nan
17220,2.58592705223e-12,0,4.70565823449e-15,nan,nan,0,nan,nan
17224,2.57801290336e-12,0,4.70169729091e-15,nan,nan,0,nan,nan
17228,2.57001541553e-12,0,4.69773194467e-15,nan,nan,0,nan,nan
17232,2.56193510101e-12,0,4.69377977811e-15,nan,nan,0,nan,nan
17236,2.55377247559e-12,0,4.68981123668e-15,nan,nan,0,nan,nan
17240,2.54552805867e-12,0,4.68586442111e-15,nan,nan,0,nan,nan
17244,2.53720237314e-12,0,4.68189787897e-15,nan,nan,0,nan,nan
17248,2.52879594549e-12,0,4.67796071722e-15,nan,nan,0,nan,nan
17252,2.52030930568e-12,0,4.67398735868e-15,nan,nan,0,nan,nan
17256,2.51174298723e-12,0,4.67002603995e-15,nan,nan,0,nan,nan
17260,2.50309752715e-12,0,4.66605878688e-15,nan,nan,0,nan,nan
17264,2.49437346603e-12,0,4.66208468013e-15,nan,nan,0,nan,nan
17268,2.48557134783e-12,0,4.6581233814e-15,nan,nan,0,nan,nan
17272,2.47669172013e-12,0,4.65413038907e-15,nan,nan,0,nan,nan
17276,2.46773513391e-12,0,4.65011929812e-15,nan,nan,0,nan,nan
17280,2.45870214367e-12,0,4.64611796975e-15,nan,nan,0,nan,nan
17284,2.4495933074e-12,0,4.64208845009e-15,nan,nan,0,nan,nan
17288,2.44040918649e-12,0,4.63806574886e-15,nan,nan,0,nan,nan
17292,2.43115034584e-12,0,4.63402170148e-15,nan,nan,0,nan,nan
17296,2.4218173538e-12,0,4.62996367886e-15,nan,nan,0,nan,nan
17300,2.41241078216e-12,0,4.62589174544e-15,nan,nan,0,nan,nan
17304,2.40293120615e-12,0,4.62179819588e-15,nan,nan,0,nan,nan
17308,2.39337920444e-12,0,4.61768812227e-15,nan,nan,0,nan,nan
17312,2.38375535916e-12,0,4.61357386266e-15,nan,nan,0,nan,nan
17316,2.37406025584e-12,0,4.60944276313e-15,nan,nan,0,nan,nan
17320,2.36429448345e-12,0,4.60529200057e-15,nan,nan,0,nan,nan
17324,2.35445863441e-12,0,4.60112453534e-15,nan,nan,0,nan,nan
17328,2.34455330455e-12,0,4.5969257907e-15,nan,nan,0,nan,nan
17332,2.33457909314e-12,0,4.59272313172e-15,nan,nan,0,nan,nan
17336,2.32453660287e-12,0,4.58851315656e-15,nan,nan,0,nan,nan
17340,2.31442643987e-12,0,4.58427765241e-15,nan,nan,0,nan,nan
17344,2.30424921371e-12,0,4.58003289381e-15,nan,nan,0,nan,nan
17348,2.29400553739e-12,0,4.57573886055e-15,nan,nan,0,nan,nan
17352,2.28369602737e-12,0,4.57145639276e-15,nan,nan,0,nan,nan
17356,2.27332130356e-12,0,4.56718550027e-15,nan,nan,0,nan,nan
17360,2.26288198933e-12,0,4.56285555268e-15,nan,nan,0,nan,nan
17364,2.25237871152e-12,0,4.5585097536e-15,nan,nan,0,nan,nan
17368,2.24181210047e-12,0,4.55417307128e-15,nan,nan,0,nan,nan
17372,2.23118279e-12,0,4.54983937087e-15,nan,nan,0,nan,nan
17376,2.22049141745e-12,0,4.54544787059e-15,nan,nan,0,nan,nan
17380,2.20973862371e-12,0,4.54105761413e-15,nan,nan,0,nan,nan
17384,2.19892505317e-12,0,4.53665938392e-15,nan,nan,0,nan,nan
17388,2.18805135385e-12,0,4.5322519042e-15,nan,nan,0,nan,nan
17392,2.17711817731e-12,0,4.52784419033e-15,nan,nan,0,nan,nan
17396,2.16612617878e-12,0,4.52342520895e-15,nan,nan,0,nan,nan
17400,2.1550760171e-12,0,4.51898160353e-15,nan,nan,0,nan,nan
17404,2.14396835478e-12,0,4.51454829863e-15,nan,nan,0,nan,nan
17408,2.13280385809e-12,0,4.5100979609e-15,nan,nan,0,nan,nan
17412,2.121583197e-12,0,4.50564391166e-15,nan,nan,0,nan,nan
17416,2.11030704529e-12,0,4.50119512361e-15,nan,nan,0,nan,nan
17420,2.09897608058e-12,0,4.49674312457e-15,nan,nan,0,nan,nan
17424,2.08759098428e-12,0,4.49226935479e-15,nan,nan,0,nan,nan
17428,2.07615244183e-12,0,4.48781416746e-15,nan,nan,0,nan,nan
17432,2.06466114263e-12,0,4.48335615761e-15,nan,nan,0,nan,nan
17436,2.05311778001e-12,0,4.47891023312e-15,nan,nan,0,nan,nan
17440,2.04152305144e-12,0,4.47443742356e-15,nan,nan,0,nan,nan
17444,2.02987765855e-12,0,4.46998335447e-15,nan,nan,0,nan,nan
17448,2.01818230715e-12,0,4.46552337645e-15,nan,nan,0,nan,nan
17452,2.00643770745e-12,0,4.46108238988e-15,nan,nan,0,nan,nan
17456,1.9946445739e-12,0,4.45665179541e-15,nan,nan,0,nan,nan
17460,1.98280362533e-12,0,4.45221733618e-15,nan,nan,0,nan,nan
17464,1.9709155853e-12,0,4.44774711426e-15,nan,nan,0,nan,nan
17468,1.95898118181e-12,0,4.44339769916e-15,nan,nan,0,nan,nan
17472,1.94700114763e-12,0,4.43897391232e-15,nan,nan,0,nan,nan
17476,1.93497622035e-12,0,4.43459031472e-15,nan,nan,0,nan,nan
17480,1.92290714244e-12,0,4.4302103941e-15,nan,nan,0,nan,nan
17484,1.91079466144e-12,0,4.42584016589e-15,nan,nan,0,nan,nan
17488,1.89863952996e-12,0,4.42147959799e-15,nan,nan,0,nan,nan
17492,1.88644250595e-12,0,4.41714581021e-15,nan,nan,0,nan,nan
17496,1.87420435272e-12,0,4.41281258262e-15,nan,nan,0,nan,nan
17500,1.86192583911e-12,0,4.40850194039e-15,nan,nan,0,nan,nan
17504,1.84960773958e-12,0,4.40420991775e-15,nan,nan,0,nan,nan
17508,1.83725083453e-12,0,4.39991760177e-15,nan,nan,0,nan,nan
17512,1.8248559103e-12,0,4.39565847064e-15,nan,nan,0,nan,nan
17516,1.81242375935e-12,0,4.3914057953e-15,nan,nan,0,nan,nan
17520,1.79995518049e-12,0,4.38718283761e-15,nan,nan,0,nan,nan
17524,1.78745097905e-12,0,4.38296458324e-15,nan,nan,0,nan,nan
17528,1.77491196705e-12,0,4.37878020888e-15,nan,nan,0,nan,nan
17532,1.76233896343e-12,0,4.37458307633e-15,nan,nan,0,nan,nan
17536,1.74973279426e-12,0,4.37040361806e-15,nan,nan,0,nan,nan
17540,1.73709429293e-12,0,4.36629504615e-15,nan,nan,0,nan,nan
17544,1.72442430046e-12,0,4.36215143585e-15,nan,nan,0,nan,nan
17548,1.71172366565e-12,0,4.35804781563e-15,nan,nan,0,nan,nan
17552,1.6989932454e-12,0,4.35395704499e-15,nan,nan,0,nan,nan
17556,1.68623390498e-12,0,4.34988296776e-15,nan,nan,0,nan,nan
17560,1.6734465183e-12,0,4.34581895438e-15,nan,nan,0,nan,nan
17564,1.6606319682e-12,0,4.34177590298e-15,nan,nan,0,nan,nan
17568,1.64779114678e-12,0,4.33774500541e-15,nan,nan,0,nan,nan
17572,1.63492495572e-12,0,4.33374217033e-15,nan,nan,0,nan,nan
17576,1.62203430664e-12,0,4.32973038375e-15,nan,nan,0,nan,nan
17580,1.60912012142e-12,0,4.32575626733e-15,nan,nan,0,nan,nan
17584,1.59618333264e-12,0,4.32179104072e-15,nan,nan,0,nan,nan
17588,1.58322488392e-12,0,4.31783923425e-15,nan,nan,0,nan,nan
17592,1.57024573038e-12,0,4.31390782131e-15,nan,nan,0,nan,nan
17596,1.55724683903e-12,0,4.30996738374e-15,nan,nan,0,nan,nan
17600,1.54422918931e-12,0,4.30604709696e-15,nan,nan,0,nan,nan
17604,1.53119377346e-12,0,4.30214846592e-15,nan,nan,0,nan,nan
17608,1.51814159716e-12,0,4.29825705049e-15,nan,nan,0,nan,nan
17612,1.50507367993e-12,0,4.29437484221e-15,nan,nan,0,nan,nan
17616,1.49199105578e-12,0,4.29049414087e-15,nan,nan,0,nan,nan
17620,1.47889477377e-12,0,4.28661871194e-15,nan,nan,0,nan,nan
17624,1.4657858986e-12,0,4.28274689804e-15,nan,nan,0,nan,nan
17628,1.45266551131e-12,0,4.27889664474e-15,nan,nan,0,nan,nan
17632,1.43953470991e-12,0,4.27504694485e-15,nan,nan,0,nan,nan
17636,1.42639461014e-12,0,4.27119493389e-15,nan,nan,0,nan,nan
17640,1.41324634619e-12,0,4.26738345216e-15,nan,nan,0,nan,nan
17644,1.40009107147e-12,0,4.2635366498e-15,nan,nan,0,nan,nan
17648,1.38692995955e-12,0,4.25971061365e-15,nan,nan,0,nan,nan
17652,1.37376420487e-12,0,4.25587056591e-15,nan,nan,0,nan,nan
17656,1.36059502384e-12,0,4.25204073067e-15,nan,nan,0,nan,nan
17660,1.34742365564e-12,0,4.24821625952e-15,nan,nan,0,nan,nan
17664,1.33425136336e-12,0,4.24440897227e-15,nan,nan,0,nan,nan
17668,1.32107943507e-12,0,4.24057401624e-15,nan,nan,0,nan,nan
17672,1.3079091848e-12,0,4.23674248619e-15,nan,nan,0,nan,nan
17676,1.29474195397e-12,0,4.23290930803e-15,nan,nan,0,nan,nan
17680,1.28157911245e-12,0,4.22906870675e-15,nan,nan,0,nan,nan
17684,1.26842205995e-12,0,4.22524309283e-15,nan,nan,0,nan,nan
17688,1.25527222745e-12,0,4.2213990982e-15,nan,nan,0,nan,nan
17692,1.2421310786e-12,0,4.21756190092e-15,nan,nan,0,nan,nan
17696,1.22900011127e-12,0,4.21371287418e-15,nan,nan,0,nan,nan
17700,1.21588085926e-12,0,4.20985511929e-15,nan,nan,0,nan,nan
17704,1.20277489382e-12,0,4.20601099341e-15,nan,nan,0,nan,nan
17708,1.18968382581e-12,0,4.20214932198e-15,nan,nan,0,nan,nan
17712,1.17660930719e-12,0,4.19827773132e-15,nan,nan,0,nan,nan
17716,1.16355303332e-12,0,4.1944029942e-15,nan,nan,0,nan,nan
17720,1.15051674495e-12,0,4.19052682966e-15,nan,nan,0,nan,nan
17724,1.1375022305e-12,0,4.18663244025e-15,nan,nan,0,nan,nan
17728,1.12451132838e-12,0,4.18275365104e-15,nan,nan,0,nan,nan
17732,1.1115459295e-12,0,4.17884504108e-15,nan,nan,0,nan,nan
17736,1.09860797986e-12,0,4.17498140637e-15,nan,nan,0,nan,nan
17740,1.0856994833e-12,0,4.17104074451e-15,nan,nan,0,nan,nan
17744,1.07282250437e-12,0,4.16712370751e-15,nan,nan,0,nan,nan
17748,1.05997917146e-12,0,4.16321401802e-15,nan,nan,0,nan,nan
17752,1.04717167992e-12,0,4.15928215911e-15,nan,nan,0,nan,nan
17756,1.03440229549e-12,0,4.15533837198e-15,nan,nan,0,nan,nan
17760,1.02167335786e-12,0,4.15141137514e-15,nan,nan,0,nan,nan
17764,1.00898728432e-12,0,4.14745497738e-15,nan,nan,0,nan,nan
17768,9.96346573837e-13,0,4.14350365512e-15,nan,nan,0,nan,nan
17772,9.83753811015e-13,0,4.1395427045e-15,nan,nan,0,nan,nan
17776,9.71211670509e-13,0,4.13559842045e-15,nan,nan,0,nan,nan
17780,9.58722921537e-13,0,4.13162643251e-15,nan,nan,0,nan,nan
17784,9.46290432611e-13,0,4.12765706967e-15,nan,nan,0,nan,nan
17788,9.33917176507e-13,0,4.12368717571e-15,nan,nan,0,nan,nan
17792,9.21606235435e-13,0,4.11971061996e-15,nan,nan,0,nan,nan
17796,9.09360806475e-13,0,4.11572983659e-15,nan,nan,0,nan,nan
17800,8.97184207153e-13,0,4.11175168352e-15,nan,nan,0,nan,nan
17804,8.85079881368e-13,0,4.10776806636e-15,nan,nan,0,nan,nan
17808,8.73051405352e-13,0,4.10379686332e-15,nan,nan,0,nan,nan
17812,8.61102494108e-13,0,4.09981287688e-15,nan,nan,0,nan,nan
17816,8.49237007729e-13,0,4.0958223993e-15,nan,nan,0,nan,nan
17820,8.37458958146e-13,0,4.09184696015e-15,nan,nan,0,nan,nan
17824,8.25772515974e-13,0,4.08785751987e-15,nan,nan,0,nan,nan
17828,8.14182017416e-13,0,4.08387386897e-15,nan,nan,0,nan,nan
17832,8.02691971432e-13,0,4.07989561685e-15,nan,nan,0,nan,nan
17836,7.91307066846e-13,0,4.07594471355e-15,nan,nan,0,nan,nan
17840,7.80032179498e-13,0,4.07195050502e-15,nan,nan,0,nan,nan
17844,7.68872379474e-13,0,4.06796655557e-15,nan,nan,0,nan,nan
17848,7.57832938069e-13,0,4.06401672927e-15,nan,nan,0,nan,nan
17852,7.46919334712e-13,0,4.06004951983e-15,nan,nan,0,nan,nan
17856,7.361372635e-13,0,4.05608286134e-15,nan,nan,0,nan,nan
17860,7.25492639465e-13,0,4.05213158539e-15,nan,nan,0,nan,nan
17864,7.14991604229e-13,0,4.04818764465e-15,nan,nan,0,nan,nan
17868,7.04640531079e-13,0,4.04424301812e-15,nan,nan,0,nan,nan
17872,6.94446029179e-13,0,4.04030669604e-15,nan,nan,0,nan,nan
17876,6.84414946813e-13,0,4.03638511922e-15,nan,nan,0,nan,nan
17880,6.74554373464e-13,0,4.03246174232e-15,nan,nan,0,nan,nan
17884,6.64871640346e-13,0,4.02854691004e-15,nan,nan,0,nan,nan
17888,6.55374319434e-13,0,4.02464781327e-15,nan,nan,0,nan,nan
17892,6.46070220349e-13,0,4.02075042652e-15,nan,nan,0,nan,nan
17896,6.36967385248e-13,0,4.01683527025e-15,nan,nan,0,nan,nan
17900,6.28074080921e-13,0,4.0129580529e-15,nan,nan,0,nan,nan
17904,6.19398788392e-13,0,4.00909272704e-15,nan,nan,0,nan,nan
17908,6.10950188768e-13,0,4.00522480696e-15,nan,nan,0,nan,nan
17912,6.02737146299e-13,0,4.00139590766e-15,nan,nan,0,nan,nan
17916,5.94768686999e-13,0,3.99753024749e-15,nan,nan,0,nan,nan
17920,5.87053973519e-13,0,3.99367736806e-15,nan,nan,0,nan,nan
17924,5.79602275393e-13,0,3.98987318604e-15,nan,nan,0,nan,nan
17928,5.72422934906e-13,0,3.98604722494e-15,nan,nan,0,nan,nan
17932,5.65525327864e-13,0,3.98221030167e-15,nan,nan,0,nan,nan
17936,5.58918819814e-13,0,3.97843664849e-15,nan,nan,0,nan,nan
17940,5.52612717192e-13,0,3.97463826535e-15,nan,nan,0,nan,nan
17944,5.46616213858e-13,0,3.97085794168e-15,nan,nan,0,nan,nan
17948,5.40938333082e-13,0,3.9670642475e-15,nan,nan,0,nan,nan
17952,5.35587865618e-13,0,3.96331691808e-15,nan,nan,0,nan,nan
17956,5.3057330415e-13,0,3.95955317503e-15,nan,nan,0,nan,nan
17960,5.2590277507e-13,0,3.95579487813e-15,nan,nan,0,nan,nan
17964,5.21583968432e-13,0,3.95205788878e-15,nan,nan,0,nan,nan
17968,5.17624067079e-13,0,3.94832056693e-15,nan,nan,0,nan,nan
17972,5.1402967624e-13,0,3.94458527553e-15,nan,nan,0,nan,nan
17976,5.10806754818e-13,0,3.94086421237e-15,nan,nan,0,nan,nan
17980,5.07960549889e-13,0,3.93715042307e-15,nan,nan,0,nan,nan
17984,5.05495535673e-13,0,3.93343984866e-15,nan,nan,0,nan,nan
17988,5.03415358694e-13,0,3.92973603813e-15,nan,nan,0,nan,nan
17992,5.01722790033e-13,0,3.92602896331e-15,nan,nan,0,nan,nan
17996,5.00419686431e-13,0,3.92234554362e-15,nan,nan,0,nan,nan
18000,4.99506960997e-13,0,3.91865535925e-15,nan,nan,0,nan,nan
18004,4.98984563812e-13,0,3.91496112651e-15,nan,nan,0,nan,nan
18008,4.98851475039e-13,0,3.91128056527e-15,nan,nan,0,nan,nan
18012,4.99105707436e-13,0,3.90760222397e-15,nan,nan,0,nan,nan
18016,4.99744321577e-13,0,3.9039377417e-15,nan,nan,0,nan,nan
18020,5.00763451285e-13,0,3.90025698703e-15,nan,nan,0,nan,nan
18024,5.02158339621e-13,0,3.89658637757e-15,nan,nan,0,nan,nan
18028,5.03923384066e-13,0,3.89292365666e-15,nan,nan,0,nan,nan
18032,5.06052190027e-13,0,3.88927592777e-15,nan,nan,0,nan,nan
18036,5.08537631252e-13,0,3.88557272229e-15,nan,nan,0,nan,nan
18040,5.11371915859e-13,0,3.88192356831e-15,nan,nan,0,nan,nan
18044,5.14546656255e-13,0,3.87826045505e-15,nan,nan,0,nan,nan
18048,5.18052941903e-13,0,3.87459290502e-15,nan,nan,0,nan,nan
18052,5.21881413054e-13,0,3.87092789334e-15,nan,nan,0,nan,nan
18056,5.26022334469e-13,0,3.86727240085e-15,nan,nan,0,nan,nan
18060,5.30465667783e-13,0,3.86359567231e-15,nan,nan,0,nan,nan
18064,5.35201141386e-13,0,3.85992441138e-15,nan,nan,0,nan,nan
18068,5.40218317193e-13,0,3.856252847e-15,nan,nan,0,nan,nan
18072,5.45506653256e-13,0,3.85258899454e-15,nan,nan,0,nan,nan
18076,5.51055562018e-13,0,3.84891587182e-15,nan,nan,0,nan,nan
18080,5.56854463562e-13,0,3.84523973889e-15,nan,nan,0,nan,nan
18084,5.62892833809e-13,0,3.84157169999e-15,nan,nan,0,nan,nan
18088,5.69160247514e-13,0,3.83787882859e-15,nan,nan,0,nan,nan
18092,5.75646416082e-13,0,3.83420450666e-15,nan,nan,0,nan,nan
18096,5.82341220343e-13,0,3.830512859e-15,nan,nan,0,nan,nan
18100,5.89234738535e-13,0,3.82683203874e-15,nan,nan,0,nan,nan
18104,5.96317269601e-13,0,3.82312891185e-15,nan,nan,0,nan,nan
18108,6.03579352495e-13,0,3.8194414531e-15,nan,nan,0,nan,nan
18112,6.11011781178e-13,0,3.81575494356e-15,nan,nan,0,nan,nan
18116,6.18605616395e-13,0,3.81204579841e-15,nan,nan,0,nan,nan
18120,6.26352194001e-13,0,3.80835418066e-15,nan,nan,0,nan,nan
18124,6.34243130593e-13,0,3.80464332761e-15,nan,nan,0,nan,nan
18128,6.42270326417e-13,0,3.80095041899e-15,nan,nan,0,nan,nan
18132,6.50425966307e-13,0,3.7972293992e-15,nan,nan,0,nan,nan
18136,6.5870251847e-13,0,3.79352106734e-15,nan,nan,0,nan,nan
18140,6.67092731891e-13,0,3.78981531702e-15,nan,nan,0,nan,nan
18144,6.75589632198e-13,0,3.78610258616e-15,nan,nan,0,nan,nan
18148,6.84186516451e-13,0,3.7823776033e-15,nan,nan,0,nan,nan
18152,6.92876947078e-13,0,3.77866346517e-15,nan,nan,0,nan,nan
18156,7.01654744967e-13,0,3.77494535982e-15,nan,nan,0,nan,nan
18160,7.10513982034e-13,0,3.77123603981e-15,nan,nan,0,nan,nan
18164,7.19448973445e-13,0,3.76750768561e-15,nan,nan,0,nan,nan
18168,7.28454269378e-13,0,3.76380071901e-15,nan,nan,0,nan,nan
18172,7.37524646729e-13,0,3.76008060079e-15,nan,nan,0,nan,nan
18176,7.4665510067e-13,0,3.75635574507e-15,nan,nan,0,nan,nan
18180,7.55840836186e-13,0,3.75263760201e-15,nan,nan,0,nan,nan
18184,7.65077259605e-13,0,3.74893382418e-15,nan,nan,0,nan,nan
18188,7.74359970391e-13,0,3.74521693853e-15,nan,nan,0,nan,nan
18192,7.83684752829e-13,0,3.7415064726e-15,nan,nan,0,nan,nan
18196,7.93047568162e-13,0,3.73778686589e-15,nan,nan,0,nan,nan
18200,8.02444546646e-13,0,3.73408757632e-15,nan,nan,0,nan,nan
18204,8.1187198016e-13,0,3.73037928537e-15,nan,nan,0,nan,nan
18208,8.21326314684e-13,0,3.72668464022e-15,nan,nan,0,nan,nan
18212,8.30804143401e-13,0,3.72297664601e-15,nan,nan,0,nan,nan
18216,8.40302199815e-13,0,3.71929974445e-15,nan,nan,0,nan,nan
18220,8.49817351201e-13,0,3.71560369237e-15,nan,nan,0,nan,nan
18224,8.5934659237e-13,0,3.71192755754e-15,nan,nan,0,nan,nan
18228,8.68887039614e-13,0,3.70825626812e-15,nan,nan,0,nan,nan
18232,8.78435925046e-13,0,3.70457111584e-15,nan,nan,0,nan,nan
18236,8.8799059101e-13,0,3.70091595068e-15,nan,nan,0,nan,nan
18240,8.97548484939e-13,0,3.69725316576e-15,nan,nan,0,nan,nan
18244,9.07107154317e-13,0,3.69360167772e-15,nan,nan,0,nan,nan
18248,9.16664241956e-13,0,3.68995444874e-15,nan,nan,0,nan,nan
18252,9.26217481453e-13,0,3.68630664789e-15,nan,nan,0,nan,nan
18256,9.35764692925e-13,0,3.68268789507e-15,nan,nan,0,nan,nan
18260,9.45303778916e-13,0,3.67906741503e-15,nan,nan,0,nan,nan
18264,9.54832720524e-13,0,3.67544841518e-15,nan,nan,0,nan,nan
18268,9.64349573718e-13,0,3.67182456842e-15,nan,nan,0,nan,nan
18272,9.73852465802e-13,0,3.66823799157e-15,nan,nan,0,nan,nan
18276,9.83339592187e-13,0,3.6646531902e-15,nan,nan,0,nan,nan
18280,9.92809213175e-13,0,3.66106861617e-15,nan,nan,0,nan,nan
18284,1.00225965101e-12,0,3.65748853081e-15,nan,nan,0,nan,nan
18288,1.01168928704e-12,0,3.65391543879e-15,nan,nan,0,nan,nan
18292,1.02109655901e-12,0,3.65036980635e-15,nan,nan,0,nan,nan
18296,1.0304799586e-12,0,3.64681525685e-15,nan,nan,0,nan,nan
18300,1.03983802889e-12,0,3.6432721907e-15,nan,nan,0,nan,nan
18304,1.0491693622e-12,0,3.63974601267e-15,nan,nan,0,nan,nan
18308,1.05847259781e-12,0,3.63621793585e-15,nan,nan,0,nan,nan
18312,1.06774642004e-12,0,3.63270848648e-15,nan,nan,0,nan,nan
18316,1.07698955614e-12,0,3.62920443437e-15,nan,nan,0,nan,nan
18320,1.08620077458e-12,0,3.62569719944e-15,nan,nan,0,nan,nan
18324,1.09537888322e-12,0,3.62220938012e-15,nan,nan,0,nan,nan
18328,1.10452272767e-12,0,3.61873427445e-15,nan,nan,0,nan,nan
18332,1.11363118973e-12,0,3.61525283377e-15,nan,nan,0,nan,nan
18336,1.12270318584e-12,0,3.61176810765e-15,nan,nan,0,nan,nan
18340,1.13173766576e-12,0,3.60831803609e-15,nan,nan,0,nan,nan
18344,1.14073361109e-12,0,3.60486512641e-15,nan,nan,0,nan,nan
18348,1.1496900341e-12,0,3.60140840683e-15,nan,nan,0,nan,nan
18352,1.15860597646e-12,0,3.59796639583e-15,nan,nan,0,nan,nan
18356,1.1674805081e-12,0,3.59452306383e-15,nan,nan,0,nan,nan
18360,1.17631272614e-12,0,3.59109831039e-15,nan,nan,0,nan,nan
18364,1.18510175377e-12,0,3.58765005948e-15,nan,nan,0,nan,nan
18368,1.19384673933e-12,0,3.58425743956e-15,nan,nan,0,nan,nan
18372,1.20254685535e-12,0,3.58082497692e-15,nan,nan,0,nan,nan
18376,1.21120129768e-12,0,3.57741504787e-15,nan,nan,0,nan,nan
18380,1.21980928454e-12,0,3.57400208938e-15,nan,nan,0,nan,nan
18384,1.22837005583e-12,0,3.57059104577e-15,nan,nan,0,nan,nan
18388,1.2368828723e-12,0,3.56718925641e-15,nan,nan,0,nan,nan
18392,1.24534701478e-12,0,3.56378194546e-15,nan,nan,0,nan,nan
18396,1.25376178361e-12,0,3.56038461253e-15,nan,nan,0,nan,nan
18400,1.26212649774e-12,0,3.55698507887e-15,nan,nan,0,nan,nan
18404,1.27044049436e-12,0,3.55358666691e-15,nan,nan,0,nan,nan
18408,1.27870312809e-12,0,3.55018550138e-15,nan,nan,0,nan,nan
18412,1.28691377055e-12,0,3.54679531551e-15,nan,nan,0,nan,nan
18416,1.2950718097e-12,0,3.54338929714e-15,nan,nan,0,nan,nan
18420,1.30317664935e-12,0,3.5399931521e-15,nan,nan,0,nan,nan
18424,1.31122770867e-12,0,3.53659809922e-15,nan,nan,0,nan,nan
18428,1.31922442169e-12,0,3.5331973783e-15,nan,nan,0,nan,nan
18432,1.32716623687e-12,0,3.52979537659e-15,nan,nan,0,nan,nan
18436,1.33505261664e-12,0,3.52639319212e-15,nan,nan,0,nan,nan
18440,1.34288303698e-12,0,3.52297869369e-15,nan,nan,0,nan,nan
18444,1.35065698704e-12,0,3.51956175657e-15,nan,nan,0,nan,nan
18448,1.35837396874e-12,0,3.5161578847e-15,nan,nan,0,nan,nan
18452,1.36603349639e-12,0,3.51274083602e-15,nan,nan,0,nan,nan
18456,1.37363509639e-12,0,3.50931918275e-15,nan,nan,0,nan,nan
18460,1.38117830685e-12,0,3.50590375614e-15,nan,nan,0,nan,nan
18464,1.38866267726e-12,0,3.50246022909e-15,nan,nan,0,nan,nan
18468,1.39608776828e-12,0,3.4990641328e-15,nan,nan,0,nan,nan
18472,1.40345315128e-12,0,3.49561896711e-15,nan,nan,0,nan,nan
18476,1.41075840822e-12,0,3.49217113654e-15,nan,nan,0,nan,nan
18480,1.41800313129e-12,0,3.48872530821e-15,nan,nan,0,nan,nan
18484,1.42518692266e-12,0,3.48528553356e-15,nan,nan,0,nan,nan
18488,1.43230939425e-12,0,3.4818283234e-15,nan,nan,0,nan,nan
18492,1.4393701675e-12,0,3.4783751964e-15,nan,nan,0,nan,nan
18496,1.44636887312e-12,0,3.47491428151e-15,nan,nan,0,nan,nan
18500,1.45330515082e-12,0,3.47144760768e-15,nan,nan,0,nan,nan
18504,1.46017864938e-12,0,3.46797946327e-15,nan,nan,0,nan,nan
18508,1.46698902591e-12,0,3.46450274852e-15,nan,nan,0,nan,nan
18512,1.47373594619e-12,0,3.46103114977e-15,nan,nan,0,nan,nan
18516,1.4804190842e-12,0,3.4575482161e-15,nan,nan,0,nan,nan
18520,1.48703812204e-12,0,3.45405871524e-15,nan,nan,0,nan,nan
18524,1.4935927497e-12,0,3.45057330121e-15,nan,nan,0,nan,nan
18528,1.50008266494e-12,0,3.44708392969e-15,nan,nan,0,nan,nan
18532,1.50650757312e-12,0,3.44359431015e-15,nan,nan,0,nan,nan
18536,1.51286718701e-12,0,3.44011743969e-15,nan,nan,0,nan,nan
18540,1.51916122677e-12,0,3.43658285706e-15,nan,nan,0,nan,nan
18544,1.5253894196e-12,0,3.43307420519e-15,nan,nan,0,nan,nan
18548,1.53155149981e-12,0,3.42957523278e-15,nan,nan,0,nan,nan
18552,1.5376472086e-12,0,3.4260649272e-15,nan,nan,0,nan,nan
18556,1.54367629388e-12,0,3.42255651843e-15,nan,nan,0,nan,nan
18560,1.54963851029e-12,0,3.4190405832e-15,nan,nan,0,nan,nan
18564,1.55553361895e-12,0,3.41551593491e-15,nan,nan,0,nan,nan
18568,1.56136138746e-12,0,3.41201622282e-15,nan,nan,0,nan,nan
18572,1.56712158967e-12,0,3.4085083014e-15,nan,nan,0,nan,nan
18576,1.57281400574e-12,0,3.40498681122e-15,nan,nan,0,nan,nan
18580,1.57843842187e-12,0,3.40147918755e-15,nan,nan,0,nan,nan
18584,1.58399463034e-12,0,3.39797280543e-15,nan,nan,0,nan,nan
18588,1.58948242934e-12,0,3.39446311755e-15,nan,nan,0,nan,nan
18592,1.59490162292e-12,0,3.39095769024e-15,nan,nan,0,nan,nan
18596,1.60025202089e-12,0,3.38744831305e-15,nan,nan,0,nan,nan
18600,1.60553343877e-12,0,3.38395168736e-15,nan,nan,0,nan,nan
18604,1.61074569763e-12,0,3.38045849589e-15,nan,nan,0,nan,nan
18608,1.61588862417e-12,0,3.37695820019e-15,nan,nan,0,nan,nan
18612,1.62096205046e-12,0,3.37347133034e-15,nan,nan,0,nan,nan
18616,1.62596581401e-12,0,3.3699857711e-15,nan,nan,0,nan,nan
18620,1.63089975766e-12,0,3.36650079788e-15,nan,nan,0,nan,nan
18624,1.6357637295e-12,0,3.36303475102e-15,nan,nan,0,nan,nan
18628,1.64055758283e-12,0,3.35956766769e-15,nan,nan,0,nan,nan
18632,1.64528117611e-12,0,3.35609861863e-15,nan,nan,0,nan,nan
18636,1.64993437286e-12,0,3.35264350349e-15,nan,nan,0,nan,nan
18640,1.65451704164e-12,0,3.34919398594e-15,nan,nan,0,nan,nan
18644,1.65902905602e-12,0,3.34574118154e-15,nan,nan,0,nan,nan
18648,1.66347029447e-12,0,3.34231650968e-15,nan,nan,0,nan,nan
18652,1.66784064037e-12,0,3.33889162049e-15,nan,nan,0,nan,nan
18656,1.67213998191e-12,0,3.33546683109e-15,nan,nan,0,nan,nan
18660,1.67636821207e-12,0,3.3320549061e-15,nan,nan,0,nan,nan
18664,1.68052522862e-12,0,3.32866244845e-15,nan,nan,0,nan,nan
18668,1.68461093398e-12,0,3.3252528249e-15,nan,nan,0,nan,nan
18672,1.68862523526e-12,0,3.32187274631e-15,nan,nan,0,nan,nan
18676,1.69256804421e-12,0,3.31849662608e-15,nan,nan,0,nan,nan
18680,1.69643927716e-12,0,3.31512494687e-15,nan,nan,0,nan,nan
18684,1.70023885496e-12,0,3.31176581072e-15,nan,nan,0,nan,nan
18688,1.70396670302e-12,0,3.30841359901e-15,nan,nan,0,nan,nan
18692,1.7076227512e-12,0,3.30507271244e-15,nan,nan,0,nan,nan
18696,1.71120693386e-12,0,3.30174096804e-15,nan,nan,0,nan,nan
18700,1.71471918968e-12,0,3.29841986478e-15,nan,nan,0,nan,nan
18704,1.71815946183e-12,0,3.29510735215e-15,nan,nan,0,nan,nan
18708,1.72152769777e-12,0,3.29179570048e-15,nan,nan,0,nan,nan
18712,1.72482384931e-12,0,3.28851414144e-15,nan,nan,0,nan,nan
18716,1.72804787255e-12,0,3.28521749251e-15,nan,nan,0,nan,nan
18720,1.73119972785e-12,0,3.28194013716e-15,nan,nan,0,nan,nan
18724,1.73427937984e-12,0,3.27868089191e-15,nan,nan,0,nan,nan
18728,1.73728679732e-12,0,3.2754195811e-15,nan,nan,0,nan,nan
18732,1.74022195331e-12,0,3.27215545853e-15,nan,nan,0,nan,nan
18736,1.74308482499e-12,0,3.26892800256e-15,nan,nan,0,nan,nan
18740,1.74587539364e-12,0,3.26567734337e-15,nan,nan,0,nan,nan
18744,1.7485936447e-12,0,3.26245066675e-15,nan,nan,0,nan,nan
18748,1.75123956769e-12,0,3.2592392208e-15,nan,nan,0,nan,nan
18752,1.75381315615e-12,0,3.25601851738e-15,nan,nan,0,nan,nan
18756,1.75631440768e-12,0,3.25280509944e-15,nan,nan,0,nan,nan
18760,1.75874332393e-12,0,3.24960638864e-15,nan,nan,0,nan,nan
18764,1.76109991048e-12,0,3.24640973395e-15,nan,nan,0,nan,nan
18768,1.76338417695e-12,0,3.24321858888e-15,nan,nan,0,nan,nan
18772,1.76559613682e-12,0,3.24003566066e-15,nan,nan,0,nan,nan
18776,1.76773580757e-12,0,3.23686029815e-15,nan,nan,0,nan,nan
18780,1.76980321053e-12,0,3.23367732145e-15,nan,nan,0,nan,nan
18784,1.77179837093e-12,0,3.23051900803e-15,nan,nan,0,nan,nan
18788,1.77372131785e-12,0,3.22734199982e-15,nan,nan,0,nan,nan
18792,1.77557208418e-12,0,3.22417117409e-15,nan,nan,0,nan,nan
18796,1.77735070667e-12,0,3.22101172961e-15,nan,nan,0,nan,nan
18800,1.77905722581e-12,0,3.21785795808e-15,nan,nan,0,nan,nan
18804,1.78069168586e-12,0,3.21470120697e-15,nan,nan,0,nan,nan
18808,1.78225413483e-12,0,3.21154714437e-15,nan,nan,0,nan,nan
18812,1.78374462448e-12,0,3.20838561975e-15,nan,nan,0,nan,nan
18816,1.78516321022e-12,0,3.20523389027e-15,nan,nan,0,nan,nan
18820,1.78650995116e-12,0,3.20208173838e-15,nan,nan,0,nan,nan
18824,1.78778491003e-12,0,3.1989241725e-15,nan,nan,0,nan,nan
18828,1.78898815325e-12,0,3.19577992483e-15,nan,nan,0,nan,nan
18832,1.79011975078e-12,0,3.19261413892e-15,nan,nan,0,nan,nan
18836,1.79117977623e-12,0,3.18946926707e-15,nan,nan,0,nan,nan
18840,1.79216830669e-12,0,3.18631057834e-15,nan,nan,0,nan,nan
18844,1.79308542289e-12,0,3.18315251098e-15,nan,nan,0,nan,nan
18848,1.79393120898e-12,0,3.17998251711e-15,nan,nan,0,nan,nan
18852,1.79470575265e-12,0,3.17683003076e-15,nan,nan,0,nan,nan
18856,1.79540914506e-12,0,3.17365010285e-15,nan,nan,0,nan,nan
18860,1.7960414808e-12,0,3.17049200086e-15,nan,nan,0,nan,nan
18864,1.79660285791e-12,0,3.16734090063e-15,nan,nan,0,nan,nan
18868,1.79709337778e-12,0,3.16414109877e-15,nan,nan,0,nan,nan
18872,1.79751314524e-12,0,3.16096200858e-15,nan,nan,0,nan,nan
18876,1.79786226843e-12,0,3.15778028559e-15,nan,nan,0,nan,nan
18880,1.79814085883e-12,0,3.15458779991e-15,nan,nan,0,nan,nan
18884,1.79834903125e-12,0,3.15139455104e-15,nan,nan,0,nan,nan
18888,1.79848690375e-12,0,3.14820621948e-15,nan,nan,0,nan,nan
18892,1.79855459767e-12,0,3.14499225523e-15,nan,nan,0,nan,nan
18896,1.79855223758e-12,0,3.1417894533e-15,nan,nan,0,nan,nan
18900,1.79847995128e-12,0,3.13858780905e-15,nan,nan,0,nan,nan
18904,1.79833786978e-12,0,3.13536613751e-15,nan,nan,0,nan,nan
18908,1.79812612719e-12,0,3.13215521399e-15,nan,nan,0,nan,nan
18912,1.79784486083e-12,0,3.12893160554e-15,nan,nan,0,nan,nan
18916,1.79749421112e-12,0,3.12570811819e-15,nan,nan,0,nan,nan
18920,1.79707432159e-12,0,3.12246924507e-15,nan,nan,0,nan,nan
18924,1.79658533884e-12,0,3.11924558782e-15,nan,nan,0,nan,nan
18928,1.79602741254e-12,0,3.11599642687e-15,nan,nan,0,nan,nan
18932,1.79540069538e-12,0,3.11275909773e-15,nan,nan,0,nan,nan
18936,1.79470534308e-12,0,3.1095091414e-15,nan,nan,0,nan,nan
18940,1.79394151433e-12,0,3.10625571887e-15,nan,nan,0,nan,nan
18944,1.7931093708e-12,0,3.10300737315e-15,nan,nan,0,nan,nan
18948,1.79220907713e-12,0,3.09973413054e-15,nan,nan,0,nan,nan
18952,1.79124080085e-12,0,3.09647010397e-15,nan,nan,0,nan,nan
18956,1.79020471242e-12,0,3.09321026699e-15,nan,nan,0,nan,nan
18960,1.78910098519e-12,0,3.08994680628e-15,nan,nan,0,nan,nan
18964,1.78792979535e-12,0,3.08668593513e-15,nan,nan,0,nan,nan
18968,1.78669132197e-12,0,3.08342058e-15,nan,nan,0,nan,nan
18972,1.78538574692e-12,0,3.08013953672e-15,nan,nan,0,nan,nan
18976,1.7840132549e-12,0,3.07686032952e-15,nan,nan,0,nan,nan
18980,1.78257403338e-12,0,3.07358686324e-15,nan,nan,0,nan,nan
18984,1.78106827262e-12,0,3.07029548089e-15,nan,nan,0,nan,nan
18988,1.77949616561e-12,0,3.06703460763e-15,nan,nan,0,nan,nan
18992,1.77785790808e-12,0,3.06375312382e-15,nan,nan,0,nan,nan
18996,1.7761536985e-12,0,3.06047680774e-15,nan,nan,0,nan,nan
19000,1.7743837379e-12,0,3.05720358014e-15,nan,nan,0,nan,nan
19004,1.77254823038e-12,0,3.05392655414e-15,nan,nan,0,nan,nan
19008,1.77064738216e-12,0,3.05064079445e-15,nan,nan,0,nan,nan
19012,1.76868140253e-12,0,3.04738188187e-15,nan,nan,0,nan,nan
19016,1.76665050321e-12,0,3.04411224932e-15,nan,nan,0,nan,nan
19020,1.76455489866e-12,0,3.04084240899e-15,nan,nan,0,nan,nan
19024,1.76239480581e-12,0,3.03758869918e-15,nan,nan,0,nan,nan
19028,1.76017044432e-12,0,3.0343166082e-15,nan,nan,0,nan,nan
19032,1.7578820363e-12,0,3.03107887157e-15,nan,nan,0,nan,nan
19036,1.75552980651e-12,0,3.02780809429e-15,nan,nan,0,nan,nan
19040,1.75311398221e-12,0,3.02456098124e-15,nan,nan,0,nan,nan
19044,1.75063479324e-12,0,3.02131982687e-15,nan,nan,0,nan,nan
19048,1.74809247187e-12,0,3.01807856289e-15,nan,nan,0,nan,nan
19052,1.74548725301e-12,0,3.01485517498e-15,nan,nan,0,nan,nan
19056,1.74281937394e-12,0,3.0116211139e-15,nan,nan,0,nan,nan
19060,1.74008907452e-12,0,3.00839639683e-15,nan,nan,0,nan,nan
19064,1.73729659702e-12,0,3.00517800716e-15,nan,nan,0,nan,nan
19068,1.73444218624e-12,0,3.00198179687e-15,nan,nan,0,nan,nan
19072,1.73152608935e-12,0,2.99876360303e-15,nan,nan,0,nan,nan
19076,1.72854855602e-12,0,2.9955606281e-15,nan,nan,0,nan,nan
19080,1.72550983835e-12,0,2.99238893319e-15,nan,nan,0,nan,nan
19084,1.72241019082e-12,0,2.98919746943e-15,nan,nan,0,nan,nan
19088,1.71924987039e-12,0,2.98602557781e-15,nan,nan,0,nan,nan
19092,1.71602913636e-12,0,2.98285721276e-15,nan,nan,0,nan,nan
19096,1.71274825046e-12,0,2.97970041058e-15,nan,nan,0,nan,nan
19100,1.70940747678e-12,0,2.97653656931e-15,nan,nan,0,nan,nan
19104,1.70600708181e-12,0,2.97338657895e-15,nan,nan,0,nan,nan
19108,1.70254733439e-12,0,2.9702539635e-15,nan,nan,0,nan,nan
19112,1.69902850575e-12,0,2.96711142801e-15,nan,nan,0,nan,nan
19116,1.69545086943e-12,0,2.96399417916e-15,nan,nan,0,nan,nan
19120,1.69181470136e-12,0,2.96086887734e-15,nan,nan,0,nan,nan
19124,1.68812027976e-12,0,2.95776091629e-15,nan,nan,0,nan,nan
19128,1.68436788521e-12,0,2.95467292866e-15,nan,nan,0,nan,nan
19132,1.6805578006e-12,0,2.95156149393e-15,nan,nan,0,nan,nan
19136,1.67669031112e-12,0,2.94848096017e-15,nan,nan,0,nan,nan
19140,1.67276570431e-12,0,2.94539825614e-15,nan,nan,0,nan,nan
19144,1.66878426995e-12,0,2.94232043063e-15,nan,nan,0,nan,nan
19148,1.66474630017e-12,0,2.93926768107e-15,nan,nan,0,nan,nan
19152,1.66065208933e-12,0,2.9362018285e-15,nan,nan,0,nan,nan
19156,1.65650193412e-12,0,2.9331605099e-15,nan,nan,0,nan,nan
19160,1.65229613346e-12,0,2.93010381604e-15,nan,nan,0,nan,nan
19164,1.64803498856e-12,0,2.92706616211e-15,nan,nan,0,nan,nan
19168,1.64371880287e-12,0,2.92404332793e-15,nan,nan,0,nan,nan
19172,1.63934788209e-12,0,2.9210004044e-15,nan,nan,0,nan,nan
19176,1.63492253418e-12,0,2.91797418005e-15,nan,nan,0,nan,nan
19180,1.6304430693e-12,0,2.9149625354e-15,nan,nan,0,nan,nan
19184,1.62590979988e-12,0,2.91194646117e-15,nan,nan,0,nan,nan
19188,1.62132304053e-12,0,2.90893773841e-15,nan,nan,0,nan,nan
19192,1.61668310811e-12,0,2.90592891243e-15,nan,nan,0,nan,nan
19196,1.61199032166e-12,0,2.90291992599e-15,nan,nan,0,nan,nan
19200,1.60724500243e-12,0,2.89992410374e-15,nan,nan,0,nan,nan
19204,1.60244747386e-12,0,2.89693035551e-15,nan,nan,0,nan,nan
19208,1.59759806157e-12,0,2.89394149485e-15,nan,nan,0,nan,nan
19212,1.59269709336e-12,0,2.89095124121e-15,nan,nan,0,nan,nan
19216,1.58774489918e-12,0,2.88796576922e-15,nan,nan,0,nan,nan
19220,1.58274181119e-12,0,2.88498543511e-15,nan,nan,0,nan,nan
19224,1.57768816363e-12,0,2.88200481717e-15,nan,nan,0,nan,nan
19228,1.57258429294e-12,0,2.8790197109e-15,nan,nan,0,nan,nan
19232,1.56743053769e-12,0,2.87605046893e-15,nan,nan,0,nan,nan
19236,1.56222723855e-12,0,2.87307861941e-15,nan,nan,0,nan,nan
19240,1.55697473836e-12,0,2.8700927095e-15,nan,nan,0,nan,nan
19244,1.55167338201e-12,0,2.86711913403e-15,nan,nan,0,nan,nan
19248,1.54632351656e-12,0,2.86414812099e-15,nan,nan,0,nan,nan
19252,1.5409254911e-12,0,2.86116584753e-15,nan,nan,0,nan,nan
19256,1.53547965688e-12,0,2.85819089104e-15,nan,nan,0,nan,nan
19260,1.52998636718e-12,0,2.85521445929e-15,nan,nan,0,nan,nan
19264,1.52444597738e-12,0,2.85224369052e-15,nan,nan,0,nan,nan
19268,1.51885884491e-12,0,2.84925162904e-15,nan,nan,0,nan,nan
19272,1.51322532926e-12,0,2.84627522225e-15,nan,nan,0,nan,nan
19276,1.50754579198e-12,0,2.84328636812e-15,nan,nan,0,nan,nan
19280,1.50182059665e-12,0,2.84030613765e-15,nan,nan,0,nan,nan
19284,1.4960501089e-12,0,2.83732425451e-15,nan,nan,0,nan,nan
19288,1.49023469638e-12,0,2.83433231576e-15,nan,nan,0,nan,nan
19292,1.48437472876e-12,0,2.83134767212e-15,nan,nan,0,nan,nan
19296,1.47847057771e-12,0,2.82834965703e-15,nan,nan,0,nan,nan
19300,1.47252261698e-12,0,2.82535986131e-15,nan,nan,0,nan,nan
19304,1.46653122218e-12,0,2.82235920129e-15,nan,nan,0,nan,nan
19308,1.4604967711e-12,0,2.81936682029e-15,nan,nan,0,nan,nan
19312,1.45441964337e-12,0,2.81636653553e-15,nan,nan,0,nan,nan
19316,1.44830022067e-12,0,2.81335335708e-15,nan,nan,0,nan,nan
19320,1.44213888666e-12,0,2.8103527739e-15,nan,nan,0,nan,nan
19324,1.43593602697e-12,0,2.80734588606e-15,nan,nan,0,nan,nan
19328,1.4296920292e-12,0,2.80432597649e-15,nan,nan,0,nan,nan
19332,1.42340728294e-12,0,2.80130658914e-15,nan,nan,0,nan,nan
19336,1.41708217972e-12,0,2.79830271008e-15,nan,nan,0,nan,nan
19340,1.41071711305e-12,0,2.79527612009e-15,nan,nan,0,nan,nan
19344,1.40431247844e-12,0,2.79226025011e-15,nan,nan,0,nan,nan
19348,1.3978686733e-12,0,2.78923119847e-15,nan,nan,0,nan,nan
19352,1.39138609705e-12,0,2.7862064782e-15,nan,nan,0,nan,nan
19356,1.38486515108e-12,0,2.78317627071e-15,nan,nan,0,nan,nan
19360,1.37830623871e-12,0,2.78015033793e-15,nan,nan,0,nan,nan
19364,1.3717097653e-12,0,2.77713342468e-15,nan,nan,0,nan,nan
19368,1.36507613812e-12,0,2.77407388839e-15,nan,nan,0,nan,nan
19372,1.35840576644e-12,0,2.77104594557e-15,nan,nan,0,nan,nan
19376,1.35169906155e-12,0,2.76800910143e-15,nan,nan,0,nan,nan
19380,1.3449564367e-12,0,2.76497541048e-15,nan,nan,0,nan,nan
19384,1.33817830717e-12,0,2.76192968389e-15,nan,nan,0,nan,nan
19388,1.33136509023e-12,0,2.75889099925e-15,nan,nan,0,nan,nan
19392,1.3245172052e-12,0,2.75586073e-15,nan,nan,0,nan,nan
19396,1.31763507341e-12,0,2.75280983345e-15,nan,nan,0,nan,nan
19400,1.31071911827e-12,0,2.74976926892e-15,nan,nan,0,nan,nan
19404,1.30376976523e-12,0,2.74673256283e-15,nan,nan,0,nan,nan
19408,1.29678744186e-12,0,2.7436903848e-15,nan,nan,0,nan,nan
19412,1.28977257781e-12,0,2.74065552774e-15,nan,nan,0,nan,nan
19416,1.28272560484e-12,0,2.73761077597e-15,nan,nan,0,nan,nan
19420,1.27564695691e-12,0,2.73458240022e-15,nan,nan,0,nan,nan
19424,1.26853707006e-12,0,2.73154057752e-15,nan,nan,0,nan,nan
19428,1.26139638266e-12,0,2.72850445668e-15,nan,nan,0,nan,nan
19432,1.25422533516e-12,0,2.72548212755e-15,nan,nan,0,nan,nan
19436,1.24702437037e-12,0,2.72244065278e-15,nan,nan,0,nan,nan
19440,1.23979393337e-12,0,2.71940552037e-15,nan,nan,0,nan,nan
19444,1.23253447151e-12,0,2.7163753593e-15,nan,nan,0,nan,nan
19448,1.22524643453e-12,0,2.71335875531e-15,nan,nan,0,nan,nan
19452,1.21793027462e-12,0,2.71033885124e-15,nan,nan,0,nan,nan
19456,1.21058644635e-12,0,2.70731852492e-15,nan,nan,0,nan,nan
19460,1.20321540678e-12,0,2.70429569079e-15,nan,nan,0,nan,nan
19464,1.19581761558e-12,0,2.70129885911e-15,nan,nan,0,nan,nan
19468,1.1883935349e-12,0,2.69829058869e-15,nan,nan,0,nan,nan
19472,1.1809436296e-12,0,2.69526444753e-15,nan,nan,0,nan,nan
19476,1.1734683672e-12,0,2.69227179418e-15,nan,nan,0,nan,nan
19480,1.16596821802e-12,0,2.68926741844e-15,nan,nan,0,nan,nan
19484,1.15844365519e-12,0,2.68627422104e-15,nan,nan,0,nan,nan
19488,1.15089515468e-12,0,2.68328567162e-15,nan,nan,0,nan,nan
19492,1.14332319548e-12,0,2.68030744102e-15,nan,nan,0,nan,nan
19496,1.13572825956e-12,0,2.67731684968e-15,nan,nan,0,nan,nan
19500,1.12811083206e-12,0,2.6743434114e-15,nan,nan,0,nan,nan
19504,1.12047140127e-12,0,2.6713709304e-15,nan,nan,0,nan,nan
19508,1.1128104588e-12,0,2.6684117619e-15,nan,nan,0,nan,nan
19512,1.10512849957e-12,0,2.66543985148e-15,nan,nan,0,nan,nan
19516,1.09742602204e-12,0,2.66247645941e-15,nan,nan,0,nan,nan
19520,1.08970352821e-12,0,2.65953425827e-15,nan,nan,0,nan,nan
19524,1.08196152377e-12,0,2.65658586046e-15,nan,nan,0,nan,nan
19528,1.07420051817e-12,0,2.65363573297e-15,nan,nan,0,nan,nan
19532,1.06642102481e-12,0,2.6506837811e-15,nan,nan,0,nan,nan
19536,1.05862356109e-12,0,2.64775026609e-15,nan,nan,0,nan,nan
19540,1.0508086486e-12,0,2.64483713377e-15,nan,nan,0,nan,nan
19544,1.04297681317e-12,0,2.64190573303e-15,nan,nan,0,nan,nan
19548,1.03512858513e-12,0,2.63899220663e-15,nan,nan,0,nan,nan
19552,1.02726449938e-12,0,2.63607119935e-15,nan,nan,0,nan,nan
19556,1.01938509556e-12,0,2.63316449809e-15,nan,nan,0,nan,nan
19560,1.0114909182e-12,0,2.6302530778e-15,nan,nan,0,nan,nan
19564,1.00358251694e-12,0,2.6273533899e-15,nan,nan,0,nan,nan
19568,9.95660446697e-13,0,2.62446172709e-15,nan,nan,0,nan,nan
19572,9.87725267802e-13,0,2.62157031244e-15,nan,nan,0,nan,nan
19576,9.79777546264e-13,0,2.61867799436e-15,nan,nan,0,nan,nan
19580,9.71817853953e-13,0,2.61579096897e-15,nan,nan,0,nan,nan
19584,9.63846768827e-13,0,2.61291087543e-15,nan,nan,0,nan,nan
19588,9.55864875153e-13,0,2.61002482457e-15,nan,nan,0,nan,nan
19592,9.4787276373e-13,0,2.60716153064e-15,nan,nan,0,nan,nan
19596,9.39871032215e-13,0,2.60428072708e-15,nan,nan,0,nan,nan
19600,9.31860285289e-13,0,2.60141390273e-15,nan,nan,0,nan,nan
19604,9.2384113503e-13,0,2.59854748392e-15,nan,nan,0,nan,nan
19608,9.1581420115e-13,0,2.59568266497e-15,nan,nan,0,nan,nan
19612,9.07780111306e-13,0,2.59282689125e-15,nan,nan,0,nan,nan
19616,8.99739501459e-13,0,2.58996098177e-15,nan,nan,0,nan,nan
19620,8.91693016164e-13,0,2.58711380479e-15,nan,nan,0,nan,nan
19624,8.83641309002e-13,0,2.58425473433e-15,nan,nan,0,nan,nan
19628,8.75585042858e-13,0,2.58140532571e-15,nan,nan,0,nan,nan
19632,8.67524890398e-13,0,2.57855467536e-15,nan,nan,0,nan,nan
19636,8.59461534459e-13,0,2.5757122881e-15,nan,nan,0,nan,nan
19640,8.51395668449e-13,0,2.57285957437e-15,nan,nan,0,nan,nan
19644,8.43327996886e-13,0,2.57001015191e-15,nan,nan,0,nan,nan
19648,8.35259235791e-13,0,2.56717032085e-15,nan,nan,0,nan,nan
19652,8.27190113256e-13,0,2.56433808413e-15,nan,nan,0,nan,nan
19656,8.19121369954e-13,0,2.56147457349e-15,nan,nan,0,nan,nan
19660,8.11053759699e-13,0,2.5586500154e-15,nan,nan,0,nan,nan
19664,8.02988050112e-13,0,2.55582071726e-15,nan,nan,0,nan,nan
19668,7.94925023068e-13,0,2.55297052333e-15,nan,nan,0,nan,nan
19672,7.86865475556e-13,0,2.55012408702e-15,nan,nan,0,nan,nan
19676,7.78810220213e-13,0,2.54728699725e-15,nan,nan,0,nan,nan
19680,7.70760086202e-13,0,2.54444762821e-15,nan,nan,0,nan,nan
19684,7.62715919776e-13,0,2.541609424e-15,nan,nan,0,nan,nan
19688,7.54678585322e-13,0,2.53877402381e-15,nan,nan,0,nan,nan
19692,7.46648966012e-13,0,2.53592948952e-15,nan,nan,0,nan,nan
19696,7.38627964835e-13,0,2.53308901568e-15,nan,nan,0,nan,nan
19700,7.30616505443e-13,0,2.53025456202e-15,nan,nan,0,nan,nan
19704,7.22615533208e-13,0,2.52741461276e-15,nan,nan,0,nan,nan
19708,7.14626016298e-13,0,2.52456591004e-15,nan,nan,0,nan,nan
19712,7.06648946678e-13,0,2.5217397648e-15,nan,nan,0,nan,nan
19716,6.9868534139e-13,0,2.51888636562e-15,nan,nan,0,nan,nan
19720,6.90736243695e-13,0,2.51604724768e-15,nan,nan,0,nan,nan
19724,6.82802724453e-13,0,2.51320508815e-15,nan,nan,0,nan,nan
19728,6.74885883375e-13,0,2.51036458537e-15,nan,nan,0,nan,nan
19732,6.66986850611e-13,0,2.50751632087e-15,nan,nan,0,nan,nan
19736,6.59106788123e-13,0,2.50468266739e-15,nan,nan,0,nan,nan
19740,6.5124689136e-13,0,2.50183275173e-15,nan,nan,0,nan,nan
19744,6.43408390918e-13,0,2.4989916476e-15,nan,nan,0,nan,nan
19748,6.35592554326e-13,0,2.49614010203e-15,nan,nan,0,nan,nan
19752,6.27800687886e-13,0,2.49329604122e-15,nan,nan,0,nan,nan
19756,6.20034138638e-13,0,2.49045045724e-15,nan,nan,0,nan,nan
19760,6.1229429648e-13,0,2.4876061824e-15,nan,nan,0,nan,nan
19764,6.04582596195e-13,0,2.48475390478e-15,nan,nan,0,nan,nan
19768,5.96900519914e-13,0,2.48192060339e-15,nan,nan,0,nan,nan
19772,5.89249599344e-13,0,2.47906807909e-15,nan,nan,0,nan,nan
19776,5.8163141837e-13,0,2.47622635481e-15,nan,nan,0,nan,nan
19780,5.7404761564e-13,0,2.47337771826e-15,nan,nan,0,nan,nan
19784,5.66499887359e-13,0,2.47052787223e-15,nan,nan,0,nan,nan
19788,5.589899901e-13,0,2.46768354984e-15,nan,nan,0,nan,nan
19792,5.51519743884e-13,0,2.46484413433e-15,nan,nan,0,nan,nan
19796,5.44091035257e-13,0,2.4619926648e-15,nan,nan,0,nan,nan
19800,5.36705820595e-13,0,2.45915564087e-15,nan,nan,0,nan,nan
19804,5.29366129437e-13,0,2.4563188717e-15,nan,nan,0,nan,nan
19808,5.22074068095e-13,0,2.45347131509e-15,nan,nan,0,nan,nan
19812,5.14831823219e-13,0,2.45063034289e-15,nan,nan,0,nan,nan
19816,5.07641665569e-13,0,2.44779483665e-15,nan,nan,0,nan,nan
19820,5.00505953884e-13,0,2.4449513352e-15,nan,nan,0,nan,nan
19824,4.93427138853e-13,0,2.44211864409e-15,nan,nan,0,nan,nan
19828,4.86407767105e-13,0,2.43927972644e-15,nan,nan,0,nan,nan
19832,4.79450485382e-13,0,2.43642809829e-15,nan,nan,0,nan,nan
19836,4.72558044636e-13,0,2.4336228866e-15,nan,nan,0,nan,nan
19840,4.65733304172e-13,0,2.4307775017e-15,nan,nan,0,nan,nan
19844,4.589792358e-13,0,2.42796590817e-15,nan,nan,0,nan,nan
19848,4.52298927933e-13,0,2.42513966667e-15,nan,nan,0,nan,nan
19852,4.45695589528e-13,0,2.42230277066e-15,nan,nan,0,nan,nan
19856,4.3917255388e-13,0,2.41947743412e-15,nan,nan,0,nan,nan
19860,4.32733282227e-13,0,2.41666429833e-15,nan,nan,0,nan,nan
19864,4.26381367038e-13,0,2.41386232946e-15,nan,nan,0,nan,nan
19868,4.20120534902e-13,0,2.41101512789e-15,nan,nan,0,nan,nan
19872,4.13954648992e-13,0,2.40821434874e-15,nan,nan,0,nan,nan
19876,4.07887710914e-13,0,2.40540436926e-15,nan,nan,0,nan,nan
19880,4.01923861773e-13,0,2.40259186136e-15,nan,nan,0,nan,nan
19884,3.96067382652e-13,0,2.39979663243e-15,nan,nan,0,nan,nan
19888,3.90322693846e-13,0,2.39699371492e-15,nan,nan,0,nan,nan
19892,3.84694353081e-13,0,2.39418952356e-15,nan,nan,0,nan,nan
19896,3.79187052512e-13,0,2.3913989589e-15,nan,nan,0,nan,nan
19900,3.73805614123e-13,0,2.38859974436e-15,nan,nan,0,nan,nan
19904,3.68554983491e-13,0,2.38580150478e-15,nan,nan,0,nan,nan
19908,3.63440221765e-13,0,2.38301870466e-15,nan,nan,0,nan,nan
19912,3.58466495473e-13,0,2.38023636402e-15,nan,nan,0,nan,nan
19916,3.53639064308e-13,0,2.3774530497e-15,nan,nan,0,nan,nan
19920,3.48963266227e-13,0,2.37467723811e-15,nan,nan,0,nan,nan
19924,3.44444500327e-13,0,2.37189471401e-15,nan,nan,0,nan,nan
19928,3.40088206593e-13,0,2.36911898611e-15,nan,nan,0,nan,nan
19932,3.35899843269e-13,0,2.36636033351e-15,nan,nan,0,nan,nan
19936,3.31884861112e-13,0,2.36357284417e-15,nan,nan,0,nan,nan
19940,3.28048674873e-13,0,2.36081305176e-15,nan,nan,0,nan,nan
19944,3.24396632048e-13,0,2.35804650641e-15,nan,nan,0,nan,nan
19948,3.20933978904e-13,0,2.3553015318e-15,nan,nan,0,nan,nan
19952,3.17665824214e-13,0,2.35252560613e-15,nan,nan,0,nan,nan
19956,3.14597100842e-13,0,2.34977496037e-15,nan,nan,0,nan,nan
19960,3.11732525742e-13,0,2.34702965905e-15,nan,nan,0,nan,nan
19964,3.09076558811e-13,0,2.3442945515e-15,nan,nan,0,nan,nan
19968,3.06633361271e-13,0,2.34150709777e-15,nan,nan,0,nan,nan
19972,3.04406754196e-13,0,2.3387719403e-15,nan,nan,0,nan,nan
19976,3.02400178079e-13,0,2.33603044163e-15,nan,nan,0,nan,nan
19980,3.00616654145e-13,0,2.33328339224e-15,nan,nan,0,nan,nan
19984,2.99058748353e-13,0,2.33053895237e-15,nan,nan,0,nan,nan
19988,2.97728538735e-13,0,2.32780364951e-15,nan,nan,0,nan,nan
19992,2.96627587273e-13,0,2.32507311409e-15,nan,nan,0,nan,nan
19996,2.95756916515e-13,0,2.32232739762e-15,nan,nan,0,nan,nan
20000,2.95116992059e-13,0,2.31959867441e-15,nan,nan,0,nan,nan
20004,2.94707711043e-13,0,2.31686565925e-15,nan,nan,0,nan,nan
20008,2.94528397221e-13,0,2.31413417569e-15,nan,nan,0,nan,nan
20012,2.94577802653e-13,0,2.31139791047e-15,nan,nan,0,nan,nan
20016,2.94854116123e-13,0,2.30868670315e-15,nan,nan,0,nan,nan
20020,2.95354977936e-13,0,2.30595018113e-15,nan,nan,0,nan,nan
20024,2.96077500905e-13,0,2.30322551952e-15,nan,nan,0,nan,nan
20028,2.97018296865e-13,0,2.30049228558e-15,nan,nan,0,nan,nan
20032,2.98173508126e-13,0,2.29777433803e-15,nan,nan,0,nan,nan
20036,2.99538843158e-13,0,2.29506789311e-15,nan,nan,0,nan,nan
20040,3.01109615463e-13,0,2.29233926655e-15,nan,nan,0,nan,nan
20044,3.02880785153e-13,0,2.28961565202e-15,nan,nan,0,nan,nan
20048,3.04847001846e-13,0,2.28689954279e-15,nan,nan,0,nan,nan
20052,3.07002648576e-13,0,2.2841766283e-15,nan,nan,0,nan,nan
20056,3.09341885588e-13,0,2.28144389343e-15,nan,nan,0,nan,nan
20060,3.11858693263e-13,0,2.27874001407e-15,nan,nan,0,nan,nan
20064,3.14546913862e-13,0,2.27600970039e-15,nan,nan,0,nan,nan
20068,3.17400291183e-13,0,2.27327947484e-15,nan,nan,0,nan,nan
20072,3.20412508021e-13,0,2.27058616321e-15,nan,nan,0,nan,nan
20076,3.23577220832e-13,0,2.26786534411e-15,nan,nan,0,nan,nan
20080,3.26888091604e-13,0,2.26514363123e-15,nan,nan,0,nan,nan
20084,3.30338816614e-13,0,2.26241964394e-15,nan,nan,0,nan,nan
20088,3.33923152156e-13,0,2.25970522643e-15,nan,nan,0,nan,nan
20092,3.37634937154e-13,0,2.25698501494e-15,nan,nan,0,nan,nan
20096,3.41468112791e-13,0,2.25427197877e-15,nan,nan,0,nan,nan
20100,3.45416739199e-13,0,2.25155077188e-15,nan,nan,0,nan,nan
20104,3.49475009543e-13,0,2.24884066753e-15,nan,nan,0,nan,nan
20108,3.5363726138e-13,0,2.2461218833e-15,nan,nan,0,nan,nan
20112,3.57897985855e-13,0,2.24340967807e-15,nan,nan,0,nan,nan
20116,3.62251834613e-13,0,2.24069495938e-15,nan,nan,0,nan,nan
20120,3.66693624784e-13,0,2.23798106453e-15,nan,nan,0,nan,nan
20124,3.71218342431e-13,0,2.23527382379e-15,nan,nan,0,nan,nan
20128,3.75821144251e-13,0,2.2325508574e-15,nan,nan,0,nan,nan
20132,3.80497358081e-13,0,2.22984276286e-15,nan,nan,0,nan,nan
20136,3.85242482191e-13,0,2.22714811568e-15,nan,nan,0,nan,nan
20140,3.90052183737e-13,0,2.22441508001e-15,nan,nan,0,nan,nan
20144,3.94922296267e-13,0,2.22170543751e-15,nan,nan,0,nan,nan
20148,3.99848816491e-13,0,2.21900100855e-15,nan,nan,0,nan,nan
20152,4.04827900758e-13,0,2.21628678287e-15,nan,nan,0,nan,nan
20156,4.09855860805e-13,0,2.2135715395e-15,nan,nan,0,nan,nan
20160,4.14929159324e-13,0,2.21086231961e-15,nan,nan,0,nan,nan
20164,4.20044405273e-13,0,2.20817416201e-15,nan,nan,0,nan,nan
20168,4.25198348921e-13,0,2.20542778e-15,nan,nan,0,nan,nan
20172,4.30387876847e-13,0,2.2027505977e-15,nan,nan,0,nan,nan
20176,4.35610006855e-13,0,2.20004041493e-15,nan,nan,0,nan,nan
20180,4.40861882938e-13,0,2.19733515106e-15,nan,nan,0,nan,nan
20184,4.46140770104e-13,0,2.1946343478e-15,nan,nan,0,nan,nan
20188,4.51444049501e-13,0,2.19193757926e-15,nan,nan,0,nan,nan
20192,4.56769213405e-13,0,2.18922134696e-15,nan,nan,0,nan,nan
20196,4.62113860456e-13,0,2.18654574613e-15,nan,nan,0,nan,nan
20200,4.67475690939e-13,0,2.18383866316e-15,nan,nan,0,nan,nan
20204,4.72852502283e-13,0,2.18114883328e-15,nan,nan,0,nan,nan
20208,4.78242184621e-13,0,2.17845480548e-15,nan,nan,0,nan,nan
20212,4.83642716537e-13,0,2.1757630182e-15,nan,nan,0,nan,nan
20216,4.89052161021e-13,0,2.173073047e-15,nan,nan,0,nan,nan
20220,4.9446866149e-13,0,2.17038586848e-15,nan,nan,0,nan,nan
20224,4.99890438057e-13,0,2.16769919641e-15,nan,nan,0,nan,nan
20228,5.05315783894e-13,0,2.16500980055e-15,nan,nan,0,nan,nan
20232,5.10743061808e-13,0,2.16234493865e-15,nan,nan,0,nan,nan
20236,5.16170700922e-13,0,2.15964593928e-15,nan,nan,0,nan,nan
20240,5.21597193576e-13,0,2.15697779183e-15,nan,nan,0,nan,nan
20244,5.27021092263e-13,0,2.15429999221e-15,nan,nan,0,nan,nan
20248,5.32441006848e-13,0,2.15162928123e-15,nan,nan,0,nan,nan
20252,5.37855601826e-13,0,2.14896769125e-15,nan,nan,0,nan,nan
20256,5.43263593737e-13,0,2.14629958989e-15,nan,nan,0,nan,nan
20260,5.48663748732e-13,0,2.1436329389e-15,nan,nan,0,nan,nan
20264,5.54054880235e-13,0,2.14097388295e-15,nan,nan,0,nan,nan
20268,5.59435846746e-13,0,2.13829670414e-15,nan,nan,0,nan,nan
20272,5.64805549725e-13,0,2.13565309135e-15,nan,nan,0,nan,nan
20276,5.70162931624e-13,0,2.13300005044e-15,nan,nan,0,nan,nan
20280,5.75506973976e-13,0,2.13034947304e-15,nan,nan,0,nan,nan
20284,5.80836695655e-13,0,2.12770003392e-15,nan,nan,0,nan,nan
20288,5.8615115111e-13,0,2.12506025817e-15,nan,nan,0,nan,nan
20292,5.91449428793e-13,0,2.12240448226e-15,nan,nan,0,nan,nan
20296,5.96730649662e-13,0,2.11976779525e-15,nan,nan,0,nan,nan
20300,6.01993965659e-13,0,2.11712794807e-15,nan,nan,0,nan,nan
20304,6.07238558426e-13,0,2.11448619185e-15,nan,nan,0,nan,nan
20308,6.12463637937e-13,0,2.11185399324e-15,nan,nan,0,nan,nan
20312,6.17668441302e-13,0,2.10922472127e-15,nan,nan,0,nan,nan
20316,6.22852231588e-13,0,2.10658864524e-15,nan,nan,0,nan,nan
20320,6.28014296716e-13,0,2.10396499675e-15,nan,nan,0,nan,nan
20324,6.33153948389e-13,0,2.10135096555e-15,nan,nan,0,nan,nan
20328,6.38270521106e-13,0,2.09872486833e-15,nan,nan,0,nan,nan
20332,6.43363371264e-13,0,2.09612159314e-15,nan,nan,0,nan,nan
20336,6.48431876171e-13,0,2.09348426628e-15,nan,nan,0,nan,nan
20340,6.53475433262e-13,0,2.09086733217e-15,nan,nan,0,nan,nan
20344,6.58493459255e-13,0,2.08824657968e-15,nan,nan,0,nan,nan
20348,6.63485389418e-13,0,2.08564461676e-15,nan,nan,0,nan,nan
20352,6.68450676786e-13,0,2.08303470376e-15,nan,nan,0,nan,nan
20356,6.73388791521e-13,0,2.08040406199e-15,nan,nan,0,nan,nan
20360,6.78299220272e-13,0,2.07781790212e-15,nan,nan,0,nan,nan
20364,6.83181465394e-13,0,2.07520959008e-15,nan,nan,0,nan,nan
20368,6.88035044609e-13,0,2.07260713661e-15,nan,nan,0,nan,nan
20372,6.9285949021e-13,0,2.07000612524e-15,nan,nan,0,nan,nan
20376,6.97654348637e-13,0,2.06740387492e-15,nan,nan,0,nan,nan
20380,7.02419179958e-13,0,2.06479772507e-15,nan,nan,0,nan,nan
20384,7.07153557343e-13,0,2.06220263638e-15,nan,nan,0,nan,nan
20388,7.1185706665e-13,0,2.05960016616e-15,nan,nan,0,nan,nan
20392,7.16529305927e-13,0,2.05700659867e-15,nan,nan,0,nan,nan
20396,7.21169885055e-13,0,2.05441067598e-15,nan,nan,0,nan,nan
20400,7.25778425262e-13,0,2.05181325981e-15,nan,nan,0,nan,nan
20404,7.30354558876e-13,0,2.04921752833e-15,nan,nan,0,nan,nan
20408,7.34897928766e-13,0,2.04662621806e-15,nan,nan,0,nan,nan
20412,7.39408188199e-13,0,2.04403414942e-15,nan,nan,0,nan,nan
20416,7.43885000365e-13,0,2.04143554416e-15,nan,nan,0,nan,nan
20420,7.48328038135e-13,0,2.03884705638e-15,nan,nan,0,nan,nan
20424,7.52736983705e-13,0,2.0362492453e-15,nan,nan,0,nan,nan
20428,7.57111528371e-13,0,2.03366337501e-15,nan,nan,0,nan,nan
20432,7.61451372191e-13,0,2.03106080776e-15,nan,nan,0,nan,nan
20436,7.65756223759e-13,0,2.0284760875e-15,nan,nan,0,nan,nan
20440,7.70025799944e-13,0,2.02588443859e-15,nan,nan,0,nan,nan
20444,7.74259825661e-13,0,2.02328518064e-15,nan,nan,0,nan,nan
20448,7.78458033599e-13,0,2.02070045141e-15,nan,nan,0,nan,nan
20452,7.82620164061e-13,0,2.01811056431e-15,nan,nan,0,nan,nan
20456,7.86745964699e-13,0,2.01551073949e-15,nan,nan,0,nan,nan
20460,7.9083519035e-13,0,2.01292958559e-15,nan,nan,0,nan,nan
20464,7.94887602835e-13,0,2.01035192847e-15,nan,nan,0,nan,nan
20468,7.98902970743e-13,0,2.00774907802e-15,nan,nan,0,nan,nan
20472,8.02881069303e-13,0,2.00514117347e-15,nan,nan,0,nan,nan
20476,8.06821680175e-13,0,2.00255663999e-15,nan,nan,0,nan,nan
20480,8.10724591318e-13,0,1.9999603274e-15,nan,nan,0,nan,nan
20484,8.1458959678e-13,0,1.99736099891e-15,nan,nan,0,nan,nan
20488,8.18416496648e-13,0,1.99477520555e-15,nan,nan,0,nan,nan
20492,8.22205096787e-13,0,1.9921766592e-15,nan,nan,0,nan,nan
20496,8.25955208768e-13,0,1.98957801173e-15,nan,nan,0,nan,nan
20500,8.29666649775e-13,0,1.98699393355e-15,nan,nan,0,nan,nan
20504,8.33339242367e-13,0,1.98438897834e-15,nan,nan,0,nan,nan
20508,8.36972814463e-13,0,1.98180632304e-15,nan,nan,0,nan,nan
20512,8.40567199123e-13,0,1.97920993153e-15,nan,nan,0,nan,nan
20516,8.44122234549e-13,0,1.97660827104e-15,nan,nan,0,nan,nan
20520,8.47637763913e-13,0,1.97401556934e-15,nan,nan,0,nan,nan
20524,8.51113635238e-13,0,1.97142601501e-15,nan,nan,0,nan,nan
20528,8.54549701338e-13,0,1.9688343595e-15,nan,nan,0,nan,nan
20532,8.57945819712e-13,0,1.9662455035e-15,nan,nan,0,nan,nan
20536,8.61301852429e-13,0,1.96362610404e-15,nan,nan,0,nan,nan
20540,8.64617666089e-13,0,1.96104559581e-15,nan,nan,0,nan,nan
20544,8.67893131675e-13,0,1.95844612687e-15,nan,nan,0,nan,nan
20548,8.71128124534e-13,0,1.9558646078e-15,nan,nan,0,nan,nan
20552,8.74322524223e-13,0,1.95327937284e-15,nan,nan,0,nan,nan
20556,8.77476214522e-13,0,1.95067816473e-15,nan,nan,0,nan,nan
20560,8.80589083297e-13,0,1.94808886352e-15,nan,nan,0,nan,nan
20564,8.83661022462e-13,0,1.94549487172e-15,nan,nan,0,nan,nan
20568,8.86691927903e-13,0,1.94290019659e-15,nan,nan,0,nan,nan
20572,8.89681699391e-13,0,1.94033388206e-15,nan,nan,0,nan,nan
20576,8.9263024056e-13,0,1.93773773164e-15,nan,nan,0,nan,nan
20580,8.95537458807e-13,0,1.93514726209e-15,nan,nan,0,nan,nan
20584,8.98403265332e-13,0,1.93256016956e-15,nan,nan,0,nan,nan
20588,9.01227574873e-13,0,1.92998989844e-15,nan,nan,0,nan,nan
20592,9.04010305912e-13,0,1.92739657408e-15,nan,nan,0,nan,nan
20596,9.06751380422e-13,0,1.92481873658e-15,nan,nan,0,nan,nan
20600,9.094507239e-13,0,1.9222394171e-15,nan,nan,0,nan,nan
20604,9.121082654e-13,0,1.91966052278e-15,nan,nan,0,nan,nan
20608,9.14723937247e-13,0,1.91709158401e-15,nan,nan,0,nan,nan
20612,9.17297675279e-13,0,1.91452318306e-15,nan,nan,0,nan,nan
20616,9.19829418625e-13,0,1.91194434127e-15,nan,nan,0,nan,nan
20620,9.22319109686e-13,0,1.90937088258e-15,nan,nan,0,nan,nan
20624,9.24766694161e-13,0,1.90681188602e-15,nan,nan,0,nan,nan
20628,9.27172120946e-13,0,1.90424150048e-15,nan,nan,0,nan,nan
20632,9.29535342133e-13,0,1.90169194314e-15,nan,nan,0,nan,nan
20636,9.31856312951e-13,0,1.89911892219e-15,nan,nan,0,nan,nan
20640,9.34134991739e-13,0,1.89656559704e-15,nan,nan,0,nan,nan
20644,9.36371339927e-13,0,1.89401091949e-15,nan,nan,0,nan,nan
20648,9.38565321994e-13,0,1.89145642842e-15,nan,nan,0,nan,nan
20652,9.40716905428e-13,0,1.8888987186e-15,nan,nan,0,nan,nan
20656,9.42826060712e-13,0,1.88635104017e-15,nan,nan,0,nan,nan
20660,9.44892761281e-13,0,1.88380208005e-15,nan,nan,0,nan,nan
20664,9.46916983511e-13,0,1.88126392574e-15,nan,nan,0,nan,nan
20668,9.48898706673e-13,0,1.87871854566e-15,nan,nan,0,nan,nan
20672,9.50837912926e-13,0,1.87619182677e-15,nan,nan,0,nan,nan
20676,9.52734587261e-13,0,1.87364682624e-15,nan,nan,0,nan,nan
20680,9.54588717534e-13,0,1.87111054531e-15,nan,nan,0,nan,nan
20684,9.56400294349e-13,0,1.86857562017e-15,nan,nan,0,nan,nan
20688,9.58169311158e-13,0,1.86605272876e-15,nan,nan,0,nan,nan
20692,9.59895764115e-13,0,1.86352893697e-15,nan,nan,0,nan,nan
20696,9.61579652138e-13,0,1.86100373225e-15,nan,nan,0,nan,nan
20700,9.63220976848e-13,0,1.85849019043e-15,nan,nan,0,nan,nan
20704,9.64819742574e-13,0,1.8559605234e-15,nan,nan,0,nan,nan
20708,9.66375956293e-13,0,1.85345026207e-15,nan,nan,0,nan,nan
20712,9.67889627646e-13,0,1.8509356219e-15,nan,nan,0,nan,nan
20716,9.6936076892e-13,0,1.84842316169e-15,nan,nan,0,nan,nan
20720,9.70789395002e-13,0,1.8459173219e-15,nan,nan,0,nan,nan
20724,9.72175523356e-13,0,1.84340855739e-15,nan,nan,0,nan,nan
20728,9.73519174059e-13,0,1.84090852798e-15,nan,nan,0,nan,nan
20732,9.74820369704e-13,0,1.83840598972e-15,nan,nan,0,nan,nan
20736,9.76079135467e-13,0,1.83591510605e-15,nan,nan,0,nan,nan
20740,9.77295498991e-13,0,1.83340434335e-15,nan,nan,0,nan,nan
20744,9.78469490476e-13,0,1.83091252089e-15,nan,nan,0,nan,nan
20748,9.79601142559e-13,0,1.82841603251e-15,nan,nan,0,nan,nan
20752,9.80690490397e-13,0,1.82592720042e-15,nan,nan,0,nan,nan
20756,9.81737571534e-13,0,1.82343613535e-15,nan,nan,0,nan,nan
20760,9.82742426034e-13,0,1.82094971824e-15,nan,nan,0,nan,nan
20764,9.83705096246e-13,0,1.81845434351e-15,nan,nan,0,nan,nan
20768,9.84625627078e-13,0,1.8159737038e-15,nan,nan,0,nan,nan
20772,9.85504065707e-13,0,1.813495951e-15,nan,nan,0,nan,nan
20776,9.86340461693e-13,0,1.81100396376e-15,nan,nan,0,nan,nan
20780,9.87134867003e-13,0,1.80852762695e-15,nan,nan,0,nan,nan
20784,9.87887335888e-13,0,1.8060462543e-15,nan,nan,0,nan,nan
20788,9.88597924915e-13,0,1.80357184909e-15,nan,nan,0,nan,nan
20792,9.89266692954e-13,0,1.80109167461e-15,nan,nan,0,nan,nan
20796,9.89893701194e-13,0,1.798619494e-15,nan,nan,0,nan,nan
20800,9.90479013041e-13,0,1.79613915909e-15,nan,nan,0,nan,nan
20804,9.91022694197e-13,0,1.7936675067e-15,nan,nan,0,nan,nan
20808,9.91524812562e-13,0,1.79118102329e-15,nan,nan,0,nan,nan
20812,9.91985438284e-13,0,1.78871874191e-15,nan,nan,0,nan,nan
20816,9.92404643669e-13,0,1.78623575578e-15,nan,nan,0,nan,nan
20820,9.92782503281e-13,0,1.78376618518e-15,nan,nan,0,nan,nan
20824,9.93119093746e-13,0,1.781289759e-15,nan,nan,0,nan,nan
20828,9.93414493953e-13,0,1.77881367465e-15,nan,nan,0,nan,nan
20832,9.93668784857e-13,0,1.77635761217e-15,nan,nan,0,nan,nan
20836,9.93882049573e-13,0,1.77387548103e-15,nan,nan,0,nan,nan
20840,9.94054373248e-13,0,1.77140043078e-15,nan,nan,0,nan,nan
20844,9.94185843228e-13,0,1.76893315001e-15,nan,nan,0,nan,nan
20848,9.94276548804e-13,0,1.76646125564e-15,nan,nan,0,nan,nan
20852,9.94326581407e-13,0,1.76398826745e-15,nan,nan,0,nan,nan
20856,9.94336034466e-13,0,1.7615110843e-15,nan,nan,0,nan,nan
20860,9.94305003451e-13,0,1.75903751153e-15,nan,nan,0,nan,nan
20864,9.94233585808e-13,0,1.75657229154e-15,nan,nan,0,nan,nan
20868,9.94121880981e-13,0,1.75410264226e-15,nan,nan,0,nan,nan
20872,9.93969990394e-13,0,1.7516147944e-15,nan,nan,0,nan,nan
20876,9.937780174e-13,0,1.74915092297e-15,nan,nan,0,nan,nan
20880,9.93546067305e-13,0,1.74667381184e-15,nan,nan,0,nan,nan
20884,9.93274247337e-13,0,1.74419948758e-15,nan,nan,0,nan,nan
20888,9.9296266661e-13,0,1.74172462434e-15,nan,nan,0,nan,nan
20892,9.92611436143e-13,0,1.7392410391e-15,nan,nan,0,nan,nan
20896,9.92220668803e-13,0,1.73677414177e-15,nan,nan,0,nan,nan
20900,9.91790479358e-13,0,1.7342991074e-15,nan,nan,0,nan,nan
20904,9.91320984324e-13,0,1.73181870411e-15,nan,nan,0,nan,nan
20908,9.90812302155e-13,0,1.72935287608e-15,nan,nan,0,nan,nan
20912,9.90264553007e-13,0,1.72686921137e-15,nan,nan,0,nan,nan
20916,9.89677858883e-13,0,1.72440134656e-15,nan,nan,0,nan,nan
20920,9.89052343538e-13,0,1.72191976281e-15,nan,nan,0,nan,nan
20924,9.88388132497e-13,0,1.71944018184e-15,nan,nan,0,nan,nan
20928,9.87685353023e-13,0,1.7169671742e-15,nan,nan,0,nan,nan
20932,9.86944134095e-13,0,1.71447093666e-15,nan,nan,0,nan,nan
20936,9.86164606407e-13,0,1.71200248491e-15,nan,nan,0,nan,nan
20940,9.85346902362e-13,0,1.70954022553e-15,nan,nan,0,nan,nan
20944,9.84491156043e-13,0,1.70705072479e-15,nan,nan,0,nan,nan
20948,9.8359750317e-13,0,1.70457940959e-15,nan,nan,0,nan,nan
20952,9.82666081145e-13,0,1.70211217635e-15,nan,nan,0,nan,nan
20956,9.81697029004e-13,0,1.6996291728e-15,nan,nan,0,nan,nan
20960,9.80690487366e-13,0,1.69715857915e-15,nan,nan,0,nan,nan
20964,9.79646598539e-13,0,1.69468326773e-15,nan,nan,0,nan,nan
20968,9.78565506336e-13,0,1.69220933819e-15,nan,nan,0,nan,nan
20972,9.77447356194e-13,0,1.68971569029e-15,nan,nan,0,nan,nan
20976,9.76292295134e-13,0,1.68724974889e-15,nan,nan,0,nan,nan
20980,9.75100471685e-13,0,1.68478165186e-15,nan,nan,0,nan,nan
20984,9.73872035924e-13,0,1.6823042237e-15,nan,nan,0,nan,nan
20988,9.72607139501e-13,0,1.67983423748e-15,nan,nan,0,nan,nan
20992,9.7130593554e-13,0,1.67736782625e-15,nan,nan,0,nan,nan
20996,9.69968578699e-13,0,1.6748922553e-15,nan,nan,0,nan,nan
21000,9.6859522498e-13,0,1.67242095899e-15,nan,nan,0,nan,nan
21004,9.67186032173e-13,0,1.66995778331e-15,nan,nan,0,nan,nan
21008,9.65741159153e-13,0,1.66749110536e-15,nan,nan,0,nan,nan
21012,9.64260766546e-13,0,1.66502755467e-15,nan,nan,0,nan,nan
21016,9.62745016302e-13,0,1.66257008994e-15,nan,nan,0,nan,nan
21020,9.61194071771e-13,0,1.66009622158e-15,nan,nan,0,nan,nan
21024,9.59608097793e-13,0,1.65763825981e-15,nan,nan,0,nan,nan
21028,9.57987260558e-13,0,1.65517242552e-15,nan,nan,0,nan,nan
21032,9.56331727684e-13,0,1.65273513483e-15,nan,nan,0,nan,nan
21036,9.54641668168e-13,0,1.65025722484e-15,nan,nan,0,nan,nan
21040,9.52917252399e-13,0,1.64780890076e-15,nan,nan,0,nan,nan
21044,9.511586521e-13,0,1.64535852221e-15,nan,nan,0,nan,nan
21048,9.49366040382e-13,0,1.64291107261e-15,nan,nan,0,nan,nan
21052,9.47539591682e-13,0,1.64044349918e-15,nan,nan,0,nan,nan
21056,9.45679481788e-13,0,1.63800206836e-15,nan,nan,0,nan,nan
21060,9.43785887792e-13,0,1.63556104083e-15,nan,nan,0,nan,nan
21064,9.41858988158e-13,0,1.6331122308e-15,nan,nan,0,nan,nan
21068,9.39898962596e-13,0,1.63066125131e-15,nan,nan,0,nan,nan
21072,9.37905992151e-13,0,1.62823930246e-15,nan,nan,0,nan,nan
21076,9.35880259145e-13,0,1.62579757213e-15,nan,nan,0,nan,nan
21080,9.33821947198e-13,0,1.62336019781e-15,nan,nan,0,nan,nan
21084,9.31731241216e-13,0,1.62092716222e-15,nan,nan,0,nan,nan
21088,9.29608327314e-13,0,1.6185009691e-15,nan,nan,0,nan,nan
21092,9.27453392939e-13,0,1.61606867843e-15,nan,nan,0,nan,nan
21096,9.25266626744e-13,0,1.61364597048e-15,nan,nan,0,nan,nan
21100,9.23048218602e-13,0,1.61121258653e-15,nan,nan,0,nan,nan
21104,9.20798359712e-13,0,1.6087968125e-15,nan,nan,0,nan,nan
21108,9.18517242378e-13,0,1.60638118932e-15,nan,nan,0,nan,nan
21112,9.16205060207e-13,0,1.60395396064e-15,nan,nan,0,nan,nan
21116,9.13862007987e-13,0,1.60153478557e-15,nan,nan,0,nan,nan
21120,9.11488281702e-13,0,1.59911933299e-15,nan,nan,0,nan,nan
21124,9.09084078555e-13,0,1.59670609477e-15,nan,nan,0,nan,nan
21128,9.06649596908e-13,0,1.59430067211e-15,nan,nan,0,nan,nan
21132,9.04185036315e-13,0,1.59189275073e-15,nan,nan,0,nan,nan
21136,9.01690597497e-13,0,1.5894713775e-15,nan,nan,0,nan,nan
21140,8.99166482355e-13,0,1.58708544729e-15,nan,nan,0,nan,nan
21144,8.96612893916e-13,0,1.58467554601e-15,nan,nan,0,nan,nan
21148,8.94030036386e-13,0,1.58227073442e-15,nan,nan,0,nan,nan
21152,8.91418115089e-13,0,1.57987301003e-15,nan,nan,0,nan,nan
21156,8.8877733649e-13,0,1.57747778767e-15,nan,nan,0,nan,nan
21160,8.86107908207e-13,0,1.57508133342e-15,nan,nan,0,nan,nan
21164,8.83410038907e-13,0,1.57267680185e-15,nan,nan,0,nan,nan
21168,8.80683938441e-13,0,1.57030306756e-15,nan,nan,0,nan,nan
21172,8.77929817717e-13,0,1.56789523184e-15,nan,nan,0,nan,nan
21176,8.75147888751e-13,0,1.56550749917e-15,nan,nan,0,nan,nan
21180,8.72338364646e-13,0,1.56312356675e-15,nan,nan,0,nan,nan
21184,8.69501459576e-13,0,1.56072875533e-15,nan,nan,0,nan,nan
21188,8.66637388794e-13,0,1.55834081524e-15,nan,nan,0,nan,nan
21192,8.63746368618e-13,0,1.55596170086e-15,nan,nan,0,nan,nan
21196,8.60828616404e-13,0,1.5535762659e-15,nan,nan,0,nan,nan
21200,8.57884350549e-13,0,1.55118640829e-15,nan,nan,0,nan,nan
21204,8.54913790525e-13,0,1.54881150789e-15,nan,nan,0,nan,nan
21208,8.51917156785e-13,0,1.54642997833e-15,nan,nan,0,nan,nan
21212,8.48894670843e-13,0,1.54404618331e-15,nan,nan,0,nan,nan
21216,8.45846555197e-13,0,1.54166362901e-15,nan,nan,0,nan,nan
21220,8.42773033365e-13,0,1.53929301254e-15,nan,nan,0,nan,nan
21224,8.39674329851e-13,0,1.53691671937e-15,nan,nan,0,nan,nan
21228,8.36550670119e-13,0,1.53454272277e-15,nan,nan,0,nan,nan
21232,8.33402280689e-13,0,1.53217265932e-15,nan,nan,0,nan,nan
21236,8.30229388945e-13,0,1.5297782699e-15,nan,nan,0,nan,nan
21240,8.27032223327e-13,0,1.52740601395e-15,nan,nan,0,nan,nan
21244,8.23811013141e-13,0,1.52502063572e-15,nan,nan,0,nan,nan
21248,8.20565988726e-13,0,1.52265934424e-15,nan,nan,0,nan,nan
21252,8.17297381255e-13,0,1.52028342314e-15,nan,nan,0,nan,nan
21256,8.14005422899e-13,0,1.51790347e-15,nan,nan,0,nan,nan
21260,8.10690346722e-13,0,1.51553217317e-15,nan,nan,0,nan,nan
21264,8.0735238668e-13,0,1.51314899992e-15,nan,nan,0,nan,nan
21268,8.03991777646e-13,0,1.51079094053e-15,nan,nan,0,nan,nan
21272,8.00608755363e-13,0,1.50840640868e-15,nan,nan,0,nan,nan
21276,7.97203556486e-13,0,1.50604115693e-15,nan,nan,0,nan,nan
21280,7.93776418498e-13,0,1.5036595407e-15,nan,nan,0,nan,nan
21284,7.90327579797e-13,0,1.50128581693e-15,nan,nan,0,nan,nan
21288,7.86857279584e-13,0,1.49892955247e-15,nan,nan,0,nan,nan
21292,7.83365757941e-13,0,1.49654371551e-15,nan,nan,0,nan,nan
21296,7.79853255766e-13,0,1.4941707914e-15,nan,nan,0,nan,nan
21300,7.76320014794e-13,0,1.49180464118e-15,nan,nan,0,nan,nan
21304,7.72766277598e-13,0,1.48942038018e-15,nan,nan,0,nan,nan
21308,7.6919228755e-13,0,1.48705287542e-15,nan,nan,0,nan,nan
21312,7.65598288817e-13,0,1.48468045536e-15,nan,nan,0,nan,nan
21316,7.61984526377e-13,0,1.4823033768e-15,nan,nan,0,nan,nan
21320,7.58351246012e-13,0,1.47993307108e-15,nan,nan,0,nan,nan
21324,7.54698694271e-13,0,1.47756198623e-15,nan,nan,0,nan,nan
21328,7.5102711849e-13,0,1.47518908911e-15,nan,nan,0,nan,nan
21332,7.47336766766e-13,0,1.47281828078e-15,nan,nan,0,nan,nan
21336,7.43627887978e-13,0,1.47044884668e-15,nan,nan,0,nan,nan
21340,7.3990073175e-13,0,1.46807340669e-15,nan,nan,0,nan,nan
21344,7.36155548475e-13,0,1.46569650886e-15,nan,nan,0,nan,nan
21348,7.3239258928e-13,0,1.46332411845e-15,nan,nan,0,nan,nan
21352,7.28612106051e-13,0,1.4609540172e-15,nan,nan,0,nan,nan
21356,7.24814351413e-13,0,1.45857937946e-15,nan,nan,0,nan,nan
21360,7.20999578705e-13,0,1.45620577357e-15,nan,nan,0,nan,nan
21364,7.17168042057e-13,0,1.4538379446e-15,nan,nan,0,nan,nan
21368,7.13319996262e-13,0,1.45145677274e-15,nan,nan,0,nan,nan
21372,7.09455696883e-13,0,1.44909067685e-15,nan,nan,0,nan,nan
21376,7.05575400194e-13,0,1.44673065796e-15,nan,nan,0,nan,nan
21380,7.0167936322e-13,0,1.44436470163e-15,nan,nan,0,nan,nan
21384,6.97767843679e-13,0,1.44198232107e-15,nan,nan,0,nan,nan
21388,6.93841100029e-13,0,1.4396091777e-15,nan,nan,0,nan,nan
21392,6.89899391471e-13,0,1.4372456531e-15,nan,nan,0,nan,nan
21396,6.85942977889e-13,0,1.43488465736e-15,nan,nan,0,nan,nan
21400,6.81972119995e-13,0,1.43251518149e-15,nan,nan,0,nan,nan
21404,6.77987079049e-13,0,1.43014079214e-15,nan,nan,0,nan,nan
21408,6.73988117275e-13,0,1.42778715185e-15,nan,nan,0,nan,nan
21412,6.69975497478e-13,0,1.4254175045e-15,nan,nan,0,nan,nan
21416,6.65949483284e-13,0,1.423057703e-15,nan,nan,0,nan,nan
21420,6.61910339028e-13,0,1.42069418735e-15,nan,nan,0,nan,nan
21424,6.57858329813e-13,0,1.4183385461e-15,nan,nan,0,nan,nan
21428,6.53793721559e-13,0,1.41597108001e-15,nan,nan,0,nan,nan
21432,6.49716780904e-13,0,1.41359573848e-15,nan,nan,0,nan,nan
21436,6.45627775292e-13,0,1.41124633301e-15,nan,nan,0,nan,nan
21440,6.41526972978e-13,0,1.40889502287e-15,nan,nan,0,nan,nan
21444,6.3741464302e-13,0,1.40653587648e-15,nan,nan,0,nan,nan
21448,6.33291055287e-13,0,1.4041835667e-15,nan,nan,0,nan,nan
21452,6.29156480488e-13,0,1.40183525624e-15,nan,nan,0,nan,nan
21456,6.25011190201e-13,0,1.39946740826e-15,nan,nan,0,nan,nan
21460,6.2085545688e-13,0,1.3971203458e-15,nan,nan,0,nan,nan
21464,6.16689553801e-13,0,1.39479194305e-15,nan,nan,0,nan,nan
21468,6.12513755254e-13,0,1.39243493488e-15,nan,nan,0,nan,nan
21472,6.08328336364e-13,0,1.390069953e-15,nan,nan,0,nan,nan
21476,6.04133573257e-13,0,1.38773167042e-15,nan,nan,0,nan,nan
21480,5.9992974303e-13,0,1.38538458243e-15,nan,nan,0,nan,nan
21484,5.95717123734e-13,0,1.38304297427e-15,nan,nan,0,nan,nan
21488,5.91495994504e-13,0,1.38069675358e-15,nan,nan,0,nan,nan
21492,5.87266635508e-13,0,1.37835346044e-15,nan,nan,0,nan,nan
21496,5.83029327977e-13,0,1.37602182586e-15,nan,nan,0,nan,nan
21500,5.78784354323e-13,0,1.37367702825e-15,nan,nan,0,nan,nan
21504,5.74531998006e-13,0,1.37133572322e-15,nan,nan,0,nan,nan
21508,5.70272543785e-13,0,1.3690097254e-15,nan,nan,0,nan,nan
21512,5.6600627756e-13,0,1.36667187136e-15,nan,nan,0,nan,nan
21516,5.61733486528e-13,0,1.36433735143e-15,nan,nan,0,nan,nan
21520,5.57454459211e-13,0,1.36200581243e-15,nan,nan,0,nan,nan
21524,5.53169485444e-13,0,1.35967930853e-15,nan,nan,0,nan,nan
21528,5.48878856485e-13,0,1.35734530185e-15,nan,nan,0,nan,nan
21532,5.44582865039e-13,0,1.35501219648e-15,nan,nan,0,nan,nan
21536,5.40281805309e-13,0,1.35268907328e-15,nan,nan,0,nan,nan
21540,5.35975973042e-13,0,1.35037675574e-15,nan,nan,0,nan,nan
21544,5.31665665611e-13,0,1.3480495429e-15,nan,nan,0,nan,nan
21548,5.27351182066e-13,0,1.34573370205e-15,nan,nan,0,nan,nan
21552,5.23032823169e-13,0,1.34341919303e-15,nan,nan,0,nan,nan
21556,5.18710891511e-13,0,1.34108828894e-15,nan,nan,0,nan,nan
21560,5.14385691532e-13,0,1.3387705583e-15,nan,nan,0,nan,nan
21564,5.1005752966e-13,0,1.3364624621e-15,nan,nan,0,nan,nan
21568,5.05726714294e-13,0,1.33413295176e-15,nan,nan,0,nan,nan
21572,5.01393555986e-13,0,1.33182870019e-15,nan,nan,0,nan,nan
21576,4.97058367453e-13,0,1.32951369629e-15,nan,nan,0,nan,nan
21580,4.92721463719e-13,0,1.3272031694e-15,nan,nan,0,nan,nan
21584,4.88383162146e-13,0,1.3248905975e-15,nan,nan,0,nan,nan
21588,4.84043782625e-13,0,1.32257934872e-15,nan,nan,0,nan,nan
21592,4.79703647578e-13,0,1.32026782987e-15,nan,nan,0,nan,nan
21596,4.75363082132e-13,0,1.31797197346e-15,nan,nan,0,nan,nan
21600,4.71022414254e-13,0,1.31565551751e-15,nan,nan,0,nan,nan
21604,4.66681974782e-13,0,1.31335270193e-15,nan,nan,0,nan,nan
21608,4.62342097651e-13,0,1.31105163234e-15,nan,nan,0,nan,nan
21612,4.58003119971e-13,0,1.3087410311e-15,nan,nan,0,nan,nan
21616,4.53665382168e-13,0,1.30644503082e-15,nan,nan,0,nan,nan
21620,4.49329228138e-13,0,1.30414037462e-15,nan,nan,0,nan,nan
21624,4.44995005448e-13,0,1.30183948886e-15,nan,nan,0,nan,nan
21628,4.40663065413e-13,0,1.29953999169e-15,nan,nan,0,nan,nan
21632,4.36333763344e-13,0,1.29725069104e-15,nan,nan,0,nan,nan
21636,4.32007458672e-13,0,1.29493907464e-15,nan,nan,0,nan,nan
21640,4.27684515193e-13,0,1.29262925089e-15,nan,nan,0,nan,nan
21644,4.23365301222e-13,0,1.29034838943e-15,nan,nan,0,nan,nan
21648,4.19050189824e-13,0,1.28803824836e-15,nan,nan,0,nan,nan
21652,4.14739559008e-13,0,1.28574694734e-15,nan,nan,0,nan,nan
21656,4.10433792022e-13,0,1.28345940308e-15,nan,nan,0,nan,nan
21660,4.06133277523e-13,0,1.28114795736e-15,nan,nan,0,nan,nan
21664,4.01838409935e-13,0,1.27883059343e-15,nan,nan,0,nan,nan
21668,3.97549589548e-13,0,1.27656350726e-15,nan,nan,0,nan,nan
21672,3.93267223012e-13,0,1.27426237467e-15,nan,nan,0,nan,nan
21676,3.88991723478e-13,0,1.27196689767e-15,nan,nan,0,nan,nan
21680,3.84723511019e-13,0,1.26967531893e-15,nan,nan,0,nan,nan
21684,3.80463012891e-13,0,1.26737503091e-15,nan,nan,0,nan,nan
21688,3.76210663933e-13,0,1.26508545966e-15,nan,nan,0,nan,nan
21692,3.71966906909e-13,0,1.26279312946e-15,nan,nan,0,nan,nan
21696,3.67732192911e-13,0,1.26050701171e-15,nan,nan,0,nan,nan
21700,3.63506981812e-13,0,1.25820615557e-15,nan,nan,0,nan,nan
21704,3.59291742582e-13,0,1.25592688519e-15,nan,nan,0,nan,nan
21708,3.55086953928e-13,0,1.25362048666e-15,nan,nan,0,nan,nan
21712,3.50893104551e-13,0,1.25133725313e-15,nan,nan,0,nan,nan
21716,3.46710693884e-13,0,1.24904808685e-15,nan,nan,0,nan,nan
21720,3.42540232442e-13,0,1.24675749242e-15,nan,nan,0,nan,nan
21724,3.38382242526e-13,0,1.2444620285e-15,nan,nan,0,nan,nan
21728,3.3423725871e-13,0,1.24218044276e-15,nan,nan,0,nan,nan
21732,3.30105828544e-13,0,1.23988139702e-15,nan,nan,0,nan,nan
21736,3.25988513169e-13,0,1.23760217813e-15,nan,nan,0,nan,nan
21740,3.21885888057e-13,0,1.23531466163e-15,nan,nan,0,nan,nan
21744,3.17798543639e-13,0,1.23302510557e-15,nan,nan,0,nan,nan
21748,3.13727086259e-13,0,1.23073620724e-15,nan,nan,0,nan,nan
21752,3.09672138798e-13,0,1.22845887829e-15,nan,nan,0,nan,nan
21756,3.05634341629e-13,0,1.2261557302e-15,nan,nan,0,nan,nan
21760,3.01614353498e-13,0,1.22388426044e-15,nan,nan,0,nan,nan
21764,2.97612852434e-13,0,1.22158751699e-15,nan,nan,0,nan,nan
21768,2.93630536802e-13,0,1.21930864695e-15,nan,nan,0,nan,nan
21772,2.89668126259e-13,0,1.21702537285e-15,nan,nan,0,nan,nan
21776,2.85726362907e-13,0,1.21474612988e-15,nan,nan,0,nan,nan
21780,2.81806012419e-13,0,1.21245346352e-15,nan,nan,0,nan,nan
21784,2.77907865191e-13,0,1.21018377321e-15,nan,nan,0,nan,nan
21788,2.74032737651e-13,0,1.20788533243e-15,nan,nan,0,nan,nan
21792,2.70181473522e-13,0,1.2056177013e-15,nan,nan,0,nan,nan
21796,2.66354945181e-13,0,1.20332941252e-15,nan,nan,0,nan,nan
21800,2.62554055096e-13,0,1.20105861979e-15,nan,nan,0,nan,nan
21804,2.58779737243e-13,0,1.19876879792e-15,nan,nan,0,nan,nan
21808,2.55032958685e-13,0,1.19649805083e-15,nan,nan,0,nan,nan
21812,2.51314721106e-13,0,1.19422493404e-15,nan,nan,0,nan,nan
21816,2.47626062419e-13,0,1.19194413024e-15,nan,nan,0,nan,nan
21820,2.43968058501e-13,0,1.18966631571e-15,nan,nan,0,nan,nan
21824,2.40341824772e-13,0,1.18739076404e-15,nan,nan,0,nan,nan
21828,2.36748518098e-13,0,1.18510749612e-15,nan,nan,0,nan,nan
21832,2.33189338388e-13,0,1.18284091125e-15,nan,nan,0,nan,nan
21836,2.29665530469e-13,0,1.18055820529e-15,nan,nan,0,nan,nan
21840,2.26178385888e-13,0,1.17829730477e-15,nan,nan,0,nan,nan
21844,2.22729244618e-13,0,1.17602366524e-15,nan,nan,0,nan,nan
21848,2.19319496795e-13,0,1.17374966856e-15,nan,nan,0,nan,nan
21852,2.1595058443e-13,0,1.17148102136e-15,nan,nan,0,nan,nan
21856,2.12624003084e-13,0,1.16920848528e-15,nan,nan,0,nan,nan
21860,2.09341303342e-13,0,1.16695259589e-15,nan,nan,0,nan,nan
21864,2.0610409219e-13,0,1.1646860113e-15,nan,nan,0,nan,nan
21868,2.02914034217e-13,0,1.16240142861e-15,nan,nan,0,nan,nan
21872,1.99772852681e-13,0,1.16015452908e-15,nan,nan,0,nan,nan
21876,1.96682330255e-13,0,1.1578884623e-15,nan,nan,0,nan,nan
21880,1.93644309466e-13,0,1.15562485476e-15,nan,nan,0,nan,nan
21884,1.90660692669e-13,0,1.15335781484e-15,nan,nan,0,nan,nan
21888,1.87733441945e-13,0,1.15110733378e-15,nan,nan,0,nan,nan
21892,1.84864578021e-13,0,1.14883297668e-15,nan,nan,0,nan,nan
21896,1.8205617896e-13,0,1.14657404097e-15,nan,nan,0,nan,nan
21900,1.79310378124e-13,0,1.14432097628e-15,nan,nan,0,nan,nan
21904,1.76629361283e-13,0,1.14207255861e-15,nan,nan,0,nan,nan
21908,1.74015363117e-13,0,1.13981588579e-15,nan,nan,0,nan,nan
21912,1.71470662602e-13,0,1.13754675255e-15,nan,nan,0,nan,nan
21916,1.68997577562e-13,0,1.13530198875e-15,nan,nan,0,nan,nan
21920,1.6659845808e-13,0,1.13303456619e-15,nan,nan,0,nan,nan
21924,1.64275678788e-13,0,1.13079115567e-15,nan,nan,0,nan,nan
21928,1.62031629944e-13,0,1.12852799132e-15,nan,nan,0,nan,nan
21932,1.59868707251e-13,0,1.12627396591e-15,nan,nan,0,nan,nan
21936,1.57789300409e-13,0,1.12405940327e-15,nan,nan,0,nan,nan
21940,1.5579578034e-13,0,1.12179904761e-15,nan,nan,0,nan,nan
21944,1.53890485211e-13,0,1.11954058579e-15,nan,nan,0,nan,nan
21948,1.52075705162e-13,0,1.11727377391e-15,nan,nan,0,nan,nan
21952,1.50353665989e-13,0,1.1150423363e-15,nan,nan,0,nan,nan
21956,1.487265118e-13,0,1.11280107897e-15,nan,nan,0,nan,nan
21960,1.471962869e-13,0,1.11055091616e-15,nan,nan,0,nan,nan
21964,1.45764917121e-13,0,1.10830754586e-15,nan,nan,0,nan,nan
21968,1.44434190768e-13,0,1.10606038834e-15,nan,nan,0,nan,nan
21972,1.43205739681e-13,0,1.10383020428e-15,nan,nan,0,nan,nan
21976,1.42081020519e-13,0,1.10158817082e-15,nan,nan,0,nan,nan
21980,1.41061296936e-13,0,1.0993414549e-15,nan,nan,0,nan,nan
21984,1.40147622695e-13,0,1.09710220636e-15,nan,nan,0,nan,nan
21988,1.39340826353e-13,0,1.09486086563e-15,nan,nan,0,nan,nan
21992,1.38641497823e-13,0,1.09262151969e-15,nan,nan,0,nan,nan
21996,1.38049977251e-13,0,1.09038341677e-15,nan,nan,0,nan,nan
22000,1.37566346146e-13,0,1.08814499075e-15,nan,nan,0,nan,nan
22004,1.37190421825e-13,0,1.0859212085e-15,nan,nan,0,nan,nan
22008,1.36921754138e-13,0,1.0836729995e-15,nan,nan,0,nan,nan
22012,1.36759625964e-13,0,1.08142637505e-15,nan,nan,0,nan,nan
22016,1.36703056431e-13,0,1.079196221e-15,nan,nan,0,nan,nan
22020,1.36750807246e-13,0,1.07696453598e-15,nan,nan,0,nan,nan
22024,1.36901392058e-13,0,1.07473665361e-15,nan,nan,0,nan,nan
22028,1.37153088407e-13,0,1.07250083949e-15,nan,nan,0,nan,nan
22032,1.37503952092e-13,0,1.07030629683e-15,nan,nan,0,nan,nan
22036,1.37951833684e-13,0,1.06803545609e-15,nan,nan,0,nan,nan
22040,1.38494396577e-13,0,1.06579488051e-15,nan,nan,0,nan,nan
22044,1.39129136535e-13,0,1.06356678446e-15,nan,nan,0,nan,nan
22048,1.39853401874e-13,0,1.06133383861e-15,nan,nan,0,nan,nan
22052,1.40664414314e-13,0,1.05911031939e-15,nan,nan,0,nan,nan
22056,1.41559289758e-13,0,1.05687971762e-15,nan,nan,0,nan,nan
22060,1.42535058945e-13,0,1.05464254758e-15,nan,nan,0,nan,nan
22064,1.43588687371e-13,0,1.05242447935e-15,nan,nan,0,nan,nan
22068,1.44717094506e-13,0,1.05019469922e-15,nan,nan,0,nan,nan
22072,1.45917171844e-13,0,1.04796226091e-15,nan,nan,0,nan,nan
22076,1.47185799741e-13,0,1.04574539407e-15,nan,nan,0,nan,nan
22080,1.48519862909e-13,0,1.04350596076e-15,nan,nan,0,nan,nan
22084,1.49916264461e-13,0,1.04128060187e-15,nan,nan,0,nan,nan
22088,1.51371938419e-13,0,1.03906193779e-15,nan,nan,0,nan,nan
22092,1.52883860869e-13,0,1.03682611535e-15,nan,nan,0,nan,nan
22096,1.54449059524e-13,0,1.03460973261e-15,nan,nan,0,nan,nan
22100,1.5606462192e-13,0,1.03237708045e-15,nan,nan,0,nan,nan
22104,1.57727702465e-13,0,1.03015519773e-15,nan,nan,0,nan,nan
22108,1.59435527789e-13,0,1.02792738517e-15,nan,nan,0,nan,nan
22112,1.61185401492e-13,0,1.0257120576e-15,nan,nan,0,nan,nan
22116,1.62974707421e-13,0,1.02348899098e-15,nan,nan,0,nan,nan
22120,1.6480091221e-13,0,1.02126497757e-15,nan,nan,0,nan,nan
22124,1.66661566883e-13,0,1.01904497948e-15,nan,nan,0,nan,nan
22128,1.68554307711e-13,0,1.01682687176e-15,nan,nan,0,nan,nan
22132,1.70476856463e-13,0,1.01461237309e-15,nan,nan,0,nan,nan
22136,1.72427020063e-13,0,1.01239048198e-15,nan,nan,0,nan,nan
22140,1.74402689694e-13,0,1.01016853874e-15,nan,nan,0,nan,nan
22144,1.76401839617e-13,0,1.00794293626e-15,nan,nan,0,nan,nan
22148,1.78422525608e-13,0,1.00572435897e-15,nan,nan,0,nan,nan
22152,1.80462883029e-13,0,1.0035143716e-15,nan,nan,0,nan,nan
22156,1.82521124827e-13,0,1.00129085571e-15,nan,nan,0,nan,nan
22160,1.84595539276e-13,0,9.99075921052e-16,nan,nan,0,nan,nan
22164,1.8668448759e-13,0,9.96864335105e-16,nan,nan,0,nan,nan
22168,1.88786401495e-13,0,9.94655874625e-16,nan,nan,0,nan,nan
22172,1.90899780704e-13,0,9.92434089159e-16,nan,nan,0,nan,nan
22176,1.93023190358e-13,0,9.90224958732e-16,nan,nan,0,nan,nan
22180,1.95155258496e-13,0,9.88006075284e-16,nan,nan,0,nan,nan
22184,1.97294673602e-13,0,9.85800715034e-16,nan,nan,0,nan,nan
22188,1.99440181916e-13,0,9.8358579338e-16,nan,nan,0,nan,nan
22192,2.01590585166e-13,0,9.81370381259e-16,nan,nan,0,nan,nan
22196,2.03744738072e-13,0,9.79167200656e-16,nan,nan,0,nan,nan
22200,2.05901546064e-13,0,9.76955573657e-16,nan,nan,0,nan,nan
22204,2.08059962867e-13,0,9.74751485895e-16,nan,nan,0,nan,nan
22208,2.10218988564e-13,0,9.72538873642e-16,nan,nan,0,nan,nan
22212,2.12377667223e-13,0,9.70340518837e-16,nan,nan,0,nan,nan
22216,2.14535084994e-13,0,9.68128173696e-16,nan,nan,0,nan,nan
22220,2.16690368149e-13,0,9.65915968202e-16,nan,nan,0,nan,nan
22224,2.18842681145e-13,0,9.63704552483e-16,nan,nan,0,nan,nan
22228,2.2099122489e-13,0,9.61516802247e-16,nan,nan,0,nan,nan
22232,2.23135234988e-13,0,9.59303859458e-16,nan,nan,0,nan,nan
22236,2.25273980121e-13,0,9.57105861193e-16,nan,nan,0,nan,nan
22240,2.27406760482e-13,0,9.54896731906e-16,nan,nan,0,nan,nan
22244,2.29532906292e-13,0,9.52710090249e-16,nan,nan,0,nan,nan
22248,2.31651776352e-13,0,9.50509300071e-16,nan,nan,0,nan,nan
22252,2.33762756767e-13,0,9.48304484471e-16,nan,nan,0,nan,nan
22256,2.35865259597e-13,0,9.46098027809e-16,nan,nan,0,nan,nan
22260,2.37958721664e-13,0,9.43914613842e-16,nan,nan,0,nan,nan
22264,2.40042603414e-13,0,9.41702369362e-16,nan,nan,0,nan,nan
22268,2.42116387807e-13,0,9.39514486811e-16,nan,nan,0,nan,nan
22272,2.44179579291e-13,0,9.37317513099e-16,nan,nan,0,nan,nan
22276,2.46231702801e-13,0,9.35133673965e-16,nan,nan,0,nan,nan
22280,2.48272302811e-13,0,9.3293976963e-16,nan,nan,0,nan,nan
22284,2.50300942506e-13,0,9.3074755012e-16,nan,nan,0,nan,nan
22288,2.52317202864e-13,0,9.28558172485e-16,nan,nan,0,nan,nan
22292,2.5432068194e-13,0,9.26361599865e-16,nan,nan,0,nan,nan
22296,2.56310994029e-13,0,9.24174141144e-16,nan,nan,0,nan,nan
22300,2.5828776904e-13,0,9.21988686901e-16,nan,nan,0,nan,nan
22304,2.60250651721e-13,0,9.19793229478e-16,nan,nan,0,nan,nan
22308,2.6219930111e-13,0,9.17600989798e-16,nan,nan,0,nan,nan
22312,2.64133389854e-13,0,9.15408960882e-16,nan,nan,0,nan,nan
22316,2.66052603671e-13,0,9.13229063159e-16,nan,nan,0,nan,nan
22320,2.6795664079e-13,0,9.1105818366e-16,nan,nan,0,nan,nan
22324,2.69845211438e-13,0,9.08868318577e-16,nan,nan,0,nan,nan
22328,2.71718037313e-13,0,9.06683982272e-16,nan,nan,0,nan,nan
22332,2.73574851192e-13,0,9.04481288008e-16,nan,nan,0,nan,nan
22336,2.75415396427e-13,0,9.023213678e-16,nan,nan,0,nan,nan
22340,2.77239426496e-13,0,9.00137577275e-16,nan,nan,0,nan,nan
22344,2.79046704708e-13,0,8.97939536428e-16,nan,nan,0,nan,nan
22348,2.80837003714e-13,0,8.95772335301e-16,nan,nan,0,nan,nan
22352,2.82610105235e-13,0,8.93582777736e-16,nan,nan,0,nan,nan
22356,2.84365799615e-13,0,8.91398256564e-16,nan,nan,0,nan,nan
22360,2.86103885659e-13,0,8.89231778389e-16,nan,nan,0,nan,nan
22364,2.87824170151e-13,0,8.87048923725e-16,nan,nan,0,nan,nan
22368,2.89526467624e-13,0,8.84884040728e-16,nan,nan,0,nan,nan
22372,2.91210600102e-13,0,8.82688448412e-16,nan,nan,0,nan,nan
22376,2.92876396881e-13,0,8.80514722503e-16,nan,nan,0,nan,nan
22380,2.94523694179e-13,0,8.78342046879e-16,nan,nan,0,nan,nan
22384,2.96152334911e-13,0,8.76167769506e-16,nan,nan,0,nan,nan
22388,2.97762168485e-13,0,8.73989740855e-16,nan,nan,0,nan,nan
22392,2.99353050592e-13,0,8.71821104289e-16,nan,nan,0,nan,nan
22396,3.00924843018e-13,0,8.69645954226e-16,nan,nan,0,nan,nan
22400,3.02477413393e-13,0,8.67468146884e-16,nan,nan,0,nan,nan
22404,3.04010634889e-13,0,8.65292455003e-16,nan,nan,0,nan,nan
22408,3.05524386418e-13,0,8.63122037306e-16,nan,nan,0,nan,nan
22412,3.07018552079e-13,0,8.60949823396e-16,nan,nan,0,nan,nan
22416,3.08493021122e-13,0,8.5877266137e-16,nan,nan,0,nan,nan
22420,3.09947687808e-13,0,8.56608076073e-16,nan,nan,0,nan,nan
22424,3.1138245125e-13,0,8.54438084459e-16,nan,nan,0,nan,nan
22428,3.12797215295e-13,0,8.52265282306e-16,nan,nan,0,nan,nan
22432,3.14191888324e-13,0,8.50091064165e-16,nan,nan,0,nan,nan
22436,3.15566383184e-13,0,8.47951424395e-16,nan,nan,0,nan,nan
22440,3.16920617028e-13,0,8.45760237113e-16,nan,nan,0,nan,nan
22444,3.18254511188e-13,0,8.43583582779e-16,nan,nan,0,nan,nan
22448,3.19567991087e-13,0,8.41417521588e-16,nan,nan,0,nan,nan
22452,3.20860986122e-13,0,8.39261591526e-16,nan,nan,0,nan,nan
22456,3.22133429557e-13,0,8.37081985597e-16,nan,nan,0,nan,nan
22460,3.2338525841e-13,0,8.34921865507e-16,nan,nan,0,nan,nan
22464,3.24616413355e-13,0,8.32722865644e-16,nan,nan,0,nan,nan
22468,3.25826838668e-13,0,8.30575616269e-16,nan,nan,0,nan,nan
22472,3.27016482095e-13,0,8.28425384325e-16,nan,nan,0,nan,nan
22476,3.28185294785e-13,0,8.26255393853e-16,nan,nan,0,nan,nan
22480,3.29333231201e-13,0,8.24095416468e-16,nan,nan,0,nan,nan
22484,3.30460249048e-13,0,8.21926244312e-16,nan,nan,0,nan,nan
22488,3.31566309202e-13,0,8.19758628622e-16,nan,nan,0,nan,nan
22492,3.32651375635e-13,0,8.17600711886e-16,nan,nan,0,nan,nan
22496,3.33715415311e-13,0,8.15442450372e-16,nan,nan,0,nan,nan
22500,3.34758398211e-13,0,8.13274907557e-16,nan,nan,0,nan,nan
22504,3.35780297137e-13,0,8.11110863175e-16,nan,nan,0,nan,nan
22508,3.36781087776e-13,0,8.08957072107e-16,nan,nan,0,nan,nan
22512,3.37760748559e-13,0,8.0679068223e-16,nan,nan,0,nan,nan
22516,3.38719260636e-13,0,8.04642003228e-16,nan,nan,0,nan,nan
22520,3.39656607825e-13,0,8.02470153309e-16,nan,nan,0,nan,nan
22524,3.40572776541e-13,0,8.00311697241e-16,nan,nan,0,nan,nan
22528,3.41467755749e-13,0,7.98152466188e-16,nan,nan,0,nan,nan
22532,3.42341536941e-13,0,7.95984315519e-16,nan,nan,0,nan,nan
22536,3.43194114063e-13,0,7.93828440864e-16,nan,nan,0,nan,nan
22540,3.44025483436e-13,0,7.91669813061e-16,nan,nan,0,nan,nan
22544,3.448356438e-13,0,7.89528248985e-16,nan,nan,0,nan,nan
22548,3.45624596198e-13,0,7.87364136704e-16,nan,nan,0,nan,nan
22552,3.46392343978e-13,0,7.85203798964e-16,nan,nan,0,nan,nan
22556,3.47138892715e-13,0,7.83055581935e-16,nan,nan,0,nan,nan
22560,3.47864250198e-13,0,7.80907215267e-16,nan,nan,0,nan,nan
22564,3.48568426377e-13,0,7.78747153159e-16,nan,nan,0,nan,nan
22568,3.49251433386e-13,0,7.76586590357e-16,nan,nan,0,nan,nan
22572,3.499132854e-13,0,7.74451222275e-16,nan,nan,0,nan,nan
22576,3.50553998696e-13,0,7.7229127198e-16,nan,nan,0,nan,nan
22580,3.51173591608e-13,0,7.70143863583e-16,nan,nan,0,nan,nan
22584,3.51772084428e-13,0,7.6799178349e-16,nan,nan,0,nan,nan
22588,3.52349499461e-13,0,7.6584231317e-16,nan,nan,0,nan,nan
22592,3.52905860949e-13,0,7.63698251141e-16,nan,nan,0,nan,nan
22596,3.53441195051e-13,0,7.61550328893e-16,nan,nan,0,nan,nan
22600,3.53955529805e-13,0,7.59403184497e-16,nan,nan,0,nan,nan
22604,3.54448895194e-13,0,7.57247612675e-16,nan,nan,0,nan,nan
22608,3.54921322918e-13,0,7.55079522798e-16,nan,nan,0,nan,nan
22612,3.55372846576e-13,0,7.52958468839e-16,nan,nan,0,nan,nan
22616,3.55803501535e-13,0,7.50819572382e-16,nan,nan,0,nan,nan
22620,3.56213324958e-13,0,7.48682640654e-16,nan,nan,0,nan,nan
22624,3.56602355701e-13,0,7.46539444738e-16,nan,nan,0,nan,nan
22628,3.569706344e-13,0,7.44398735347e-16,nan,nan,0,nan,nan
22632,3.57318203349e-13,0,7.42255280657e-16,nan,nan,0,nan,nan
22636,3.57645106559e-13,0,7.40113165147e-16,nan,nan,0,nan,nan
22640,3.57951389683e-13,0,7.37978837752e-16,nan,nan,0,nan,nan
22644,3.58237100002e-13,0,7.35838091382e-16,nan,nan,0,nan,nan
22648,3.5850228647e-13,0,7.33699031291e-16,nan,nan,0,nan,nan
22652,3.58746999591e-13,0,7.31557029027e-16,nan,nan,0,nan,nan
22656,3.58971291485e-13,0,7.29435141818e-16,nan,nan,0,nan,nan
22660,3.59175215836e-13,0,7.27286882859e-16,nan,nan,0,nan,nan
22664,3.59358827857e-13,0,7.25162147051e-16,nan,nan,0,nan,nan
22668,3.59522184315e-13,0,7.23026829701e-16,nan,nan,0,nan,nan
22672,3.596653435e-13,0,7.2089443295e-16,nan,nan,0,nan,nan
22676,3.59788365179e-13,0,7.18762207597e-16,nan,nan,0,nan,nan
22680,3.59891310611e-13,0,7.16625440589e-16,nan,nan,0,nan,nan
22684,3.59974242527e-13,0,7.14487804904e-16,nan,nan,0,nan,nan
22688,3.60037225104e-13,0,7.12382073988e-16,nan,nan,0,nan,nan
22692,3.60080323958e-13,0,7.10237806105e-16,nan,nan,0,nan,nan
22696,3.60103606129e-13,0,7.08105971612e-16,nan,nan,0,nan,nan
22700,3.60107140044e-13,0,7.05988746241e-16,nan,nan,0,nan,nan
22704,3.60090995559e-13,0,7.0385138883e-16,nan,nan,0,nan,nan
22708,3.60055243862e-13,0,7.01730541007e-16,nan,nan,0,nan,nan
22712,3.59999957543e-13,0,6.99609434728e-16,nan,nan,0,nan,nan
22716,3.59925210512e-13,0,6.97476575533e-16,nan,nan,0,nan,nan
22720,3.59831078025e-13,0,6.95364957245e-16,nan,nan,0,nan,nan
22724,3.59717636685e-13,0,6.93236201719e-16,nan,nan,0,nan,nan
22728,3.59584964331e-13,0,6.91112541526e-16,nan,nan,0,nan,nan
22732,3.59433140165e-13,0,6.88988137019e-16,nan,nan,0,nan,nan
22736,3.59262244633e-13,0,6.86889537551e-16,nan,nan,0,nan,nan
22740,3.59072359467e-13,0,6.84755165577e-16,nan,nan,0,nan,nan
22744,3.58863567626e-13,0,6.82621552461e-16,nan,nan,0,nan,nan
22748,3.58635953333e-13,0,6.80506125332e-16,nan,nan,0,nan,nan
22752,3.58389602025e-13,0,6.78399531544e-16,nan,nan,0,nan,nan
22756,3.58124600355e-13,0,6.76274589356e-16,nan,nan,0,nan,nan
22760,3.57841036161e-13,0,6.74167122572e-16,nan,nan,0,nan,nan
22764,3.57538998525e-13,0,6.72042507901e-16,nan,nan,0,nan,nan
22768,3.57218577605e-13,0,6.69928794898e-16,nan,nan,0,nan,nan
22772,3.56879864817e-13,0,6.67821099366e-16,nan,nan,0,nan,nan
22776,3.56522952659e-13,0,6.65695793195e-16,nan,nan,0,nan,nan
22780,3.56147934811e-13,0,6.63592281287e-16,nan,nan,0,nan,nan
22784,3.55754906035e-13,0,6.61472069003e-16,nan,nan,0,nan,nan
22788,3.55343962257e-13,0,6.59365364064e-16,nan,nan,0,nan,nan
22792,3.54915200418e-13,0,6.57248076334e-16,nan,nan,0,nan,nan
22796,3.54468718617e-13,0,6.55137714627e-16,nan,nan,0,nan,nan
22800,3.5400461599e-13,0,6.53032086604e-16,nan,nan,0,nan,nan
22804,3.53522992763e-13,0,6.50920999727e-16,nan,nan,0,nan,nan
22808,3.53023950152e-13,0,6.48811501705e-16,nan,nan,0,nan,nan
22812,3.52507590463e-13,0,6.46689945835e-16,nan,nan,0,nan,nan
22816,3.51974016997e-13,0,6.44595924104e-16,nan,nan,0,nan,nan
22820,3.51423334046e-13,0,6.4247277548e-16,nan,nan,0,nan,nan
22824,3.50855646968e-13,0,6.40383179505e-16,nan,nan,0,nan,nan
22828,3.50271062003e-13,0,6.38266972733e-16,nan,nan,0,nan,nan
22832,3.49669686441e-13,0,6.3615721611e-16,nan,nan,0,nan,nan
22836,3.49051628497e-13,0,6.34060818066e-16,nan,nan,0,nan,nan
22840,3.48416997339e-13,0,6.31937268887e-16,nan,nan,0,nan,nan
22844,3.47765903057e-13,0,6.29845520393e-16,nan,nan,0,nan,nan
22848,3.47098456677e-13,0,6.27747461926e-16,nan,nan,0,nan,nan
22852,3.46414770131e-13,0,6.25630132472e-16,nan,nan,0,nan,nan
22856,3.45714956242e-13,0,6.23534983176e-16,nan,nan,0,nan,nan
22860,3.44999128701e-13,0,6.21434392378e-16,nan,nan,0,nan,nan
22864,3.4426740211e-13,0,6.19338499388e-16,nan,nan,0,nan,nan
22868,3.43519891881e-13,0,6.17215885706e-16,nan,nan,0,nan,nan
22872,3.4275671431e-13,0,6.15115900538e-16,nan,nan,0,nan,nan
22876,3.41977986521e-13,0,6.13033907688e-16,nan,nan,0,nan,nan
22880,3.41183826424e-13,0,6.10936228757e-16,nan,nan,0,nan,nan
22884,3.40374352791e-13,0,6.08836523158e-16,nan,nan,0,nan,nan
22888,3.3954968515e-13,0,6.06728467355e-16,nan,nan,0,nan,nan
22892,3.38709943845e-13,0,6.0463039803e-16,nan,nan,0,nan,nan
22896,3.37855249973e-13,0,6.02538356856e-16,nan,nan,0,nan,nan
22900,3.36985725409e-13,0,6.00440295075e-16,nan,nan,0,nan,nan
22904,3.36101492741e-13,0,5.9835104648e-16,nan,nan,0,nan,nan
22908,3.35202675341e-13,0,5.96248252086e-16,nan,nan,0,nan,nan
22912,3.34289397284e-13,0,5.94160343367e-16,nan,nan,0,nan,nan
22916,3.3336178335e-13,0,5.9205459077e-16,nan,nan,0,nan,nan
22920,3.32419959053e-13,0,5.8996948601e-16,nan,nan,0,nan,nan
22924,3.31464050553e-13,0,5.87875763215e-16,nan,nan,0,nan,nan
22928,3.3049418473e-13,0,5.85780170813e-16,nan,nan,0,nan,nan
22932,3.29510489102e-13,0,5.83693370623e-16,nan,nan,0,nan,nan
22936,3.28513091873e-13,0,5.81592189733e-16,nan,nan,0,nan,nan
22940,3.27502121857e-13,0,5.79506592019e-16,nan,nan,0,nan,nan
22944,3.26477708535e-13,0,5.77429953742e-16,nan,nan,0,nan,nan
22948,3.25439981986e-13,0,5.75332349236e-16,nan,nan,0,nan,nan
22952,3.24389072913e-13,0,5.73254061367e-16,nan,nan,0,nan,nan
22956,3.23325112617e-13,0,5.71161390077e-16,nan,nan,0,nan,nan
22960,3.22248232994e-13,0,5.69079778872e-16,nan,nan,0,nan,nan
22964,3.21158566505e-13,0,5.66962445333e-16,nan,nan,0,nan,nan
22968,3.20056246196e-13,0,5.64888657575e-16,nan,nan,0,nan,nan
22972,3.18941405648e-13,0,5.62825880648e-16,nan,nan,0,nan,nan
22976,3.17814179027e-13,0,5.60736781948e-16,nan,nan,0,nan,nan
22980,3.16674700976e-13,0,5.58655770422e-16,nan,nan,0,nan,nan
22984,3.1552310673e-13,0,5.56572148657e-16,nan,nan,0,nan,nan
22988,3.14359531985e-13,0,5.54495161549e-16,nan,nan,0,nan,nan
22992,3.13184112981e-13,0,5.52419000915e-16,nan,nan,0,nan,nan
22996,3.11996986457e-13,0,5.5034023193e-16,nan,nan,0,nan,nan
23000,3.10798289523e-13,0,5.48257565093e-16,nan,nan,0,nan,nan
23004,3.09588160025e-13,0,5.46181451071e-16,nan,nan,0,nan,nan
23008,3.08366735925e-13,0,5.44113128317e-16,nan,nan,0,nan,nan
23012,3.07134155925e-13,0,5.42021279443e-16,nan,nan,0,nan,nan
23016,3.05890559069e-13,0,5.39967400439e-16,nan,nan,0,nan,nan
23020,3.04636084792e-13,0,5.37880619824e-16,nan,nan,0,nan,nan
23024,3.03370873032e-13,0,5.35815936902e-16,nan,nan,0,nan,nan
23028,3.02095064104e-13,0,5.33739835594e-16,nan,nan,0,nan,nan
23032,3.00808798713e-13,0,5.31700798295e-16,nan,nan,0,nan,nan
23036,2.9951221801e-13,0,5.29611901125e-16,nan,nan,0,nan,nan
23040,2.98205463475e-13,0,5.27538987041e-16,nan,nan,0,nan,nan
23044,2.96888677027e-13,0,5.25459778258e-16,nan,nan,0,nan,nan
23048,2.95562000889e-13,0,5.23399436223e-16,nan,nan,0,nan,nan
23052,2.94225577695e-13,0,5.21333485763e-16,nan,nan,0,nan,nan
23056,2.92879550393e-13,0,5.19263464208e-16,nan,nan,0,nan,nan
23060,2.915240623e-13,0,5.17216015357e-16,nan,nan,0,nan,nan
23064,2.90159257049e-13,0,5.15141727475e-16,nan,nan,0,nan,nan
23068,2.88785278592e-13,0,5.13080749508e-16,nan,nan,0,nan,nan
23072,2.8740227119e-13,0,5.11032573085e-16,nan,nan,0,nan,nan
23076,2.86010379424e-13,0,5.08958258766e-16,nan,nan,0,nan,nan
23080,2.84609748135e-13,0,5.06912993723e-16,nan,nan,0,nan,nan
23084,2.83200522501e-13,0,5.04857520475e-16,nan,nan,0,nan,nan
23088,2.81782847921e-13,0,5.02796591389e-16,nan,nan,0,nan,nan
23092,2.80356870096e-13,0,5.00746290993e-16,nan,nan,0,nan,nan
23096,2.78922734975e-13,0,4.98693133496e-16,nan,nan,0,nan,nan
23100,2.77480588724e-13,0,4.96637205385e-16,nan,nan,0,nan,nan
23104,2.76030577828e-13,0,4.94584989102e-16,nan,nan,0,nan,nan
23108,2.74572848889e-13,0,4.92527406204e-16,nan,nan,0,nan,nan
23112,2.7310754882e-13,0,4.90489981306e-16,nan,nan,0,nan,nan
23116,2.71634824706e-13,0,4.8843676984e-16,nan,nan,0,nan,nan
23120,2.70154823836e-13,0,4.86384688678e-16,nan,nan,0,nan,nan
23124,2.68667693683e-13,0,4.84344046063e-16,nan,nan,0,nan,nan
23128,2.67173581928e-13,0,4.82299089705e-16,nan,nan,0,nan,nan
23132,2.656726364e-13,0,4.80247952679e-16,nan,nan,0,nan,nan
23136,2.64165005111e-13,0,4.78199586149e-16,nan,nan,0,nan,nan
23140,2.62650836198e-13,0,4.76168588931e-16,nan,nan,0,nan,nan
23144,2.61130277984e-13,0,4.74118499214e-16,nan,nan,0,nan,nan
23148,2.59603478893e-13,0,4.72088975056e-16,nan,nan,0,nan,nan
23152,2.58070587482e-13,0,4.70045042198e-16,nan,nan,0,nan,nan
23156,2.56531752433e-13,0,4.68006645885e-16,nan,nan,0,nan,nan
23160,2.54987122516e-13,0,4.65973527002e-16,nan,nan,0,nan,nan
23164,2.53436846634e-13,0,4.63927996502e-16,nan,nan,0,nan,nan
23168,2.51881073726e-13,0,4.61914594804e-16,nan,nan,0,nan,nan
23172,2.50319952856e-13,0,4.59869894442e-16,nan,nan,0,nan,nan
23176,2.48753633118e-13,0,4.57829046422e-16,nan,nan,0,nan,nan
23180,2.47182263673e-13,0,4.55807555527e-16,nan,nan,0,nan,nan
23184,2.45605993748e-13,0,4.53772985256e-16,nan,nan,0,nan,nan
23188,2.44024972556e-13,0,4.51745792822e-16,nan,nan,0,nan,nan
23192,2.42439349432e-13,0,4.4972010371e-16,nan,nan,0,nan,nan
23196,2.40849273617e-13,0,4.47684807423e-16,nan,nan,0,nan,nan
23200,2.39254894456e-13,0,4.45666224629e-16,nan,nan,0,nan,nan
23204,2.37656361152e-13,0,4.43645066113e-16,nan,nan,0,nan,nan
23208,2.36053823083e-13,0,4.41616585798e-16,nan,nan,0,nan,nan
23212,2.34447429447e-13,0,4.39599877955e-16,nan,nan,0,nan,nan
23216,2.32837329499e-13,0,4.37575716785e-16,nan,nan,0,nan,nan
23220,2.31223672389e-13,0,4.35552916619e-16,nan,nan,0,nan,nan
23224,2.2960660723e-13,0,4.33534419768e-16,nan,nan,0,nan,nan
23228,2.27986283091e-13,0,4.31518468335e-16,nan,nan,0,nan,nan
23232,2.26362848933e-13,0,4.29510657461e-16,nan,nan,0,nan,nan
23236,2.24736453639e-13,0,4.27482730082e-16,nan,nan,0,nan,nan
23240,2.23107246024e-13,0,4.25480638664e-16,nan,nan,0,nan,nan
23244,2.21475374729e-13,0,4.23459889057e-16,nan,nan,0,nan,nan
23248,2.1984098834e-13,0,4.2145380328e-16,nan,nan,0,nan,nan
23252,2.18204235268e-13,0,4.19441897282e-16,nan,nan,0,nan,nan
23256,2.16565263803e-13,0,4.17433586277e-16,nan,nan,0,nan,nan
23260,2.14924222075e-13,0,4.15433142291e-16,nan,nan,0,nan,nan
23264,2.13281258067e-13,0,4.13419634232e-16,nan,nan,0,nan,nan
23268,2.11636519562e-13,0,4.11418350859e-16,nan,nan,0,nan,nan
23272,2.09990154171e-13,0,4.09417662405e-16,nan,nan,0,nan,nan
23276,2.08342309306e-13,0,4.07417217288e-16,nan,nan,0,nan,nan
23280,2.06693132194e-13,0,4.05416238275e-16,nan,nan,0,nan,nan
23284,2.05042769798e-13,0,4.03417187248e-16,nan,nan,0,nan,nan
23288,2.03391368898e-13,0,4.01416091892e-16,nan,nan,0,nan,nan
23292,2.01739076009e-13,0,3.9943052525e-16,nan,nan,0,nan,nan
23296,2.00086037417e-13,0,3.97427354623e-16,nan,nan,0,nan,nan
23300,1.98432399085e-13,0,3.95438426914e-16,nan,nan,0,nan,nan
23304,1.96778306805e-13,0,3.93449087387e-16,nan,nan,0,nan,nan
23308,1.95123905981e-13,0,3.91455339893e-16,nan,nan,0,nan,nan
23312,1.93469341805e-13,0,3.89470256099e-16,nan,nan,0,nan,nan
23316,1.91814759114e-13,0,3.87487156463e-16,nan,nan,0,nan,nan
23320,1.90160302449e-13,0,3.85508257976e-16,nan,nan,0,nan,nan
23324,1.88506116001e-13,0,3.83509367619e-16,nan,nan,0,nan,nan
23328,1.86852343662e-13,0,3.81543336736e-16,nan,nan,0,nan,nan
23332,1.85199128944e-13,0,3.79566355094e-16,nan,nan,0,nan,nan
23336,1.83546614991e-13,0,3.77587868958e-16,nan,nan,0,nan,nan
23340,1.81894944619e-13,0,3.75610685931e-16,nan,nan,0,nan,nan
23344,1.80244260218e-13,0,3.73638992213e-16,nan,nan,0,nan,nan
23348,1.78594703796e-13,0,3.71659430429e-16,nan,nan,0,nan,nan
23352,1.76946416973e-13,0,3.69686619502e-16,nan,nan,0,nan,nan
23356,1.75299540921e-13,0,3.67726535797e-16,nan,nan,0,nan,nan
23360,1.73654216456e-13,0,3.65755479572e-16,nan,nan,0,nan,nan
23364,1.7201058386e-13,0,3.6378925381e-16,nan,nan,0,nan,nan
23368,1.70368783055e-13,0,3.6182969963e-16,nan,nan,0,nan,nan
23372,1.68728953453e-13,0,3.5987302484e-16,nan,nan,0,nan,nan
23376,1.67091234018e-13,0,3.57916386457e-16,nan,nan,0,nan,nan
23380,1.65455763214e-13,0,3.55956794533e-16,nan,nan,0,nan,nan
23384,1.63822679062e-13,0,3.54005086136e-16,nan,nan,0,nan,nan
23388,1.6219211903e-13,0,3.52050917778e-16,nan,nan,0,nan,nan
23392,1.60564220105e-13,0,3.50100558619e-16,nan,nan,0,nan,nan
23396,1.5893911873e-13,0,3.4815441983e-16,nan,nan,0,nan,nan
23400,1.57316950862e-13,0,3.46215267763e-16,nan,nan,0,nan,nan
23404,1.55697851828e-13,0,3.44265066687e-16,nan,nan,0,nan,nan
23408,1.54081956491e-13,0,3.42338582632e-16,nan,nan,0,nan,nan
23412,1.52469399114e-13,0,3.40384587776e-16,nan,nan,0,nan,nan
23416,1.50860313357e-13,0,3.38457853554e-16,nan,nan,0,nan,nan
23420,1.49254832343e-13,0,3.36522828961e-16,nan,nan,0,nan,nan
23424,1.4765308856e-13,0,3.34594123844e-16,nan,nan,0,nan,nan
23428,1.46055213925e-13,0,3.32667886778e-16,nan,nan,0,nan,nan
23432,1.44461339663e-13,0,3.307367443e-16,nan,nan,0,nan,nan
23436,1.42871596462e-13,0,3.28800354911e-16,nan,nan,0,nan,nan
23440,1.41286114312e-13,0,3.26891692821e-16,nan,nan,0,nan,nan
23444,1.39705022559e-13,0,3.24988397761e-16,nan,nan,0,nan,nan
23448,1.38128449891e-13,0,3.23058349421e-16,nan,nan,0,nan,nan
23452,1.36556524342e-13,0,3.21151750237e-16,nan,nan,0,nan,nan
23456,1.3498937323e-13,0,3.19236487885e-16,nan,nan,0,nan,nan
23460,1.33427123191e-13,0,3.17344561838e-16,nan,nan,0,nan,nan
23464,1.31869900137e-13,0,3.15410918446e-16,nan,nan,0,nan,nan
23468,1.30317829298e-13,0,3.13534485287e-16,nan,nan,0,nan,nan
23472,1.28771035144e-13,0,3.11635691949e-16,nan,nan,0,nan,nan
23476,1.27229641407e-13,0,3.09730527896e-16,nan,nan,0,nan,nan
23480,1.25693771056e-13,0,3.07844893291e-16,nan,nan,0,nan,nan
23484,1.24163546326e-13,0,3.05957923709e-16,nan,nan,0,nan,nan
23488,1.2263908863e-13,0,3.04070473195e-16,nan,nan,0,nan,nan
23492,1.21120518625e-13,0,3.0219231577e-16,nan,nan,0,nan,nan
23496,1.19607956197e-13,0,3.00308462493e-16,nan,nan,0,nan,nan
23500,1.18101520249e-13,0,2.98439307931e-16,nan,nan,0,nan,nan
23504,1.16601329104e-13,0,2.96566888361e-16,nan,nan,0,nan,nan
23508,1.15107499986e-13,0,2.94690209933e-16,nan,nan,0,nan,nan
23512,1.1362014952e-13,0,2.92832976481e-16,nan,nan,0,nan,nan
23516,1.12139393288e-13,0,2.90964220922e-16,nan,nan,0,nan,nan
23520,1.10665346038e-13,0,2.89108227112e-16,nan,nan,0,nan,nan
23524,1.09198121616e-13,0,2.87258410047e-16,nan,nan,0,nan,nan
23528,1.07737832963e-13,0,2.85411852653e-16,nan,nan,0,nan,nan
23532,1.06284592096e-13,0,2.83577093841e-16,nan,nan,0,nan,nan
23536,1.04838510092e-13,0,2.81647817302e-16,nan,nan,0,nan,nan
23540,1.03399697051e-13,0,2.79888114645e-16,nan,nan,0,nan,nan
23544,1.01968262145e-13,0,2.78049330606e-16,nan,nan,0,nan,nan
23548,1.00544313511e-13,0,2.7621726833e-16,nan,nan,0,nan,nan
23552,9.91279583072e-14,0,2.74380950178e-16,nan,nan,0,nan,nan
23556,9.77193026644e-14,0,2.72583573319e-16,nan,nan,0,nan,nan
23560,9.63184516693e-14,0,2.70750020564e-16,nan,nan,0,nan,nan
23564,9.49255093782e-14,0,2.68915631219e-16,nan,nan,0,nan,nan
23568,9.35405787261e-14,0,2.67137474352e-16,nan,nan,0,nan,nan
23572,9.21637615972e-14,0,2.65323473609e-16,nan,nan,0,nan,nan
23576,9.07951587562e-14,0,2.63529814694e-16,nan,nan,0,nan,nan
23580,8.94348697998e-14,0,2.6173288906e-16,nan,nan,0,nan,nan
23584,8.80829932083e-14,0,2.59940262158e-16,nan,nan,0,nan,nan
23588,8.67396262901e-14,0,2.58165829108e-16,nan,nan,0,nan,nan
23592,8.54048651401e-14,0,2.56379013763e-16,nan,nan,0,nan,nan
23596,8.40788046303e-14,0,2.54605629406e-16,nan,nan,0,nan,nan
23600,8.27615384229e-14,0,2.52834162796e-16,nan,nan,0,nan,nan
23604,8.14531588579e-14,0,2.51073137206e-16,nan,nan,0,nan,nan
23608,8.01537570601e-14,0,2.49322434321e-16,nan,nan,0,nan,nan
23612,7.88634227941e-14,0,2.47570358773e-16,nan,nan,0,nan,nan
23616,7.75822444832e-14,0,2.45818124556e-16,nan,nan,0,nan,nan
23620,7.63103092197e-14,0,2.4408304156e-16,nan,nan,0,nan,nan
23624,7.50477026592e-14,0,2.42344192263e-16,nan,nan,0,nan,nan
23628,7.37945090492e-14,0,2.40617870253e-16,nan,nan,0,nan,nan
23632,7.25508112146e-14,0,2.38889535251e-16,nan,nan,0,nan,nan
23636,7.13166904485e-14,0,2.37188646885e-16,nan,nan,0,nan,nan
23640,7.0092226551e-14,0,2.35473812623e-16,nan,nan,0,nan,nan
23644,6.88774978144e-14,0,2.33774781433e-16,nan,nan,0,nan,nan
23648,6.76725808823e-14,0,2.32080524005e-16,nan,nan,0,nan,nan
23652,6.64775508227e-14,0,2.30387973337e-16,nan,nan,0,nan,nan
23656,6.52924810651e-14,0,2.28697882979e-16,nan,nan,0,nan,nan
23660,6.41174433043e-14,0,2.27032617142e-16,nan,nan,0,nan,nan
23664,6.29525075996e-14,0,2.25348982641e-16,nan,nan,0,nan,nan
23668,6.17977421204e-14,0,2.237198744e-16,nan,nan,0,nan,nan
23672,6.06532133503e-14,0,2.22054862294e-16,nan,nan,0,nan,nan
23676,5.95189858419e-14,0,2.20417727192e-16,nan,nan,0,nan,nan
23680,5.83951223257e-14,0,2.18778586574e-16,nan,nan,0,nan,nan
23684,5.72816835284e-14,0,2.17154941058e-16,nan,nan,0,nan,nan
23688,5.61787282589e-14,0,2.15537115144e-16,nan,nan,0,nan,nan
23692,5.50863132587e-14,0,2.1391600437e-16,nan,nan,0,nan,nan
23696,5.40044932021e-14,0,2.1232751095e-16,nan,nan,0,nan,nan
23700,5.29333206598e-14,0,2.10732628617e-16,nan,nan,0,nan,nan
23704,5.18728459788e-14,0,2.09156057722e-16,nan,nan,0,nan,nan
23708,5.08231173341e-14,0,2.07581355543e-16,nan,nan,0,nan,nan
23712,4.97841805546e-14,0,2.0602275124e-16,nan,nan,0,nan,nan
23716,4.87560791603e-14,0,2.04467377867e-16,nan,nan,0,nan,nan
23720,4.77388542686e-14,0,2.02924501715e-16,nan,nan,0,nan,nan
23724,4.6732544544e-14,0,2.01384021054e-16,nan,nan,0,nan,nan
23728,4.57371861152e-14,0,1.99882436726e-16,nan,nan,0,nan,nan
23732,4.47528125531e-14,0,1.98364428179e-16,nan,nan,0,nan,nan
23736,4.37794547745e-14,0,1.96856304024e-16,nan,nan,0,nan,nan
23740,4.28171410087e-14,0,1.95366419144e-16,nan,nan,0,nan,nan
23744,4.18658966869e-14,0,1.93883038083e-16,nan,nan,0,nan,nan
23748,4.09257444523e-14,0,1.92437496945e-16,nan,nan,0,nan,nan
23752,3.9996704018e-14,0,1.90988427885e-16,nan,nan,0,nan,nan
23756,3.90787921344e-14,0,1.89539056137e-16,nan,nan,0,nan,nan
23760,3.81720225805e-14,0,1.88110004402e-16,nan,nan,0,nan,nan
23764,3.72764059369e-14,0,1.86708285098e-16,nan,nan,0,nan,nan
23768,3.63919497522e-14,0,1.85303166879e-16,nan,nan,0,nan,nan
23772,3.55186582911e-14,0,1.83910079897e-16,nan,nan,0,nan,nan
23776,3.46565325649e-14,0,1.82535071777e-16,nan,nan,0,nan,nan
23780,3.38055702533e-14,0,1.81173376001e-16,nan,nan,0,nan,nan
23784,3.29657656501e-14,0,1.798372339e-16,nan,nan,0,nan,nan
23788,3.21371096356e-14,0,1.78501142156e-16,nan,nan,0,nan,nan
23792,3.13195895852e-14,0,1.77187903627e-16,nan,nan,0,nan,nan
23796,3.05131894145e-14,0,1.7589295494e-16,nan,nan,0,nan,nan
23800,2.971788948e-14,0,1.7460477842e-16,nan,nan,0,nan,nan
23804,2.89336665661e-14,0,1.73336848531e-16,nan,nan,0,nan,nan
23808,2.81604939679e-14,0,1.7208577981e-16,nan,nan,0,nan,nan
23812,2.73983413558e-14,0,1.70864734089e-16,nan,nan,0,nan,nan
23816,2.66471749574e-14,0,1.69644414622e-16,nan,nan,0,nan,nan
23820,2.59069575047e-14,0,1.68443111384e-16,nan,nan,0,nan,nan
23824,2.5177648281e-14,0,1.67255297772e-16,nan,nan,0,nan,nan
23828,2.4459203387e-14,0,1.66096239241e-16,nan,nan,0,nan,nan
23832,2.37515756409e-14,0,1.64954680222e-16,nan,nan,0,nan,nan
23836,2.30547149319e-14,0,1.63842891661e-16,nan,nan,0,nan,nan
23840,2.23685683276e-14,0,1.62727939255e-16,nan,nan,0,nan,nan
23844,2.16930804088e-14,0,1.61647186708e-16,nan,nan,0,nan,nan
23848,2.10281935326e-14,0,1.60581284724e-16,nan,nan,0,nan,nan
23852,2.03738482903e-14,0,1.59541276859e-16,nan,nan,0,nan,nan
23856,1.97299839369e-14,0,1.58511400419e-16,nan,nan,0,nan,nan
23860,1.90965390146e-14,0,1.57519576342e-16,nan,nan,0,nan,nan
23864,1.84734519976e-14,0,1.56550327904e-16,nan,nan,0,nan,nan
23868,1.78606621809e-14,0,1.55586166732e-16,nan,nan,0,nan,nan
23872,1.72581106195e-14,0,1.54648577735e-16,nan,nan,0,nan,nan
23876,1.66657413314e-14,0,1.53741358559e-16,nan,nan,0,nan,nan
23880,1.60835026993e-14,0,1.52861507974e-16,nan,nan,0,nan,nan
23884,1.55113490942e-14,0,1.51988657826e-16,nan,nan,0,nan,nan
23888,1.49492429372e-14,0,1.51156348248e-16,nan,nan,0,nan,nan
23892,1.43971569715e-14,0,1.50340819435e-16,nan,nan,0,nan,nan
23896,1.38550771258e-14,0,1.49562227135e-16,nan,nan,0,nan,nan
23900,1.33230057642e-14,0,1.48806400283e-16,nan,nan,0,nan,nan
23904,1.28009659073e-14,0,1.48066054125e-16,nan,nan,0,nan,nan
23908,1.22890055989e-14,0,1.47362713619e-16,nan,nan,0,nan,nan
23912,1.17872040005e-14,0,1.46687343637e-16,nan,nan,0,nan,nan
23916,1.12956779636e-14,0,1.46024615975e-16,nan,nan,0,nan,nan
23920,1.08145903168e-14,0,1.4539807791e-16,nan,nan,0,nan,nan
23924,1.03441595905e-14,0,1.44809229513e-16,nan,nan,0,nan,nan
23928,9.88467182768e-15,0,1.44227866705e-16,nan,nan,0,nan,nan
23932,9.43649461748e-15,0,1.43691163451e-16,nan,nan,0,nan,nan
23936,9.00009382793e-15,0,1.43180152117e-16,nan,nan,0,nan,nan
23940,8.57605353874e-15,0,1.4270561306e-16,nan,nan,0,nan,nan
23944,8.16509946665e-15,0,1.42246259609e-16,nan,nan,0,nan,nan
23948,7.76812619287e-15,0,1.41827826016e-16,nan,nan,0,nan,nan
23952,7.38622805064e-15,0,1.41427462659e-16,nan,nan,0,nan,nan
23956,7.02073340883e-15,0,1.41072134477e-16,nan,nan,0,nan,nan
23960,6.67324042092e-15,0,1.40728006761e-16,nan,nan,0,nan,nan
23964,6.34565163402e-15,0,1.40425746971e-16,nan,nan,0,nan,nan
23968,6.04020170143e-15,0,1.40188945719e-16,nan,nan,0,nan,nan
23972,5.75947012752e-15,0,1.39932411945e-16,nan,nan,0,nan,nan
23976,5.50636669458e-15,0,1.39721123672e-16,nan,nan,0,nan,nan
23980,5.28407454727e-15,0,1.39542260012e-16,nan,nan,0,nan,nan
23984,5.09593500218e-15,0,1.39407075362e-16,nan,nan,0,nan,nan
23988,4.94526340831e-15,0,1.39289348311e-16,nan,nan,0,nan,nan
23992,4.83509888425e-15,0,1.39210219068e-16,nan,nan,0,nan,nan
23996,4.76791326186e-15,0,1.39170216169e-16,nan,nan,0,nan,nan
24000,2.37266467296e-15,0,6.95728350522e-17,nan,nan,0,nan,nan
