frequency_Hz,excitation_amplitude_N,frf_valid,piezo_1_amplitude_V,frf_1_real_V_N,frf_1_imag_V_N,piezo_2_amplitude_V,frf_2_real_V_N,frf_2_imag_V_N
0,1.99679714865e-06,0,8.34110203089e-06,nan,nan,1.107713757e-06,nan,nan
4,2.00664532035e-06,1,8.37939737132e-06,4.17582381429,0.000481714989316,1.11865618396e-06,0.557475735944,0.000244079213105
8,6.29522575424e-09,1,2.43833440438e-08,3.863694027,0.272723524744,7.21644155733e-09,1.12442652779,0.223047868416
12,6.36448830967e-09,1,2.46868953944e-08,3.85745898231,0.406801447878,7.36376959661e-09,1.10852044146,0.331439312228
16,6.38378846855e-09,1,2.47874315812e-08,3.84458096073,0.543957601727,7.52869595389e-09,1.09291521777,0.443163086126
20,6.39196030855e-09,1,2.48478844063e-08,3.82671071266,0.684027584993,7.73475425679e-09,1.07381392167,0.557858638117
24,6.39613644239e-09,1,2.48987853546e-08,3.80380648507,0.827546329923,7.98850265485e-09,1.05018713175,0.67601912255
28,6.39849626264e-09,1,2.49502139478e-08,3.77547242492,0.975206604561,8.29448254655e-09,1.02133410817,0.798320516237
32,6.39989831732e-09,1,2.50070739914e-08,3.74112314215,1.12778912462,8.65734387047e-09,0.986544466442,0.925533603204
36,6.40073886181e-09,1,2.507279767e-08,3.7000064929,1.286153816,9.08245507683e-09,0.945002990426,1.05851056312
40,6.40122203092e-09,1,2.51506294529e-08,3.65119222147,1.45124648687,9.57621889894e-09,0.895741290214,1.19818997371
44,6.40146190353e-09,1,2.52442619956e-08,3.59354591897,1.62411189969,1.01463353253e-08,0.837597813053,1.34560912611
48,6.40152637644e-09,1,2.53583032139e-08,3.52569205192,1.80591112792,1.08020831786e-08,0.769174875316,1.50192095971
52,6.40145794666e-09,1,2.54987475983e-08,3.44596561985,1.99794294873,1.15546535163e-08,0.688787471842,1.66841517062
56,6.40128433346e-09,1,2.56735409824e-08,3.35235021487,2.20166973707,1.24175602692e-08,0.594399869631,1.8465438814
60,6.40102425119e-09,1,2.58933072173e-08,3.24239893364,2.41874874155,1.34071553759e-08,0.483545711871,2.03795271747
64,6.40069071003e-09,1,2.61723061789e-08,3.11313314619,2.65106998721,1.45432823307e-08,0.353226313248,2.24451851822
68,6.40029298547e-09,1,2.65297018478e-08,2.96091226442,2.9008024587,1.58501128012e-08,0.199780133654,2.46839532635
72,6.3998378373e-09,1,2.69912304669e-08,2.78126510519,3.1704507295,1.73572266245e-08,0.0187139465991,2.71207081533
76,6.39933028804e-09,1,2.75913665792e-08,2.56866986887,3.46292487317,1.91010178814e-08,-0.195517319368,2.97843598627
80,6.39877413414e-09,1,2.83760835075e-08,2.31626465445,3.78162739119,2.11265419133e-08,-0.449800168119,3.27087186556
84,6.39817228982e-09,1,2.94062912773e-08,2.01546305891,4.13056211076,2.34899647483e-08,-0.752747018738,3.59335815279
88,6.39752702345e-09,1,3.07620159219e-08,1.65543859839,4.51447168031,2.62618448141e-08,-1.11521185355,3.95061044394
92,6.39684012318e-09,1,3.25473903264e-08,1.22242561773,4.93901261294,2.953157854e-08,-1.55098937017,4.3482549763
96,6.39611301514e-09,1,3.48966270823e-08,0.698760097265,5.4109800889,3.34134950645e-08,-2.07777423133,4.79305310247
100,6.39534684895e-09,1,3.79814422745e-08,0.0615465504421,5.93859935473,3.80553209712e-08,-2.71849422092,5.29319232692
104,6.39454256069e-09,1,4.20209960232e-08,-0.719220898311,6.53190720654,4.36501040939e-08,-3.50318921774,5.85866738788
108,6.3937009197e-09,1,4.729634828e-08,-1.68334764105,7.20325672259,5.04532714555e-08,-4.47170037299,6.50178454423
112,6.3928225639e-09,1,5.41726733244e-08,-2.88435258293,7.96799269545,5.88074490533e-08,-5.67758415545,7.23783651169
116,6.39190802665e-09,1,6.31341030024e-08,-4.39527154389,8.84536660669,6.91792557631e-08,-7.19391580002,8.08601688408
120,6.39095775753e-09,1,7.48385153038e-08,-6.31744068356,9.85979253836,8.22149867265e-08,-9.12207277704,9.07067542595
124,6.38997213834e-09,1,9.02039293728e-08,-8.79409771158,11.0425957742,9.88268436043e-08,-11.6053360437,10.22306598
128,6.38895149577e-09,1,1.10546440112e-07,-12.0319902006,12.4344851713,1.20329951319e-07,-14.8504983934,11.5838180593
132,6.38789611138e-09,1,1.37805607633e-07,-16.3367120952,14.0891077579,1.48666485597e-07,-19.1632009953,13.2064905672
136,6.38680622948e-09,1,1.74924648523e-07,-22.1724229706,16.0782528157,1.86784595178e-07,-25.0076526741,15.1627748891
140,6.38568206358e-09,1,2.26516873429e-07,-30.2666602867,18.4996228714,2.39303756628e-07,-33.111442174,17.5502647634
144,6.38452380144e-09,1,3.00087309307e-07,-41.8025408714,21.4886917652,3.13735562254e-07,-44.6577396383,20.5043130783
148,6.38333160933e-09,1,4.08391931243e-07,-58.7898704329,25.2372425282,4.22842341135e-07,-61.6564060965,24.2165683053
152,6.3821056354e-09,1,5.74284971141e-07,-84.8272376932,30.0231859379,5.89484006132e-07,-87.7060875485,28.9647914079
156,6.38084601251e-09,1,8.41455976941e-07,-126.789002088,36.2604026351,8.57354687742e-07,-129.681202583,35.1626960793
160,6.37955286051e-09,1,1.30055030729e-06,-198.926523267,44.5878340582,1.31710265329e-06,-201.833171758,43.4490375224
164,6.37822628821e-09,1,2.16087721757e-06,-334.12006078,56.055593305,2.17803725791e-06,-337.042317104,54.87372084
168,6.37686639496e-09,1,3.98217638545e-06,-620.22676546,72.6939147046,3.99989256849e-06,-623.165853281,71.4667477609
172,6.37547327198e-09,1,8.62374785335e-06,-1348.87634634,100.892616753,8.64194788119e-06,-1351.83355415,99.6176762895
176,6.37404700353e-09,1,2.49817669121e-05,-3914.44176128,194.973126394,2.50002983921e-05,-3917.41844301,193.647641182
180,6.37258766781e-09,1,0.000152527051002,-23799.9232167,2538.03246379,0.000152545114054,-23802.9207917,2536.6533343
184,6.37109533783e-09,1,0.000924929721449,143093.968447,24498.3314252,0.000924909212859,143090.948495,24496.8951824
188,6.36957008205e-09,1,0.00103109684216,-152994.483987,-52890.0419554,0.00103111828223,-152997.527864,-52891.5391975
192,6.36801196497e-09,1,0.00025028738403,33328.6720086,20832.4796758,0.000250265535287,33325.6025995,20830.9170774
196,6.36642104766e-09,1,3.11810684249e-05,4408.18976593,2134.41091284,3.1158794413e-05,4405.09316135,2132.77806733
200,6.36479738815e-09,1,1.00363495903e-05,1405.86506922,714.148905453,1.0013688351e-05,1402.73955634,712.440315921
204,6.36314104186e-09,1,4.49243264764e-06,616.512104713,344.036401385,4.46934334644e-06,613.355930015,342.24588076
208,6.36145206183e-09,1,2.40267541737e-06,320.948640861,199.107793055,2.37913595706e-06,317.760022259,197.228366331
212,6.3597304991e-09,1,1.4396616052e-06,186.20007825,128.738408398,1.41565541572e-06,182.977221216,126.762198345
216,6.35797640286e-09,1,9.34298226906e-07,116.428041003,89.6577808827,9.09808261268e-07,113.169159921,87.5758739701
220,6.35618982071e-09,1,6.43658338919e-07,76.9197315827,65.8628585817,6.18663616299e-07,73.623077768,63.6651470575
224,6.35437079883e-09,1,4.64701584926e-07,53.0143826939,50.3748007746,4.39174580478e-07,49.6782809258,48.0497958627
228,6.35251938213e-09,1,3.4853030887e-07,37.7929301763,39.7724921493,3.22434570384e-07,34.4158261973,37.3071020976
232,6.35063561441e-09,1,2.69874550491e-07,27.7022518817,32.2252646163,2.4316228786e-07,24.2827740074,29.6045297358
236,6.34871953845e-09,1,2.14768069779e-07,20.792122204,26.6844420045,1.87377600356e-07,17.3291611844,23.8912167921
240,6.34677119613e-09,1,1.75061784202e-07,15.9327857437,22.5157222304,1.46914771107e-07,12.4255983212,19.5302920004
244,6.34479062855e-09,1,1.45783859838e-07,12.439885431,19.3180983189,1.16782300538e-07,8.88822880435,16.1177142739
248,6.34277787607e-09,1,1.23786152258e-07,9.88294467921,16.8286877863,9.38090835314e-08,6.28725148502,13.3869998422
252,6.34073297842e-09,1,1.07012423634e-07,7.98227484509,14.8699610648,7.59123236202e-08,4.34388155526,11.1563215974
256,6.33865597473e-09,1,9.40845836154e-08,6.55093230363,13.3191413921,6.16834986868e-08,2.87237847997,9.29774480864
260,6.33654690364e-09,1,8.40596478052e-08,5.46074380482,12.0897855817,5.01452085127e-08,1.74616598668,7.71859740849
264,6.3344058033e-09,1,7.62822870464e-08,4.62172497614,11.1203527177,4.06041474237e-08,0.877377893218,6.34976652799
268,6.33223271144e-09,1,7.02929681623e-08,3.96921620225,10.366942731,3.25612063673e-08,0.204166689717,5.13808194233
272,6.33002766541e-09,1,6.57696023891e-08,3.45559761219,9.79862050873,2.56594844167e-08,-0.317345146945,4.0411722247
276,6.32779070222e-09,1,6.24901517571e-08,3.0447838073,9.39441123658,1.9666570013e-08,-0.718243903453,3.02383693371
280,6.32552185856e-09,1,6.0308930159e-08,2.70842835122,9.14143350355,1.45145011484e-08,-1.02016422939,2.05534039413
284,6.32322117087e-09,1,5.91424021279e-08,2.4231742445,9.03386541643,1.04994251876e-08,-1.2373947234,1.10723331748
288,6.3208886753e-09,1,5.8962171583e-08,2.16851327103,9.07258813906,8.76322135996e-09,-1.37809753039,0.151414685487
292,6.31852440782e-09,1,5.97941373751e-08,1.92493715012,9.26546273479,1.0565645671e-08,-1.44482138932,-0.841809349045
296,6.31612840417e-09,1,6.17238254903e-08,1.67211209314,9.62829831494,1.50661980409e-08,-1.43436000532,-1.90591761999
300,6.31370069992e-09,1,6.49089618219e-08,1.38679780218,10.186687598,2.12043955087e-08,-1.33688715577,-3.08092128129
304,6.31124133048e-09,1,6.9601716718e-08,1.04015550307,10.979051375,2.87816387155e-08,-1.13415362567,-4.41709546661
308,6.30875033113e-09,1,7.61851569845e-08,0.59391787191,12.0614954053,3.80615951639e-08,-0.796314118616,-5.98035973958
312,6.30622773704e-09,1,8.52320222174e-08,-0.0054404329364,13.5155308159,4.96001592715e-08,-0.27658839878,-7.86040137414
316,6.30367358325e-09,1,9.76004228869e-08,-0.836030329536,15.4605145382,6.4269629934e-08,0.49769635063,-10.183428687
320,6.30108790473e-09,1,1.14593347561e-07,-2.01611092403,18.0741823888,8.33948980813e-08,1.64038668538,-13.1329492158
324,6.29847073638e-09,1,1.38233240371e-07,-3.73111450111,21.6276326404,1.09019848847e-07,3.3333119013,-16.9849468056
328,6.29582211305e-09,1,1.71753654665e-07,-6.28259902109,26.5472933712,1.44396223304e-07,5.87506941511,-22.1700028737
332,6.29314206954e-09,1,2.20521684012e-07,-10.1812167582,33.529921415,1.94905381234e-07,9.77386307143,-29.3884186112
336,6.29043064062e-09,1,2.93867283184e-07,-16.3332749316,43.7682664596,2.6988779448e-07,15.9339613338,-39.8359783941
340,6.28768786105e-09,1,4.08961801659e-07,-26.4405931844,59.4248734131,3.86521963056e-07,26.0554736119,-55.6778326304
344,6.28491376561e-09,1,5.99746412571e-07,-43.9295822076,84.713523411,5.78753009056e-07,43.5633640732,-81.1300043226
348,6.28210838905e-09,1,9.39741026663e-07,-76.341389669,128.643619867,9.20101057607e-07,75.99754536,-125.203828757
352,6.2792717662e-09,1,1.60885614209e-06,-142.357378702,213.029399859,1.59047088984e-06,142.038314612,-209.71520895
356,6.27640393189e-09,1,3.13001781885e-06,-296.616619344,400.894408315,3.1127701209e-06,296.323809985,-397.689126137
360,6.27350492101e-09,1,7.48686854206e-06,-745.187865092,932.161139053,7.47058634752e-06,744.921958124,-929.049310791
364,6.27057476853e-09,1,2.70137033165e-05,-2716.11410974,3343.90198675,2.69979989462e-05,2715.8750064,-3340.86921937
368,6.26761350948e-09,1,0.000512672791623,-21342.6709261,78963.6671703,0.00051265449016,21342.4578404,-78960.6999782
372,6.26462117899e-09,1,0.00128232860422,89200.3845869,-184235.745146,0.00128234555133,-89200.5730876,184238.659479
376,6.26159781228e-09,1,0.00079336218577,-73628.5304538,103113.760232,0.000793346938806,73628.3644824,-103110.886689
380,6.25854344471e-09,1,4.61179745071e-05,6881.97225791,-2633.95470138,4.61251943735e-05,-6882.11837102,2636.79898992
384,6.25545811173e-09,1,1.02659775437e-05,1524.16337376,-608.450018765,1.02732972719e-05,-1524.29292228,611.276158387
388,6.25234184897e-09,1,3.92412908376e-06,590.207070612,-213.46981731,3.93084471991e-06,-590.323993707,216.288579132
392,6.24919469217e-09,1,1.91325750373e-06,292.465396646,-90.5446567348,1.91919522137e-06,-292.574317518,93.3665686814
396,6.24601667726e-09,1,1.07575556508e-06,167.052869359,-41.913465053,1.08084328498e-06,-167.15915081,44.7488990794
400,6.24280784036e-09,1,6.64987631098e-07,104.687787214,-19.6749901306,6.69185046488e-07,-104.797605978,22.5342471778
404,6.23956821773e-09,1,4.40082470435e-07,70.0180004147,-8.49057854416,4.43360552901e-07,-70.1384427742,11.3839726249
408,6.23629784587e-09,1,3.06783551256e-07,49.1302208481,-2.48876825378,3.09116825457e-07,-49.2694029319,5.42671102937
412,6.23299676149e-09,1,2.22923244223e-07,35.7542623509,0.87707983897,2.24286590053e-07,-35.9214795655,2.11600736573
416,6.2296650015e-09,1,1.67672073229e-07,26.7671091365,2.81862044116,1.68039560132e-07,-26.9730205287,0.240480649743
420,6.22630260307e-09,1,1.29921401432e-07,20.488322776,3.95489348576,1.29266261301e-07,-20.7451778095,-0.818541022574
424,6.2229096036e-09,1,1.03372835467e-07,15.9561322229,4.62049447855,1.01668220459e-07,-16.2780496346,-1.39518466124
428,6.21948604077e-09,1,8.42717306486e-08,12.591486673,5.00468971054,8.14921021681e-08,-12.9947979101,-1.67813983534
432,6.21603195251e-09,1,7.0284228068e-08,10.0305879603,5.2186142282,6.64072994575e-08,-10.5342614402,-1.77784717898
436,6.21254737705e-09,1,5.99074673105e-08,8.03632239985,5.32959443937,5.49166630022e-08,-8.66248980054,-1.76080972279
440,6.20903235289e-09,1,5.21444491865e-08,6.44902080347,5.37951927082,4.6031899024e-08,-7.22363327396,-1.66795088336
444,6.20548691887e-09,1,4.63174259046e-08,5.15787703674,5.39507278304,3.90876180164e-08,-6.11152827151,-1.52483199203
448,6.20191111411e-09,1,4.19571845973e-08,4.08371076933,5.39363247446,3.36315495539e-08,-5.25267631314,-1.34753368977
452,6.19830497807e-09,1,3.87355814624e-08,3.16819709591,5.38677217307,2.93583912451e-08,-4.5957564545,-1.14614040434
456,6.19466855056e-09,1,3.64235987359e-08,2.36689660897,5.38239748619,2.60694183415e-08,-4.1050288671,-0.926856590921
460,6.19100187172e-09,1,3.48649817155e-08,1.64456813425,5.38607771468,2.36471356662e-08,-3.75614601427,-0.693320033051
464,6.18730498206e-09,1,3.39597728656e-08,0.971863375579,5.40189258443,2.20375432429e-08,-3.53351987971,-0.447433107514
468,6.18357792244e-09,1,3.3654500202e-08,0.322841198676,5.43297746013,2.12344651033e-08,-3.42875471684,-0.189900201284
472,6.17982073411e-09,1,3.39372440392e-08,-0.327076043566,5.48187390597,2.1263468249e-08,-3.43987389827,0.0794139704499
476,6.17603345871e-09,1,3.48367544766e-08,-1.00298876428,5.55074625856,2.21684945325e-08,-3.57121599087,0.361230836269
480,6.17221613825e-09,1,3.64255026756e-08,-1.7325032432,5.64149432312,2.40087936335e-08,-3.83399045655,0.656655511937
484,6.16836881518e-09,1,3.8827236462e-08,-2.54808929912,5.75576815378,2.68711100089e-08,-4.24759737646,0.966978386755
488,6.16449153232e-09,1,4.22304868128e-08,-3.4901753251,5.89486585976,3.08948138516e-08,-4.84195811847,1.29342766057
492,6.16058433295e-09,1,4.69108048068e-08,-4.6115180954,6.05946125143,3.63054481345e-08,-5.66131563336,1.63679746899
496,6.15664726076e-09,1,5.32667178825e-08,-5.98370974313,6.24905205605,4.34575799103e-08,-6.77031249218,1.99682768695
500,6.15268035985e-09,1,6.18782461951e-08,-7.70728317575,6.46091739838,5.2895905719e-08,-8.26376997581,2.37111432601
504,6.1486836748e-09,1,7.36038639806e-08,-9.92800290041,6.68817625938,6.5452227208e-08,-10.282728311,2.75313563624
508,6.14465725062e-09,1,8.97453432203e-08,-12.8641165912,6.91614080514,8.24091923591e-08,-13.0415041219,3.12858330391
512,6.14060113278e-09,1,1.12337379703e-07,-16.8537815696,7.11531920826,1.05788480572e-07,-16.8749653106,3.46835027295
516,6.13651536719e-09,1,1.44677627372e-07,-22.441350461,7.22756537599,1.38879374379e-07,-22.3246974104,3.71467046072
520,6.13240000025e-09,1,1.92346056014e-07,-30.5426413763,7.13753084732,1.87256729078e-07,-30.3041792032,3.75256413589
524,6.12825507882e-09,1,2.65286959335e-07,-42.7814058153,6.61074192624,2.60861657801e-07,-42.4351751614,3.34791097638
528,6.12408065024e-09,1,3.82385968922e-07,-62.2269528206,5.15041435492,3.7857718506e-07,-61.7852989999,2.00426237352
532,6.1198767623e-09,1,5.82498316371e-07,-95.1672765915,1.63847087019,5.79254840271e-07,-94.6410923269,-1.39614219751
536,6.11564346332e-09,1,9.54345823606e-07,-155.907614619,-6.66340089138,9.51608973099e-07,-155.306542997,-9.59131764571
540,6.11138080206e-09,1,1.73147892985e-06,-282.001423179,-27.3066561503,1.72917304588e-06,-281.334028106,-30.1324408441
544,6.10708882781e-09,1,3.67108914956e-06,-595.07611881,-85.0227189223,3.66909575569e-06,-594.350028788,-87.7506760276
548,6.10276759031e-09,1,1.02394926684e-05,-1653.46292877,-284.99334622,1.02375580215e-05,-1652.68495865,-287.627538224
552,6.09841713982e-09,1,5.54775380399e-05,-9017.11022328,-1203.2623319,5.54746132485e-05,-9016.28647778,-1205.80659619
556,6.09403752709e-09,1,0.000441141541805,64911.2962952,32042.1143736,0.000441139633408,64912.1603332,32039.6564088
560,6.08962880335e-09,1,0.000556054861783,-74162.3244047,-53270.9235118,0.000556058851583,-74161.4250109,-53273.298611
564,6.08519102035e-09,1,0.000162010132271,17932.8540198,19678.2285594,0.000162003621467,17933.7843139,19675.9330723
568,6.08072423032e-09,1,1.63656400206e-05,2102.59024727,1680.09805349,1.63617701887e-05,2103.54741128,1677.87909249
572,6.07622848599e-09,1,5.02823662251e-06,637.673227428,527.420153332,5.02453776582e-06,638.653608004,525.274787861
576,6.07170384059e-09,1,2.19957213424e-06,269.618576193,241.955595995,2.19572050968e-06,270.618854748,239.88103992
580,6.06715034785e-09,1,1.15901347684e-06,135.669238555,134.486729606,1.15489937813e-06,136.686394887,132.480330947
584,6.06256806197e-09,1,6.86657806411e-07,75.9314502468,84.0396719382,6.82234009221e-07,76.9627307326,82.0989034078
588,6.05795703767e-09,1,4.41368905248e-07,45.5823020533,56.8374904829,4.36614560716e-07,46.6251918526,54.9599407535
592,6.05331733016e-09,1,3.01424946902e-07,28.6956068138,40.6952619658,2.96333200264e-07,29.7478055177,38.8786276202
596,6.0486489951e-09,1,2.15815986777e-07,18.6484321636,30.4187545249,2.10388844779e-07,19.7078324078,28.6608326364
600,6.04395208869e-09,1,1.60549213964e-07,12.3565263811,23.5147161704,1.54795133494e-07,13.4211950199,21.813397467
604,6.03922666757e-09,1,1.23308122252e-07,8.25492693453,18.6747273831,1.17240728419e-07,9.32308843162,17.0279899485
608,6.03447278889e-09,1,9.73198999218e-08,5.49417889721,15.1626049476,9.09571723144e-08,6.56420064025,13.5685084185
612,6.02969051024e-09,1,7.86470867146e-08,3.58739457242,12.5402703715,7.20107082027e-08,4.65777386172,10.9969505907
616,6.02487988971e-09,1,6.48928947535e-08,2.24267633943,10.5347500655,5.80076183905e-08,3.31202883562,9.04041415526
620,6.02004098585e-09,1,5.45409522781e-08,1.27830284722,8.96926298662,4.74339279027e-08,2.34535229401,7.52218480798
624,6.01517385766e-09,1,4.659992214e-08,0.577455538803,7.72551019929,3.92999756466e-08,1.64102460209,6.32402616634
628,6.01027856462e-09,1,4.04032506061e-08,0.0629363597475,6.72206444813,3.2940139553e-08,1.12193844605,5.36456966855
632,6.00535516664e-09,1,3.5491780137e-08,-0.317508527411,5.90148679371,2.7895464451e-08,0.735923408417,4.58643150909
636,6.00040372409e-09,1,3.15425167789e-08,-0.599999808402,5.22237838027,2.38424858307e-08,0.446935660644,3.94826468199
640,5.99542429778e-09,1,2.83240636015e-08,-0.809973197769,4.65432763407,2.05487542198e-08,0.229610451449,3.4197064323
644,5.99041694896e-09,1,2.56679687536e-08,-0.965637225281,4.17461197226,1.78442967515e-08,0.065804911195,2.97808019762
648,5.98538173928e-09,1,2.34498524623e-08,-1.08021931812,3.76599350396,1.56028667564e-08,-0.0576475073101,2.60619152299
652,5.98031873085e-09,1,2.15767036545e-08,-1.16345544897,3.41521447819,1.37293600099e-08,-0.150426213227,2.29082370527
656,5.97522798619e-09,1,1.99781636567e-08,-1.22259678131,3.11195066175,1.2151206161e-08,-0.219729711403,2.02169135165
660,5.97010956822e-09,1,1.86004432609e-08,-1.26310155287,2.84807064529,1.08123763182e-08,-0.270967119684,1.79069985164
664,5.96496354026e-09,1,1.74020135337e-08,-1.28911800597,2.61710339163,9.66914510663e-09,-0.308240773401,1.59141307798
668,5.95978996604e-09,1,1.63505124983e-08,-1.30382624647,2.4138499712,8.68704972513e-09,-0.334687793593,1.41866526225
672,5.95458890968e-09,1,1.54204983553e-08,-1.30968337983,2.23409670336,7.83867862963e-09,-0.352724963501,1.26827426505
676,5.94936043567e-09,1,1.45918002651e-08,-1.30860138443,2.07440064561,7.10204361524e-09,-0.364226369707,1.13682718349
680,5.9441046089e-09,1,1.38482961146e-08,-1.3020775945,1.93192738619,6.45936767531e-09,-0.370653677293,1.02151825265
684,5.9388214946e-09,1,1.31769987103e-08,-1.291291389,1.80432711415,5.89617287072e-09,-0.373152632188,0.920025015401
688,5.93351115839e-09,1,1.25673669377e-08,-1.27717651047,1.68963902135,5.40058718253e-09,-0.372625212726,0.830412816123
692,5.92817366623e-09,1,1.20107824759e-08,-1.26047562725,1.58621689777,4.96281292867e-09,-0.369784041233,0.751060480025
696,5.92280908443e-09,1,1.15001493375e-08,-1.24178183111,1.49267073606,4.57471557789e-09,-0.365193746162,0.680601994889
700,5.91741747964e-09,1,1.10295852384e-08,-1.22157043653,1.40782054202,4.22950313173e-09,-0.359302638998,0.617880392104
704,5.91199891886e-09,1,1.05941821092e-08,-1.20022351867,1.3306595308,3.92147423375e-09,-0.35246714179,0.561911007499
708,5.9065534694e-09,1,1.01898190304e-08,-1.17804897226,1.26032459926,3.64581886641e-09,-0.344970745962,0.511852012838
712,5.90108119889e-09,1,9.81301517603e-09,-1.15529540518,1.19607248214,3.39845960053e-09,-0.337038815208,0.466980625898
716,5.89558217528e-09,1,9.46081348291e-09,-1.13216384354,1.13726037988,3.17592434602e-09,-0.328850208174,0.426673787433
720,5.89005646683e-09,1,9.13068806698e-09,-1.1088169801,1.08333012853,2.97524374457e-09,-0.320546451787,0.390392375785
724,5.8845041421e-09,1,8.8204700993e-09,-1.08538651807,1.03379519319,2.79386796433e-09,-0.312239016484,0.357668240946
728,5.87892526994e-09,1,8.52828811868e-09,-1.0619790299,0.988229926214,2.62959886742e-09,-0.304015112248,0.328093499353
732,5.87331991948e-09,1,8.25251969753e-09,-1.03868065168,0.946260652007,2.48053442962e-09,-0.295942325351,0.301311651889
736,5.86768816014e-09,1,7.99175208691e-09,-1.01556086017,0.907558233488,2.34502298016e-09,-0.288072342193,0.277010179994
740,5.86203006161e-09,1,7.74475000106e-09,-0.99267552322,0.871831846416,2.22162535525e-09,-0.280443950582,0.254914346585
744,5.85634569387e-09,1,7.51042911005e-09,-0.970069372329,0.838823743414,2.10908346074e-09,-0.273085466498,0.234781983666
748,5.85063512712e-09,1,7.28783411785e-09,-0.947778013462,0.808304832605,2.00629405141e-09,-0.266016702246,0.216399091744
752,5.84489843185e-09,1,7.07612054486e-09,-0.925829567592,0.780070929943,1.91228677609e-09,-0.25925056682,0.19957611038
756,5.8391356788e-09,1,6.87453951579e-09,-0.904246013003,0.753939571,1.82620572609e-09,-0.25279437034,0.184144745626
760,5.83334693895e-09,1,6.68242499879e-09,-0.883044286733,0.729747289254,1.74729387306e-09,-0.24665088939,0.169955261633
764,5.82753228351e-09,1,6.49918305229e-09,-0.862237190633,0.707347284965,1.67487990018e-09,-0.240819238558,0.156874160667
768,5.82169178395e-09,1,6.32428272413e-09,-0.841834138657,0.686607422294,1.6083670223e-09,-0.235295584369,0.144782189136
772,5.81582551196e-09,1,6.15724831601e-09,-0.821841774603,0.667408503267,1.54722346616e-09,-0.230073730596,0.133572618513
776,5.80993353945e-09,1,5.99765278113e-09,-0.802264484008,0.649642776076,1.49097433975e-09,-0.225145598276,0.12314975854
780,5.80401593856e-09,1,5.84511206565e-09,-0.783104819266,0.633212642367,1.4391946696e-09,-0.220501619382,0.113427667624
784,5.79807278165e-09,1,5.69928024005e-09,-0.764363853559,0.618029534168,1.39150342128e-09,-0.216131059244,0.104329030963
788,5.7921041413e-09,1,5.55984529315e-09,-0.746041476276,0.604012935671,1.34755835144e-09,-0.212022280255,0.0957841817677
792,5.7861100903e-09,1,5.42652548441e-09,-0.728136640152,0.591089529384,1.3070515649e-09,-0.208162956837,0.0877302451424
796,5.78009070163e-09,1,5.29906616866e-09,-0.71064756887,0.579192449103,1.26970567074e-09,-0.204540249974,0.0801103869579
800,5.77404604851e-09,1,5.17723702051e-09,-0.693571931886,0.568260625063,1.23527044948e-09,-0.201140947929,0.072873153361
804,5.76797620434e-09,1,5.06082959985e-09,-0.676906992448,0.558238208852,1.20351995694e-09,-0.197951578689,0.0659718881981
808,5.76188124271e-09,1,4.9496552077e-09,-0.660649733566,0.549074067435,1.1742500028e-09,-0.194958498616,0.0593642179294
812,5.75576123744e-09,1,4.84354299106e-09,-0.644796965926,0.540721337362,1.14727595163e-09,-0.192147960936,0.0530115950455
816,5.74961626252e-09,1,4.74233826185e-09,-0.629345421255,0.533137031411,1.12243080204e-09,-0.189506167128,0.046878892087
820,5.74344639214e-09,1,4.64590100002e-09,-0.614291833735,0.526281691149,1.09956350657e-09,-0.187019303447,0.0409340399198
824,5.73725170069e-09,1,4.55410451713e-09,-0.599633012251,0.520119079692,1.07853750235e-09,-0.18467356488,0.0351477043168
828,5.73103226274e-09,1,4.46683425897e-09,-0.585365905229,0.514615909875,1.05922942429e-09,-0.182455167718,0.0294929961353
832,5.72478815306e-09,1,4.38398673109e-09,-0.571487660116,0.509741603674,1.04152798033e-09,-0.18035035224,0.0239452107709
836,5.7185194466e-09,1,4.30546853187e-09,-0.557995678907,0.505468079167,1.02533296948e-09,-0.178345376351,0.0184815931671
840,5.71222621851e-09,1,4.2311954836e-09,-0.544887671401,0.5017695621,1.01055442761e-09,-0.176426500869,0.0130811252685
844,5.70590854411e-09,1,4.16109185069e-09,-0.532161707246,0.498622419202,9.97111888185e-10,-0.174579966944,0.00772433306035
848,5.69956649892e-09,1,4.09508963906e-09,-0.519816268169,0.496005011016,9.84933748051e-10,-0.172791965876,0.00239311075572
852,5.69320015864e-09,1,4.03312797149e-09,-0.507850301507,0.493897562232,9.73956729885e-10,-0.171048601395,-0.00292943998108
856,5.68680959918e-09,1,3.9751525352e-09,-0.496263276203,0.492282047711,9.64125435353e-10,-0.169335844297,-0.0082591577337
860,5.6803948966e-09,1,3.9211151002e-09,-0.485055242442,0.491142092766,9.55391984672e-10,-0.167639479169,-0.0136109575397
864,5.67395612717e-09,1,3.87097310804e-09,-0.474226896147,0.490462886359,9.47715740019e-10,-0.165945042721,-0.0189989571685
868,5.66749336735e-09,1,3.82468933142e-09,-0.463779649601,0.490231106023,9.41063111521e-10,-0.164237753025,-0.024436594752
872,5.66100669379e-09,1,3.78223160723e-09,-0.453715709556,0.490434853602,9.35407447296e-10,-0.162502428899,-0.0299367389212
876,5.65449618332e-09,1,3.74357264737e-09,-0.444038164568,0.491063601054,9.30729009143e-10,-0.160723398162,-0.0355117926572
880,5.64796191297e-09,1,3.70868992857e-09,-0.434751082852,0.492108145161,9.27015039319e-10,-0.158884393661,-0.0411737913807
884,5.64140395997e-09,1,3.67756567147e-09,-0.425859623179,0.493560571171,9.24259923751e-10,-0.156968435106,-0.046934496839
888,5.63482240171e-09,1,3.65018691137e-09,-0.417370160561,0.495414224215,9.22465461377e-10,-0.154957695039,-0.052805486784
892,5.62821731583e-09,1,3.62654567051e-09,-0.40929042962,0.497663688321,9.21641249852e-10,-0.152833346272,-0.0587982416358
896,5.62158878011e-09,1,3.60663924055e-09,-0.401629688585,0.500304772518,9.21805203103e-10,-0.150575388202,-0.0649242285334
900,5.61493687258e-09,1,3.59047058537e-09,-0.394398907505,0.503334503632,9.22984217225e-10,-0.148162448366,-0.0711949832879
904,5.60826167144e-09,1,3.57804887637e-09,-0.387610984831,0.50675112536,9.2521500698e-10,-0.14557155524,-0.0776221907011
908,5.60156325509e-09,1,3.56939017491e-09,-0.381280997475,0.510554103273,9.28545139617e-10,-0.142777877436,-0.0842177635855
912,5.59484170216e-09,1,3.5645182784e-09,-0.375426490205,0.514744135261,9.33034297698e-10,-0.139754423331,-0.0909939206717
916,5.58809709147e-09,1,3.56346575157e-09,-0.370067811614,0.519323167046,9.38755809833e-10,-0.136471694098,-0.0979632634912
920,5.58132950205e-09,1,3.56627516671e-09,-0.365228505095,0.524294411974,9.45798496403e-10,-0.132897281615,-0.105138852186
924,5.57453901313e-09,1,3.57300058592e-09,-0.360935765369,0.529662374575,9.54268886257e-10,-0.128995400886,-0.112534279876
928,5.56772570417e-09,1,3.58370932257e-09,-0.357220973085,0.535432876543,9.64293873405e-10,-0.124726344583,-0.12016374514
932,5.56088965485e-09,1,3.5984840343e-09,-0.354120322651,0.541613084569,9.76023892786e-10,-0.120045844243,-0.128042121131
936,5.55403094504e-09,1,3.61742520336e-09,-0.351675562124,0.548211536762,9.89636718208e-10,-0.114904319452,-0.136185021023
940,5.54714965486e-09,1,3.6406540942e-09,-0.349934868379,0.555238167367,1.00534199689e-09,-0.109245992432,-0.144608856048
944,5.54024586462e-09,1,3.66831627929e-09,-0.348953885123,0.562704324616,1.02338666759e-09,-0.103007838944,-0.153330884561
948,5.53331965488e-09,1,3.700585872e-09,-0.348796960032,0.570622778372,1.04406143947e-09,-0.0961183412993,-0.162369247334
952,5.52637110642e-09,1,3.73767063271e-09,-0.34953862364,0.579007711553,1.06770854362e-09,-0.088495999011,-0.171742983187
956,5.51940030024e-09,1,3.77981816804e-09,-0.351265365468,0.587874686908,1.09473102696e-09,-0.0800475427232,-0.181472017514
960,5.51240731757e-09,1,3.82732351137e-09,-0.354077775978,0.597240578782,1.12560391729e-09,-0.0706657823125,-0.191577112494
964,5.50539223987e-09,1,3.88053845767e-09,-0.358093141685,0.607123454433,1.16088767978e-09,-0.0602270021459,-0.202079764781
968,5.49835514885e-09,1,3.93988314996e-09,-0.36344860445,0.617542385389,1.20124449226e-09,-0.0485877923055,-0.213002029911
972,5.49129612643e-09,1,4.00586057008e-09,-0.370305027058,0.628517160817,1.24745802672e-09,-0.03558117369,-0.224366246604
976,5.48421525477e-09,1,4.07907480695e-09,-0.378851748425,0.640067865424,1.3004576259e-09,-0.0210118335507,-0.236194622912
980,5.4771126163e-09,1,4.16025427288e-09,-0.389312466542,0.652214270138,1.36134804808e-09,-0.00465023383067,-0.248508632403
984,5.46998829365e-09,1,4.25028144272e-09,-0.401952559946,0.664974963783,1.43144633979e-09,0.0137747191902,-0.261328149076
988,5.46284236972e-09,1,4.35023125932e-09,-0.417088257839,0.678366126729,1.51232792398e-09,0.034584853431,-0.274670221348
992,5.45567492762e-09,1,4.46142112858e-09,-0.435098203025,0.69239980775,1.6058847248e-09,0.0581643021855,-0.288547346681
996,5.44848605074e-09,1,4.58547652674e-09,-0.456438136895,0.707081509444,1.71439916038e-09,0.0849741971367,-0.302965051926
1000,5.44127582268e-09,1,4.72441778627e-09,-0.481659692271,0.722406806723,1.84063924552e-09,0.115571468809,-0.31791850383
1004,5.43404432732e-09,1,4.88077581325e-09,-0.511434639599,0.738356605514,1.98798202402e-09,0.150633100149,-0.333387756547
1008,5.42679164876e-09,1,5.05774760461e-09,-0.546586442653,0.754890476368,2.16057535827e-09,0.190987689162,-0.349331070924
1012,5.41951787136e-09,1,5.25940689857e-09,-0.588131712122,0.771937242136,2.36355212961e-09,0.237656909078,-0.365675484139
1016,5.41222307971e-09,1,5.49099173656e-09,-0.63733521063,0.78938161499,2.60331677025e-09,0.291910519249,-0.382303424967
1020,5.40490735867e-09,1,5.75930008668e-09,-0.695783631314,0.807045094458,2.88793271102e-09,0.355340149345,-0.399033585814
1024,5.39757079333e-09,1,6.07323845276e-09,-0.765485719516,0.8246584386,3.22765234002e-09,0.429959425565,-0.415593363409
1028,5.39021346903e-09,1,6.44458888439e-09,-0.849009871656,0.841821613161,3.63565093071e-09,0.518341573576,-0.431578772354
1032,5.38283547137e-09,1,6.88909083543e-09,-0.949675858212,0.857944884693,4.12905686296e-09,0.623811144335,-0.446395497235
1036,5.37543688619e-09,1,7.42798236382e-09,-1.07182599784,0.872161099898,4.73041933352e-09,0.750715190034,-0.459171124601
1040,5.36801779957e-09,1,8.09022167576e-09,-1.22121506552,0.883193209865,5.46983374094e-09,0.904813172671,-0.468622613129
1044,5.36057829784e-09,1,8.91573584359e-09,-1.40558115795,0.889151006095,6.38807545327e-09,1.09384782822,-0.472852967734
1048,5.35311846757e-09,1,9.96025764141e-09,-1.63549839082,0.887213603902,7.54131371211e-09,1.3283978608,-0.469033652493
1052,5.3456383956e-09,1,1.13026881405e-08,-1.92567922349,0.873123301561,9.00836205979e-09,1.62318026184,-0.452898369374
1056,5.33813816897e-09,1,1.30566064675e-08,-2.29701363536,0.840360010505,1.09021114747e-08,1.99908947832,-0.41791739706
1060,5.330617875e-09,1,1.53888277329e-08,-2.77985287314,0.778758977832,1.33880720149e-08,2.48648114836,-0.353915209413
1064,5.32307760122e-09,1,1.85503854569e-08,-3.41946845851,0.672126045611,1.67154147548e-08,3.13063109352,-0.244685616309
1068,5.31551743544e-09,1,2.29302959008e-08,-4.28546463527,0.493978915726,2.12708685331e-08,4.0011477455,-0.0637328937348
1072,5.30793746566e-09,1,2.91529803826e-08,-5.48870763859,0.199630172879,2.76763228951e-08,5.20890138946,0.233645346972
1076,5.30033778014e-09,1,3.82637615187e-08,-7.21332082982,-0.289241916169,3.6974511616e-08,6.93801926588,0.725787535246
1080,5.29271846738e-09,1,5.21032819067e-08,-9.78082467727,-1.11640338898,5.10035774762e-08,9.51002551,1.55647832801
1084,5.2850796161e-09,1,7.41185451075e-08,-13.7882404286,-2.56127418537,7.32081719075e-08,13.521944773,3.00515843695
1088,5.27742131524e-09,1,1.11280609416e-07,-20.4330156197,-5.20754156078,1.10557069215e-07,20.1712276674,5.65553830475
1092,5.26974365399e-09,1,1.79156404757e-07,-32.3693021373,-10.3940504376,1.78614671625e-07,32.1120287512,10.8464887584
1096,5.26204672174e-09,1,3.1748051735e-07,-56.3331796516,-21.6048326417,3.17111978257e-07,56.0804298651,22.0620705936
1100,5.25433060813e-09,1,6.49215307919e-07,-113.122416768,-49.6984140901,6.49004387875e-07,112.874201166,50.1608421629
1104,5.24659540298e-09,1,1.69291542719e-06,-290.908938465,-139.597587737,1.69282748097e-06,290.665268419,140.065632786
1108,5.23884119636e-09,1,7.55506776104e-06,-1308.41091197,-606.454902372,7.5549762917e-06,1308.1717987,606.929032089
1112,5.23106807855e-09,1,0.000135074018758,13060.4761976,22274.9583195,0.000135072470029,-13060.7107442,-22274.4775915
1116,5.22327614001e-09,1,0.000220438187779,-14893.3563843,-39487.788294,0.000220440148318,14893.1264115,39488.2761857
1120,5.21546547144e-09,1,8.9115371752e-05,2960.09103608,16828.3985785,8.91130293082e-05,-2960.31643224,-16827.9028994
1124,5.20763616372e-09,1,4.53756683241e-06,501.486453965,712.549207463,4.53608231808e-06,-501.707277491,-712.045050984
1128,5.19978830794e-09,1,1.2517790159e-06,137.001084545,197.951463089,1.25022624898e-06,-137.217348637,-197.438064357
1132,5.1919219954e-09,1,5.22054484275e-07,54.0142990176,84.8116653921,5.20357998135e-07,-54.226029392,-84.2881742929
1136,5.18403731757e-09,1,2.67821526516e-07,25.5601539256,44.8967295836,2.65954918922e-07,-25.7673928201,-44.3621988526
1140,5.17613436612e-09,1,1.56139656558e-07,13.4342036782,27.0086582181,1.54089545365e-07,-13.6370147847,-26.4620295526
1144,5.1682132329e-09,1,9.94442986216e-08,7.51134379545,17.7148513323,9.72027064124e-08,-7.70981835593,-17.1549391354
1148,5.16027400996e-09,1,6.76513358029e-08,4.33500437408,12.3725731513,6.52133190822e-08,-4.52926872733,-11.7980454362
1152,5.1523167895e-09,1,4.84780473281e-08,2.51274396573,9.06725033401,4.58408239689e-08,-2.70296891176,-8.47660619615
1156,5.14434166392e-09,1,3.62570567401e-08,1.41345653356,6.9047609041,3.34196258434e-08,-1.59986898733,-6.29630382811
1160,5.13634872578e-09,1,2.81216856395e-08,0.724591275124,5.42687465061,2.50845687832e-08,-0.907488815122,-4.79868073632
1164,5.12833806781e-09,1,2.25139616777e-08,0.280264353131,4.38115355562,1.92788967261e-08,-0.460033448571,-3.73103350934
1168,5.1203097829e-09,1,1.85369219477e-08,-0.0126038305109,3.62025158526,1.51064323916e-08,-0.164535106935,-2.94570501774
1172,5.1122639641e-09,1,1.56492864299e-08,-0.208688990348,3.05400459007,1.2026109648e-08,0.0335411434126,-2.35216476135
1176,5.10420070462e-09,1,1.35115474471e-08,-0.341369648661,2.62503924593,9.69795244899e-09,0.167396277458,-1.89260586978
1180,5.09612009783e-09,1,1.19039274449e-08,-0.431711064085,2.29564003274,7.90098805747e-09,0.257871089419,-1.52879705217
1184,5.08802223723e-09,1,1.06805179965e-08,-0.493407157295,2.04033744656,6.4874328152e-09,0.318374820373,-1.23465175147
1188,5.07990721647e-09,1,9.74257450192e-09,-0.535610680139,1.84155533037,5.35615052203e-09,0.357697774114,-0.991851115979
1192,5.07177512936e-09,1,9.02241307522e-09,-0.564613601308,1.68696758943,4.4368793645e-09,0.381668344393,-0.787169313661
1196,5.06362606982e-09,1,8.47341831456e-09,-0.584879486536,1.56784825543,3.68085205252e-09,0.394154037895,-0.6107827478
1200,5.05546013192e-09,1,8.06371153121e-09,-0.599700607573,1.47802015809,3.05561274358e-09,0.397676089108,-0.455165068299
1204,5.04727740986e-09,1,7.77209802138e-09,-0.611634036026,1.41317764518,2.54313315111e-09,0.393787375219,-0.314338654461
1208,5.03907799796e-09,1,7.58549528526e-09,-0.622807870306,1.3704527414,2.1410618956e-09,0.383298102831,-0.183345120387
1212,5.03086199066e-09,1,7.49737774641e-09,-0.635154697958,1.34814833998,1.86612285758e-09,0.366396421732,-0.057848474165
1216,5.02262948254e-09,1,7.50697734491e-09,-0.650611527322,1.34559512477,1.75300491637e-09,0.342688149672,0.0661871133423
1220,5.01438056828e-09,1,7.61911804784e-09,-0.671317487825,1.36311105002,1.83549756955e-09,0.311163743305,0.192788297081
1224,5.00611534267e-09,1,7.84467476676e-09,-0.69983996635,1.40205942546,2.12036746796e-09,0.270086861935,0.326270304382
1228,4.99783390062e-09,1,8.20176258578e-09,-0.739466319967,1.46501837406,2.59398981038e-09,0.21678354234,0.471581993148
1232,4.98953633715e-09,1,8.71791109869e-09,-0.794614031755,1.55609501513,3.25125708023e-09,0.147289730624,0.634750295377
1236,4.98122274737e-09,1,9.43370488552e-09,-0.871442641376,1.68144814152,4.11143981111e-09,0.0557809164391,0.823500629326
1240,4.9728932265e-09,1,1.04087515109e-08,-0.978807465851,1.85013351983,5.2229018871e-09,-0.0663513596161,1.04817630899
1244,4.96454786986e-09,1,1.17315217555e-08,-1.12980157636,2.07547545376,6.66915174464e-09,-0.232019312306,1.32316685594
1248,4.95618677286e-09,1,1.35359000729e-08,-1.34433818258,2.37733598776,8.5826852625e-09,-0.461004910023,1.66922105632
1252,4.947810031e-09,1,1.6029852999e-08,-1.65363873204,2.78598310633,1.11720933808e-08,-0.784435778694,2.1173493387
1256,4.93941773989e-09,1,1.95469960313e-08,-2.10836169517,3.34894251152,1.47727490351e-08,-1.2529048532,2.71570240321
1260,4.93100999521e-09,1,2.4643730495e-08,-2.79404122847,4.14371610735,1.994341429e-08,-1.95190216154,3.5423109597
1264,4.92258689272e-09,1,3.22927336323e-08,-3.86209547218,5.30276538828,2.76593751775e-08,-3.0328179157,4.73008605781
1268,4.91414852829e-09,1,4.42954693407e-08,-5.59643793385,7.06609064818,3.97246919114e-08,-4.77954993688,6.51941188973
1272,4.90569499783e-09,1,6.42386331344e-08,-8.56891328616,9.90176990151,5.97284516748e-08,-7.76393643287,9.37869568744
1276,4.89722639738e-09,1,9.99607904122e-08,-14.0420521452,14.8141448718,9.55112864639e-08,-13.2485084645,14.3125626257
1280,4.88874282301e-09,1,1.70871370579e-07,-25.1667657337,24.2544151839,1.66484347665e-07,-24.3841828348,23.7724572952
1284,4.88024437089e-09,1,3.34358901436e-07,-51.2951636698,45.4180732915,3.30037731387e-07,-50.5230785141,44.9540846077
1288,4.87173113727e-09,1,8.14344369376e-07,-128.7480341,106.608791099,8.10094871433e-07,-127.985995724,106.161301351
1292,4.86320321846e-09,1,3.09055924171e-06,-489.932229787,404.752994588,3.08639927788e-06,-489.179801218,404.320694905
1296,4.85466071084e-09,1,9.18424000128e-05,-1439.72049066,18863.5352135,9.18401007839e-05,-1438.97725021,18863.1169363
1300,4.84610371086e-09,1,0.000202294147331,10613.1688644,-40371.9520862,0.000202296951855,10613.9033223,-40372.3573843
1304,4.83753231505e-09,1,0.000111614931328,-9623.2257422,20970.0502304,0.000111611737399,-9622.49967778,20969.6569771
1308,4.82894661998e-09,1,3.9227474432e-06,800.464137896,-138.397101831,3.92647864491e-06,801.182181105,-138.779148019
1312,4.82034672232e-09,1,9.33082880677e-07,190.496286756,-34.3683213245,9.36771478824e-07,191.206664363,-34.7399128815
1316,4.81173271879e-09,1,3.64386512601e-07,74.9414660921,-10.8913040197,3.67986697887e-07,75.6445171962,-11.2531177269
1320,4.80310470615e-09,1,1.78829800797e-07,37.0594383776,-3.58179452387,1.82325533998e-07,37.7554858823,-3.93443992141
1324,4.79446278127e-09,1,1.00316340011e-07,20.9067782522,-0.833199299936,1.03695558349e-07,21.5961292585,-1.17722605258
1328,4.78580704104e-09,1,6.14301956799e-08,12.8321270006,0.311674377809,6.46806367152e-08,13.51507326,-0.0242299787994
1332,4.77713758244e-09,1,4.00131105987e-08,8.33691519364,0.80780039961,4.3120747309e-08,9.01373360037,0.479569927525
1336,4.76845450249e-09,1,2.72868672248e-08,5.63142163189,1.01618097867,3.02348806436e-08,6.30237474114,0.695218611782
1340,4.75975789829e-09,1,1.92908257521e-08,3.90379891356,1.08920039651,2.20587121611e-08,4.56913547352,0.775138665405
1344,4.75104786698e-09,1,1.40574575904e-08,2.74812998013,1.09651732735,1.66202520496e-08,3.40808546911,0.789023156082
1348,4.74232450578e-09,1,1.05340890038e-08,1.94556747388,1.07187068982,1.28619195249e-08,2.60036463581,0.770641919449
1352,4.73358791196e-09,1,8.12286737375e-09,1.37079407685,1.03227986737,1.01813205101e-08,2.02064345037,0.737042163424
1356,4.72483818284e-09,1,6.46593253061e-09,0.948422095589,0.986550982786,8.21795907242e-09,1.5935225329,0.697055078216
1360,4.71607541581e-09,1,5.33700974722e-09,0.631195009992,0.939284205063,6.74700550257e-09,1.27173418293,0.655303437459
1364,4.70729970833e-09,1,4.58346826629e-09,0.388438962916,0.892857589264,5.62323674592e-09,1.02459385438,0.614185696419
1368,4.69851115789e-09,1,4.09531808553e-09,0.199638706452,0.848449453678,4.74997677413e-09,0.831576085997,0.574898596673
1372,4.68970986206e-09,1,3.79010726028e-09,0.0507120812791,0.806582579477,4.06115646329e-09,0.67858896419,0.537981566545
1376,4.68089591846e-09,1,3.60638905115e-09,-0.0682297959066,0.767421347274,3.51057114653e-09,0.555734293522,0.503614035169
1380,4.67206942478e-09,1,3.50017016556e-09,-0.164272190025,0.730937087779,3.0652421973e-09,0.455917922234,0.471780940452
1384,4.66323047876e-09,1,3.44150628566e-09,-0.242583201449,0.697001251881,2.70119911115e-09,0.373963271555,0.442366038839
1388,4.65437917818e-09,1,3.41091023377e-09,-0.306993344306,0.665438183934,2.40073245665e-09,0.306031741048,0.415204802891
1392,4.64551562092e-09,1,3.39612831528e-09,-0.360382933975,0.636054899353,2.15056473775e-09,0.249235305083,0.390114309634
1396,4.63663990489e-09,1,3.38965179137e-09,-0.404946205399,0.608657608973,1.94060792017e-09,0.201372379102,0.36690986393
1400,4.62775212806e-09,1,3.38698009116e-09,-0.442374649558,0.583060548345,1.763104068e-09,0.160744468268,0.345413916263
1404,4.61885238847e-09,1,3.38548041551e-09,-0.473986370176,0.55909033172,1.61202109269e-09,0.126026796518,0.325460496221
1408,4.60994078421e-09,1,3.38366442398e-09,-0.500818724371,0.53658771852,1.48262142756e-09,0.0961756523162,0.306897050222
1412,4.60101741344e-09,1,3.38073784457e-09,-0.523695581198,0.515407907892,1.37114984232e-09,0.0703611171254,0.289584800333
1416,4.59208237435e-09,1,3.37632258919e-09,-0.543276769945,0.495420023717,1.27460457894e-09,0.0479176048137,0.273398287144
1420,4.58313576523e-09,1,3.37028607527e-09,-0.560094858397,0.476506182829,1.19056757161e-09,0.0283070716614,0.258224490318
1424,4.57417768441e-09,1,3.36263670809e-09,-0.574582802579,0.458560377641,1.11707710508e-09,0.0110913555223,0.24396175851
1428,4.56520823026e-09,1,3.35346012443e-09,-0.587094941717,0.441487306918,1.05253132389e-09,-0.00408882961646,0.230518683131
1432,4.55622750124e-09,1,3.34288056653e-09,-0.597923088118,0.425201229696,9.95614421405e-10,-0.0175299935225,0.217812991213
1436,4.54723559586e-09,1,3.33103776916e-09,-0.607308964653,0.409624881598,9.45239679717e-10,-0.0294783165895,0.205770497227
1440,4.53823261267e-09,1,3.31807342516e-09,-0.61545389622,0.39468847164,9.00505155263e-10,-0.0401393502452,0.194324132293
1444,4.5292186503e-09,1,3.30412355434e-09,-0.622526417975,0.380328765017,8.60658944572e-10,-0.0496856336183,0.183413056474
1448,4.52019380743e-09,1,3.28931449027e-09,-0.628668289656,0.366488249939,8.25071774748e-10,-0.0582627158732,0.172981852731
1452,4.5111581828e-09,1,3.27376105935e-09,-0.633999280299,0.353114382724,7.93215242535e-10,-0.0659939485117,0.1629797968
1456,4.50211187519e-09,1,3.25756606215e-09,-0.63862099714,0.340158903128,7.64644447574e-10,-0.0729843214866,0.153360195325
1460,4.49305498347e-09,1,3.24082050025e-09,-0.642619965694,0.327577211044,7.38984072846e-10,-0.0793235501103,0.144079783555
1464,4.48398760655e-09,1,3.22360420312e-09,-0.646070118901,0.315327795294,7.1591719287e-10,-0.0850885707078,0.135098173475
1468,4.47490984337e-09,1,3.20598664052e-09,-0.649034816272,0.30337170537,6.95176260732e-10,-0.0903455659541,0.126377343424
1472,4.46582179297e-09,1,3.1880277899e-09,-0.651568486288,0.291672057021,6.76535853001e-10,-0.0951516131947,0.117881160224
1476,4.45672355442e-09,1,3.16977898049e-09,-0.653717964161,0.28019356275,6.59806849974e-10,-0.0995560278469,0.109574925035
1480,4.44761522685e-09,1,3.15128366836e-09,-0.655523580854,0.268902078399,6.44831804781e-10,-0.103601457818,0.101424934153
1484,4.43849690943e-09,1,3.13257811677e-09,-0.657020046525,0.257764156708,6.31481314891e-10,-0.107324772143,0.0933980458399
1488,4.42936870139e-09,1,3.11369196856e-09,-0.65823716173,0.246746598513,6.1965125828e-10,-0.110757777186,0.0854612438893
1492,4.42023070203e-09,1,3.09464870459e-09,-0.659200381582,0.235815991681,6.09260796595e-10,-0.113927785583,0.0775811880398
1496,4.41108301066e-09,1,3.07546598534e-09,-0.659931251481,0.224938226636,6.00251082931e-10,-0.116858056616,0.0697237403486
1500,4.40192572668e-09,1,3.05615587572e-09,-0.66044772733,0.214077976325,5.92584642681e-10,-0.119568120912,0.0618534551829
1504,4.3927589495e-09,1,3.03672495339e-09,-0.66076438812,0.203198126289,5.86245426935e-10,-0.122073997409,0.0539330187688
1508,4.38358277861e-09,1,3.01717430148e-09,-0.660892543978,0.192259138,5.81239566755e-10,-0.124388305597,0.0459226214347
1512,4.37439731353e-09,1,2.99749938754e-09,-0.660840237881,0.181218325332,5.77596889339e-10,-0.126520271385,0.0377792423814
1516,4.36520265381e-09,1,2.97768983184e-09,-0.660612134136,0.170029019432,5.75373291738e-10,-0.128475619591,0.0294558224379
1520,4.35599889906e-09,1,2.95772907211e-09,-0.660209280719,0.158639591377,5.74654107318e-10,-0.130256340255,0.020900294095
1524,4.34678614892e-09,1,2.93759393828e-09,-0.659628725502,0.14699229433,5.75558646761e-10,-0.131860308694,0.0120544306229
1528,4.33756450308e-09,1,2.91725416314e-09,-0.658862957356,0.135021876527,5.78246150559e-10,-0.133280730434,0.0028524656374
1532,4.32833406126e-09,1,2.89667187646e-09,-0.657899131714,0.122653902933,5.82923456777e-10,-0.13450537051,-0.00678057902679
1536,4.3190949232e-09,1,2.87580116555e-09,-0.656718024749,0.10980270528,5.89854770171e-10,-0.135515511331,-0.0169309374682
1540,4.30984718871e-09,1,2.85458784591e-09,-0.655292639875,0.0963688556679,5.99374024043e-10,-0.136284562844,-0.0276986205429
1544,4.30059095758e-09,1,2.83296968515e-09,-0.653586362122,0.0822360261771,6.1190046347e-10,-0.1367762205,-0.0392005510609
1548,4.29132632967e-09,1,2.81087748859e-09,-0.651550516954,0.0672670516366,6.27958267153e-10,-0.136942027659,-0.0515744960942
1552,4.28205340486e-09,1,2.78823773008e-09,-0.649121135602,0.0512989507086,6.48201293907e-10,-0.136718144482,-0.0649840412059
1556,4.27277228303e-09,1,2.76497786968e-09,-0.646214651555,0.0341365740114,6.73444436969e-10,-0.136021047924,-0.0796249379929
1560,4.26348306412e-09,1,2.74103627051e-09,-0.642722141859,0.0155444261886,7.0470367062e-10,-0.134741776553,-0.0957332778272
1564,4.25418584806e-09,1,2.71637993071e-09,-0.63850156572,-0.00476396425233,7.43247792129e-10,-0.132738172643,-0.113596118154
1568,4.24488073481e-09,1,2.69103547091e-09,-0.633367215907,-0.0271400034206,7.90666264028e-10,-0.129824337011,-0.133565437309
1572,4.23556782434e-09,1,2.66514264255e-09,-0.627075245208,-0.0520185596301,8.48959689163e-10,-0.12575615897,-0.156076658644
1576,4.22624721663e-09,1,2.63904623343e-09,-0.61930359618,-0.0799428418015,9.20662657934e-10,-0.120211249495,-0.181673525703
1580,4.2169190117e-09,1,2.61345369171e-09,-0.609623842297,-0.111598224448,1.00901354438e-09,-0.112760785786,-0.211041924227
1584,4.20758330953e-09,1,2.58970545578e-09,-0.597461167975,-0.147858861702,1.11819318867e-09,-0.10282949475,-0.245056493325
1588,4.19824021014e-09,1,2.57023798742e-09,-0.58203667876,-0.18985287677,1.25366582055e-09,-0.0896379665347,-0.284845812313
1592,4.18888981354e-09,1,2.55937187614e-09,-0.562282930088,-0.239055006273,1.42267374199e-09,-0.0721181867173,-0.331885042665
1596,4.17953221975e-09,1,2.56463033151e-09,-0.536718089311,-0.297420609395,1.63496700962e-09,-0.0487877016897,-0.388129934854
1600,4.17016752877e-09,1,2.59886417819e-09,-0.503254854185,-0.36758333265,1.90389940135e-09,-0.0175585405126,-0.456214491118
1604,4.16079584062e-09,1,2.68344119043e-09,-0.458904060569,-0.453153062602,2.24810862525e-09,0.0245591740635,-0.53974891626
1608,4.15141725528e-09,1,2.85248426309e-09,-0.399303861468,-0.559176078526,2.6941533606e-09,0.0819280432058,-0.643779768627
1612,4.14203187275e-09,1,3.15761844477e-09,-0.317951505647,-0.692865384393,3.28076469283e-09,0.161051610099,-0.77552029053
1616,4.132639793e-09,1,3.67284816488e-09,-0.204911170399,-0.864796349923,4.06591427973e-09,0.271866523897,-0.945546047951
1620,4.12324111598e-09,1,4.50193873143e-09,-0.0445636225234,-1.09093483388,5.13898754602e-09,0.429992875497,-1.16982305262
1624,4.11383594164e-09,1,5.79592173299e-09,0.188473322855,-1.39622159334,6.64262175057e-09,0.660813735457,-1.47329217021
1628,4.10442436989e-09,1,7.79333989132e-09,0.537095543901,-1.8212191696,8.81379329666e-09,1.00722589249,-1.89651600541
1632,4.09500650063e-09,1,1.09042162574e-08,1.07727964729,-2.43516226362,1.20656063335e-08,1.54520688543,-2.50872927661
1636,4.08558243373e-09,1,1.58870611004e-08,1.95151385432,-3.36341301784,1.716154881e-08,2.41724588632,-3.43529409707
1640,4.07615226901e-09,1,2.42543987085e-08,3.44676129153,-4.85037221838,2.56191650618e-08,3.91030698788,-4.92061117681
1644,4.0667161063e-09,1,3.93134123875e-08,6.19627171341,-7.42019742502,4.07498096471e-08,6.6576409232,-7.48883795219
1648,4.05727404535e-09,1,6.92460356484e-08,11.7787632952,-12.3510227603,7.07383429907e-08,12.2379668556,-12.4181083749
1652,4.0478261859e-09,1,1.38192721418e-07,24.8704064234,-23.3880609538,1.3972642356e-07,25.327456166,-23.4536349562
1656,4.03837262764e-09,1,3.39978569707e-07,63.5589026994,-55.2061658406,3.41536777636e-07,64.0138114539,-55.2702712656
1660,4.02891347023e-09,1,1.28922783403e-06,242.441201713,-208.85012718,1.29077514587e-06,242.893983308,-208.912806749
1664,4.01944881326e-09,1,3.57392591009e-05,1128.72819967,-8819.64879168,3.57397334785e-05,1129.17886893,-8819.71008776
1668,4.0099787563e-09,1,8.00710735294e-05,-6107.54817257,19010.9722003,8.00702944675e-05,-6107.09959983,19010.9122458
1672,4.00050339886e-09,1,4.48860463729e-05,5231.12571651,-9926.02425851,4.48870867566e-05,5231.57220954,-9926.08291302
1676,3.99102284038e-09,0,1.71089818813e-06,nan,nan,1.70911271143e-06,nan,nan
1680,3.98153718028e-09,0,4.05823003264e-07,nan,nan,4.04051772342e-07,nan,nan
1684,3.97204651788e-09,0,1.59855078736e-07,nan,nan,1.58093723262e-07,nan,nan
1688,3.96255095248e-09,0,7.98689861385e-08,nan,nan,7.81189002484e-08,nan,nan
1692,3.95305058329e-09,0,4.60609266034e-08,nan,nan,4.43255053401e-08,nan,nan
1696,3.94354550947e-09,0,2.93014250928e-08,nan,nan,2.75848357491e-08,nan,nan
1700,3.93403583012e-09,0,2.00394716837e-08,nan,nan,1.83460883075e-08,nan,nan
1704,3.92452164425e-09,0,1.44970315395e-08,nan,nan,1.28310876856e-08,nan,nan
1708,3.91500305082e-09,0,1.09708641532e-08,nan,nan,9.33621167348e-09,nan,nan
1712,3.90548014871e-09,0,8.61487595907e-09,nan,nan,7.01482221101e-09,nan,nan
1716,3.89595303672e-09,0,6.97599549768e-09,nan,nan,5.41321128011e-09,nan,nan
1720,3.88642181359e-09,0,5.79662087842e-09,nan,nan,4.27311161401e-09,nan,nan
1724,3.87688657797e-09,0,4.92292059921e-09,nan,nan,3.44004891601e-09,nan,nan
1728,3.86734742843e-09,0,4.25918184581e-09,nan,nan,2.81772658894e-09,nan,nan
1732,3.85780446346e-09,0,3.74373150801e-09,nan,nan,2.34396794934e-09,nan,nan
1736,3.84825778148e-09,0,3.33560544901e-09,nan,nan,1.9773935998e-09,nan,nan
1740,3.8387074808e-09,0,3.00685825326e-09,nan,nan,1.68972955499e-09,nan,nan
1744,3.82915365967e-09,0,2.73796704123e-09,nan,nan,1.46120324433e-09,nan,nan
1748,3.81959641624e-09,0,2.51499853608e-09,nan,nan,1.27769960577e-09,nan,nan
1752,3.81003584857e-09,0,2.32781486884e-09,nan,nan,1.1289550022e-09,nan,nan
1756,3.80047205464e-09,0,2.16890938674e-09,nan,nan,1.00738168668e-09,nan,nan
1760,3.79090513233e-09,0,2.03263455811e-09,nan,nan,9.07285714351e-10,nan,nan
1764,3.78133517944e-09,0,1.91467961947e-09,nan,nan,8.24336270215e-10,nan,nan
1768,3.77176229366e-09,0,1.81171066263e-09,nan,nan,7.55199115294e-10,nan,nan
1772,3.76218657259e-09,0,1.72111842368e-09,nan,nan,6.97279234271e-10,nan,nan
1776,3.75260811374e-09,0,1.64083875683e-09,nan,nan,6.48537402898e-10,nan,nan
1780,3.74302701453e-09,0,1.56922297677e-09,nan,nan,6.07357578167e-10,nan,nan
1784,3.73344337227e-09,0,1.50494294928e-09,nan,nan,5.7244973451e-10,nan,nan
1788,3.72385728418e-09,0,1.44692075044e-09,nan,nan,5.42777755853e-10,nan,nan
1792,3.71426884737e-09,0,1.39427594116e-09,nan,nan,5.17505271079e-10,nan,nan
1796,3.70467815887e-09,0,1.34628564012e-09,nan,nan,4.9595450555e-10,nan,nan
1800,3.69508531559e-09,0,1.30235401748e-09,nan,nan,4.77574698542e-10,nan,nan
1804,3.68549041435e-09,0,1.26198881139e-09,nan,nan,4.61917643881e-10,nan,nan
1808,3.67589355186e-09,0,1.22478314561e-09,nan,nan,4.4861860557e-10,nan,nan
1812,3.66629482475e-09,0,1.19040140193e-09,nan,nan,4.3738134449e-10,nan,nan
1816,3.65669432951e-09,0,1.15856823537e-09,nan,nan,4.27966330046e-10,nan,nan
1820,3.64709216256e-09,0,1.1290600604e-09,nan,nan,4.20181452007e-10,nan,nan
1824,3.6374884202e-09,0,1.10169851164e-09,nan,nan,4.13874720604e-10,nan,nan
1828,3.62788319863e-09,0,1.07634550966e-09,nan,nan,4.08928570854e-10,nan,nan
1832,3.61827659394e-09,0,1.0528996542e-09,nan,nan,4.0525547597e-10,nan,nan
1836,3.60866870213e-09,0,1.03129374273e-09,nan,nan,4.02794654487e-10,nan,nan
1840,3.59905961906e-09,0,1.0114932552e-09,nan,nan,4.01509697756e-10,nan,nan
1844,3.58944944052e-09,0,9.93495691735e-10,nan,nan,4.01387002655e-10,nan,nan
1848,3.57983826218e-09,0,9.77330672099e-10,nan,nan,4.02434916644e-10,nan,nan
1852,3.5702261796e-09,0,9.63060715868e-10,nan,nan,4.04683536849e-10,nan,nan
1856,3.56061328823e-09,0,9.5078264919e-10,nan,nan,4.08185135446e-10,nan,nan
1860,3.55099968341e-09,0,9.40629564237e-10,nan,nan,4.1301520027e-10,nan,nan
1864,3.5413854604e-09,0,9.32773263599e-10,nan,nan,4.19274098751e-10,nan,nan
1868,3.5317707143e-09,0,9.2742713095e-10,nan,nan,4.27089420633e-10,nan,nan
1872,3.52215554015e-09,0,9.24849342971e-10,nan,nan,4.36619049347e-10,nan,nan
1876,3.51254003285e-09,0,9.25346374437e-10,nan,nan,4.48055073253e-10,nan,nan
1880,3.50292428719e-09,0,9.29276771892e-10,nan,nan,4.61628675886e-10,nan,nan
1884,3.49330839787e-09,0,9.37055245807e-10,nan,nan,4.77616198837e-10,nan,nan
1888,3.48369245946e-09,0,9.49157254195e-10,nan,nan,4.96346645378e-10,nan,nan
1892,3.47407656641e-09,0,9.66124428226e-10,nan,nan,5.18210980103e-10,nan,nan
1896,3.46446081309e-09,0,9.88571434005e-10,nan,nan,5.43673706115e-10,nan,nan
1900,3.45484529373e-09,0,1.01719516118e-09,nan,nan,5.73287360465e-10,nan,nan
1904,3.44523010245e-09,0,1.05278746516e-09,nan,nan,6.07710788134e-10,nan,nan
1908,3.43561533326e-09,0,1.09625305824e-09,nan,nan,6.47732343158e-10,nan,nan
1912,3.42600108005e-09,0,1.14863453552e-09,nan,nan,6.94299562292e-10,nan,nan
1916,3.41638743659e-09,0,1.21114697756e-09,nan,nan,7.48557393704e-10,nan,nan
1920,3.40677449656e-09,0,1.28522516476e-09,nan,nan,8.11897818231e-10,nan,nan
1924,3.39716235348e-09,0,1.37258729854e-09,nan,nan,8.86024755236e-10,nan,nan
1928,3.38755110078e-09,0,1.47532045325e-09,nan,nan,9.73039661426e-10,nan,nan
1932,3.37794083177e-09,0,1.5959950346e-09,nan,nan,1.0755554237e-09,nan,nan
1936,3.36833163963e-09,0,1.73781868296e-09,nan,nan,1.19684937578e-09,nan,nan
1940,3.35872361741e-09,0,1.90484488332e-09,nan,nan,1.34107108005e-09,nan,nan
1944,3.34911685807e-09,0,2.10225890594e-09,nan,nan,1.51352781029e-09,nan,nan
1948,3.33951145441e-09,0,2.33677503796e-09,nan,nan,1.72108188744e-09,nan,nan
1952,3.32990749913e-09,0,2.61719677929e-09,nan,nan,1.97271160175e-09,nan,nan
1956,3.3203050848e-09,0,2.95521988369e-09,nan,nan,2.28031551942e-09,nan,nan
1960,3.31070430384e-09,0,3.3666040397e-09,nan,nan,2.65988574977e-09,nan,nan
1964,3.30110524858e-09,0,3.87291552135e-09,nan,nan,3.13325215961e-09,nan,nan
1968,3.29150801119e-09,0,4.50417409964e-09,nan,nan,3.73073037802e-09,nan,nan
1972,3.28191268372e-09,0,5.30296813763e-09,nan,nan,4.49523699002e-09,nan,nan
1976,3.2723193581e-09,0,6.331021097e-09,nan,nan,5.48885460119e-09,nan,nan
1980,3.2627281261e-09,0,7.67998273312e-09,nan,nan,6.80361955442e-09,nan,nan
1984,3.25313907938e-09,0,9.48976804753e-09,nan,nan,8.57985503121e-09,nan,nan
1988,3.24355230945e-09,0,1.19809501435e-08,nan,nan,1.10385556335e-08,nan,nan
1992,3.23396790768e-09,0,1.55146062512e-08,nan,nan,1.45412230957e-08,nan,nan
1996,3.22438596532e-09,0,2.07088955532e-08,nan,nan,1.97064327217e-08,nan,nan
2000,3.21480657346e-09,0,2.86810101062e-08,nan,nan,2.76517735824e-08,nan,nan
2004,3.20522982304e-09,0,4.15897526398e-08,nan,nan,4.05364191749e-08,nan,nan
2008,3.19565580488e-09,0,6.39762296037e-08,nan,nan,6.29018223526e-08,nan,nan
2012,3.18608460963e-09,0,1.06520848983e-07,nan,nan,1.05428736876e-07,nan,nan
2016,3.17651632782e-09,0,1.98539411107e-07,nan,nan,1.97433394713e-07,nan,nan
2020,3.16695104981e-09,0,4.41450038322e-07,nan,nan,4.40334765785e-07,nan,nan
2024,3.1573888658e-09,0,1.358967142e-06,nan,nan,1.35785037808e-06,nan,nan
2028,3.14782986586e-09,0,1.04991242415e-05,nan,nan,1.04980530322e-05,nan,nan
2032,3.1382741399e-09,0,4.49213068037e-05,nan,nan,4.49224475919e-05,nan,nan
2036,3.12872177765e-09,0,4.12953568995e-05,nan,nan,4.12942068399e-05,nan,nan
2040,3.11917286872e-09,0,7.16218991433e-06,nan,nan,7.16328694027e-06,nan,nan
2044,3.10962750253e-09,0,1.14362269054e-06,nan,nan,1.1447368194e-06,nan,nan
2048,3.10008576834e-09,0,3.91615378497e-07,nan,nan,3.9272074331e-07,nan,nan
2052,3.09054775526e-09,0,1.79971448381e-07,nan,nan,1.81062081087e-07,nan,nan
2056,3.08101355222e-09,0,9.7279462597e-08,nan,nan,9.83511190594e-08,nan,nan
2060,3.07148324799e-09,0,5.8324145379e-08,nan,nan,5.93728545318e-08,nan,nan
2064,3.06195693116e-09,0,3.75772144089e-08,nan,nan,3.85989259055e-08,nan,nan
2068,3.05243469017e-09,0,2.55230336767e-08,nan,nan,2.65134546693e-08,nan,nan
2072,3.04291661326e-09,0,1.80500962911e-08,nan,nan,1.9004572522e-08,nan,nan
2076,3.03340278851e-09,0,1.31802377206e-08,nan,nan,1.40936466184e-08,nan,nan
2080,3.02389330381e-09,0,9.88021979011e-09,nan,nan,1.07468710964e-08,nan,nan
2084,3.01438824689e-09,0,7.57415560081e-09,nan,nan,8.38770783161e-09,nan,nan
2088,3.00488770528e-09,0,5.92370911244e-09,nan,nan,6.67712160582e-09,nan,nan
2092,2.99539176633e-09,0,4.72121465881e-09,nan,nan,5.40676816867e-09,nan,nan
2096,2.98590051721e-09,0,3.8343347327e-09,nan,nan,4.44376676083e-09,nan,nan
2100,2.9764140449e-09,0,3.1758194389e-09,nan,nan,3.70062616568e-09,nan,nan
2104,2.9669324362e-09,0,2.68618975243e-09,nan,nan,3.11813025894e-09,nan,nan
2108,2.95745577769e-09,0,2.32343606114e-09,nan,nan,2.65522159795e-09,nan,nan
2112,2.9479841558e-09,0,2.0567563992e-09,nan,nan,2.28282043805e-09,nan,nan
2116,2.93851765673e-09,0,1.86277285861e-09,nan,nan,1.97993674822e-09,nan,nan
2120,2.9290563665e-09,0,1.72332125358e-09,nan,nan,1.73116066669e-09,nan,nan
2124,2.91960037094e-09,0,1.62419522574e-09,nan,nan,1.5250049412e-09,nan,nan
2128,2.91014975566e-09,0,1.55438811877e-09,nan,nan,1.35278720937e-09,nan,nan
2132,2.90070460608e-09,0,1.50553672896e-09,nan,nan,1.20786207473e-09,nan,nan
2136,2.89126500742e-09,0,1.47142936815e-09,nan,nan,1.08508447117e-09,nan,nan
2140,2.88183104469e-09,0,1.44754958547e-09,nan,nan,9.80428801919e-10,nan,nan
2144,2.8724028027e-09,0,1.43067098403e-09,nan,nan,8.9071477258e-10,nan,nan
2148,2.86298036605e-09,0,1.41852007669e-09,nan,nan,8.13407439034e-10,nan,nan
2152,2.85356381913e-09,0,1.40951146561e-09,nan,nan,7.46469616531e-10,nan,nan
2156,2.84415324613e-09,0,1.40254871291e-09,nan,nan,6.88251718906e-10,nan,nan
2160,2.83474873101e-09,0,1.39687911964e-09,nan,nan,6.37408682556e-10,nan,nan
2164,2.82535035752e-09,0,1.39198994883e-09,nan,nan,5.92836711212e-10,nan,nan
2168,2.81595820922e-09,0,1.38753520683e-09,nan,nan,5.5362468076e-10,nan,nan
2172,2.80657236943e-09,0,1.38328436854e-09,nan,nan,5.19016494059e-10,nan,nan
2176,2.79719292126e-09,0,1.37908660958e-09,nan,nan,4.88381692585e-10,nan,nan
2180,2.78781994761e-09,0,1.37484589254e-09,nan,nan,4.61192349351e-10,nan,nan
2184,2.77845353115e-09,0,1.37050361601e-09,nan,nan,4.37004782058e-10,nan,nan
2188,2.76909375433e-09,0,1.36602652063e-09,nan,nan,4.15444996375e-10,nan,nan
2192,2.7597406994e-09,0,1.36139824974e-09,nan,nan,3.9619704061e-10,nan,nan
2196,2.75039444836e-09,0,1.35661345204e-09,nan,nan,3.78993652817e-10,nan,nan
2200,2.74105508301e-09,0,1.351673653e-09,nan,nan,3.63608729181e-10,nan,nan
2204,2.73172268492e-09,0,1.34658435826e-09,nan,nan,3.49851254959e-10,nan,nan
2208,2.72239733541e-09,0,1.34135301332e-09,nan,nan,3.37560423815e-10,nan,nan
2212,2.71307911562e-09,0,1.33598755692e-09,nan,nan,3.26601735874e-10,nan,nan
2216,2.70376810643e-09,0,1.3304953823e-09,nan,nan,3.1686391629e-10,nan,nan
2220,2.69446438851e-09,0,1.32488257549e-09,nan,nan,3.0825653611e-10,nan,nan
2224,2.68516804229e-09,0,1.31915333601e-09,nan,nan,3.00708249633e-10,nan,nan
2228,2.67587914799e-09,0,1.31330951284e-09,nan,nan,2.94165590378e-10,nan,nan
2232,2.66659778558e-09,0,1.30735020544e-09,nan,nan,2.88592290301e-10,nan,nan
2236,2.65732403481e-09,0,1.30127139416e-09,nan,nan,2.839691091e-10,nan,nan
2240,2.6480579752e-09,0,1.29506557261e-09,nan,nan,2.80294178831e-10,nan,nan
2244,2.63879968606e-09,0,1.28872136303e-09,nan,nan,2.77583889533e-10,nan,nan
2248,2.62954924642e-09,0,1.28222310162e-09,nan,nan,2.7587436009e-10,nan,nan
2252,2.62030673513e-09,0,1.27555038889e-09,nan,nan,2.75223560103e-10,nan,nan
2256,2.61107223078e-09,0,1.26867760892e-09,nan,nan,2.75714172716e-10,nan,nan
2260,2.60184581173e-09,0,1.26157343593e-09,nan,nan,2.77457316735e-10,nan,nan
2264,2.59262755611e-09,0,1.25420036935e-09,nan,nan,2.80597285194e-10,nan,nan
2268,2.58341754183e-09,0,1.24651437484e-09,nan,nan,2.85317509558e-10,nan,nan
2272,2.57421584654e-09,0,1.23846477082e-09,nan,nan,2.91848036335e-10,nan,nan
2276,2.56502254768e-09,0,1.22999460139e-09,nan,nan,3.00474917832e-10,nan,nan
2280,2.55583772245e-09,0,1.22104190818e-09,nan,nan,3.115520925e-10,nan,nan
2284,2.54666144781e-09,0,1.21154260277e-09,nan,nan,3.25516589797e-10,nan,nan
2288,2.53749380049e-09,0,1.20143613172e-09,nan,nan,3.42908275669e-10,nan,nan
2292,2.52833485697e-09,0,1.19067596801e-09,nan,nan,3.64395907211e-10,nan,nan
2296,2.51918469353e-09,0,1.17924841114e-09,nan,nan,3.90812059459e-10,nan,nan
2300,2.51004338617e-09,0,1.16720569582e-09,nan,nan,4.23200627005e-10,nan,nan
2304,2.5009110107e-09,0,1.15472378751e-09,nan,nan,4.62882268617e-10,nan,nan
2308,2.49178764265e-09,0,1.14220283353e-09,nan,nan,5.11545646072e-10,nan,nan
2312,2.48267335735e-09,0,1.13044115313e-09,nan,nan,5.7137611751e-10,nan,nan
2316,2.47356822986e-09,0,1.12093463072e-09,nan,nan,6.45239549135e-10,nan,nan
2320,2.46447233504e-09,0,1.11638390818e-09,nan,nan,7.36948599588e-10,nan,nan
2324,2.45538574749e-09,0,1.12152474904e-09,nan,nan,8.51654845885e-10,nan,nan
2328,2.44630854157e-09,0,1.14439791569e-09,nan,nan,9.96437201917e-10,nan,nan
2332,2.4372407914e-09,0,1.19806065935e-09,nan,nan,1.18120408376e-09,nan,nan
2336,2.4281825709e-09,0,1.30244717229e-09,nan,nan,1.42011073963e-09,nan,nan
2340,2.41913395369e-09,0,1.48590452095e-09,nan,nan,1.73384818384e-09,nan,nan
2344,2.4100950132e-09,0,1.78678670467e-09,nan,nan,2.15345726193e-09,nan,nan
2348,2.40106582261e-09,0,2.25766238415e-09,nan,nan,2.72691548004e-09,nan,nan
2352,2.39204645484e-09,0,2.97641842015e-09,nan,nan,3.53099168964e-09,nan,nan
2356,2.38303698259e-09,0,4.0696228072e-09,nan,nan,4.69363545507e-09,nan,nan
2360,2.37403747832e-09,0,5.75873082543e-09,nan,nan,6.43874968772e-09,nan,nan
2364,2.36504801424e-09,0,8.45700690923e-09,nan,nan,9.18211594931e-09,nan,nan
2368,2.35606866233e-09,0,1.29937630726e-08,nan,nan,1.37551699318e-08,nan,nan
2372,2.34709949432e-09,0,2.11961440205e-08,nan,nan,2.19866294679e-08,nan,nan
2376,2.33814058168e-09,0,3.7633212763e-08,nan,nan,3.84464955232e-08,nan,nan
2380,2.32919199569e-09,0,7.60052010076e-08,nan,nan,7.68350332881e-08,nan,nan
2384,2.32025380733e-09,0,1.91028367551e-07,nan,nan,1.91866372947e-07,nan,nan
2388,2.31132608736e-09,0,7.63454488976e-07,nan,nan,7.64278936285e-07,nan,nan
2392,2.30240890631e-09,0,2.49264839444e-05,nan,nan,2.49260368773e-05,nan,nan
2396,2.29350233444e-09,0,4.97012102132e-05,nan,nan,4.97014951293e-05,nan,nan
2400,2.28460644179e-09,0,2.49392336731e-05,nan,nan,2.49391187635e-05,nan,nan
2404,2.27572129812e-09,0,7.65694832236e-07,nan,nan,7.64734157292e-07,nan,nan
2408,2.26684697297e-09,0,1.9285606999e-07,nan,nan,1.91899584446e-07,nan,nan
2412,2.25798353563e-09,0,7.77688962973e-08,nan,nan,7.68141553768e-08,nan,nan
2416,2.24913105513e-09,0,3.93639275808e-08,nan,nan,3.84107339747e-08,nan,nan
2420,2.24028960026e-09,0,2.28951435992e-08,nan,nan,2.19441664071e-08,nan,nan
2424,2.23145923956e-09,0,1.46559524891e-08,nan,nan,1.3708169033e-08,nan,nan
2428,2.22264004131e-09,0,1.00746123885e-08,nan,nan,9.13104653685e-09,nan,nan
2432,2.21383207355e-09,0,7.32188774568e-09,nan,nan,6.38345707224e-09,nan,nan
2436,2.20503540406e-09,0,5.56625292065e-09,nan,nan,4.63367025605e-09,nan,nan
2440,2.19625010038e-09,0,4.39201318436e-09,nan,nan,3.46572626054e-09,nan,nan
2444,2.18747622977e-09,0,3.57542586289e-09,nan,nan,2.65558936384e-09,nan,nan
2448,2.17871385926e-09,0,2.98872172968e-09,nan,nan,2.07519811165e-09,nan,nan
2452,2.16996305561e-09,0,2.55530168343e-09,nan,nan,1.64768736984e-09,nan,nan
2456,2.16122388533e-09,0,2.22733065361e-09,nan,nan,1.32500561982e-09,nan,nan
2460,2.15249641466e-09,0,1.97387675557e-09,nan,nan,1.07607978542e-09,nan,nan
2464,2.1437807096e-09,0,1.77432707117e-09,nan,nan,8.80267859305e-10,nan,nan
2468,2.13507683588e-09,0,1.61458405924e-09,nan,nan,7.23620255773e-10,nan,nan
2472,2.12638485896e-09,0,1.48479521034e-09,nan,nan,5.96734519546e-10,nan,nan
2476,2.11770484405e-09,0,1.37796446743e-09,nan,nan,4.93611271002e-10,nan,nan
2480,2.1090368561e-09,0,1.28909384563e-09,nan,nan,4.11254560111e-10,nan,nan
2484,2.10038095979e-09,0,1.21466315341e-09,nan,nan,3.49884332042e-10,nan,nan
2488,2.09173721952e-09,0,1.15234676178e-09,nan,nan,3.13260037974e-10,nan,nan
2492,2.08310569944e-09,0,1.10092443319e-09,nan,nan,3.07356694917e-10,nan,nan
2496,2.07448646345e-09,0,1.06038634822e-09,nan,nan,3.36045798076e-10,nan,nan
2500,2.06587957514e-09,0,1.03226740942e-09,nan,nan,3.98490918026e-10,nan,nan
2504,2.05728509786e-09,0,1.0202648793e-09,nan,nan,4.92544257008e-10,nan,nan
2508,2.04870309468e-09,0,1.03116466173e-09,nan,nan,6.18921511811e-10,nan,nan
2512,2.0401336284e-09,0,1.07597951218e-09,nan,nan,7.8277578201e-10,nan,nan
2516,2.03157676155e-09,0,1.17103867194e-09,nan,nan,9.94364983077e-10,nan,nan
2520,2.02303255638e-09,0,1.33892786038e-09,nan,nan,1.2704258738e-09,nan,nan
2524,2.01450107487e-09,0,1.61013530404e-09,nan,nan,1.63708908764e-09,nan,nan
2528,2.00598237872e-09,0,2.02759034872e-09,nan,nan,2.13537291816e-09,nan,nan
2532,1.99747652935e-09,0,2.65702072735e-09,nan,nan,2.83136737138e-09,nan,nan
2536,1.98898358792e-09,0,3.60734611774e-09,nan,nan,3.83568713373e-09,nan,nan
2540,1.98050361528e-09,0,5.07074991529e-09,nan,nan,5.34261496017e-09,nan,nan
2544,1.97203667203e-09,0,7.40755231951e-09,nan,nan,7.71441882273e-09,nan,nan
2548,1.96358281848e-09,0,1.1344340374e-08,nan,nan,1.16792496623e-08,nan,nan
2552,1.95514211465e-09,0,1.84923909836e-08,nan,nan,1.88494913495e-08,nan,nan
2556,1.94671462028e-09,0,3.29182909144e-08,nan,nan,3.32923159812e-08,nan,nan
2560,1.93830039482e-09,0,6.69859125224e-08,nan,nan,6.73714031683e-08,nan,nan
2564,1.92989949746e-09,0,1.71252778866e-07,nan,nan,1.71642123876e-07,nan,nan
2568,1.92151198708e-09,0,7.17089886109e-07,nan,nan,7.17462726799e-07,nan,nan
2572,1.91313792228e-09,0,1.80055990169e-05,nan,nan,1.80050789777e-05,nan,nan
2576,1.90477736137e-09,0,3.27166346722e-05,nan,nan,3.27171011467e-05,nan,nan
2580,1.89643036238e-09,0,1.49324200202e-05,nan,nan,1.49320273564e-05,nan,nan
2584,1.88809698305e-09,0,5.70449023474e-07,nan,nan,5.69958783783e-07,nan,nan
2588,1.87977728082e-09,0,1.5017852928e-07,nan,nan,1.49699591877e-07,nan,nan
2592,1.87147131285e-09,0,6.15521250168e-08,nan,nan,6.10801728658e-08,nan,nan
2596,1.86317913601e-09,0,3.13639364862e-08,nan,nan,3.08984424263e-08,nan,nan
2600,1.85490080686e-09,0,1.82641117702e-08,nan,nan,1.78056221205e-08,nan,nan
2604,1.8466363817e-09,0,1.16577749512e-08,nan,nan,1.12071941948e-08,nan,nan
2608,1.83838591651e-09,0,7.96231422351e-09,nan,nan,7.52062352905e-09,nan,nan
2612,1.83014946699e-09,0,5.73100189715e-09,nan,nan,5.29911845051e-09,nan,nan
2616,1.82192708854e-09,0,4.30180463822e-09,nan,nan,3.88050293175e-09,nan,nan
2620,1.81371883626e-09,0,3.34209216996e-09,nan,nan,2.93196094721e-09,nan,nan
2624,1.80552476497e-09,0,2.6721279793e-09,nan,nan,2.27355184278e-09,nan,nan
2628,1.79734492918e-09,0,2.18895556882e-09,nan,nan,1.80211485749e-09,nan,nan
2632,1.78917938313e-09,0,1.83070295059e-09,nan,nan,1.45558684832e-09,nan,nan
2636,1.78102818073e-09,0,1.55866280012e-09,nan,nan,1.19509121262e-09,nan,nan
2640,1.7728913756e-09,0,1.34777437602e-09,nan,nan,9.95424694248e-10,nan,nan
2644,1.7647690211e-09,0,1.18132216509e-09,nan,nan,8.39757768982e-10,nan,nan
2648,1.75666117025e-09,0,1.04786107611e-09,nan,nan,7.16559247995e-10,nan,nan
2652,1.74856787579e-09,0,9.39369605399e-10,nan,nan,6.17747300792e-10,nan,nan
2656,1.74048919016e-09,0,8.50106245336e-10,nan,nan,5.37542827509e-10,nan,nan
2660,1.73242516551e-09,0,7.7588210416e-10,nan,nan,4.71738654537e-10,nan,nan
2664,1.72437585369e-09,0,7.13587100047e-10,nan,nan,4.17222269582e-10,nan,nan
2668,1.71634130624e-09,0,6.60874667367e-10,nan,nan,3.71657258495e-10,nan,nan
2672,1.70832157442e-09,0,6.15947852595e-10,nan,nan,3.33266448076e-10,nan,nan
2676,1.70031670919e-09,0,5.77411618019e-10,nan,nan,3.00681630227e-10,nan,nan
2680,1.69232676119e-09,0,5.44169195911e-10,nan,nan,2.72837722779e-10,nan,nan
2684,1.68435178079e-09,0,5.15348254412e-10,nan,nan,2.48897112992e-10,nan,nan
2688,1.67639181806e-09,0,4.90247557259e-10,nan,nan,2.28194836763e-10,nan,nan
2692,1.66844692275e-09,0,4.6829791488e-10,nan,nan,2.10198354205e-10,nan,nan
2696,1.66051714434e-09,0,4.49033235735e-10,nan,nan,1.94477691477e-10,nan,nan
2700,1.65260253199e-09,0,4.32068805671e-10,nan,nan,1.80683039259e-10,nan,nan
2704,1.64470313457e-09,0,4.170848006e-10,nan,nan,1.68527776735e-10,nan,nan
2708,1.63681900068e-09,0,4.03813631239e-10,nan,nan,1.57775487265e-10,nan,nan
2712,1.62895017857e-09,0,3.92030124801e-10,nan,nan,1.4822994084e-10,nan,nan
2716,1.62109671625e-09,0,3.81543828362e-10,nan,nan,1.3972730214e-10,nan,nan
2720,1.61325866138e-09,0,3.72192916536e-10,nan,nan,1.32130023348e-10,nan,nan
2724,1.60543606138e-09,0,3.63839323377e-10,nan,nan,1.25322023557e-10,nan,nan
2728,1.59762896332e-09,0,3.56364819379e-10,nan,nan,1.19204856366e-10,nan,nan
2732,1.58983741402e-09,0,3.49667823237e-10,nan,nan,1.13694645512e-10,nan,nan
2736,1.58206145997e-09,0,3.43660793123e-10,nan,nan,1.0871961779e-10,nan,nan
2740,1.57430114738e-09,0,3.38268075465e-10,nan,nan,1.04218106515e-10,nan,nan
2744,1.56655652218e-09,0,3.33424121817e-10,nan,nan,1.00136926333e-10,nan,nan
2748,1.55882762998e-09,0,3.29072002473e-10,nan,nan,9.64300434908e-11,nan,nan
2752,1.55111451611e-09,0,3.25162160737e-10,nan,nan,9.30574816284e-11,nan,nan
2756,1.5434172256e-09,0,3.21651361264e-10,nan,nan,8.99844198219e-11,nan,nan
2760,1.53573580319e-09,0,3.18501811724e-10,nan,nan,8.71804402094e-11,nan,nan
2764,1.52807029334e-09,0,3.15680401923e-10,nan,nan,8.46189039987e-11,nan,nan
2768,1.52042074018e-09,0,3.13158073722e-10,nan,nan,8.22764270292e-11,nan,nan
2772,1.51278718759e-09,0,3.10909272097e-10,nan,nan,8.01324401618e-11,nan,nan
2776,1.50516967914e-09,0,3.08911481251e-10,nan,nan,7.81688168208e-11,nan,nan
2780,1.4975682581e-09,0,3.07144826433e-10,nan,nan,7.63695591077e-11,nan,nan
2784,1.48998296745e-09,0,3.05591731783e-10,nan,nan,7.47205301318e-11,nan,nan
2788,1.48241384991e-09,0,3.04236627613e-10,nan,nan,7.32092263404e-11,nan,nan
2792,1.47486094786e-09,0,3.03065697177e-10,nan,nan,7.18245828961e-11,nan,nan
2796,1.46732430342e-09,0,3.02066660048e-10,nan,nan,7.05568070204e-11,nan,nan
2800,1.45980395842e-09,0,3.01228584728e-10,nan,nan,6.93972348518e-11,nan,nan
2804,1.45229995439e-09,0,3.0054172738e-10,nan,nan,6.83382088799e-11,nan,nan
2808,1.44481233257e-09,0,2.99997392901e-10,nan,nan,6.7372971949e-11,nan,nan
2812,1.43734113392e-09,0,2.99587815248e-10,nan,nan,6.64955766658e-11,nan,nan
2816,1.4298863991e-09,0,2.99306054183e-10,nan,nan,6.57008073631e-11,nan,nan
2820,1.42244816848e-09,0,2.99145906847e-10,nan,nan,6.49841130157e-11,nan,nan
2824,1.41502648216e-09,0,2.99101831664e-10,nan,nan,6.4341550437e-11,nan,nan
2828,1.40762137994e-09,0,2.99168883037e-10,nan,nan,6.37697355361e-11,nan,nan
2832,1.40023290132e-09,0,2.99342656177e-10,nan,nan,6.32658027394e-11,nan,nan
2836,1.39286108552e-09,0,2.99619239692e-10,nan,nan,6.28273710238e-11,nan,nan
2840,1.38550597148e-09,0,2.99995176125e-10,nan,nan,6.24525166359e-11,nan,nan
2844,1.37816759784e-09,0,3.00467428706e-10,nan,nan,6.21397511494e-11,nan,nan
2848,1.37084600297e-09,0,3.01033354286e-10,nan,nan,6.18880057333e-11,nan,nan
2852,1.36354122493e-09,0,3.01690681168e-10,nan,nan,6.16966199701e-11,nan,nan
2856,1.3562533015e-09,0,3.02437492105e-10,nan,nan,6.1565336337e-11,nan,nan
2860,1.34898227018e-09,0,3.03272211414e-10,nan,nan,6.14942995659e-11,nan,nan
2864,1.34172816818e-09,0,3.04193596276e-10,nan,nan,6.14840611116e-11,nan,nan
2868,1.33449103242e-09,0,3.05200731807e-10,nan,nan,6.15355891874e-11,nan,nan
2872,1.32727089953e-09,0,3.06293029988e-10,nan,nan,6.16502842106e-11,nan,nan
2876,1.32006780586e-09,0,3.07470232096e-10,nan,nan,6.1830000394e-11,nan,nan
2880,1.31288178747e-09,0,3.0873241485e-10,nan,nan,6.20770740954e-11,nan,nan
2884,1.30571288013e-09,0,3.10080000418e-10,nan,nan,6.23943591462e-11,nan,nan
2888,1.29856111933e-09,0,3.11513770341e-10,nan,nan,6.27852708123e-11,nan,nan
2892,1.29142654027e-09,0,3.13034883733e-10,nan,nan,6.32538386024e-11,nan,nan
2896,1.28430917785e-09,0,3.1464490049e-10,nan,nan,6.38047703239e-11,nan,nan
2900,1.2772090667e-09,0,3.16345809634e-10,nan,nan,6.44435278464e-11,nan,nan
2904,1.27012624116e-09,0,3.18140064056e-10,nan,nan,6.51764178758e-11,nan,nan
2908,1.26306073529e-09,0,3.20030622363e-10,nan,nan,6.60106988401e-11,nan,nan
2912,1.25601258284e-09,0,3.22020999533e-10,nan,nan,6.69547082838e-11,nan,nan
2916,1.24898181729e-09,0,3.24115327571e-10,nan,nan,6.80180130982e-11,nan,nan
2920,1.24196847184e-09,0,3.26318428956e-10,nan,nan,6.92115880466e-11,nan,nan
2924,1.23497257938e-09,0,3.28635905197e-10,nan,nan,7.05480273852e-11,nan,nan
2928,1.22799417253e-09,0,3.31074244325e-10,nan,nan,7.20417964611e-11,nan,nan
2932,1.22103328363e-09,0,3.33640952013e-10,nan,nan,7.37095316265e-11,nan,nan
2936,1.21408994471e-09,0,3.36344712204e-10,nan,nan,7.55703982924e-11,nan,nan
2940,1.20716418754e-09,0,3.39195585054e-10,nan,nan,7.76465200721e-11,nan,nan
2944,1.20025604358e-09,0,3.42205252884e-10,nan,nan,7.99634943488e-11,nan,nan
2948,1.193365544e-09,0,3.45387326907e-10,nan,nan,8.25510143289e-11,nan,nan
2952,1.18649271972e-09,0,3.48757733697e-10,nan,nan,8.54436219704e-11,nan,nan
2956,1.17963760134e-09,0,3.52335204225e-10,nan,nan,8.86816237188e-11,nan,nan
2960,1.17280021917e-09,0,3.56141898894e-10,nan,nan,9.23122086599e-11,nan,nan
2964,1.16598060326e-09,0,3.60204210703e-10,nan,nan,9.63908208724e-11,nan,nan
2968,1.15917878336e-09,0,3.64553807089e-10,nan,nan,1.00982852443e-10,nan,nan
2972,1.15239478892e-09,0,3.69228990192e-10,nan,nan,1.0616574348e-10,nan,nan
2976,1.14562864913e-09,0,3.74276488205e-10,nan,nan,1.12031602953e-10,nan,nan
2980,1.13888039287e-09,0,3.79753831796e-10,nan,nan,1.18690499726e-10,nan,nan
2984,1.13215004876e-09,0,3.85732532023e-10,nan,nan,1.26274624351e-10,nan,nan
2988,1.1254376451e-09,0,3.92302362103e-10,nan,nan,1.34943588712e-10,nan,nan
2992,1.11874320993e-09,0,3.99577170074e-10,nan,nan,1.44891228795e-10,nan,nan
2996,1.11206677101e-09,0,4.07702825688e-10,nan,nan,1.56354407283e-10,nan,nan
3000,1.10540835579e-09,0,4.16868159308e-10,nan,nan,1.69624505767e-10,nan,nan
3004,1.09876799145e-09,0,4.27320112181e-10,nan,nan,1.85062568935e-10,nan,nan
3008,1.09214570489e-09,0,4.39384833025e-10,nan,nan,2.03119463074e-10,nan,nan
3012,1.08554152272e-09,0,4.53497188651e-10,nan,nan,2.24362999544e-10,nan,nan
3016,1.07895547126e-09,0,4.70242186214e-10,nan,nan,2.49514855236e-10,nan,nan
3020,1.07238757656e-09,0,4.90413252846e-10,nan,nan,2.79501460763e-10,nan,nan
3024,1.06583786439e-09,0,5.15094357211e-10,nan,nan,3.15525098294e-10,nan,nan
3028,1.05930636021e-09,0,5.45775879595e-10,nan,nan,3.59164709536e-10,nan,nan
3032,1.05279308923e-09,0,5.84518528117e-10,nan,nan,4.12521149725e-10,nan,nan
3036,1.04629807637e-09,0,6.34186687726e-10,nan,nan,4.78430216731e-10,nan,nan
3040,1.03982134625e-09,0,6.98785021905e-10,nan,nan,5.60781228006e-10,nan,nan
3044,1.03336292324e-09,0,7.83955288671e-10,nan,nan,6.65003853842e-10,nan,nan
3048,1.02692283142e-09,0,8.97734452666e-10,nan,nan,7.98830229722e-10,nan,nan
3052,1.02050109457e-09,0,1.05175931123e-09,nan,nan,9.73520756933e-10,nan,nan
3056,1.01409773623e-09,0,1.26326355418e-09,nan,nan,1.20589706029e-09,nan,nan
3060,1.00771277964e-09,0,1.55852731172e-09,nan,nan,1.52183358938e-09,nan,nan
3064,1.00134624777e-09,0,1.97908400163e-09,nan,nan,1.96250111486e-09,nan,nan
3068,9.94998163304e-10,0,2.59340041588e-09,nan,nan,2.59606846643e-09,nan,nan
3072,9.88668548672e-10,0,3.52006050595e-09,nan,nan,3.54088853532e-09,nan,nan
3076,9.82357426018e-10,0,4.97690340648e-09,nan,nan,5.01461898833e-09,nan,nan
3080,9.76064817216e-10,0,7.39404882286e-09,nan,nan,7.44721054703e-09,nan,nan
3084,9.6979074387e-10,0,1.17023416256e-08,nan,nan,1.17692861271e-08,nan,nan
3088,9.63535227314e-10,0,2.01771362776e-08,nan,nan,2.02557961576e-08,nan,nan
3092,9.57298288614e-10,0,3.94206373038e-08,nan,nan,3.95080373015e-08,nan,nan
3096,9.51079948568e-10,0,9.43959429669e-08,nan,nan,9.44866054357e-08,nan,nan
3100,9.44880227708e-10,0,3.38887015057e-07,nan,nan,3.38965304532e-07,nan,nan
3104,9.386991463e-10,0,5.25529942632e-06,nan,nan,5.2551699979e-06,nan,nan
3108,9.3253672435e-10,0,1.31212645239e-05,nan,nan,1.31213121066e-05,nan,nan
3112,9.26392981599e-10,0,8.1807648227e-06,nan,nan,8.18079328973e-06,nan,nan
3116,9.20267937527e-10,0,5.83523854823e-07,nan,nan,5.83261616316e-07,nan,nan
3120,9.14161611358e-10,0,1.30764516838e-07,nan,nan,1.30518473531e-07,nan,nan
3124,9.08074022055e-10,0,5.01630766844e-08,nan,nan,4.99168371309e-08,nan,nan
3128,9.02005188329e-10,0,2.45873040756e-08,nan,nan,2.43361271809e-08,nan,nan
3132,8.95955128632e-10,0,1.39341238734e-08,nan,nan,1.36759968152e-08,nan,nan
3136,8.89923861168e-10,0,8.70874187246e-09,nan,nan,8.44267368453e-09,nan,nan
3140,8.83911403888e-10,0,5.84706476269e-09,nan,nan,5.57255144354e-09,nan,nan
3144,8.77917774494e-10,0,4.14995592056e-09,nan,nan,3.86676529713e-09,nan,nan
3148,8.71942990441e-10,0,3.08092949669e-09,nan,nan,2.78899782837e-09,nan,nan
3152,8.65987068939e-10,0,2.37496174787e-09,nan,nan,2.07433476195e-09,nan,nan
3156,8.60050026955e-10,0,1.89070558706e-09,nan,nan,1.58149874372e-09,nan,nan
3160,8.54131881213e-10,0,1.5480289093e-09,nan,nan,1.23039777055e-09,nan,nan
3164,8.48232648199e-10,0,1.29918992003e-09,nan,nan,9.73309374263e-10,nan,nan
3168,8.42352344162e-10,0,1.11455735505e-09,nan,nan,7.80613648683e-10,nan,nan
3172,8.36490985116e-10,0,9.75109882695e-10,nan,nan,6.33314312675e-10,nan,nan
3176,8.3064858684e-10,0,8.68298816875e-10,nan,nan,5.1893830269e-10,nan,nan
3180,8.24825164885e-10,0,7.85671072492e-10,nan,nan,4.29220383108e-10,nan,nan
3184,8.1902073457e-10,0,7.21458227173e-10,nan,nan,3.5879178955e-10,nan,nan
3188,8.13235310993e-10,0,6.71720279438e-10,nan,nan,3.04471008351e-10,nan,nan
3192,8.07468909023e-10,0,6.3382340974e-10,nan,nan,2.64908354979e-10,nan,nan
3196,8.0172154331e-10,0,6.06130830276e-10,nan,nan,2.40314257504e-10,nan,nan
3200,7.95993228286e-10,0,5.87840628732e-10,nan,nan,2.31882440568e-10,nan,nan
3204,7.90283978165e-10,0,5.78936118012e-10,nan,nan,2.40745296378e-10,nan,nan
3208,7.84593806947e-10,0,5.80233200273e-10,nan,nan,2.67213179328e-10,nan,nan
3212,7.78922728421e-10,0,5.93521318342e-10,nan,nan,3.11230157072e-10,nan,nan
3216,7.73270756169e-10,0,6.2180491287e-10,nan,nan,3.73577451525e-10,nan,nan
3220,7.67637903565e-10,0,6.69670377165e-10,nan,nan,4.56865357294e-10,nan,nan
3224,7.62024183781e-10,0,7.43846819805e-10,nan,nan,5.66245833565e-10,nan,nan
3228,7.56429609789e-10,0,8.54121487187e-10,nan,nan,7.10306608482e-10,nan,nan
3232,7.50854194363e-10,0,1.01493845386e-09,nan,nan,9.02646249591e-10,nan,nan
3236,7.45297950081e-10,0,1.24829855297e-09,nan,nan,1.16475822656e-09,nan,nan
3240,7.39760889334e-10,0,1.58913551107e-09,nan,nan,1.53136670788e-09,nan,nan
3244,7.34243024319e-10,0,2.0955840773e-09,nan,nan,2.06062099613e-09,nan,nan
3248,7.28744367053e-10,0,2.86957017757e-09,nan,nan,2.85459513142e-09,nan,nan
3252,7.23264929367e-10,0,4.10098901805e-09,nan,nan,4.10337776155e-09,nan,nan
3256,7.17804722915e-10,0,6.17103294802e-09,nan,nan,6.18831946777e-09,nan,nan
3260,7.12363759175e-10,0,9.92186590087e-09,nan,nan,9.95161918179e-09,nan,nan
3264,7.06942049452e-10,0,1.74699561863e-08,nan,nan,1.75095104006e-08,nan,nan
3268,7.01539604886e-10,0,3.52103954604e-08,nan,nan,3.52562073745e-08,nan,nan
3272,6.96156436446e-10,0,8.90016773892e-08,nan,nan,8.90473165376e-08,nan,nan
3276,6.90792554944e-10,0,3.62996804034e-07,nan,nan,3.63022168538e-07,nan,nan
3280,6.85447971033e-10,0,6.4550904961e-06,nan,nan,6.45483113928e-06,nan,nan
3284,6.80122695212e-10,0,1.20341932175e-05,nan,nan,1.20344398091e-05,nan,nan
3288,6.74816737828e-10,0,5.71291219374e-06,nan,nan,5.71269889889e-06,nan,nan
3292,6.69530109084e-10,0,3.12621402298e-07,nan,nan,3.12429610085e-07,nan,nan
3296,6.6426281904e-10,0,8.15851231172e-08,nan,nan,8.14053649608e-08,nan,nan
3300,6.59014877619e-10,0,3.32306832633e-08,nan,nan,3.30519158817e-08,nan,nan
3304,6.53786294607e-10,0,1.68402621451e-08,nan,nan,1.66589223381e-08,nan,nan
3308,6.48577079665e-10,0,9.75326595749e-09,nan,nan,9.56779903258e-09,nan,nan
3312,6.43387242325e-10,0,6.19091861545e-09,nan,nan,6.00054973907e-09,nan,nan
3316,6.38216792001e-10,0,4.20537063117e-09,nan,nan,4.00968323115e-09,nan,nan
3320,6.33065737991e-10,0,3.01178854119e-09,nan,nan,2.81053812873e-09,nan,nan
3324,6.27934089482e-10,0,2.25158689605e-09,nan,nan,2.04460018256e-09,nan,nan
3328,6.22821855554e-10,0,1.74479416875e-09,nan,nan,1.53190308625e-09,nan,nan
3332,6.17729045189e-10,0,1.39423872658e-09,nan,nan,1.17522984575e-09,nan,nan
3336,6.1265566727e-10,0,1.14429910342e-09,nan,nan,9.18870321731e-10,nan,nan
3340,6.07601730593e-10,0,9.61585029093e-10,nan,nan,7.29306047373e-10,nan,nan
3344,6.02567243866e-10,0,8.25249823339e-10,nan,nan,5.85524927298e-10,nan,nan
3348,5.97552215723e-10,0,7.21849751668e-10,nan,nan,4.73882444831e-10,nan,nan
3352,5.9255665472e-10,0,6.42483723275e-10,nan,nan,3.85243908746e-10,nan,nan
3356,5.8758056935e-10,0,5.81137313714e-10,nan,nan,3.13334379507e-10,nan,nan
3360,5.82623968043e-10,0,5.33692520194e-10,nan,nan,2.53764762372e-10,nan,nan
3364,5.77686859177e-10,0,4.9732139439e-10,nan,nan,2.0347151537e-10,nan,nan
3368,5.7276925108e-10,0,4.70110680617e-10,nan,nan,1.60471894128e-10,nan,nan
3372,5.67871152042e-10,0,4.5083255393e-10,nan,nan,1.24011670939e-10,nan,nan
3376,5.62992570317e-10,0,4.3881426143e-10,nan,nan,9.54980786541e-11,nan,nan
3380,5.58133514136e-10,0,4.33881858315e-10,nan,nan,8.05373298189e-11,nan,nan
3384,5.53293991709e-10,0,4.36368061761e-10,nan,nan,8.71868558224e-11,nan,nan
3388,5.48474011236e-10,0,4.47186061311e-10,nan,nan,1.1528488167e-10,nan,nan
3392,5.43673580914e-10,0,4.67983462774e-10,nan,nan,1.59278214633e-10,nan,nan
3396,5.38892708949e-10,0,5.01407643198e-10,nan,nan,2.1740791959e-10,nan,nan
3400,5.34131403556e-10,0,5.51542849178e-10,nan,nan,2.92002370089e-10,nan,nan
3404,5.29389672978e-10,0,6.24634225036e-10,nan,nan,3.88627757537e-10,nan,nan
3408,5.2466752549e-10,0,7.30322624383e-10,nan,nan,5.1662761116e-10,nan,nan
3412,5.19964969407e-10,0,8.83836605754e-10,nan,nan,6.91070512574e-10,nan,nan
3416,5.15282013101e-10,0,1.11006476357e-09,nan,nan,9.36743881994e-10,nan,nan
3420,5.10618665001e-10,0,1.45152027009e-09,nan,nan,1.29609527543e-09,nan,nan
3424,5.05974933614e-10,0,1.98489861226e-09,nan,nan,1.84577849831e-09,nan,nan
3428,5.01350827531e-10,0,2.85820459069e-09,nan,nan,2.73376238188e-09,nan,nan
3432,4.96746355437e-10,0,4.38238586826e-09,nan,nan,4.27092936226e-09,nan,nan
3436,4.92161526127e-10,0,7.28761755875e-09,nan,nan,7.18729149196e-09,nan,nan
3440,4.87596348516e-10,0,1.3573099137e-08,nan,nan,1.34816308587e-08,nan,nan
3444,4.83050831652e-10,0,3.01225807024e-08,nan,nan,3.00365649028e-08,nan,nan
3448,4.7852498473e-10,0,9.20536493093e-08,nan,nan,9.19658450449e-08,nan,nan
3452,4.74018817105e-10,0,6.60627938712e-07,nan,nan,6.60505710092e-07,nan,nan
3456,4.69532338309e-10,0,2.7344440901e-06,nan,nan,2.73450258565e-06,nan,nan
3460,4.65065558061e-10,0,2.52893096078e-06,nan,nan,2.52891988394e-06,nan,nan
3464,4.60618486287e-10,0,4.73204668769e-07,nan,nan,4.73139375743e-07,nan,nan
3468,4.56191133135e-10,0,7.85119509476e-08,nan,nan,7.84780426781e-08,nan,nan
3472,4.5178350899e-10,0,2.70608791836e-08,nan,nan,2.70313770486e-08,nan,nan
3476,4.47395624494e-10,0,1.25123798264e-08,nan,nan,1.24817967692e-08,nan,nan
3480,4.43027490562e-10,0,6.82138414785e-09,nan,nan,6.78779068112e-09,nan,nan
3484,4.38679118402e-10,0,4.1398780992e-09,nan,nan,4.10250405484e-09,nan,nan
3488,4.34350519535e-10,0,2.71198267072e-09,nan,nan,2.67056612238e-09,nan,nan
3492,4.30041705812e-10,0,1.88249139389e-09,nan,nan,1.83703853888e-09,nan,nan
3496,4.25752689441e-10,0,1.36811073839e-09,nan,nan,1.31878906473e-09,nan,nan
3500,4.21483483005e-10,0,1.03245899389e-09,nan,nan,9.79541862182e-10,nan,nan
3504,4.17234099484e-10,0,8.04252701874e-10,nan,nan,7.48085681286e-10,nan,nan
3508,4.13004552283e-10,0,6.43727297453e-10,nan,nan,5.8470416031e-10,nan,nan
3512,4.08794855253e-10,0,5.27497555511e-10,nan,nan,4.66040852441e-10,nan,nan
3516,4.0460502272e-10,0,4.41197872324e-10,nan,nan,3.77742167824e-10,nan,nan
3520,4.00435069508e-10,0,3.75675761579e-10,nan,nan,3.10653077374e-10,nan,nan
3524,3.96285010973e-10,0,3.24917803055e-10,nan,nan,2.5874540902e-10,nan,nan
3528,3.92154863026e-10,0,2.84868064967e-10,nan,nan,2.17938864832e-10,nan,nan
3532,3.88044642167e-10,0,2.52728498292e-10,nan,nan,1.85404119427e-10,nan,nan
3536,3.83954365517e-10,0,2.26530546766e-10,nan,nan,1.59137026511e-10,nan,nan
3540,3.79884050849e-10,0,2.04865020847e-10,nan,nan,1.37690788312e-10,nan,nan
3544,3.75833716626e-10,0,1.86707352412e-10,nan,nan,1.20003083528e-10,nan,nan
3548,3.71803382032e-10,0,1.71302002946e-10,nan,nan,1.05281885957e-10,nan,nan
3552,3.67793067015e-10,0,1.5808450085e-10,nan,nan,9.2928470583e-11,nan,nan
3556,3.63802792324e-10,0,1.46627953423e-10,nan,nan,8.24845146399e-11,nan,nan
3560,3.59832579548e-10,0,1.36605793373e-10,nan,nan,7.35951303213e-11,nan,nan
3564,3.55882451162e-10,0,1.27765479275e-10,nan,nan,6.59826275708e-11,nan,nan
3568,3.51952430571e-10,0,1.19909699353e-10,nan,nan,5.94276252075e-11,nan,nan
3572,3.48042542155e-10,0,1.12882785682e-10,nan,nan,5.37552748156e-11,nan,nan
3576,3.44152811319e-10,0,1.06560789493e-10,nan,nan,4.88250902832e-11,nan,nan
3580,3.40283264545e-10,0,1.00844158503e-10,nan,nan,4.45233562727e-11,nan,nan
3584,3.36433929442e-10,0,9.56522824074e-11,nan,nan,4.07574018262e-11,nan,nan
3588,3.32604834805e-10,0,9.09193924435e-11,nan,nan,3.74512396623e-11,nan,nan
3592,3.28796010673e-10,0,8.65914515249e-11,nan,nan,3.45422146842e-11,nan,nan
3596,3.25007488388e-10,0,8.26237752636e-11,nan,nan,3.19784071355e-11,nan,nan
3600,3.21239300659e-10,0,7.89791964116e-11,nan,nan,2.97166036167e-11,nan,nan
3604,3.1749148163e-10,0,7.56266371131e-11,nan,nan,2.77207004738e-11,nan,nan
3608,3.1376406695e-10,0,7.25399888033e-11,nan,nan,2.59604385478e-11,nan,nan
3612,3.10057093844e-10,0,6.96972262766e-11,nan,nan,2.44103939736e-11,nan,nan
3616,3.06370601192e-10,0,6.70797012894e-11,nan,nan,2.30491691414e-11,nan,nan
3620,3.02704629606e-10,0,6.46715746811e-11,nan,nan,2.1858741064e-11,nan,nan
3624,2.99059221518e-10,0,6.24593561934e-11,nan,nan,2.08239356931e-11,nan,nan
3628,2.95434421265e-10,0,6.04315292233e-11,nan,nan,1.99320044949e-11,nan,nan
3632,2.91830275183e-10,0,5.85782428381e-11,nan,nan,1.91722855057e-11,nan,nan
3636,2.88246831702e-10,0,5.6891058572e-11,nan,nan,1.85359364848e-11,nan,nan
3640,2.8468414145e-10,0,5.53627427157e-11,nan,nan,1.80157314477e-11,nan,nan
3644,2.81142257356e-10,0,5.39870975203e-11,nan,nan,1.76059142883e-11,nan,nan
3648,2.77621234766e-10,0,5.27588279272e-11,nan,nan,1.73021065524e-11,nan,nan
3652,2.74121131556e-10,0,5.16734415399e-11,nan,nan,1.71012673342e-11,nan,nan
3656,2.70642008256e-10,0,5.07271825286e-11,nan,nan,1.70017056142e-11,nan,nan
3660,2.67183928183e-10,0,4.99170019352e-11,nan,nan,1.70031465787e-11,nan,nan
3664,2.63746957573e-10,0,4.92405685468e-11,nan,nan,1.71068559925e-11,nan,nan
3668,2.60331165721e-10,0,4.86963284722e-11,nan,nan,1.73158282541e-11,nan,nan
3672,2.56936625137e-10,0,4.82836236241e-11,nan,nan,1.76350486347e-11,nan,nan
3676,2.535634117e-10,0,4.80028856482e-11,nan,nan,1.80718436211e-11,nan,nan
3680,2.50211604822e-10,0,4.78559275393e-11,nan,nan,1.86363409733e-11,nan,nan
3684,2.46881287625e-10,0,4.78463664302e-11,nan,nan,1.93420693269e-11,nan,nan
3688,2.43572547119e-10,0,4.79802252217e-11,nan,nan,2.02067401681e-11,nan,nan
3692,2.40285474399e-10,0,4.82667831481e-11,nan,nan,2.12532716264e-11,nan,nan
3696,2.37020164846e-10,0,4.87197787062e-11,nan,nan,2.25111387727e-11,nan,nan
3700,2.33776718334e-10,0,4.93591155704e-11,nan,nan,2.40181688545e-11,nan,nan
3704,2.30555239462e-10,0,5.02132946498e-11,nan,nan,2.58229526558e-11,nan,nan
3708,2.27355837782e-10,0,5.13228987366e-11,nan,nan,2.79881181577e-11,nan,nan
3712,2.24178628049e-10,0,5.2745607188e-11,nan,nan,3.0594829389e-11,nan,nan
3716,2.21023730481e-10,0,5.45634325674e-11,nan,nan,3.37490510426e-11,nan,nan
3720,2.17891271032e-10,0,5.68931750074e-11,nan,nan,3.75903993321e-11,nan,nan
3724,2.14781381681e-10,0,5.9901515461e-11,nan,nan,4.23048476247e-11,nan,nan
3728,2.11694200732e-10,0,6.38267833485e-11,nan,nan,4.8143286293e-11,nan,nan
3732,2.08629873134e-10,0,6.90103837335e-11,nan,nan,5.54491606945e-11,nan,nan
3736,2.05588550817e-10,0,7.594252571e-11,nan,nan,6.4700509633e-11,nan,nan
3740,2.02570393042e-10,0,8.5330109561e-11,nan,nan,7.65754352674e-11,nan,nan
3744,1.99575566772e-10,0,9.82011889158e-11,nan,nan,9.20567932152e-11,nan,nan
3748,1.96604247062e-10,0,1.16073710078e-10,nan,nan,1.12604665294e-10,nan,nan
3752,1.93656617464e-10,0,1.41242688442e-10,nan,nan,1.40450311922e-10,nan,nan
3756,1.90732870464e-10,0,1.77293296805e-10,nan,nan,1.7911711431e-10,nan,nan
3760,1.87833207923e-10,0,2.30060651069e-10,nan,nan,2.34386684907e-10,nan,nan
3764,1.84957841559e-10,0,3.09517191652e-10,nan,nan,3.16189113007e-10,nan,nan
3768,1.82106993438e-10,0,4.3371732089e-10,nan,nan,4.4254640641e-10,nan,nan
3772,1.79280896498e-10,0,6.37700681274e-10,nan,nan,6.48470710745e-10,nan,nan
3776,1.7647979509e-10,0,9.95656912251e-10,nan,nan,1.00811963735e-09,nan,nan
3780,1.73703945552e-10,0,1.68362941184e-09,nan,nan,1.69748220782e-09,nan,nan
3784,1.70953616804e-10,0,3.19069753669e-09,nan,nan,3.20551874393e-09,nan,nan
3788,1.6822909097e-10,0,7.23807301112e-09,nan,nan,7.25312004001e-09,nan,nan
3792,1.6553066403e-10,0,2.29349222183e-08,nan,nan,2.29482380533e-08,nan,nan
3796,1.62858646496e-10,0,1.7353937042e-07,nan,nan,1.73537699886e-07,nan,nan
3800,1.60213364115e-10,0,5.80529760757e-07,nan,nan,5.80514651877e-07,nan,nan
3804,1.57595158601e-10,0,4.7745978004e-07,nan,nan,4.77484545862e-07,nan,nan
3808,1.55004388395e-10,0,7.965290063e-08,nan,nan,7.96230604965e-08,nan,nan
3812,1.5244142944e-10,0,1.53991792009e-08,nan,nan,1.53684684515e-08,nan,nan
3816,1.49906675999e-10,0,5.55047892578e-09,nan,nan,5.51968079165e-09,nan,nan
3820,1.47400541474e-10,0,2.62992976936e-09,nan,nan,2.59894062183e-09,nan,nan
3824,1.44923459262e-10,0,1.45956899339e-09,nan,nan,1.42835347716e-09,nan,nan
3828,1.42475883617e-10,0,8.99679876575e-10,nan,nan,8.68258154794e-10,nan,nan
3832,1.40058290535e-10,0,5.98262010894e-10,nan,nan,5.66685768314e-10,nan,nan
3836,1.37671178633e-10,0,4.21609544097e-10,nan,nan,3.89946637842e-10,nan,nan
3840,1.35315070047e-10,0,3.11195844876e-10,nan,nan,2.79520079325e-10,nan,nan
3844,1.32990511315e-10,0,2.38592283363e-10,nan,nan,2.06975980798e-10,nan,nan
3848,1.30698074248e-10,0,1.88841341626e-10,nan,nan,1.57349683237e-10,nan,nan
3852,1.28438356785e-10,0,1.53558518763e-10,nan,nan,1.222452473e-10,nan,nan
3856,1.26211983805e-10,0,1.27795562517e-10,nan,nan,9.66998598327e-11,nan,nan
3860,1.240196079e-10,0,1.08504834771e-10,nan,nan,7.76492191147e-11,nan,nan
3864,1.2186191008e-10,0,9.37404049351e-11,nan,nan,6.31294542775e-11,nan,nan
3868,1.19739600401e-10,0,8.22207010031e-11,nan,nan,5.1840363841e-11,nan,nan
3872,1.17653418489e-10,0,7.30785285942e-11,nan,nan,4.28957682753e-11,nan,nan
3876,1.15604133941e-10,0,6.57128439123e-11,nan,nan,3.56753936397e-11,nan,nan
3880,1.13592546584e-10,0,5.96981087621e-11,nan,nan,2.97342264277e-11,nan,nan
3884,1.11619486545e-10,0,5.47274964719e-11,nan,nan,2.47459032173e-11,nan,nan
3888,1.09685814123e-10,0,5.05768030058e-11,nan,nan,2.04677823342e-11,nan,nan
3892,1.07792419411e-10,0,4.70817139786e-11,nan,nan,1.67226585747e-11,nan,nan
3896,1.05940221641e-10,0,4.41245274528e-11,nan,nan,1.34004542242e-11,nan,nan
3900,1.04130168205e-10,0,4.16288553379e-11,nan,nan,1.05022347825e-11,nan,nan
3904,1.02363233318e-10,0,3.95630945844e-11,nan,nan,8.29734241928e-12,nan,nan
3908,1.00640416273e-10,0,3.79563048486e-11,nan,nan,7.61829430006e-12,nan,nan
3912,9.89627392377e-11,0,3.69340494764e-11,nan,nan,9.42091074724e-12,nan,nan
3916,9.73312445636e-11,0,3.67857264385e-11,nan,nan,1.3619824387e-11,nan,nan
3920,9.57469915475e-11,0,3.80728888259e-11,nan,nan,1.99684789089e-11,nan,nan
3924,9.42110526114e-11,0,4.17691145561e-11,nan,nan,2.88510832214e-11,nan,nan
3928,9.27245088625e-11,0,4.94051005798e-11,nan,nan,4.13267343216e-11,nan,nan
3932,9.12884450011e-11,0,6.32850570508e-11,nan,nan,5.93605878248e-11,nan,nan
3936,8.99039435555e-11,0,8.70996072393e-11,nan,nan,8.65129278665e-11,nan,nan
3940,8.85720784322e-11,0,1.27554819826e-10,nan,nan,1.29536728564e-10,nan,nan
3944,8.72939077841e-11,0,1.98326698361e-10,nan,nan,2.02229071629e-10,nan,nan
3948,8.6070466216e-11,0,3.30466806109e-10,nan,nan,3.35755373667e-10,nan,nan
3952,8.49027563667e-11,0,6.04634647852e-10,nan,nan,6.10837684637e-10,nan,nan
3956,8.37917399255e-11,0,1.27567048971e-09,nan,nan,1.28227967717e-09,nan,nan
3960,8.27383281685e-11,0,3.44848610216e-09,nan,nan,3.45467426934e-09,nan,nan
3964,8.17433721197e-11,0,1.60215082287e-08,nan,nan,1.6024361505e-08,nan,nan
3968,8.08076524704e-11,0,1.04617444444e-07,nan,nan,1.0460375881e-07,nan,nan
3972,7.99318694116e-11,0,1.42049986528e-07,nan,nan,1.42062327737e-07,nan,nan
3976,7.91166325559e-11,0,5.04358351653e-08,nan,nan,5.0430090858e-08,nan,nan
3980,7.83624511456e-11,0,6.52291001454e-09,nan,nan,6.51186816458e-09,nan,nan
3984,7.76697247519e-11,0,2.00295047162e-09,nan,nan,1.99202491476e-09,nan,nan
3988,7.70387346834e-11,0,8.78496121997e-10,nan,nan,8.68063873441e-10,nan,nan
3992,7.64696363139e-11,0,4.67549825692e-10,nan,nan,4.57748154428e-10,nan,nan
3996,7.59624525378e-11,0,2.81726041361e-10,nan,nan,2.72648302938e-10,nan,nan
4000,7.55170685376e-11,0,1.85300847666e-10,nan,nan,1.77014456224e-10,nan,nan
4004,7.51332280273e-11,0,1.30157253033e-10,nan,nan,1.22702040495e-10,nan,nan
4008,7.48105310971e-11,0,9.6256202902e-11,nan,nan,8.96408563747e-11,nan,nan
4012,7.4548433748e-11,0,7.42357718047e-11,nan,nan,6.8435099729e-11,nan,nan
4016,7.43462491583e-11,0,5.93309918408e-11,nan,nan,5.42841726892e-11,nan,nan
4020,7.42031506759e-11,0,4.89533811771e-11,nan,nan,4.4563001421e-11,nan,nan
4024,7.41181764828e-11,0,4.16255752859e-11,nan,nan,3.77576717231e-11,nan,nan
4028,7.40902358318e-11,0,3.64726074856e-11,nan,nan,3.29586472309e-11,nan,nan
4032,7.41181167146e-11,0,3.29612021704e-11,nan,nan,2.96035152755e-11,nan,nan
4036,7.42004947818e-11,0,3.07574510989e-11,nan,nan,2.73394200258e-11,nan,nan
4040,7.43359433135e-11,0,2.9645619774e-11,nan,nan,2.59464084237e-11,nan,nan
4044,7.45229440127e-11,0,2.94823008482e-11,nan,nan,2.52935080839e-11,nan,nan
4048,7.4759898391e-11,0,3.01734082238e-11,nan,nan,2.53134386502e-11,nan,nan
4052,7.50451395112e-11,0,3.16660884651e-11,nan,nan,2.59887598861e-11,nan,nan
4056,7.53769438587e-11,0,3.39493756912e-11,nan,nan,2.73458594909e-11,nan,nan
4060,7.57535431312e-11,0,3.70595671408e-11,nan,nan,2.94552244942e-11,nan,nan
4064,7.61731357538e-11,0,4.10891243123e-11,nan,nan,3.24377897087e-11,nan,nan
4068,7.66338979522e-11,0,4.62004424687e-11,nan,nan,3.647834847e-11,nan,nan
4072,7.71339942445e-11,0,5.26478342165e-11,nan,nan,4.1848482124e-11,nan,nan
4076,7.76715872397e-11,0,6.08132467266e-11,nan,nan,4.89437269872e-11,nan,nan
4080,7.82448466601e-11,0,7.12648100965e-11,nan,nan,5.8343566592e-11,nan,nan
4084,7.88519575321e-11,0,8.48540974022e-11,nan,nan,7.09098844158e-11,nan,nan
4088,7.9491127513e-11,0,1.02881326652e-10,nan,nan,8.79530221513e-11,nan,nan
4092,8.01605933466e-11,0,1.27384861068e-10,nan,nan,1.11521805473e-10,nan,nan
4096,8.08586264567e-11,0,1.61669122414e-10,nan,nan,1.44931703373e-10,nan,nan
4100,8.15835377055e-11,0,2.1131525681e-10,nan,nan,1.93775563869e-10,nan,nan
4104,8.2333681355e-11,0,2.86233436483e-10,nan,nan,2.67975995319e-10,nan,nan
4108,8.31074582805e-11,0,4.05140831227e-10,nan,nan,3.86263798065e-10,nan,nan
4112,8.390331849e-11,0,6.06244274211e-10,nan,nan,5.86862296096e-10,nan,nan
4116,8.47197630098e-11,0,9.7580228912e-10,nan,nan,9.56054410298e-10,nan,nan
4120,8.55553451968e-11,0,1.7369927912e-09,nan,nan,1.71706581158e-09,nan,nan
4124,8.64086715386e-11,0,3.59237306779e-09,nan,nan,3.57257992766e-09,nan,nan
4128,8.7278402003e-11,0,9.56255299951e-09,nan,nan,9.54367896889e-09,nan,nan
4132,8.81632499925e-11,0,4.29194232012e-08,nan,nan,4.29055392508e-08,nan,nan
4136,8.90619819602e-11,0,2.43806069264e-07,nan,nan,2.4382749505e-07,nan,nan
4140,8.99734167378e-11,0,3.2516516474e-07,nan,nan,3.25151325182e-07,nan,nan
4144,9.08964246217e-11,0,1.17729111493e-07,nan,nan,1.17727279622e-07,nan,nan
4148,9.18299262608e-11,0,1.73370957953e-08,nan,nan,1.7351534568e-08,nan,nan
4152,9.2772891384e-11,0,5.37516599918e-09,nan,nan,5.39184209591e-09,nan,nan
4156,9.37243374019e-11,0,2.3360289422e-09,nan,nan,2.35309078191e-09,nan,nan
4160,9.46833279124e-11,0,1.21812898956e-09,nan,nan,1.23497410038e-09,nan,nan
4164,9.56489711369e-11,0,7.12074480809e-10,nan,nan,7.2838583994e-10,nan,nan
4168,9.66204183106e-11,0,4.50257334992e-10,nan,nan,4.65807644953e-10,nan,nan
4172,9.75968620457e-11,0,3.0160793284e-10,nan,nan,3.16198839121e-10,nan,nan
4176,9.85775346844e-11,0,2.11305372353e-10,nan,nan,2.24743332496e-10,nan,nan
4180,9.95617066565e-11,0,1.53623807731e-10,nan,nan,1.65709742982e-10,nan,nan
4184,1.00548684853e-10,0,1.15388257421e-10,nan,nan,1.25914961267e-10,nan,nan
4188,1.01537811023e-10,0,8.93667708697e-11,nan,nan,9.81230867548e-11,nan,nan
4192,1.02528460209e-10,0,7.13525582904e-11,nan,nan,7.81347595649e-11,nan,nan
4196,1.03520039215e-10,0,5.87678504174e-11,nan,nan,6.33978610632e-11,nan,nan
4200,1.04511985122e-10,0,4.99525977426e-11,nan,nan,5.22999873321e-11,nan,nan
4204,1.05503763855e-10,0,4.37866447281e-11,nan,nan,4.37881130861e-11,nan,nan
4208,1.06494868792e-10,0,3.94853353522e-11,nan,nan,3.71545495936e-11,nan,nan
4212,1.07484819434e-10,0,3.64876016643e-11,nan,nan,3.19116487039e-11,nan,nan
4216,1.08473160119e-10,0,3.43914438684e-11,nan,nan,2.7715902249e-11,nan,nan
4220,1.09459458798e-10,0,3.29120191053e-11,nan,nan,2.43205619948e-11,nan,nan
4224,1.10443305859e-10,0,3.18507624342e-11,nan,nan,2.15452658362e-11,nan,nan
4228,1.11424313003e-10,0,3.10713701859e-11,nan,nan,1.92560988998e-11,nan,nan
4232,1.12402112177e-10,0,3.04813538912e-11,nan,nan,1.73522229151e-11,nan,nan
4236,1.13376354551e-10,0,3.00184029951e-11,nan,nan,1.57567354821e-11,nan,nan
4240,1.14346709548e-10,0,2.96406797348e-11,nan,nan,1.44103106216e-11,nan,nan
4244,1.15312863921e-10,0,2.93201107478e-11,nan,nan,1.3266702664e-11,nan,nan
4248,1.16274520877e-10,0,2.90378388578e-11,nan,nan,1.22895199235e-11,nan,nan
4252,1.17231399244e-10,0,2.87811739195e-11,nan,nan,1.14498781662e-11,nan,nan
4256,1.18183232678e-10,0,2.85415591784e-11,nan,nan,1.07246716195e-11,nan,nan
4260,1.19129768917e-10,0,2.83132164215e-11,nan,nan,1.00952842974e-11,nan,nan
4264,1.20070769071e-10,0,2.80922423092e-11,nan,nan,9.54661899348e-12,nan,nan
4268,1.21006006943e-10,0,2.78760034629e-11,nan,nan,9.06635798915e-12,nan,nan
4272,1.21935268398e-10,0,2.76627302561e-11,nan,nan,8.6443953171e-12,nan,nan
4276,1.22858350755e-10,0,2.74512426986e-11,nan,nan,8.27239645081e-12,nan,nan
4280,1.23775062217e-10,0,2.72407650918e-11,nan,nan,7.94345480049e-12,nan,nan
4284,1.24685221327e-10,0,2.70307999639e-11,nan,nan,7.65182133097e-12,nan,nan
4288,1.25588656457e-10,0,2.68210424027e-11,nan,nan,7.39269049317e-12,nan,nan
4292,1.26485205324e-10,0,2.6611321752e-11,nan,nan,7.16202967018e-12,nan,nan
4296,1.27374714526e-10,0,2.64015617661e-11,nan,nan,6.9564427808e-12,nan,nan
4300,1.28257039112e-10,0,2.6191753896e-11,nan,nan,6.7730602236e-12,nan,nan
4304,1.29132042169e-10,0,2.59819391713e-11,nan,nan,6.6094500863e-12,nan,nan
4308,1.29999594431e-10,0,2.57721961675e-11,nan,nan,6.4635459936e-12,nan,nan
4312,1.3085957391e-10,0,2.55626334144e-11,nan,nan,6.33358816884e-12,nan,nan
4316,1.31711865551e-10,0,2.53533845582e-11,nan,nan,6.21807567024e-12,nan,nan
4320,1.32556360895e-10,0,2.51446057357e-11,nan,nan,6.11572639933e-12,nan,nan
4324,1.3339295777e-10,0,2.49364742241e-11,nan,nan,6.02544516345e-12,nan,nan
4328,1.34221559993e-10,0,2.47291884311e-11,nan,nan,5.94629661417e-12,nan,nan
4332,1.35042077089e-10,0,2.45229683976e-11,nan,nan,5.87748326958e-12,nan,nan
4336,1.35854424026e-10,0,2.43180569309e-11,nan,nan,5.81832717668e-12,nan,nan
4340,1.36658520961e-10,0,2.41147214169e-11,nan,nan,5.76825502133e-12,nan,nan
4344,1.37454293001e-10,0,2.39132554929e-11,nan,nan,5.72678544926e-12,nan,nan
4348,1.38241669976e-10,0,2.37139816164e-11,nan,nan,5.69351896543e-12,nan,nan
4352,1.39020586227e-10,0,2.3517253555e-11,nan,nan,5.66812954916e-12,nan,nan
4356,1.39790980397e-10,0,2.3323459204e-11,nan,nan,5.6503578165e-12,nan,nan
4360,1.4055279524e-10,0,2.3133023934e-11,nan,nan,5.64000561683e-12,nan,nan
4364,1.4130597744e-10,0,2.29464138884e-11,nan,nan,5.636931741e-12,nan,nan
4368,1.42050477431e-10,0,2.27641399262e-11,nan,nan,5.64104878792e-12,nan,nan
4372,1.42786249235e-10,0,2.25867617401e-11,nan,nan,5.65232080886e-12,nan,nan
4376,1.43513250305e-10,0,2.2414892392e-11,nan,nan,5.6707618877e-12,nan,nan
4380,1.44231441373e-10,0,2.22492033292e-11,nan,nan,5.69643566772e-12,nan,nan
4384,1.44940786311e-10,0,2.20904297738e-11,nan,nan,5.72945531595e-12,nan,nan
4388,1.45641251996e-10,0,2.19393765978e-11,nan,nan,5.76998462406e-12,nan,nan
4392,1.46332808176e-10,0,2.17969248493e-11,nan,nan,5.8182394979e-12,nan,nan
4396,1.47015427356e-10,0,2.16640386976e-11,nan,nan,5.87449057552e-12,nan,nan
4400,1.47689084677e-10,0,2.15417730453e-11,nan,nan,5.93906649582e-12,nan,nan
4404,1.48353757807e-10,0,2.143128174e-11,nan,nan,6.01235797467e-12,nan,nan
4408,1.49009426834e-10,0,2.13338265855e-11,nan,nan,6.09482317893e-12,nan,nan
4412,1.49656074169e-10,0,2.12507869126e-11,nan,nan,6.18699376338e-12,nan,nan
4416,1.50293684446e-10,0,2.11836701122e-11,nan,nan,6.289482653e-12,nan,nan
4420,1.50922244437e-10,0,2.11341227583e-11,nan,nan,6.40299266853e-12,nan,nan
4424,1.5154174296e-10,0,2.11039431437e-11,nan,nan,6.52832741652e-12,nan,nan
4428,1.52152170798e-10,0,2.10950941655e-11,nan,nan,6.66640332336e-12,nan,nan
4432,1.52753520622e-10,0,2.1109717993e-11,nan,nan,6.81826480514e-12,nan,nan
4436,1.53345786912e-10,0,2.11501519277e-11,nan,nan,6.98510098244e-12,nan,nan
4440,1.53928965891e-10,0,2.12189458821e-11,nan,nan,7.16826654882e-12,nan,nan
4444,1.54503055448e-10,0,2.13188820535e-11,nan,nan,7.3693053001e-12,nan,nan
4448,1.55068055083e-10,0,2.1452997225e-11,nan,nan,7.58997893248e-12,nan,nan
4452,1.55623965833e-10,0,2.16246084641e-11,nan,nan,7.83230039112e-12,nan,nan
4456,1.56170790224e-10,0,2.1837343129e-11,nan,nan,8.09857399513e-12,nan,nan
4460,1.56708532204e-10,0,2.20951749084e-11,nan,nan,8.39144292698e-12,nan,nan
4464,1.57237197093e-10,0,2.24024660547e-11,nan,nan,8.71394640305e-12,nan,nan
4468,1.57756791533e-10,0,2.27640214051e-11,nan,nan,9.06958790297e-12,nan,nan
4472,1.58267323432e-10,0,2.31851508166e-11,nan,nan,9.46241738671e-12,nan,nan
4476,1.58768801921e-10,0,2.36717527983e-11,nan,nan,9.89713132524e-12,nan,nan
4480,1.59261237306e-10,0,2.423041111e-11,nan,nan,1.03791936505e-11,nan,nan
4484,1.59744641026e-10,0,2.48685232406e-11,nan,nan,1.09149838464e-11,nan,nan
4488,1.60219025609e-10,0,2.55944577531e-11,nan,nan,1.15119780734e-11,nan,nan
4492,1.60684404633e-10,0,2.64177531326e-11,nan,nan,1.21789740461e-11,nan,nan
4496,1.61140792687e-10,0,2.73493705786e-11,nan,nan,1.29263682118e-11,nan,nan
4500,1.61588205332e-10,0,2.84020127895e-11,nan,nan,1.37665037806e-11,nan,nan
4504,1.62026659072e-10,0,2.95905313171e-11,nan,nan,1.4714105954e-11,nan,nan
4508,1.62456171313e-10,0,3.09324454095e-11,nan,nan,1.5786834494e-11,nan,nan
4512,1.62876760331e-10,0,3.24486104397e-11,nan,nan,1.70059858025e-11,nan,nan
4516,1.63288445247e-10,0,3.41640813629e-11,nan,nan,1.83973957161e-11,nan,nan
4520,1.6369124599e-10,0,3.61092380335e-11,nan,nan,1.9992607121e-11,nan,nan
4524,1.6408518327e-10,0,3.83212631198e-11,nan,nan,2.18303943029e-11,nan,nan
4528,1.64470278554e-10,0,4.08461007314e-11,nan,nan,2.39587719713e-11,nan,nan
4532,1.64846554032e-10,0,4.37410772174e-11,nan,nan,2.64376686482e-11,nan,nan
4536,1.65214032599e-10,0,4.70784442714e-11,nan,nan,2.93425225632e-11,nan,nan
4540,1.65572737826e-10,0,5.09502239328e-11,nan,nan,3.27691748562e-11,nan,nan
4544,1.65922693937e-10,0,5.5474911523e-11,nan,nan,3.68406108271e-11,nan,nan
4548,1.66263925787e-10,0,6.08068709132e-11,nan,nan,4.17163736621e-11,nan,nan
4552,1.66596458839e-10,0,6.71496875695e-11,nan,nan,4.76059040413e-11,nan,nan
4556,1.66920319143e-10,0,7.47754378871e-11,nan,nan,5.47877488668e-11,nan,nan
4560,1.67235533318e-10,0,8.40529673667e-11,nan,nan,6.36377111871e-11,nan,nan
4564,1.67542128528e-10,0,9.54901685451e-11,nan,nan,7.46709115918e-11,nan,nan
4568,1.67840132469e-10,0,1.09798521306e-10,nan,nan,8.86059990914e-11,nan,nan
4572,1.68129573344e-10,0,1.27993956896e-10,nan,nan,1.06465549131e-10,nan,nan
4576,1.68410479851e-10,0,1.51558731591e-10,nan,nan,1.29737312615e-10,nan,nan
4580,1.68682881164e-10,0,1.82709185582e-10,nan,nan,1.6064116674e-10,nan,nan
4584,1.68946806917e-10,0,2.24854236575e-10,nan,nan,2.02586584255e-10,nan,nan
4588,1.69202287188e-10,0,2.83412396885e-10,nan,nan,2.60988345807e-10,nan,nan
4592,1.69449352485e-10,0,3.67336725929e-10,nan,nan,3.44789771676e-10,nan,nan
4596,1.69688033728e-10,0,4.92120714364e-10,nan,nan,4.69466181043e-10,nan,nan
4600,1.69918362241e-10,0,6.86122580022e-10,nan,nan,6.63345468846e-10,nan,nan
4604,1.70140369733e-10,0,1.00497252403e-09,nan,nan,9.82009170706e-10,nan,nan
4608,1.70354088286e-10,0,1.56782055237e-09,nan,nan,1.54452931585e-09,nan,nan
4612,1.70559550346e-10,0,2.66098132741e-09,nan,nan,2.63709337558e-09,nan,nan
4616,1.70756788705e-10,0,5.08973423949e-09,nan,nan,5.0647717329e-09,nan,nan
4620,1.70945836494e-10,0,1.16982664139e-08,nan,nan,1.16714586714e-08,nan,nan
4624,1.71126727168e-10,0,3.66295962146e-08,nan,nan,3.66006660445e-08,nan,nan
4628,1.71299494499e-10,0,1.62283060661e-07,nan,nan,1.62270007391e-07,nan,nan
4632,1.71464172562e-10,0,3.24359747848e-07,nan,nan,3.24390904517e-07,nan,nan
4636,1.71620795725e-10,0,2.16749675772e-07,nan,nan,2.16730961728e-07,nan,nan
4640,1.71769398641e-10,0,5.31145555299e-08,nan,nan,5.30845469993e-08,nan,nan
4644,1.71910016237e-10,0,1.51776788386e-08,nan,nan,1.51561812465e-08,nan,nan
4648,1.72042683704e-10,0,6.17272234807e-09,nan,nan,6.15488874818e-09,nan,nan
4652,1.72167436491e-10,0,3.08917372635e-09,nan,nan,3.07235725993e-09,nan,nan
4656,1.72284310292e-10,0,1.76266625942e-09,nan,nan,1.74539043639e-09,nan,nan
4660,1.7239334104e-10,0,1.10113263502e-09,nan,nan,1.08241865837e-09,nan,nan
4664,1.72494564901e-10,0,7.35655462375e-10,nan,nan,7.14746383058e-10,nan,nan
4668,1.72588018262e-10,0,5.18181905672e-10,nan,nan,4.94417109092e-10,nan,nan
4672,1.72673737723e-10,0,3.81443306382e-10,nan,nan,3.54195258197e-10,nan,nan
4676,1.72751760097e-10,0,2.91872634051e-10,nan,nan,2.60513591544e-10,nan,nan
4680,1.72822122392e-10,0,2.31444761397e-10,nan,nan,1.95330843522e-10,nan,nan
4684,1.72884861813e-10,0,1.89890294832e-10,nan,nan,1.48357901242e-10,nan,nan
4688,1.7294001575e-10,0,1.61065395442e-10,nan,nan,1.13438480201e-10,nan,nan
4692,1.72987621775e-10,0,1.41142158602e-10,nan,nan,8.67526684384e-11,nan,nan
4696,1.73027717633e-10,0,1.27658206203e-10,nan,nan,6.58920990194e-11,nan,nan
4700,1.73060341236e-10,0,1.18997867945e-10,nan,nan,4.94091125888e-11,nan,nan
4704,1.73085530661e-10,0,1.14101039657e-10,nan,nan,3.67176231643e-11,nan,nan
4708,1.73103324136e-10,0,1.12296662778e-10,nan,nan,2.83776758927e-11,nan,nan
4712,1.73113760044e-10,0,1.13207228443e-10,nan,nan,2.62015552043e-11,nan,nan
4716,1.73116876912e-10,0,1.16697120175e-10,nan,nan,3.09252306705e-11,nan,nan
4720,1.73112713404e-10,0,1.22852606318e-10,nan,nan,4.07173346102e-11,nan,nan
4724,1.73101308324e-10,0,1.3199042039e-10,nan,nan,5.40728762485e-11,nan,nan
4728,1.730827006e-10,0,1.44698669626e-10,nan,nan,7.08187735142e-11,nan,nan
4732,1.73056929288e-10,0,1.61921228235e-10,nan,nan,9.16720856538e-11,nan,nan
4736,1.73024033564e-10,0,1.85108006594e-10,nan,nan,1.18050435015e-10,nan,nan
4740,1.72984052718e-10,0,2.16473503807e-10,nan,nan,1.52200686167e-10,nan,nan
4744,1.72937026153e-10,0,2.59444566023e-10,nan,nan,1.97599830326e-10,nan,nan
4748,1.72882993377e-10,0,3.19456667853e-10,nan,nan,2.59734246025e-10,nan,nan
4752,1.72821994002e-10,0,4.05426695405e-10,nan,nan,3.47566587058e-10,nan,nan
4756,1.72754067738e-10,0,5.32616106683e-10,nan,nan,4.76397626467e-10,nan,nan
4760,1.72679254387e-10,0,7.28546470147e-10,nan,nan,6.73783128486e-10,nan,nan
4764,1.72597593846e-10,0,1.04616487575e-09,nan,nan,9.92703965332e-10,nan,nan
4768,1.72509126096e-10,0,1.59597325202e-09,nan,nan,1.5437081846e-09,nan,nan
4772,1.724138912e-10,0,2.63417072689e-09,nan,nan,2.58309064741e-09,nan,nan
4776,1.72311929303e-10,0,4.84447973834e-09,nan,nan,4.79484419135e-09,nan,nan
4780,1.72203280625e-10,0,1.04462119438e-08,nan,nan,1.03992337625e-08,nan,nan
4784,1.72087985457e-10,0,2.89129080764e-08,nan,nan,2.88741375583e-08,nan,nan
4788,1.71966084162e-10,0,1.08169874239e-07,nan,nan,1.08168321184e-07,nan,nan
4792,1.71837617166e-10,0,2.51845810618e-07,nan,nan,2.51891172471e-07,nan,nan
4796,1.71702624959e-10,0,2.16530978314e-07,nan,nan,2.16500406921e-07,nan,nan
4800,1.71561148091e-10,0,7.17940761631e-08,nan,nan,7.17615579887e-08,nan,nan
4804,1.71413227167e-10,0,2.05577845772e-08,nan,nan,2.05510627909e-08,nan,nan
4808,1.71258902847e-10,0,8.07460587669e-09,nan,nan,8.07914674028e-09,nan,nan
4812,1.7109821584e-10,0,3.92915510302e-09,nan,nan,3.93870652111e-09,nan,nan
4816,1.70931206905e-10,0,2.19211694137e-09,nan,nan,2.20389477039e-09,nan,nan
4820,1.70757916843e-10,0,1.34254378087e-09,nan,nan,1.35508557436e-09,nan,nan
4824,1.70578386499e-10,0,8.79670276816e-10,nan,nan,8.92095109123e-10,nan,nan
4828,1.70392656758e-10,0,6.06778527711e-10,nan,nan,6.18492628296e-10,nan,nan
4832,1.70200768539e-10,0,4.36002458489e-10,nan,nan,4.46566635834e-10,nan,nan
4836,1.70002762798e-10,0,3.2408900322e-10,nan,nan,3.33153838717e-10,nan,nan
4840,1.69798680522e-10,0,2.48060614743e-10,nan,nan,2.55334008574e-10,nan,nan
4844,1.69588562726e-10,0,1.94935796653e-10,nan,nan,2.00168030591e-10,nan,nan
4848,1.69372450454e-10,0,1.56995069775e-10,nan,nan,1.5997445438e-10,nan,nan
4852,1.69150384771e-10,0,1.29441764802e-10,nan,nan,1.29996949879e-10,nan,nan
4856,1.68922406767e-10,0,1.09177217339e-10,nan,nan,1.07183138541e-10,nan,nan
4860,1.68688557551e-10,0,9.41284250105e-11,nan,nan,8.95129284626e-11,nan,nan
4864,1.68448878248e-10,0,8.28648501167e-11,nan,nan,7.56131427554e-11,nan,nan
4868,1.6820341e-10,0,7.43733903316e-11,nan,nan,6.45281678937e-11,nan,nan
4872,1.67952193961e-10,0,6.79225468946e-11,nan,nan,5.55790147541e-11,nan,nan
4876,1.67695271294e-10,0,6.29776791307e-11,nan,nan,4.82742282118e-11,nan,nan
4880,1.67432683175e-10,0,5.91457615086e-11,nan,nan,4.22521383977e-11,nan,nan
4884,1.67164470782e-10,0,5.61375075109e-11,nan,nan,3.72425764995e-11,nan,nan
4888,1.66890675301e-10,0,5.37402149294e-11,nan,nan,3.30409759685e-11,nan,nan
4892,1.66611337918e-10,0,5.17977329805e-11,nan,nan,2.94905286631e-11,nan,nan
4896,1.6632649982e-10,0,5.01955182175e-11,nan,nan,2.64696848969e-11,nan,nan
4900,1.66036202194e-10,0,4.88494967728e-11,nan,nan,2.38832637046e-11,nan,nan
4904,1.65740486221e-10,0,4.76978198882e-11,nan,nan,2.16560431933e-11,nan,nan
4908,1.6543939308e-10,0,4.66948096607e-11,nan,nan,1.97280809439e-11,nan,nan
4912,1.65132963938e-10,0,4.58065439379e-11,nan,nan,1.80512592168e-11,nan,nan
4916,1.64821239958e-10,0,4.50076514664e-11,nan,nan,1.65867084513e-11,nan,nan
4920,1.64504262289e-10,0,4.42789909862e-11,nan,nan,1.53028700974e-11,nan,nan
4924,1.64182072067e-10,0,4.36059705869e-11,nan,nan,1.41740298285e-11,nan,nan
4928,1.63854710416e-10,0,4.29773282348e-11,nan,nan,1.31792024312e-11,nan,nan
4932,1.63522218442e-10,0,4.23842436343e-11,nan,nan,1.23012830185e-11,nan,nan
4936,1.63184637232e-10,0,4.18196880991e-11,nan,nan,1.15264033639e-11,nan,nan
4940,1.62842007856e-10,0,4.12779451307e-11,nan,nan,1.08434484453e-11,nan,nan
4944,1.62494371362e-10,0,4.07542540292e-11,nan,nan,1.02437015506e-11,nan,nan
4948,1.62141768773e-10,0,4.02445420972e-11,nan,nan,9.72059252428e-12,nan,nan
4952,1.61784241089e-10,0,3.97452211151e-11,nan,nan,9.26953096647e-12,nan,nan
4956,1.61421829285e-10,0,3.92530306055e-11,nan,nan,8.88780745196e-12,nan,nan
4960,1.61054574305e-10,0,3.87649157735e-11,nan,nan,8.57454757978e-12,nan,nan
4964,1.60682517069e-10,0,3.82779317686e-11,nan,nan,8.33070142149e-12,nan,nan
4968,1.6030569846e-10,0,3.77891693312e-11,nan,nan,8.15905076059e-12,nan,nan
4972,1.59924159334e-10,0,3.72956997509e-11,nan,nan,8.06421488398e-12,nan,nan
4976,1.5953794051e-10,0,3.67945403142e-11,nan,nan,8.05264239776e-12,nan,nan
4980,1.59147082774e-10,0,3.62826455965e-11,nan,nan,8.13258868888e-12,nan,nan
4984,1.58751626874e-10,0,3.57569355848e-11,nan,nan,8.31410196527e-12,nan,nan
4988,1.58351613521e-10,0,3.52143806066e-11,nan,nan,8.60906972647e-12,nan,nan
4992,1.57947083387e-10,0,3.46521776346e-11,nan,nan,9.03140209738e-12,nan,nan
4996,1.57538077102e-10,0,3.40680750696e-11,nan,nan,9.59743959394e-12,nan,nan
5000,1.57124635255e-10,0,3.34609437512e-11,nan,nan,1.03266667488e-11,nan,nan
5004,1.56706798393e-10,0,3.2831754819e-11,nan,nan,1.12427990725e-11,nan,nan
5008,1.56284607017e-10,0,3.21852362151e-11,nan,nan,1.23753064313e-11,nan,nan
5012,1.55858101582e-10,0,3.1532657121e-11,nan,nan,1.376146016e-11,nan,nan
5016,1.55427322497e-10,0,3.08964753753e-11,nan,nan,1.54490505441e-11,nan,nan
5020,1.54992310125e-10,0,3.03179982266e-11,nan,nan,1.75000240472e-11,nan,nan
5024,1.54553104775e-10,0,2.98696931676e-11,nan,nan,1.99954407786e-11,nan,nan
5028,1.5410974671e-10,0,2.96739904999e-11,nan,nan,2.30423805041e-11,nan,nan
5032,1.53662276141e-10,0,2.99292847125e-11,nan,nan,2.6783770879e-11,nan,nan
5036,1.53210733224e-10,0,3.09395512698e-11,nan,nan,3.1412669426e-11,nan,nan
5040,1.52755158063e-10,0,3.31365883707e-11,nan,nan,3.71934505982e-11,nan,nan
5044,1.5229559071e-10,0,3.70827156072e-11,nan,nan,4.44939226247e-11,nan,nan
5048,1.51832071157e-10,0,4.34641865031e-11,nan,nan,5.38351588351e-11,nan,nan
5052,1.51364639342e-10,0,5.31230630941e-11,nan,nan,6.59708303489e-11,nan,nan
5056,1.50893335146e-10,0,6.71822048413e-11,nan,nan,8.20172008897e-11,nan,nan
5060,1.5041819839e-10,0,8.729511371e-11,nan,nan,1.03673209451e-10,nan,nan
5064,1.49939268838e-10,0,1.1606743795e-10,nan,nan,1.3360723987e-10,nan,nan
5068,1.49456586192e-10,0,1.5778952823e-10,nan,nan,1.76166721082e-10,nan,nan
5072,1.48970190093e-10,0,2.19816953457e-10,nan,nan,2.38747024051e-10,nan,nan
5076,1.48480120122e-10,0,3.15379332703e-10,nan,nan,3.34593326379e-10,nan,nan
5080,1.47986415797e-10,0,4.69745916828e-10,nan,nan,4.88956561877e-10,nan,nan
5084,1.47489116571e-10,0,7.34988373249e-10,nan,nan,7.5383411743e-10,nan,nan
5088,1.46988261835e-10,0,1.22928388319e-09,nan,nan,1.24721666372e-09,nan,nan
5092,1.46483890914e-10,0,2.25625792634e-09,nan,nan,2.2722764719e-09,nan,nan
5096,1.45976043069e-10,0,4.72902815835e-09,nan,nan,4.74094431191e-09,nan,nan
5100,1.45464757494e-10,0,1.18851286281e-08,nan,nan,1.18874295552e-08,nan,nan
5104,1.44950073316e-10,0,3.35722166335e-08,nan,nan,3.35545875261e-08,nan,nan
5108,1.44432029596e-10,0,6.30833391069e-08,nan,nan,6.30664360333e-08,nan,nan
5112,1.43910665326e-10,0,5.43349777608e-08,nan,nan,5.43543523402e-08,nan,nan
5116,1.43386019429e-10,0,2.30648952965e-08,nan,nan,2.30828048713e-08,nan,nan
5120,1.42858130762e-10,0,8.27122942678e-09,nan,nan,8.27515273547e-09,nan,nan
5124,1.42327038109e-10,0,3.55215760876e-09,nan,nan,3.54863279168e-09,nan,nan
5128,1.41792780186e-10,0,1.80628985746e-09,nan,nan,1.799116664e-09,nan,nan
5132,1.41255395639e-10,0,1.03712078311e-09,nan,nan,1.02809679467e-09,nan,nan
5136,1.40714923041e-10,0,6.50227227502e-10,nan,nan,6.4027571395e-10,nan,nan
5140,1.40171400896e-10,0,4.35480635962e-10,nan,nan,4.25118801996e-10,nan,nan
5144,1.39624867636e-10,0,3.06998644971e-10,nan,nan,2.96534870689e-10,nan,nan
5148,1.39075361619e-10,0,2.25470444386e-10,nan,nan,2.1509518496e-10,nan,nan
5152,1.38522921133e-10,0,1.71229835405e-10,nan,nan,1.61061454588e-10,nan,nan
5156,1.37967584392e-10,0,1.33713628788e-10,nan,nan,1.2382348874e-10,nan,nan
5160,1.37409389538e-10,0,1.06909534554e-10,nan,nan,9.73368069555e-11,nan,nan
5164,1.36848374639e-10,0,8.72268206234e-11,nan,nan,7.79878597105e-11,nan,nan
5168,1.36284577689e-10,0,7.24321127515e-11,nan,nan,6.35267705719e-11,nan,nan
5172,1.35718036608e-10,0,6.10871258432e-11,nan,nan,5.25032444809e-11,nan,nan
5176,1.35148789245e-10,0,5.22372027032e-11,nan,nan,4.39539554525e-11,nan,nan
5180,1.34576873371e-10,0,4.523161741e-11,nan,nan,3.72220841752e-11,nan,nan
5184,1.34002326684e-10,0,3.96161682066e-11,nan,nan,3.18493738941e-11,nan,nan
5188,1.33425186808e-10,0,3.5066958065e-11,nan,nan,2.75095185345e-11,nan,nan
5192,1.32845491292e-10,0,3.13484393405e-11,nan,nan,2.39659056723e-11,nan,nan
5196,1.3226327761e-10,0,2.82861803417e-11,nan,nan,2.10441420095e-11,nan,nan
5200,1.31678583161e-10,0,2.57488082075e-11,nan,nan,1.86137922902e-11,nan,nan
5204,1.3109144527e-10,0,2.36358075912e-11,nan,nan,1.65759980785e-11,nan,nan
5208,1.30501901185e-10,0,2.18691396676e-11,nan,nan,1.4854931127e-11,nan,nan
5212,1.29909988081e-10,0,2.03874004286e-11,nan,nan,1.33917975845e-11,nan,nan
5216,1.29315743056e-10,0,1.91416968745e-11,nan,nan,1.21405682286e-11,nan,nan
5220,1.28719203135e-10,0,1.80926997e-11,nan,nan,1.10648981069e-11,nan,nan
5224,1.28120405266e-10,0,1.72085127025e-11,nan,nan,1.0135877208e-11,nan,nan
5228,1.27519386323e-10,0,1.64631126002e-11,nan,nan,9.33037106917e-12,nan,nan
5232,1.26916183105e-10,0,1.58351919667e-11,nan,nan,8.62978550771e-12,nan,nan
5236,1.26310832335e-10,0,1.53072878003e-11,nan,nan,8.01914165016e-12,nan,nan
5240,1.25703370663e-10,0,1.48651163042e-11,nan,nan,7.48637946938e-12,nan,nan
5244,1.25093834662e-10,0,1.44970579005e-11,nan,nan,7.02183407295e-12,nan,nan
5248,1.24482260832e-10,0,1.41937543937e-11,nan,nan,6.61784251183e-12,nan,nan
5252,1.23868685599e-10,0,1.39477916169e-11,nan,nan,6.26845204327e-12,nan,nan
5256,1.23253145314e-10,0,1.37534513614e-11,nan,nan,5.96920713533e-12,nan,nan
5260,1.22635676254e-10,0,1.36065178721e-11,nan,nan,5.7169990435e-12,nan,nan
5264,1.22016314621e-10,0,1.35041321672e-11,nan,nan,5.5099608088e-12,nan,nan
5268,1.21395096546e-10,0,1.34446891912e-11,nan,nan,5.34740237292e-12,nan,nan
5272,1.20772058085e-10,0,1.34277710797e-11,nan,nan,5.22976522004e-12,nan,nan
5276,1.20147235221e-10,0,1.34541188898e-11,nan,nan,5.15859710588e-12,nan,nan
5280,1.19520663865e-10,0,1.35256380858e-11,nan,nan,5.13653260829e-12,nan,nan
5284,1.18892379856e-10,0,1.36454425006e-11,nan,nan,5.16728301015e-12,nan,nan
5288,1.18262418959e-10,0,1.38179363763e-11,nan,nan,5.25563966205e-12,nan,nan
5292,1.1763081687e-10,0,1.40489434568e-11,nan,nan,5.40750985104e-12,nan,nan
5296,1.16997609213e-10,0,1.43458877217e-11,nan,nan,5.63001312835e-12,nan,nan
5300,1.16362831539e-10,0,1.47180429972e-11,nan,nan,5.93167219378e-12,nan,nan
5304,1.15726519333e-10,0,1.5176866317e-11,nan,nan,6.32273759459e-12,nan,nan
5308,1.15088708007e-10,0,1.57364474176e-11,nan,nan,6.81568171669e-12,nan,nan
5312,1.14449432905e-10,0,1.64141114354e-11,nan,nan,7.42590039776e-12,nan,nan
5316,1.13808729302e-10,0,1.72312364245e-11,nan,nan,8.17266850012e-12,nan,nan
5320,1.13166632407e-10,0,1.82143692865e-11,nan,nan,9.0804171151e-12,nan,nan
5324,1.12523177358e-10,0,1.93967644965e-11,nan,nan,1.01804419963e-11,nan,nan
5328,1.1187839923e-10,0,2.08205273262e-11,nan,nan,1.1513211906e-11,nan,nan
5332,1.11232333029e-10,0,2.25396298798e-11,nan,nan,1.31315408184e-11,nan,nan
5336,1.105850137e-10,0,2.46242065448e-11,nan,nan,1.51050281352e-11,nan,nan
5340,1.09936476118e-10,0,2.71667515302e-11,nan,nan,1.75263910849e-11,nan,nan
5344,1.092867551e-10,0,3.02911929329e-11,nan,nan,2.05206702309e-11,nan,nan
5348,1.08635885398e-10,0,3.4166405748e-11,nan,nan,2.4258875715e-11,nan,nan
5352,1.07983901701e-10,0,3.90267215458e-11,nan,nan,2.89786448168e-11,nan,nan
5356,1.0733083864e-10,0,4.52037404052e-11,nan,nan,3.5016233057e-11,nan,nan
5360,1.06676730786e-10,0,5.31768959552e-11,nan,nan,4.28573194448e-11,nan,nan
5364,1.06021612649e-10,0,6.36560873409e-11,nan,nan,5.32199935043e-11,nan,nan
5368,1.05365518685e-10,0,7.77210305185e-11,nan,nan,6.71946722501e-11,nan,nan
5372,1.04708483292e-10,0,9.70648408377e-11,nan,nan,8.64886431116e-11,nan,nan
5376,1.04050540815e-10,0,1.24437673764e-10,nan,nan,1.13871408762e-10,nan,nan
5380,1.03391725543e-10,0,1.64493963621e-10,nan,nan,1.54025065589e-10,nan,nan
5384,1.02732071715e-10,0,2.25501961092e-10,nan,nan,2.15259837518e-10,nan,nan
5388,1.02071613519e-10,0,3.23021938389e-10,nan,nan,3.13204203585e-10,nan,nan
5392,1.01410385095e-10,0,4.88435763592e-10,nan,nan,4.79359304518e-10,nan,nan
5396,1.00748420533e-10,0,7.90502379003e-10,nan,nan,7.82708716323e-10,nan,nan
5400,1.00085753881e-10,0,1.39505515288e-09,nan,nan,1.38953785146e-09,nan,nan
5404,9.94224191404e-11,0,2.74146930265e-09,nan,nan,2.74014814442e-09,nan,nan
5408,9.87584502726e-11,0,5.99706794221e-09,nan,nan,6.00329594546e-09,nan,nan
5412,9.80938811985e-11,0,1.28558713529e-08,nan,nan,1.28705335898e-08,nan,nan
5416,9.74287458013e-11,0,1.92780393968e-08,nan,nan,1.92853291749e-08,nan,nan
5420,9.67630779288e-11,0,1.6291324011e-08,nan,nan,1.62798072939e-08,nan,nan
5424,9.60969113956e-11,0,8.47147738331e-09,nan,nan,8.45781494306e-09,nan,nan
5428,9.54302799853e-11,0,3.79037387607e-09,nan,nan,3.78317199232e-09,nan,nan
5432,9.47632174535e-11,0,1.83091100792e-09,nan,nan,1.82869113157e-09,nan,nan
5436,9.409575753e-11,0,9.87318234412e-10,nan,nan,9.88011534945e-10,nan,nan
5440,9.34279339216e-11,0,5.83667807995e-10,nan,nan,5.85982486816e-10,nan,nan
5444,9.27597803155e-11,0,3.70528355658e-10,nan,nan,3.73690590848e-10,nan,nan
5448,9.20913303815e-11,0,2.48640262479e-10,nan,nan,2.52158690946e-10,nan,nan
5452,9.14226177761e-11,0,1.74403710716e-10,nan,nan,1.77940923352e-10,nan,nan
5456,9.0753676145e-11,0,1.26888234608e-10,nan,nan,1.30193599877e-10,nan,nan
5460,9.00845391271e-11,0,9.52649330146e-11,nan,nan,9.81390178197e-11,nan,nan
5464,8.9415240358e-11,0,7.35692558975e-11,nan,nan,7.58451738241e-11,nan,nan
5468,8.87458134738e-11,0,5.8337028011e-11,nan,nan,5.98716768262e-11,nan,nan
5472,8.8076292115e-11,0,4.7461267231e-11,nan,nan,4.81328761555e-11,nan,nan
5476,8.74067099306e-11,0,3.96059194246e-11,nan,nan,3.93156525549e-11,nan,nan
5480,8.6737100583e-11,0,3.38902350801e-11,nan,nan,3.25658409331e-11,nan,nan
5484,8.60674977517e-11,0,2.97124097514e-11,nan,nan,2.73118040251e-11,nan,nan
5488,8.53979351388e-11,0,2.66484638111e-11,nan,nan,2.31613206197e-11,nan,nan
5492,8.47284464737e-11,0,2.43930368742e-11,nan,nan,1.98392740829e-11,nan,nan
5496,8.40590655181e-11,0,2.27236179594e-11,nan,nan,1.71488666312e-11,nan,nan
5500,8.33898260718e-11,0,2.14776894958e-11,nan,nan,1.49468335442e-11,nan,nan
5504,8.27207619782e-11,0,2.05370032619e-11,nan,nan,1.31272263988e-11,nan,nan
5508,8.20519071304e-11,0,1.98160631861e-11,nan,nan,1.16105758794e-11,nan,nan
5512,8.13832954772e-11,0,1.92534253735e-11,nan,nan,1.03365098947e-11,nan,nan
5516,8.07149610298e-11,0,1.88051154609e-11,nan,nan,9.25863803335e-12,nan,nan
5520,8.00469378686e-11,0,1.84397162756e-11,nan,nan,8.34095075575e-12,nan,nan
5524,7.93792601502e-11,0,1.81347656129e-11,nan,nan,7.55524965427e-12,nan,nan
5528,7.87119621148e-11,0,1.78741568262e-11,nan,nan,6.87929072487e-12,nan,nan
5532,7.80450780943e-11,0,1.76462847325e-11,nan,nan,6.2954289274e-12,nan,nan
5536,7.73786425201e-11,0,1.74427328697e-11,nan,nan,5.78962015067e-12,nan,nan
5540,7.67126899319e-11,0,1.72573480422e-11,nan,nan,5.35068249237e-12,nan,nan
5544,7.60472549861e-11,0,1.70855880624e-11,nan,nan,4.96974786931e-12,nan,nan
5548,7.53823724659e-11,0,1.69240621056e-11,nan,nan,4.63985546222e-12,nan,nan
5552,7.47180772903e-11,0,1.67702059337e-11,nan,nan,4.3556524378e-12,nan,nan
5556,7.40544045247e-11,0,1.66220520489e-11,nan,nan,4.11317516263e-12,nan,nan
5560,7.33913893913e-11,0,1.64780673886e-11,nan,nan,3.90969107589e-12,nan,nan
5564,7.27290672807e-11,0,1.63370392665e-11,nan,nan,3.74358319852e-12,nan,nan
5568,7.20674737631e-11,0,1.61979971569e-11,nan,nan,3.61426216707e-12,nan,nan
5572,7.14066446008e-11,0,1.60601618299e-11,nan,nan,3.52209141645e-12,nan,nan
5576,7.07466157607e-11,0,1.59229174177e-11,nan,nan,3.46831437141e-12,nan,nan
5580,7.00874234283e-11,0,1.57858045506e-11,nan,nan,3.45497825177e-12,nan,nan
5584,6.9429104021e-11,0,1.5648535558e-11,nan,nan,3.48485979242e-12,nan,nan
5588,6.87716942033e-11,0,1.55110362856e-11,nan,nan,3.56140980616e-12,nan,nan
5592,6.81152309021e-11,0,1.53735225264e-11,nan,nan,3.68874626701e-12,nan,nan
5596,6.74597513225e-11,0,1.52366251631e-11,nan,nan,3.8717281919e-12,nan,nan
5600,6.68052929653e-11,0,1.51015860429e-11,nan,nan,4.11613994419e-12,nan,nan
5604,6.61518936442e-11,0,1.4970558706e-11,nan,nan,4.42900288682e-12,nan,nan
5608,6.54995915045e-11,0,1.48470658711e-11,nan,nan,4.81902426428e-12,nan,nan
5612,6.48484250427e-11,0,1.47366931737e-11,nan,nan,5.29719290341e-12,nan,nan
5616,6.41984331268e-11,0,1.46481342265e-11,nan,nan,5.87754682928e-12,nan,nan
5620,6.35496550177e-11,0,1.45947548897e-11,nan,nan,6.57816209974e-12,nan,nan
5624,6.29021303919e-11,0,1.45968997782e-11,nan,nan,7.42245152571e-12,nan,nan
5628,6.22558993646e-11,0,1.46852120885e-11,nan,nan,8.44091002327e-12,nan,nan
5632,6.16110025149e-11,0,1.49052209551e-11,nan,nan,9.67351594356e-12,nan,nan
5636,6.09674809115e-11,0,1.53232971362e-11,nan,nan,1.11731031359e-11,nan,nan
5640,6.032537614e-11,0,1.60337207673e-11,nan,nan,1.30101848522e-11,nan,nan
5644,5.96847303319e-11,0,1.71662317367e-11,nan,nan,1.52799816699e-11,nan,nan
5648,5.90455861938e-11,0,1.88937163887e-11,nan,nan,1.81128532832e-11,nan,nan
5652,5.840798704e-11,0,2.14416760205e-11,nan,nan,2.16900952292e-11,nan,nan
5656,5.77719768251e-11,0,2.51049463659e-11,nan,nan,2.62683917502e-11,nan,nan
5660,5.71376001791e-11,0,3.02811258679e-11,nan,nan,3.22185962603e-11,nan,nan
5664,5.65049024438e-11,0,3.75332510089e-11,nan,nan,4.00889192519e-11,nan,nan
5668,5.58739297117e-11,0,4.76996740443e-11,nan,nan,5.07110356116e-11,nan,nan
5672,5.52447288665e-11,0,6.20841844669e-11,nan,nan,6.53843853381e-11,nan,nan
5676,5.46173476255e-11,0,8.27946914246e-11,nan,nan,8.62086511986e-11,nan,nan
5680,5.39918345848e-11,0,1.13375472602e-10,nan,nan,1.16709555645e-10,nan,nan
5684,5.33682392659e-11,0,1.60049934427e-10,nan,nan,1.63073681534e-10,nan,nan
5688,5.27466121662e-11,0,2.34297245368e-10,nan,nan,2.36713329422e-10,nan,nan
5692,5.21270048105e-11,0,3.58485137637e-10,nan,nan,3.59880583632e-10,nan,nan
5696,5.15094698063e-11,0,5.78727010202e-10,nan,nan,5.78498196837e-10,nan,nan
5700,5.08940609018e-11,0,9.94200618063e-10,nan,nan,9.91470357547e-10,nan,nan
5704,5.02808330466e-11,0,1.81248127108e-09,nan,nan,1.80620703964e-09,nan,nan
5708,4.96698424559e-11,0,3.34728416602e-09,nan,nan,3.33752168788e-09,nan,nan
5712,4.90611466779e-11,0,5.434593005e-09,nan,nan,5.42624198854e-09,nan,nan
5716,4.84548046653e-11,0,6.40538192607e-09,nan,nan,6.40676222343e-09,nan,nan
5720,4.78508768496e-11,0,5.0819228171e-09,nan,nan,5.09133447486e-09,nan,nan
5724,4.72494252204e-11,0,3.01355883322e-09,nan,nan,3.02220639757e-09,nan,nan
5728,4.66505134078e-11,0,1.62349763696e-09,nan,nan,1.62797601176e-09,nan,nan
5732,4.60542067701e-11,0,9.00364813186e-10,nan,nan,9.01274243068e-10,nan,nan
5736,4.54605724856e-11,0,5.33007085164e-10,nan,nan,5.31472598775e-10,nan,nan
5740,4.48696796494e-11,0,3.36860324786e-10,nan,nan,3.33691545375e-10,nan,nan
5744,4.42815993745e-11,0,2.25351255583e-10,nan,nan,2.21052927928e-10,nan,nan
5748,4.36964048999e-11,0,1.58151146135e-10,nan,nan,1.53027518555e-10,nan,nan
5752,4.31141717021e-11,0,1.15564405147e-10,nan,nan,1.09794106017e-10,nan,nan
5756,4.2534977614e-11,0,8.74067951115e-11,nan,nan,8.10873586584e-11,nan,nan
5760,4.19589029488e-11,0,6.81173586545e-11,nan,nan,6.12905655826e-11,nan,nan
5764,4.13860306309e-11,0,5.45084201544e-11,nan,nan,4.71742989867e-11,nan,nan
5768,4.08164463324e-11,0,4.46739890536e-11,nan,nan,3.67978899676e-11,nan,nan
5772,4.02502386172e-11,0,3.74328152749e-11,nan,nan,2.89478203949e-11,nan,nan
5776,3.96874990916e-11,0,3.20310873037e-11,nan,nan,2.28367525474e-11,nan,nan
5780,3.91283225615e-11,0,2.79775139239e-11,nan,nan,1.793515704e-11,nan,nan
5784,3.85728071982e-11,0,2.49491505714e-11,nan,nan,1.38734526691e-11,nan,nan
5788,3.80210547101e-11,0,2.27369102852e-11,nan,nan,1.03837607386e-11,nan,nan
5792,3.74731705233e-11,0,2.12146197656e-11,nan,nan,7.26809467118e-12,nan,nan
5796,3.69292639685e-11,0,2.03230893801e-11,nan,nan,4.40735117139e-12,nan,nan
5800,3.63894484771e-11,0,2.00647185099e-11,nan,nan,2.09313198237e-12,nan,nan
5804,3.58538417831e-11,0,2.05065681744e-11,nan,nan,2.9714681053e-12,nan,nan
5808,3.53225661337e-11,0,2.17919281957e-11,nan,nan,6.27654721965e-12,nan,nan
5812,3.47957485066e-11,0,2.41636191781e-11,nan,nan,1.05665877652e-11,nan,nan
5816,3.42735208338e-11,0,2.80080532245e-11,nan,nan,1.60687756436e-11,nan,nan
5820,3.37560202322e-11,0,3.3938852999e-11,nan,nan,2.33905736007e-11,nan,nan
5824,3.32433892397e-11,0,4.29557709031e-11,nan,nan,3.35488888016e-11,nan,nan
5828,3.27357760553e-11,0,5.67489287542e-11,nan,nan,4.82578171451e-11,nan,nan
5832,3.22333347843e-11,0,7.82951672329e-11,nan,nan,7.05220683981e-11,nan,nan
5836,3.17362256844e-11,0,1.13066438286e-10,nan,nan,1.05848483164e-10,nan,nan
5840,3.12446154132e-11,0,1.71539331255e-10,nan,nan,1.64769160714e-10,nan,nan
5844,3.07586772748e-11,0,2.74302805614e-10,nan,nan,2.67987292586e-10,nan,nan
5848,3.02785914618e-11,0,4.60677597803e-10,nan,nan,4.55088293739e-10,nan,nan
5852,2.98045452919e-11,0,7.90568143529e-10,nan,nan,7.86536026939e-10,nan,nan
5856,2.93367334346e-11,0,1.27669413138e-09,nan,nan,1.27569982405e-09,nan,nan
5860,2.88753581247e-11,0,1.68657686591e-09,nan,nan,1.68922280309e-09,nan,nan
5864,2.8420629358e-11,0,1.63386829779e-09,nan,nan,1.63776941404e-09,nan,nan
5868,2.79727650647e-11,0,1.17525735998e-09,nan,nan,1.17752330534e-09,nan,nan
5872,2.75319912546e-11,0,7.10543573459e-10,nan,nan,7.1077422883e-10,nan,nan
5876,2.7098542128e-11,0,4.12649561902e-10,nan,nan,4.11683680327e-10,nan,nan
5880,2.66726601447e-11,0,2.46865147809e-10,nan,nan,2.45386426121e-10,nan,nan
5884,2.6254596044e-11,0,1.55260033184e-10,nan,nan,1.5362753853e-10,nan,nan
5888,2.58446088067e-11,0,1.0266611316e-10,nan,nan,1.01048797856e-10,nan,nan
5892,2.54429655494e-11,0,7.09687726262e-11,nan,nan,6.94441750531e-11,nan,nan
5896,2.50499413418e-11,0,5.09464370552e-11,nan,nan,4.9549505614e-11,nan,nan
5900,2.46658189349e-11,0,3.77535178878e-11,nan,nan,3.64989925972e-11,nan,nan
5904,2.42908883908e-11,0,2.87324374514e-11,nan,nan,2.76250958972e-11,nan,nan
5908,2.39254465998e-11,0,2.23612192837e-11,nan,nan,2.14006646436e-11,nan,nan
5912,2.35697966757e-11,0,1.77324980667e-11,nan,nan,1.69154606284e-11,nan,nan
5916,2.3224247215e-11,0,1.42853774655e-11,nan,nan,1.36068571689e-11,nan,nan
5920,2.28891114114e-11,0,1.16617664342e-11,nan,nan,1.11156205944e-11,nan,nan
5924,2.25647060129e-11,0,9.62640932089e-12,nan,nan,9.20566392507e-12,nan,nan
5928,2.22513501141e-11,0,8.02077525479e-12,nan,nan,7.71779029772e-12,nan,nan
5932,2.19493637766e-11,0,6.73560809269e-12,nan,nan,6.54215655297e-12,nan,nan
5936,2.16590664725e-11,0,5.69410806584e-12,nan,nan,5.60139622662e-12,nan,nan
5940,2.13807753511e-11,0,4.8413580398e-12,nan,nan,4.83999766118e-12,nan,nan
5944,2.11148033303e-11,0,4.13751974302e-12,nan,nan,4.21745779909e-12,nan,nan
5948,2.08614570219e-11,0,3.55336402708e-12,nan,nan,3.70377160622e-12,nan,nan
5952,2.06210345019e-11,0,3.06727385426e-12,nan,nan,3.27640160338e-12,nan,nan
5956,2.03938229458e-11,0,2.66318953289e-12,nan,nan,2.91820372252e-12,nan,nan
5960,2.01800961514e-11,0,2.32915375434e-12,nan,nan,2.61598449543e-12,nan,nan
5964,1.99801119827e-11,0,2.05622163938e-12,nan,nan,2.35948210768e-12,nan,nan
5968,1.97941097687e-11,0,1.83757273419e-12,nan,nan,2.1406357179e-12,nan,nan
5972,1.96223077015e-11,0,1.66771857447e-12,nan,nan,1.953055763e-12,nan,nan
5976,1.94649002802e-11,0,1.541776806e-12,nan,nan,1.79163437022e-12,nan,nan
5980,1.93220558521e-11,0,1.45487854773e-12,nan,nan,1.65225632743e-12,nan,nan
5984,1.91939143035e-11,0,1.40183669852e-12,nan,nan,1.53158162904e-12,nan,nan
5988,1.90805849551e-11,0,1.37715993171e-12,nan,nan,1.42688104676e-12,nan,nan
5992,1.89821447133e-11,0,1.37535190832e-12,nan,nan,1.33591050038e-12,nan,nan
5996,1.88986365272e-11,0,1.39130694131e-12,nan,nan,1.25681351824e-12,nan,nan
6000,1.88300681931e-11,0,1.42061669022e-12,nan,nan,1.18804619076e-12,nan,nan
6004,1.87764115424e-11,0,1.45970882367e-12,nan,nan,1.12831812098e-12,nan,nan
6008,1.87376020404e-11,0,1.50583181763e-12,nan,nan,1.07654609437e-12,nan,nan
6012,1.87135388083e-11,0,1.55695602721e-12,nan,nan,1.03181699168e-12,nan,nan
6016,1.8704085075e-11,0,1.61163754462e-12,nan,nan,9.93358842983e-13,nan,nan
6020,1.87090690488e-11,0,1.66889004124e-12,nan,nan,9.6051767449e-13,nan,nan
6024,1.87282851909e-11,0,1.72807158395e-12,nan,nan,9.3273827946e-13,nan,nan
6028,1.87614958592e-11,0,1.78879677783e-12,nan,nan,9.09549642935e-13,nan,nan
6032,1.88084332839e-11,0,1.85086835833e-12,nan,nan,8.9055276694e-13,nan,nan
6036,1.88688018273e-11,0,1.91422607969e-12,nan,nan,8.75410636158e-13,nan,nan
6040,1.89422804759e-11,0,1.97890986522e-12,nan,nan,8.63840845067e-13,nan,nan
6044,1.90285255089e-11,0,2.04503166202e-12,nan,nan,8.55608846265e-13,nan,nan
6048,1.91271732857e-11,0,2.11275603337e-12,nan,nan,8.50523120584e-13,nan,nan
6052,1.92378430985e-11,0,2.18228514685e-12,nan,nan,8.48431205354e-13,nan,nan
6056,1.9360140034e-11,0,2.25384870042e-12,nan,nan,8.49216307007e-13,nan,nan
6060,1.94936577991e-11,0,2.32769615028e-12,nan,nan,8.52795180952e-13,nan,nan
6064,1.96379814642e-11,0,2.40409178386e-12,nan,nan,8.59116241402e-13,nan,nan
6068,1.9792690089e-11,0,2.48331119505e-12,nan,nan,8.68158593408e-13,nan,nan
6072,1.99573592006e-11,0,2.56563917261e-12,nan,nan,8.79931238052e-13,nan,nan
6076,2.01315630991e-11,0,2.65136908357e-12,nan,nan,8.9447326368e-13,nan,nan
6080,2.0314876975e-11,0,2.7408026227e-12,nan,nan,9.11854219769e-13,nan,nan
6084,2.05068788277e-11,0,2.83425104845e-12,nan,nan,9.3217520495e-13,nan,nan
6088,2.07071511791e-11,0,2.93203687676e-12,nan,nan,9.55570590182e-13,nan,nan
6092,2.09152825828e-11,0,3.03449641578e-12,nan,nan,9.82210190219e-13,nan,nan
6096,2.11308689325e-11,0,3.14198317821e-12,nan,nan,1.01230234723e-12,nan,nan
6100,2.13535145765e-11,0,3.25487215105e-12,nan,nan,1.04609777169e-12,nan,nan
6104,2.15828332496e-11,0,3.37356496203e-12,nan,nan,1.08389427437e-12,nan,nan
6108,2.18184488317e-11,0,3.49849611953e-12,nan,nan,1.12604260556e-12,nan,nan
6112,2.20599959491e-11,0,3.6301406115e-12,nan,nan,1.17295373889e-12,nan,nan
6116,2.23071204298e-11,0,3.76902276826e-12,nan,nan,1.2251074383e-12,nan,nan
6120,2.25594796286e-11,0,3.91572702994e-12,nan,nan,1.28306299395e-12,nan,nan
6124,2.28167426358e-11,0,4.07091098065e-12,nan,nan,1.34747200207e-12,nan,nan
6128,2.30785903828e-11,0,4.23532067071e-12,nan,nan,1.41909403569e-12,nan,nan
6132,2.33447156579e-11,0,4.40980973736e-12,nan,nan,1.49881571727e-12,nan,nan
6136,2.36148230447e-11,0,4.59536216867e-12,nan,nan,1.58767399946e-12,nan,nan
6140,2.38886287954e-11,0,4.79312073292e-12,nan,nan,1.68688469111e-12,nan,nan
6144,2.41658606473e-11,0,5.00442172907e-12,nan,nan,1.79787766182e-12,nan,nan
6148,2.44462575951e-11,0,5.23083842393e-12,nan,nan,1.92234029343e-12,nan,nan
6152,2.4729569625e-11,0,5.47423521586e-12,nan,nan,2.06227151772e-12,nan,nan
6156,2.50155574196e-11,0,5.73683609945e-12,nan,nan,2.22004942005e-12,nan,nan
6160,2.53039920405e-11,0,6.02131125354e-12,nan,nan,2.39851617297e-12,nan,nan
6164,2.55946545939e-11,0,6.33088763128e-12,nan,nan,2.60108547873e-12,nan,nan
6168,2.58873358841e-11,0,6.66949120845e-12,nan,nan,2.83187950623e-12,nan,nan
6172,2.61818360606e-11,0,7.04193067669e-12,nan,nan,3.09590449203e-12,nan,nan
6176,2.64779642618e-11,0,7.45413691418e-12,nan,nan,3.39927772327e-12,nan,nan
6180,2.67755382578e-11,0,7.91347658813e-12,nan,nan,3.74952338032e-12,nan,nan
6184,2.70743840962e-11,0,8.42916693652e-12,nan,nan,4.15596119652e-12,nan,nan
6188,2.73743357528e-11,0,9.01282638448e-12,nan,nan,4.6302222392e-12,nan,nan
6192,2.76752347882e-11,0,9.67921409331e-12,nan,nan,5.18693927147e-12,nan,nan
6196,2.79769300128e-11,0,1.04472282146e-11,nan,nan,5.84468142156e-12,nan,nan
6200,2.82792771602e-11,0,1.13412685895e-11,nan,nan,6.62723277029e-12,nan,nan
6204,2.85821385717e-11,0,1.23931132655e-11,nan,nan,7.56536256248e-12,nan,nan
6208,2.88853828899e-11,0,1.36445325946e-11,nan,nan,8.69930730523e-12,nan,nan
6212,2.91888847644e-11,0,1.51509755115e-11,nan,nan,1.00822980452e-11,nan,nan
6216,2.94925245679e-11,0,1.69868397612e-11,nan,nan,1.17856452908e-11,nan,nan
6220,2.97961881243e-11,0,1.92531237029e-11,nan,nan,1.39061838193e-11,nan,nan
6224,3.00997664477e-11,0,2.20887228052e-11,nan,nan,1.65773504596e-11,nan,nan
6228,3.04031554929e-11,0,2.56874099627e-11,nan,nan,1.99859560859e-11,nan,nan
6232,3.07062559174e-11,0,3.03238474907e-11,nan,nan,2.43980416842e-11,nan,nan
6236,3.10089728533e-11,0,3.63942117342e-11,nan,nan,3.01994875052e-11,nan,nan
6240,3.1311215691e-11,0,4.44808595343e-11,nan,nan,3.79609909109e-11,nan,nan
6244,3.16128978729e-11,0,5.54570833918e-11,nan,nan,4.85438614436e-11,nan,nan
6248,3.19139366962e-11,0,7.06591582647e-11,nan,nan,6.32747094919e-11,nan,nan
6252,3.2214253127e-11,0,9.21704411055e-11,nan,nan,8.42356762309e-11,nan,nan
6256,3.25137716226e-11,0,1.23284479955e-10,nan,nan,1.14741171507e-10,nan,nan
6260,3.28124199625e-11,0,1.6921858654e-10,nan,nan,1.60080695635e-10,nan,nan
6264,3.31101290892e-11,0,2.380298592e-10,nan,nan,2.28494127848e-10,nan,nan
6268,3.34068329559e-11,0,3.41061518926e-10,nan,nan,3.31722904955e-10,nan,nan
6272,3.37024683828e-11,0,4.9016107716e-10,nan,nan,4.82349105136e-10,nan,nan
6276,3.39969749204e-11,0,6.8492235507e-10,nan,nan,6.80935832962e-10,nan,nan
6280,3.42902947201e-11,0,8.85987697932e-10,nan,nan,8.88407620801e-10,nan,nan
6284,3.45823724117e-11,0,1.00449424226e-09,nan,nan,1.01382820992e-09,nan,nan
6288,3.48731549868e-11,0,9.66081681284e-10,nan,nan,9.78847518551e-10,nan,nan
6292,3.51625916889e-11,0,7.9631354386e-10,nan,nan,8.07136862447e-10,nan,nan
6296,3.54506339088e-11,0,5.89493842314e-10,nan,nan,5.94938883106e-10,nan,nan
6300,3.57372350856e-11,0,4.14519417238e-10,nan,nan,4.13966482737e-10,nan,nan
6304,3.60223506131e-11,0,2.88987468909e-10,nan,nan,2.83242558521e-10,nan,nan
6308,3.63059377506e-11,0,2.04770050339e-10,nan,nan,1.94865324358e-10,nan,nan
6312,3.65879555389e-11,0,1.49252783919e-10,nan,nan,1.35990650627e-10,nan,nan
6316,3.68683647207e-11,0,1.12468016335e-10,nan,nan,9.63555287204e-11,nan,nan
6320,3.71471276642e-11,0,8.77694660394e-11,nan,nan,6.90664343921e-11,nan,nan
6324,3.7424208292e-11,0,7.09609818185e-11,nan,nan,4.97375456289e-11,nan,nan
6328,3.76995720126e-11,0,5.94255496461e-11,nan,nan,3.56043107324e-11,nan,nan
6332,3.79731856565e-11,0,5.15248491216e-11,nan,nan,2.49085703145e-11,nan,nan
6336,3.82450174141e-11,0,4.62264301816e-11,nan,nan,1.65245127357e-11,nan,nan
6340,3.85150367785e-11,0,4.2880097693e-11,nan,nan,9.78828443197e-12,nan,nan
6344,3.87832144898e-11,0,4.1085435916e-11,nan,nan,4.85273851485e-12,nan,nan
6348,3.9049522483e-11,0,4.06144499736e-11,nan,nan,5.07592358996e-12,nan,nan
6352,3.93139338385e-11,0,4.13684632271e-11,nan,nan,9.64537376096e-12,nan,nan
6356,3.95764227348e-11,0,4.33578390412e-11,nan,nan,1.52339035808e-11,nan,nan
6360,3.98369644037e-11,0,4.66990105647e-11,nan,nan,2.15984533617e-11,nan,nan
6364,4.00955350877e-11,0,5.16274262476e-11,nan,nan,2.90368579125e-11,nan,nan
6368,4.0352112e-11,0,5.85285513477e-11,nan,nan,3.80317772022e-11,nan,nan
6372,4.06066732854e-11,0,6.79929972593e-11,nan,nan,4.92624249563e-11,nan,nan
6376,4.08591979843e-11,0,8.09071384345e-11,nan,nan,6.36925943804e-11,nan,nan
6380,4.11096659978e-11,0,9.85982737278e-11,nan,nan,8.27209110633e-11,nan,nan
6384,4.13580580545e-11,0,1.23064218839e-10,nan,nan,1.08418345714e-10,nan,nan
6388,4.1604355679e-11,0,1.57329512303e-10,nan,nan,1.43895325705e-10,nan,nan
6392,4.18485411625e-11,0,2.05972291307e-10,nan,nan,1.93844028317e-10,nan,nan
6396,4.20905975334e-11,0,2.7581022771e-10,nan,nan,2.65245441726e-10,nan,nan
6400,4.23305085309e-11,0,3.76469566178e-10,nan,nan,3.67961544667e-10,nan,nan
6404,4.25682585787e-11,0,5.19704162377e-10,nan,nan,5.14056733283e-10,nan,nan
6408,4.28038327605e-11,0,7.14337629996e-10,nan,nan,7.12648430507e-10,nan,nan
6412,4.30372167962e-11,0,9.51715689095e-10,nan,nan,9.55034772309e-10,nan,nan
6416,4.326839702e-11,0,1.18335995731e-09,nan,nan,1.19177904007e-09,nan,nan
6420,4.34973603583e-11,0,1.31995177902e-09,nan,nan,1.331552701e-09,nan,nan
6424,4.372409431e-11,0,1.28979979375e-09,nan,nan,1.30093592322e-09,nan,nan
6428,4.39485869262e-11,0,1.10988174467e-09,nan,nan,1.11723587633e-09,nan,nan
6432,4.41708267924e-11,0,8.67657560363e-10,nan,nan,8.69907517139e-10,nan,nan
6436,4.43908030101e-11,0,6.41817738032e-10,nan,nan,6.39386698925e-10,nan,nan
6440,4.46085051799e-11,0,4.65057709203e-10,nan,nan,4.59014214147e-10,nan,nan
6444,4.48239233855e-11,0,3.3769047323e-10,nan,nan,3.29022727599e-10,nan,nan
6448,4.50370481779e-11,0,2.48829265186e-10,nan,nan,2.38227526725e-10,nan,nan
6452,4.52478705606e-11,0,1.87186443533e-10,nan,nan,1.75062075224e-10,nan,nan
6456,4.54563819753e-11,0,1.44116429559e-10,nan,nan,1.30674812659e-10,nan,nan
6460,4.56625742883e-11,0,1.13645164406e-10,nan,nan,9.89484521484e-11,nan,nan
6464,4.58664397778e-11,0,9.17946930974e-11,nan,nan,7.58030932964e-11,nan,nan
6468,4.60679711205e-11,0,7.5940432839e-11,nan,nan,5.85355695479e-11,nan,nan
6472,4.62671613808e-11,0,6.43458697388e-11,nan,nan,4.53417546177e-11,nan,nan
6476,4.64640039983e-11,0,5.58547041239e-11,nan,nan,3.50011981488e-11,nan,nan
6480,4.66584927773e-11,0,4.96940590636e-11,nan,nan,2.66783230875e-11,nan,nan
6484,4.68506218761e-11,0,4.53504938433e-11,nan,nan,1.98080834956e-11,nan,nan
6488,4.7040385797e-11,0,4.24928946948e-11,nan,nan,1.40677823165e-11,nan,nan
6492,4.72277793762e-11,0,4.09260201066e-11,nan,nan,9.54350003564e-12,nan,nan
6496,4.7412797775e-11,0,4.05651343783e-11,nan,nan,7.4361326286e-12,nan,nan
6500,4.75954364702e-11,0,4.14266519664e-11,nan,nan,9.50919375649e-12,nan,nan
6504,4.77756912462e-11,0,4.36329581889e-11,nan,nan,1.46233843539e-11,nan,nan
6508,4.7953558186e-11,0,4.74322409093e-11,nan,nan,2.16202842841e-11,nan,nan
6512,4.81290336635e-11,0,5.32367206103e-11,nan,nan,3.05587973254e-11,nan,nan
6516,4.83021143362e-11,0,6.16851266254e-11,nan,nan,4.2066275272e-11,nan,nan
6520,4.84727971371e-11,0,7.37365957022e-11,nan,nan,5.71905791293e-11,nan,nan
6524,4.86410792682e-11,0,9.07991858082e-11,nan,nan,7.74713788696e-11,nan,nan
6528,4.88069581935e-11,0,1.1487416172e-10,nan,nan,1.05067150019e-10,nan,nan
6532,4.89704316322e-11,0,1.48624176461e-10,nan,nan,1.42801660761e-10,nan,nan
6536,4.91314975527e-11,0,1.95083168291e-10,nan,nan,1.93813323432e-10,nan,nan
6540,4.92901541663e-11,0,2.56361066246e-10,nan,nan,2.60115750404e-10,nan,nan
6544,4.94463999213e-11,0,3.30427086798e-10,nan,nan,3.3913385168e-10,nan,nan
6548,4.96002334973e-11,0,4.06262337697e-10,nan,nan,4.18658577845e-10,nan,nan
6552,4.97516537999e-11,0,4.62209411394e-10,nan,nan,4.75514753622e-10,nan,nan
6556,4.99006599553e-11,0,4.75570726e-10,nan,nan,4.86280186564e-10,nan,nan
6560,5.00472513051e-11,0,4.4017419735e-10,nan,nan,4.45788809545e-10,nan,nan
6564,5.01914274017e-11,0,3.7191608178e-10,nan,nan,3.72012559956e-10,nan,nan
6568,5.03331880032e-11,0,2.94809401681e-10,nan,nan,2.90550463041e-10,nan,nan
6572,5.0472533069e-11,0,2.25650855719e-10,nan,nan,2.18647344701e-10,nan,nan
6576,5.06094627552e-11,0,1.70633399867e-10,nan,nan,1.62214703544e-10,nan,nan
6580,5.07439774108e-11,0,1.29408195178e-10,nan,nan,1.20442880332e-10,nan,nan
6584,5.08760775729e-11,0,9.92869373034e-11,nan,nan,9.02667225653e-11,nan,nan
6588,5.10057639631e-11,0,7.74044369075e-11,nan,nan,6.85761173238e-11,nan,nan
6592,5.11330374837e-11,0,6.14309703118e-11,nan,nan,5.28997271362e-11,nan,nan
6596,5.12578992137e-11,0,4.96522603029e-11,nan,nan,4.14476009824e-11,nan,nan
6600,5.13803504052e-11,0,4.0856955023e-11,nan,nan,3.29710214269e-11,nan,nan
6604,5.15003924803e-11,0,3.42007337235e-11,nan,nan,2.66093550991e-11,nan,nan
6608,5.16180270271e-11,0,2.90953447034e-11,nan,nan,2.17690725637e-11,nan,nan
6612,5.1733255797e-11,0,2.51283528581e-11,nan,nan,1.80378906709e-11,nan,nan
6616,5.18460807011e-11,0,2.200781893e-11,nan,nan,1.51263950553e-11,nan,nan
6620,5.19565038075e-11,0,1.95248405389e-11,nan,nan,1.28289616656e-11,nan,nan
6624,5.20645273378e-11,0,1.7528268611e-11,nan,nan,1.09976577752e-11,nan,nan
6628,5.21701536649e-11,0,1.59075642225e-11,nan,nan,9.52472825232e-12,nan,nan
6632,5.22733853096e-11,0,1.45810754018e-11,nan,nan,8.33074474403e-12,nan,nan
6636,5.23742249381e-11,0,1.34879352124e-11,nan,nan,7.35650302413e-12,nan,nan
6640,5.24726753597e-11,0,1.25823990989e-11,nan,nan,6.55742136005e-12,nan,nan
6644,5.25687395237e-11,0,1.18298429346e-11,nan,nan,5.89962355082e-12,nan,nan
6648,5.26624205171e-11,0,1.12039043103e-11,nan,nan,5.3571696527e-12,nan,nan
6652,5.27537215626e-11,0,1.06844205544e-11,nan,nan,4.91007685832e-12,nan,nan
6656,5.28426460158e-11,0,1.02559288542e-11,nan,nan,4.54289169633e-12,nan,nan
6660,5.29291973629e-11,0,9.90656698694e-12,nan,nan,4.24365077596e-12,nan,nan
6664,5.30133792191e-11,0,9.62726404738e-12,nan,nan,4.00311926983e-12,nan,nan
6668,5.30951953258e-11,0,9.41114333855e-12,nan,nan,3.81423021029e-12,nan,nan
6672,5.31746495489e-11,0,9.25308318457e-12,nan,nan,3.67167231388e-12,nan,nan
6676,5.32517458766e-11,0,9.14939805144e-12,nan,nan,3.57158857424e-12,nan,nan
6680,5.33264884177e-11,0,9.09761279472e-12,nan,nan,3.51136121437e-12,nan,nan
6684,5.33988813995e-11,0,9.09631300653e-12,nan,nan,3.48946566082e-12,nan,nan
6688,5.34689291658e-11,0,9.14505798583e-12,nan,nan,3.50538266233e-12,nan,nan
6692,5.35366361755e-11,0,9.24435098244e-12,nan,nan,3.55956262613e-12,nan,nan
6696,5.36020070007e-11,0,9.39566174121e-12,nan,nan,3.65343962522e-12,nan,nan
6700,5.36650463245e-11,0,9.60150314406e-12,nan,nan,3.7894959911e-12,nan,nan
6704,5.37257589404e-11,0,9.86556521065e-12,nan,nan,3.97138190853e-12,nan,nan
6708,5.37841497495e-11,0,1.0192915175e-11,nan,nan,4.20409800177e-12,nan,nan
6712,5.38402237599e-11,0,1.05902762551e-11,nan,nan,4.49425395806e-12,nan,nan
6716,5.38939860844e-11,0,1.10664054249e-11,nan,nan,4.8504220229e-12,nan,nan
6720,5.39454419395e-11,0,1.16325969098e-11,nan,nan,5.28361336309e-12,nan,nan
6724,5.39945966439e-11,0,1.23033511672e-11,nan,nan,5.80791626181e-12,nan,nan
6728,5.40414556168e-11,0,1.30972629816e-11,nan,nan,6.44135182454e-12,nan,nan
6732,5.40860243766e-11,0,1.40382037251e-11,nan,nan,7.20702542654e-12,nan,nan
6736,5.41283085397e-11,0,1.51569015034e-11,nan,nan,8.13468404216e-12,nan,nan
6740,5.41683138191e-11,0,1.64930640398e-11,nan,nan,9.26283612048e-12,nan,nan
6744,5.42060460229e-11,0,1.80982437727e-11,nan,nan,1.0641654205e-11,nan,nan
6748,5.42415110535e-11,0,2.00397242527e-11,nan,nan,1.23369737446e-11,nan,nan
6752,5.42747149056e-11,0,2.24058088636e-11,nan,nan,1.4435827187e-11,nan,nan
6756,5.43056636657e-11,0,2.5313029627e-11,nan,nan,1.70541252353e-11,nan,nan
6760,5.43343635107e-11,0,2.8915948635e-11,nan,nan,2.03473111838e-11,nan,nan
6764,5.43608207063e-11,0,3.34203638519e-11,nan,nan,2.45250474583e-11,nan,nan
6768,5.43850416065e-11,0,3.91007315415e-11,nan,nan,2.98711350475e-11,nan,nan
6772,5.44070326521e-11,0,4.63221635951e-11,nan,nan,3.67696234285e-11,nan,nan
6776,5.44268003696e-11,0,5.55657078525e-11,nan,nan,4.57366778621e-11,nan,nan
6780,5.44443513702e-11,0,6.74511490337e-11,nan,nan,5.74535114245e-11,nan,nan
6784,5.44596923487e-11,0,8.27410839121e-11,nan,nan,7.27849776792e-11,nan,nan
6788,5.44728300824e-11,0,1.02288424939e-10,nan,nan,9.27450863262e-11,nan,nan
6792,5.44837714301e-11,0,1.26852513852e-10,nan,nan,1.18328146187e-10,nan,nan
6796,5.44925233312e-11,0,1.56667591291e-10,nan,nan,1.50069866618e-10,nan,nan
6800,5.44990928044e-11,0,1.90666466653e-10,nan,nan,1.87201612502e-10,nan,nan
6804,5.45034869472e-11,0,2.25503898818e-10,nan,nan,2.26494979151e-10,nan,nan
6808,5.45057129342e-11,0,2.55123285802e-10,nan,nan,2.61555837632e-10,nan,nan
6812,5.45057780169e-11,0,2.72119471479e-10,nan,nan,2.84011231336e-10,nan,nan
6816,5.45036895221e-11,0,2.71222643139e-10,nan,nan,2.87225211433e-10,nan,nan
6820,5.44994548516e-11,0,2.52626137373e-10,nan,nan,2.70291535326e-10,nan,nan
6824,5.44930814807e-11,0,2.21942277992e-10,nan,nan,2.38565769766e-10,nan,nan
6828,5.44845769576e-11,0,1.86785827433e-10,nan,nan,2.00222907993e-10,nan,nan
6832,5.44739489023e-11,0,1.53242038522e-10,nan,nan,1.62238033419e-10,nan,nan
6836,5.4461205006e-11,0,1.24542200278e-10,nan,nan,1.28611478657e-10,nan,nan
6840,5.44463530299e-11,0,1.01586004106e-10,nan,nan,1.00720820951e-10,nan,nan
6844,5.44294008045e-11,0,8.39913959392e-11,nan,nan,7.84067262114e-11,nan,nan
6848,5.44103562287e-11,0,7.09028782813e-11,nan,nan,6.08839577228e-11,nan,nan
6852,5.43892272688e-11,0,6.14252240035e-11,nan,nan,4.72721927558e-11,nan,nan
6856,5.43660219579e-11,0,5.47979535602e-11,nan,nan,3.68518380813e-11,nan,nan
6860,5.43407483948e-11,0,5.04379867536e-11,nan,nan,2.91863776604e-11,nan,nan
6864,5.43134147434e-11,0,4.7929535764e-11,nan,nan,2.41828065789e-11,nan,nan
6868,5.42840292317e-11,0,4.6999796472e-11,nan,nan,2.2011163907e-11,nan,nan
6872,5.42526001511e-11,0,4.74962489747e-11,nan,nan,2.2727301275e-11,nan,nan
6876,5.42191358552e-11,0,4.93708851143e-11,nan,nan,2.59631249777e-11,nan,nan
6880,5.41836447596e-11,0,5.26725961906e-11,nan,nan,3.12160267738e-11,nan,nan
6884,5.41461353408e-11,0,5.75477248475e-11,nan,nan,3.82310078064e-11,nan,nan
6888,5.4106616135e-11,0,6.42485672636e-11,nan,nan,4.70671590475e-11,nan,nan
6892,5.40650957382e-11,0,7.3149435525e-11,nan,nan,5.80384200825e-11,nan,nan
6896,5.40215828045e-11,0,8.47689970695e-11,nan,nan,7.16729450077e-11,nan,nan
6900,5.39760860458e-11,0,9.97949483646e-11,nan,nan,8.87047979142e-11,nan,nan
6904,5.39286142311e-11,0,1.1910076726e-10,nan,nan,1.1007589314e-10,nan,nan
6908,5.38791761854e-11,0,1.43731187744e-10,nan,nan,1.36914427434e-10,nan,nan
6912,5.38277807891e-11,0,1.7480919753e-10,nan,nan,1.70435100091e-10,nan,nan
6916,5.37744369773e-11,0,2.13282003995e-10,nan,nan,2.11671246094e-10,nan,nan
6920,5.37191537388e-11,0,2.5939268434e-10,nan,nan,2.60916988721e-10,nan,nan
6924,5.36619401157e-11,0,3.11800017999e-10,nan,nan,3.16794675295e-10,nan,nan
6928,5.36028052025e-11,0,3.66499414727e-10,nan,nan,3.75105803784e-10,nan,nan
6932,5.35417581452e-11,0,4.1621525422e-10,nan,nan,4.28172747817e-10,nan,nan
6936,5.34788081407e-11,0,4.51425763644e-10,nan,nan,4.65905168692e-10,nan,nan
6940,5.34139644361e-11,0,4.63663516206e-10,nan,nan,4.79286466275e-10,nan,nan
6944,5.33472363281e-11,0,4.49659180779e-10,nan,nan,4.6477727346e-10,nan,nan
6948,5.32786331618e-11,0,4.13179798839e-10,nan,nan,4.26295459348e-10,nan,nan
6952,5.32081643306e-11,0,3.62917832946e-10,nan,nan,3.73006920918e-10,nan,nan
6956,5.31358392752e-11,0,3.08310337626e-10,nan,nan,3.14900719704e-10,nan,nan
6960,5.30616674827e-11,0,2.56395168956e-10,nan,nan,2.59445440182e-10,nan,nan
6964,5.29856584863e-11,0,2.10948385136e-10,nan,nan,2.10660070933e-10,nan,nan
6968,5.29078218643e-11,0,1.73162640353e-10,nan,nan,1.69823904049e-10,nan,nan
6972,5.28281672397e-11,0,1.42724397923e-10,nan,nan,1.36615742506e-10,nan,nan
6976,5.27467042794e-11,0,1.18667129689e-10,nan,nan,1.10020125592e-10,nan,nan
6980,5.26634426933e-11,0,9.98750329933e-11,nan,nan,8.88661993809e-11,nan,nan
6984,5.25783922339e-11,0,8.53219437706e-11,nan,nan,7.20894261495e-11,nan,nan
6988,5.24915626959e-11,0,7.4157242752e-11,nan,nan,5.88368927376e-11,nan,nan
6992,5.24029639149e-11,0,6.57182706786e-11,nan,nan,4.85040308042e-11,nan,nan
6996,5.23126057673e-11,0,5.95141296614e-11,nan,nan,4.07515768715e-11,nan,nan
7000,5.22204981693e-11,0,5.52027491601e-11,nan,nan,3.5510930605e-11,nan,nan
7004,5.21266510769e-11,0,5.25704125604e-11,nan,nan,3.29294365936e-11,nan,nan
7008,5.20310744842e-11,0,5.15166420262e-11,nan,nan,3.31844401089e-11,nan,nan
7012,5.19337784241e-11,0,5.20444571543e-11,nan,nan,3.62628734557e-11,nan,nan
7016,5.18347729666e-11,0,5.42548368837e-11,nan,nan,4.19720212904e-11,nan,nan
7020,5.17340682188e-11,0,5.8343584959e-11,nan,nan,5.01520342481e-11,nan,nan
7024,5.16316743244e-11,0,6.45975216335e-11,nan,nan,6.08192073898e-11,nan,nan
7028,5.15276014624e-11,0,7.33834735192e-11,nan,nan,7.41666577991e-11,nan,nan
7032,5.14218598475e-11,0,8.51166530822e-11,nan,nan,9.0484372929e-11,nan,nan
7036,5.13144597288e-11,0,1.00184897364e-10,nan,nan,1.10024960314e-10,nan,nan
7040,5.12054113898e-11,0,1.18795865871e-10,nan,nan,1.32796271976e-10,nan,nan
7044,5.10947251473e-11,0,1.40718330711e-10,nan,nan,1.58260595592e-10,nan,nan
7048,5.09824113513e-11,0,1.64932390937e-10,nan,nan,1.84975766096e-10,nan,nan
7052,5.08684803844e-11,0,1.89315229443e-10,nan,nan,2.10339124331e-10,nan,nan
7056,5.07529426612e-11,0,2.1064225277e-10,nan,nan,2.30739455433e-10,nan,nan
7060,5.06358086278e-11,0,2.25213864557e-10,nan,nan,2.42393683276e-10,nan,nan
7064,5.05170887613e-11,0,2.3009382686e-10,nan,nan,2.42731872979e-10,nan,nan
7068,5.03967935695e-11,0,2.24348731585e-10,nan,nan,2.31579994934e-10,nan,nan
7072,5.02749335901e-11,0,2.09433766991e-10,nan,nan,2.11278495319e-10,nan,nan
7076,5.01515193904e-11,0,1.88448047275e-10,nan,nan,1.85628669447e-10,nan,nan
7080,5.00265615672e-11,0,1.64846076732e-10,nan,nan,1.58441028414e-10,nan,nan
7084,4.99000707455e-11,0,1.41421862613e-10,nan,nan,1.32544526845e-10,nan,nan
7088,4.9772057579e-11,0,1.19923623904e-10,nan,nan,1.09526795404e-10,nan,nan
7092,4.96425327489e-11,0,1.01157919769e-10,nan,nan,8.99636663212e-11,nan,nan
7096,4.95115069641e-11,0,8.52876679865e-11,nan,nan,7.37964398308e-11,nan,nan
7100,4.93789909603e-11,0,7.21200995319e-11,nan,nan,6.06536113869e-11,nan,nan
7104,4.92449954999e-11,0,6.13097614602e-11,nan,nan,5.00595106686e-11,nan,nan
7108,4.91095313716e-11,0,5.24769187379e-11,nan,nan,4.15458403039e-11,nan,nan
7112,4.89726093896e-11,0,4.52661089045e-11,nan,nan,3.47000756026e-11,nan,nan
7116,4.8834240394e-11,0,3.93692047761e-11,nan,nan,2.91791699248e-11,nan,nan
7120,4.86944352496e-11,0,3.45299843925e-11,nan,nan,2.47068130193e-11,nan,nan
7124,4.85532048461e-11,0,3.05403003258e-11,nan,nan,2.10643413287e-11,nan,nan
7128,4.84105600976e-11,0,2.72332209161e-11,nan,nan,1.80802751272e-11,nan,nan
7132,4.82665119421e-11,0,2.44757392762e-11,nan,nan,1.56206333731e-11,nan,nan
7136,4.81210713413e-11,0,2.21621496326e-11,nan,nan,1.35807585964e-11,nan,nan
7140,4.79742492805e-11,0,2.02084489102e-11,nan,nan,1.18787342353e-11,nan,nan
7144,4.78260567678e-11,0,1.85477801337e-11,nan,nan,1.0450220579e-11,nan,nan
7148,4.76765048341e-11,0,1.71268000474e-11,nan,nan,9.24446068676e-12,nan,nan
7152,4.75256045328e-11,0,1.59028155858e-11,nan,nan,8.22121419442e-12,nan,nan
7156,4.73733669393e-11,0,1.48415389276e-11,nan,nan,7.34841006071e-12,nan,nan
7160,4.72198031512e-11,0,1.39153306716e-11,nan,nan,6.60035000844e-12,nan,nan
7164,4.70649242873e-11,0,1.31018251054e-11,nan,nan,5.95633104939e-12,nan,nan
7168,4.6908741488e-11,0,1.2382852871e-11,nan,nan,5.3995862521e-12,nan,nan
7172,4.67512659144e-11,0,1.17435946592e-11,nan,nan,4.91646699958e-12,nan,nan
7176,4.65925087487e-11,0,1.11719151948e-11,nan,nan,4.49580891023e-12,nan,nan
7180,4.64324811935e-11,0,1.06578372293e-11,nan,nan,4.1284383723e-12,nan,nan
7184,4.62711944718e-11,0,1.01931250486e-11,nan,nan,3.80678578066e-12,nan,nan
7188,4.61086598265e-11,0,9.77095442227e-12,nan,nan,3.52458206591e-12,nan,nan
7192,4.59448885204e-11,0,9.38564899562e-12,nan,nan,3.27661856792e-12,nan,nan
7196,4.5779891836e-11,0,9.03247088417e-12,nan,nan,3.05855646807e-12,nan,nan
7200,4.5613681075e-11,0,8.70745248703e-12,nan,nan,2.86677526914e-12,nan,nan
7204,4.54462675583e-11,0,8.40726205777e-12,nan,nan,2.69825102094e-12,nan,nan
7208,4.5277662626e-11,0,8.12909563296e-12,nan,nan,2.55045884837e-12,nan,nan
7212,4.51078776368e-11,0,7.87059019488e-12,nan,nan,2.42129404897e-12,nan,nan
7216,4.49369239679e-11,0,7.62975400461e-12,nan,nan,2.30900853085e-12,nan,nan
7220,4.4764813015e-11,0,7.40491054468e-12,nan,nan,2.21215894626e-12,nan,nan
7224,4.45915561922e-11,0,7.19465398239e-12,nan,nan,2.12956464952e-12,nan,nan
7228,4.44171649312e-11,0,6.99781358438e-12,nan,nan,2.06027351772e-12,nan,nan
7232,4.42416506821e-11,0,6.81342614442e-12,nan,nan,2.00353417786e-12,nan,nan
7236,4.40650249124e-11,0,6.64071489318e-12,nan,nan,1.95877351215e-12,nan,nan
7240,4.38872991073e-11,0,6.47907400573e-12,nan,nan,1.92557930539e-12,nan,nan
7244,4.37084847693e-11,0,6.32805832184e-12,nan,nan,1.9036864475e-12,nan,nan
7248,4.35285934185e-11,0,6.18737746111e-12,nan,nan,1.89296751804e-12,nan,nan
7252,4.33476365917e-11,0,6.05689473012e-12,nan,nan,1.89342704329e-12,nan,nan
7256,4.31656258432e-11,0,5.93662965449e-12,nan,nan,1.90519959682e-12,nan,nan
7260,4.29825727439e-11,0,5.82676554796e-12,nan,nan,1.92855179776e-12,nan,nan
7264,4.27984888816e-11,0,5.72766085947e-12,nan,nan,1.96388872438e-12,nan,nan
7268,4.2613385861e-11,0,5.63986568226e-12,nan,nan,2.0117648063e-12,nan,nan
7272,4.24272753031e-11,0,5.56414294014e-12,nan,nan,2.07289937729e-12,nan,nan
7276,4.22401688456e-11,0,5.50149512913e-12,nan,nan,2.14819807843e-12,nan,nan
7280,4.20520781426e-11,0,5.45319663453e-12,nan,nan,2.23877972734e-12,nan,nan
7284,4.18630148648e-11,0,5.42083241853e-12,nan,nan,2.34601036313e-12,nan,nan
7288,4.16729906988e-11,0,5.4063429694e-12,nan,nan,2.47154534327e-12,nan,nan
7292,4.14820173479e-11,0,5.41207634289e-12,nan,nan,2.61738017768e-12,nan,nan
7296,4.12901065313e-11,0,5.44084756238e-12,nan,nan,2.78591347754e-12,nan,nan
7300,4.10972699847e-11,0,5.49600614421e-12,nan,nan,2.98002310759e-12,nan,nan
7304,4.09035194597e-11,0,5.58151312743e-12,nan,nan,3.20315904397e-12,nan,nan
7308,4.07088667243e-11,0,5.70202970393e-12,nan,nan,3.45945760347e-12,nan,nan
7312,4.05133235626e-11,0,5.86302190232e-12,nan,nan,3.75388024312e-12,nan,nan
7316,4.03169017748e-11,0,6.0708861355e-12,nan,nan,4.0923844864e-12,nan,nan
7320,4.01196131776e-11,0,6.33310525946e-12,nan,nan,4.48213279845e-12,nan,nan
7324,3.99214696037e-11,0,6.65844510501e-12,nan,nan,4.93174830271e-12,nan,nan
7328,3.97224829022e-11,0,7.05720428471e-12,nan,nan,5.45162670449e-12,nan,nan
7332,3.95226649387e-11,0,7.54153111921e-12,nan,nan,6.05431451769e-12,nan,nan
7336,3.93220275952e-11,0,8.12581884603e-12,nan,nan,6.754963909e-12,nan,nan
7340,3.91205827704e-11,0,8.82718726035e-12,nan,nan,7.57187148628e-12,nan,nan
7344,3.89183423794e-11,0,9.66604904145e-12,nan,nan,8.52710346608e-12,nan,nan
7348,3.87153183547e-11,0,1.06667450995e-11,nan,nan,9.64719470552e-12,nan,nan
7352,3.85115226454e-11,0,1.18582040829e-11,nan,nan,1.09638859421e-11,nan,nan
7356,3.83069672178e-11,0,1.32745391977e-11,nan,nan,1.25148169658e-11,nan,nan
7360,3.81016640559e-11,0,1.49554180361e-11,nan,nan,1.43440167246e-11,nan,nan
7364,3.7895625161e-11,0,1.69459247475e-11,nan,nan,1.65019075081e-11,nan,nan
7368,3.76888625524e-11,0,1.92954548889e-11,nan,nan,1.90443492441e-11,nan,nan
7372,3.74813882676e-11,0,2.20549393902e-11,nan,nan,2.20299827027e-11,nan,nan
7376,3.72732143625e-11,0,2.52713992811e-11,nan,nan,2.55148015863e-11,nan,nan
7380,3.70643529115e-11,0,2.89785851395e-11,nan,nan,2.95425786436e-11,nan,nan
7384,3.68548160086e-11,0,3.31824722249e-11,nan,nan,3.41297250908e-11,nan,nan
7388,3.66446157668e-11,0,3.78411122984e-11,nan,nan,3.92438346922e-11,nan,nan
7392,3.64337643192e-11,0,4.28403908577e-11,nan,nan,4.47772300296e-11,nan,nan
7396,3.62222738192e-11,0,4.79711059024e-11,nan,nan,5.0520884191e-11,nan,nan
7400,3.60101564409e-11,0,5.29179342266e-11,nan,nan,5.61497137104e-11,nan,nan
7404,3.57974243801e-11,0,5.72745641051e-11,nan,nan,6.12346878418e-11,nan,nan
7408,3.55840898538e-11,0,6.05963832801e-11,nan,nan,6.52949760762e-11,nan,nan
7412,3.5370165102e-11,0,6.24882559869e-11,nan,nan,6.78894169955e-11,nan,nan
7416,3.51556623874e-11,0,6.27031820558e-11,nan,nan,6.87234144387e-11,nan,nan
7420,3.49405939966e-11,0,6.12120686828e-11,nan,nan,6.77293810968e-11,nan,nan
7424,3.47249722406e-11,0,5.8211516724e-11,nan,nan,6.50836966894e-11,nan,nan
7428,3.45088094556e-11,0,5.40659254903e-11,nan,nan,6.11529740356e-11,nan,nan
7432,3.42921180036e-11,0,4.92122309418e-11,nan,nan,5.63970274031e-11,nan,nan
7436,3.40749102736e-11,0,4.40676208195e-11,nan,nan,5.12707984247e-11,nan,nan
7440,3.38571986823e-11,0,3.89686860532e-11,nan,nan,4.61567981531e-11,nan,nan
7444,3.3638995675e-11,0,3.41488429029e-11,nan,nan,4.13372759038e-11,nan,nan
7448,3.34203137267e-11,0,2.97450041105e-11,nan,nan,3.69978644909e-11,nan,nan
7452,3.32011653432e-11,0,2.58196354803e-11,nan,nan,3.32481667659e-11,nan,nan
7456,3.29815630623e-11,0,2.23871842357e-11,nan,nan,3.01466633321e-11,nan,nan
7460,3.27615194546e-11,0,1.9439117986e-11,nan,nan,2.77220369493e-11,nan,nan
7464,3.25410471252e-11,0,1.6966135167e-11,nan,nan,2.59872138952e-11,nan,nan
7468,3.23201587149e-11,0,1.49781228964e-11,nan,nan,2.49454902471e-11,nan,nan
7472,3.20988669015e-11,0,1.35209548381e-11,nan,nan,2.45906146218e-11,nan,nan
7476,3.18771844013e-11,0,1.2682483061e-11,nan,nan,2.49045552581e-11,nan,nan
7480,3.16551239709e-11,0,1.25718103959e-11,nan,nan,2.58565496175e-11,nan,nan
7484,3.14326984084e-11,0,1.32681103464e-11,nan,nan,2.74043070911e-11,nan,nan
7488,3.12099205556e-11,0,1.47776154956e-11,nan,nan,2.94950443075e-11,nan,nan
7492,3.09868032995e-11,0,1.70403512808e-11,nan,nan,3.20631799363e-11,nan,nan
7496,3.07633595742e-11,0,1.99639984067e-11,nan,nan,3.50232142903e-11,nan,nan
7500,3.05396023631e-11,0,2.34404217176e-11,nan,nan,3.82588564571e-11,nan,nan
7504,3.03155447009e-11,0,2.73372374431e-11,nan,nan,4.16117291125e-11,nan,nan
7508,3.00911996759e-11,0,3.14798120319e-11,nan,nan,4.48748657278e-11,nan,nan
7512,2.98665804321e-11,0,3.56389942617e-11,nan,nan,4.77973540559e-11,nan,nan
7516,2.96417001722e-11,0,3.95352647705e-11,nan,nan,5.01055867511e-11,nan,nan
7520,2.94165721594e-11,0,4.28649889846e-11,nan,nan,5.1542062727e-11,nan,nan
7524,2.91912097206e-11,0,4.53466241454e-11,nan,nan,5.19146101819e-11,nan,nan
7528,2.89656262492e-11,0,4.67746607541e-11,nan,nan,5.1140747475e-11,nan,nan
7532,2.8739835208e-11,0,4.70621676344e-11,nan,nan,4.92696374446e-11,nan,nan
7536,2.85138501324e-11,0,4.62550873559e-11,nan,nan,4.64714659801e-11,nan,nan
7540,2.82876846333e-11,0,4.4513273284e-11,nan,nan,4.29979677472e-11,nan,nan
7544,2.80613524013e-11,0,4.20675866989e-11,nan,nan,3.9129600616e-11,nan,nan
7548,2.78348672094e-11,0,3.91702951415e-11,nan,nan,3.51275420295e-11,nan,nan
7552,2.76082429177e-11,0,3.60542426352e-11,nan,nan,3.12024377003e-11,nan,nan
7556,2.73814934765e-11,0,3.29084368701e-11,nan,nan,2.75024469032e-11,nan,nan
7560,2.7154632931e-11,0,2.98697755196e-11,nan,nan,2.41162449872e-11,nan,nan
7564,2.69276754259e-11,0,2.70261742136e-11,nan,nan,2.10842500992e-11,nan,nan
7568,2.67006352091e-11,0,2.44255464183e-11,nan,nan,1.84122804263e-11,nan,nan
7572,2.64735266373e-11,0,2.20863540847e-11,nan,nan,1.60840638851e-11,nan,nan
7576,2.6246364181e-11,0,2.00072412226e-11,nan,nan,1.40710604013e-11,nan,nan
7580,2.60191624292e-11,0,1.81747175897e-11,nan,nan,1.23393839457e-11,nan,nan
7584,2.57919360957e-11,0,1.65687526521e-11,nan,nan,1.08542542327e-11,nan,nan
7588,2.55647000243e-11,0,1.51665677789e-11,nan,nan,9.58259896283e-12,nan,nan
7592,2.53374691954e-11,0,1.3945041983e-11,nan,nan,8.49439059955e-12,nan,nan
7596,2.51102587322e-11,0,1.28821308328e-11,nan,nan,7.56317793423e-12,nan,nan
7600,2.48830839075e-11,0,1.19576209992e-11,nan,nan,6.76614160363e-12,nan,nan
7604,2.46559601507e-11,0,1.11534602888e-11,nan,nan,6.08389299056e-12,nan,nan
7608,2.44289030551e-11,0,1.04538299347e-11,nan,nan,5.50015321205e-12,nan,nan
7612,2.42019283864e-11,0,9.84507080417e-12,nan,nan,5.00139519468e-12,nan,nan
7616,2.39750520898e-11,0,9.31553514547e-12,nan,nan,4.57649215412e-12,nan,nan
7620,2.37482902996e-11,0,8.8554086471e-12,nan,nan,4.21639566046e-12,nan,nan
7624,2.35216593477e-11,0,8.45652933128e-12,nan,nan,3.91384947802e-12,nan,nan
7628,2.32951757731e-11,0,8.11221888064e-12,nan,nan,3.66313955807e-12,nan,nan
7632,2.30688563323e-11,0,7.81713380502e-12,nan,nan,3.45987422745e-12,nan,nan
7636,2.28427180094e-11,0,7.56714041157e-12,nan,nan,3.30078802319e-12,nan,nan
7640,2.2616778027e-11,0,7.35921284366e-12,nan,nan,3.18356391776e-12,nan,nan
7644,2.23910538584e-11,0,7.19135323811e-12,nan,nan,3.10667103956e-12,nan,nan
7648,2.21655632392e-11,0,7.06252903485e-12,nan,nan,3.06922021434e-12,nan,nan
7652,2.19403241803e-11,0,6.97262239927e-12,nan,nan,3.07084384928e-12,nan,nan
7656,2.17153549815e-11,0,6.92238316893e-12,nan,nan,3.11160695426e-12,nan,nan
7660,2.14906742457e-11,0,6.91337491838e-12,nan,nan,3.19195436113e-12,nan,nan
7664,2.12663008936e-11,0,6.9479015408e-12,nan,nan,3.31268988319e-12,nan,nan
7668,2.10422541795e-11,0,7.02889795891e-12,nan,nan,3.47497497005e-12,nan,nan
7672,2.08185537078e-11,0,7.15976827985e-12,nan,nan,3.68032572538e-12,nan,nan
7676,2.05952194508e-11,0,7.34415113157e-12,nan,nan,3.93058176184e-12,nan,nan
7680,2.03722717662e-11,0,7.58559227919e-12,nan,nan,4.22781817059e-12,nan,nan
7684,2.01497314172e-11,0,7.88710178689e-12,nan,nan,4.57417033708e-12,nan,nan
7688,1.99276195921e-11,0,8.25057384412e-12,nan,nan,4.97153833487e-12,nan,nan
7692,1.97059579264e-11,0,8.67604635482e-12,nan,nan,5.42113893613e-12,nan,nan
7696,1.94847685246e-11,0,9.16078668238e-12,nan,nan,5.92287199753e-12,nan,nan
7700,1.92640739845e-11,0,9.69821149304e-12,nan,nan,6.47448420148e-12,nan,nan
7704,1.90438974218e-11,0,1.02766974458e-11,nan,nan,7.07054200269e-12,nan,nan
7708,1.88242624967e-11,0,1.08784206317e-11,nan,nan,7.70128537675e-12,nan,nan
7712,1.86051934412e-11,0,1.1478482689e-11,nan,nan,8.3515278991e-12,nan,nan
7716,1.8386715089e-11,0,1.20447100374e-11,nan,nan,8.9998850182e-12,nan,nan
7720,1.81688529054e-11,0,1.25386046418e-11,nan,nan,9.61872602311e-12,nan,nan
7724,1.79516330206e-11,0,1.29178817026e-11,nan,nan,1.01752811578e-11,nan,nan
7728,1.77350822631e-11,0,1.31407631887e-11,nan,nan,1.06342148283e-11,nan,nan
7732,1.75192281961e-11,0,1.31716691351e-11,nan,nan,1.09616317777e-11,nan,nan
7736,1.73040991552e-11,0,1.29872783278e-11,nan,nan,1.11299570747e-11,nan,nan
7740,1.70897242882e-11,0,1.25814160064e-11,nan,nan,1.11226106087e-11,nan,nan
7744,1.68761335974e-11,0,1.19672161093e-11,nan,nan,1.09371711836e-11,nan,nan
7748,1.66633579832e-11,0,1.11756808922e-11,nan,nan,1.05860202429e-11,nan,nan
7752,1.64514292911e-11,0,1.02509025741e-11,nan,nan,1.00942165636e-11,nan,nan
7756,1.62403803604e-11,0,9.24328842696e-12,nan,nan,9.49525102664e-12,nan,nan
7760,1.60302450753e-11,0,8.2026242991e-12,nan,nan,8.82592246805e-12,nan,nan
7764,1.58210584193e-11,0,7.17255580678e-12,nan,nan,8.1216321129e-12,nan,nan
7768,1.56128565317e-11,0,6.18731400885e-12,nan,nan,7.41298238716e-12,nan,nan
7772,1.54056767668e-11,0,5.27069989062e-12,nan,nan,6.7239834175e-12,nan,nan
7776,1.51995577568e-11,0,4.43679025242e-12,nan,nan,6.07168344465e-12,nan,nan
7780,1.49945394768e-11,0,3.69164017232e-12,nan,nan,5.46678829458e-12,nan,nan
7784,1.47906633132e-11,0,3.03533598398e-12,nan,nan,4.91480116775e-12,nan,nan
7788,1.45879721353e-11,0,2.46395957288e-12,nan,nan,4.41731047868e-12,nan,nan
7792,1.438651037e-11,0,1.97123782821e-12,nan,nan,3.97318844845e-12,nan,nan
7796,1.41863240792e-11,0,1.54981326758e-12,nan,nan,3.57958685604e-12,nan,nan
7800,1.39874610419e-11,0,1.1921828436e-12,nan,nan,3.23269845147e-12,nan,nan
7804,1.37899708368e-11,0,8.91425534536e-13,nan,nan,2.92830180591e-12,nan,nan
7808,1.35939049314e-11,0,6.4195821548e-13,nan,nan,2.66212746613e-12,nan,nan
7812,1.33993167706e-11,0,4.40894688333e-13,nan,nan,2.43008780308e-12,nan,nan
7816,1.32062618712e-11,0,2.91653280747e-13,nan,nan,2.22840878684e-12,nan,nan
7820,1.30147979168e-11,0,2.11099359339e-13,nan,nan,2.05369445824e-12,nan,nan
7824,1.28249848564e-11,0,2.13318294378e-13,nan,nan,1.90294731549e-12,nan,nan
7828,1.26368850043e-11,0,2.63051220257e-13,nan,nan,1.77356189053e-12,nan,nan
7832,1.24505631419e-11,0,3.21075497687e-13,nan,nan,1.66330148154e-12,nan,nan
7836,1.22660866204e-11,0,3.72747000557e-13,nan,nan,1.57026738572e-12,nan,nan
7840,1.20835254639e-11,0,4.14117183973e-13,nan,nan,1.49286359328e-12,nan,nan
7844,1.19029524716e-11,0,4.44473552921e-13,nan,nan,1.4297612182e-12,nan,nan
7848,1.17244433192e-11,0,4.64070302126e-13,nan,nan,1.37986325819e-12,nan,nan
7852,1.15480766571e-11,0,4.73410305796e-13,nan,nan,1.34227122141e-12,nan,nan
7856,1.13739342048e-11,0,4.72995006672e-13,nan,nan,1.31625351845e-12,nan,nan
7860,1.12021008401e-11,0,4.63236064344e-13,nan,nan,1.30121593524e-12,nan,nan
7864,1.10326646807e-11,0,4.44430937376e-13,nan,nan,1.29667333195e-12,nan,nan
7868,1.08657171562e-11,0,4.16775270184e-13,nan,nan,1.30222199808e-12,nan,nan
7872,1.0701353069e-11,0,3.80410642147e-13,nan,nan,1.31751119524e-12,nan,nan
7876,1.05396706404e-11,0,3.35542266746e-13,nan,nan,1.34221200514e-12,nan,nan
7880,1.03807715395e-11,0,2.82739690765e-13,nan,nan,1.37598175579e-12,nan,nan
7884,1.02247608921e-11,0,2.23836958216e-13,nan,nan,1.41842056382e-12,nan,nan
7888,1.00717472645e-11,0,1.65213806225e-13,nan,nan,1.46901990635e-12,nan,nan
7892,9.92184262035e-12,0,1.29642959839e-13,nan,nan,1.52710003072e-12,nan,nan
7896,9.77516224494e-12,0,1.58510554695e-13,nan,nan,1.5917382419e-12,nan,nan
7900,9.63182463268e-12,0,2.44898399642e-13,nan,nan,1.66169067325e-12,nan,nan
7904,9.49195133385e-12,0,3.60794136378e-13,nan,nan,1.73531520297e-12,nan,nan
7908,9.35566675499e-12,0,4.95169239932e-13,nan,nan,1.81050768127e-12,nan,nan
7912,9.22309790864e-12,0,6.43700414193e-13,nan,nan,1.88466951851e-12,nan,nan
7916,9.09437410757e-12,0,8.03450984712e-13,nan,nan,1.95472904989e-12,nan,nan
7920,8.96962659889e-12,0,9.71360226155e-13,nan,nan,2.01723867489e-12,nan,nan
7924,8.84898813415e-12,0,1.14378080546e-12,nan,nan,2.06856508906e-12,nan,nan
7928,8.73259247184e-12,0,1.31640660971e-12,nan,nan,2.10517309452e-12,nan,nan
7932,8.62057380963e-12,0,1.48443377435e-12,nan,nan,2.12398044219e-12,nan,nan
7936,8.51306614513e-12,0,1.64289695264e-12,nan,nan,2.12273327017e-12,nan,nan
7940,8.41020256459e-12,0,1.78711989118e-12,nan,nan,2.1003307337e-12,nan,nan
7944,8.31211446161e-12,0,1.91319637361e-12,nan,nan,2.05702468184e-12,nan,nan
7948,8.21893068888e-12,0,2.01840207658e-12,nan,nan,1.99443892821e-12,nan,nan
7952,8.13077664876e-12,0,2.10145079654e-12,nan,nan,1.91539609966e-12,nan,nan
7956,8.04777333074e-12,0,2.16254512182e-12,nan,nan,1.82358605329e-12,nan,nan
7960,7.9700363058e-12,0,2.20322530273e-12,nan,nan,1.72314745943e-12,nan,nan
7964,7.89767469111e-12,0,2.22606609251e-12,nan,nan,1.61824718414e-12,nan,nan
7968,7.83079009975e-12,0,2.23429830244e-12,nan,nan,1.51272853544e-12,nan,nan
7972,7.76947559357e-12,0,2.2314308209e-12,nan,nan,1.40987080264e-12,nan,nan
7976,7.71381465786e-12,0,2.22093169056e-12,nan,nan,1.31226963208e-12,nan,nan
7980,7.66388021907e-12,0,2.20599688488e-12,nan,nan,1.22182145287e-12,nan,nan
7984,7.61973372658e-12,0,2.18941343479e-12,nan,nan,1.13978321789e-12,nan,nan
7988,7.58142432036e-12,0,2.1735021349e-12,nan,nan,1.06687525057e-12,nan,nan
7992,7.54898810465e-12,0,2.16012160787e-12,nan,nan,1.0033999968e-12,nan,nan
7996,7.52244754718e-12,0,2.15071037142e-12,nan,nan,9.49358629491e-13,nan,nan
8000,7.50181102007e-12,0,2.14634957197e-12,nan,nan,9.04553735343e-13,nan,nan
8004,7.48707249614e-12,0,2.14783221567e-12,nan,nan,8.68674195592e-13,nan,nan
8008,7.47821140913e-12,0,2.15573040727e-12,nan,nan,8.41361273908e-13,nan,nan
8012,7.47519268457e-12,0,2.17045557337e-12,nan,nan,8.22258450997e-13,nan,nan
8016,7.47796693981e-12,0,2.19230893804e-12,nan,nan,8.11047248839e-13,nan,nan
8020,7.48647085033e-12,0,2.221522603e-12,nan,nan,8.07472553376e-13,nan,nan
8024,7.50062767327e-12,0,2.25829083384e-12,nan,nan,8.11359539701e-13,nan,nan
8028,7.52034791501e-12,0,2.30279271332e-12,nan,nan,8.22625007263e-13,nan,nan
8032,7.54553012694e-12,0,2.35520719157e-12,nan,nan,8.41284100251e-13,nan,nan
8036,7.57606181008e-12,0,2.41572048127e-12,nan,nan,8.67453955042e-13,nan,nan
8040,7.61182040759e-12,0,2.48452700124e-12,nan,nan,9.01354971505e-13,nan,nan
8044,7.65267436291e-12,0,2.56182315975e-12,nan,nan,9.43309839563e-13,nan,nan
8048,7.69848422153e-12,0,2.64779361955e-12,nan,nan,9.93740298069e-13,nan,nan
8052,7.74910375405e-12,0,2.74258979786e-12,nan,nan,1.05316146174e-12,nan,nan
8056,7.80438108058e-12,0,2.84629856446e-12,nan,nan,1.12217227532e-12,nan,nan
8060,7.86415977732e-12,0,2.95890049679e-12,nan,nan,1.20144138207e-12,nan,nan
8064,7.92827994907e-12,0,3.08021613524e-12,nan,nan,1.29168615041e-12,nan,nan
8068,7.99657925354e-12,0,3.20983905676e-12,nan,nan,1.39364321994e-12,nan,nan
8072,8.06889386632e-12,0,3.34705537845e-12,nan,nan,1.50802778686e-12,nan,nan
8076,8.14505937748e-12,0,3.4907509295e-12,nan,nan,1.63547954529e-12,nan,nan
8080,8.22491161401e-12,0,3.63930919533e-12,nan,nan,1.77649329227e-12,nan,nan
8084,8.30828738396e-12,0,3.79050658232e-12,nan,nan,1.93133307079e-12,nan,nan
8088,8.395025141e-12,0,3.94141566921e-12,nan,nan,2.09993171936e-12,nan,nan
8092,8.48496556918e-12,0,4.08833253121e-12,nan,nan,2.28177907445e-12,nan,nan
8096,8.57795208996e-12,0,4.22674892947e-12,nan,nan,2.47580872615e-12,nan,nan
8100,8.67383129431e-12,0,4.35139443419e-12,nan,nan,2.68029604114e-12,nan,nan
8104,8.77245330391e-12,0,4.45637368423e-12,nan,nan,2.89278770797e-12,nan,nan
8108,8.87367206619e-12,0,4.53542014527e-12,nan,nan,3.11008468216e-12,nan,nan
8112,8.9773455881e-12,0,4.5822743601e-12,nan,nan,3.32830244336e-12,nan,nan
8116,9.08333611436e-12,0,4.59117605591e-12,nan,nan,3.54302574283e-12,nan,nan
8120,9.19151025541e-12,0,4.55743404454e-12,nan,nan,3.7495631636e-12,nan,nan
8124,9.30173907061e-12,0,4.47801385562e-12,nan,nan,3.94328834184e-12,nan,nan
8128,9.41389811195e-12,0,4.35206827515e-12,nan,nan,4.12003290167e-12,nan,nan
8132,9.5278674334e-12,0,4.18133993222e-12,nan,nan,4.2764783335e-12,nan,nan
8136,9.6435315705e-12,0,3.97038997623e-12,nan,nan,4.41048531205e-12,nan,nan
8140,9.76077949463e-12,0,3.72665240775e-12,nan,nan,4.52130365961e-12,nan,nan
8144,9.87950454609e-12,0,3.46036516275e-12,nan,nan,4.6096268312e-12,nan,nan
8148,9.99960434951e-12,0,3.18446001563e-12,nan,nan,4.6774811737e-12,nan,nan
8152,1.0120980715e-11,0,2.91446650411e-12,nan,nan,4.72797152908e-12,nan,nan
8156,1.0243539528e-11,0,2.66832688059e-12,nan,nan,4.76492394102e-12,nan,nan
8160,1.03671906298e-11,0,2.46566675305e-12,nan,nan,4.79247907986e-12,nan,nan
8164,1.04918476925e-11,0,2.32562936146e-12,nan,nan,4.81468538502e-12,nan,nan
8168,1.06174280887e-11,0,2.26262511353e-12,nan,nan,4.83513360074e-12,nan,nan
8172,1.07438527581e-11,0,2.281336224e-12,nan,nan,4.85665770363e-12,nan,nan
8176,1.08710460735e-11,0,2.3746753344e-12,nan,nan,4.88111773666e-12,nan,nan
8180,1.09989357061e-11,0,2.52680436629e-12,nan,nan,4.90926848976e-12,nan,nan
8184,1.11274524913e-11,0,2.71862466555e-12,nan,nan,4.94071317473e-12,nan,nan
8188,1.12565302973e-11,0,2.93192757447e-12,nan,nan,4.97393919928e-12,nan,nan
8192,1.13861058942e-11,0,3.15106586075e-12,nan,nan,5.00643187614e-12,nan,nan
8196,1.15161188283e-11,0,3.36304051685e-12,nan,nan,5.0348611985e-12,nan,nan
8200,1.16465112975e-11,0,3.55705966045e-12,nan,nan,5.05533577902e-12,nan,nan
8204,1.17772280322e-11,0,3.72412785298e-12,nan,nan,5.06371229329e-12,nan,nan
8208,1.19082161788e-11,0,3.85684050149e-12,nan,nan,5.05594219111e-12,nan,nan
8212,1.20394251885e-11,0,3.94937586836e-12,nan,nan,5.02842932436e-12,nan,nan
8216,1.21708067087e-11,0,3.99760820819e-12,nan,nan,4.97836248223e-12,nan,nan
8220,1.23023144806e-11,0,3.99925256363e-12,nan,nan,4.90398586098e-12,nan,nan
8224,1.24339042395e-11,0,3.95395627927e-12,nan,nan,4.80477068117e-12,nan,nan
8228,1.256553362e-11,0,3.86327811941e-12,nan,nan,4.68146558634e-12,nan,nan
8232,1.26971620655e-11,0,3.73052557421e-12,nan,nan,4.53601984546e-12,nan,nan
8236,1.28287507417e-11,0,3.56045572704e-12,nan,nan,4.371392421e-12,nan,nan
8240,1.29602624536e-11,0,3.35887542417e-12,nan,nan,4.19128060266e-12,nan,nan
8244,1.30916615675e-11,0,3.13219359129e-12,nan,nan,3.99980750814e-12,nan,nan
8248,1.32229139356e-11,0,2.88698447365e-12,nan,nan,3.80121309513e-12,nan,nan
8252,1.33539868253e-11,0,2.62961265963e-12,nan,nan,3.5995823844e-12,nan,nan
8256,1.34848488513e-11,0,2.36595636287e-12,nan,nan,3.39863597901e-12,nan,nan
8260,1.36154699111e-11,0,2.10124916511e-12,nan,nan,3.20159048785e-12,nan,nan
8264,1.37458211244e-11,0,1.84005043649e-12,nan,nan,3.01108834391e-12,nan,nan
8268,1.38758747751e-11,0,1.58635605124e-12,nan,nan,2.82918565701e-12,nan,nan
8272,1.40056042557e-11,0,1.34388327458e-12,nan,nan,2.65738371838e-12,nan,nan
8276,1.41349840162e-11,0,1.11662645069e-12,nan,nan,2.49668950774e-12,nan,nan
8280,1.42639895139e-11,0,9.09916827759e-13,nan,nan,2.34769104147e-12,nan,nan
8284,1.43925971664e-11,0,7.32426950476e-13,nan,nan,2.2106373406e-12,nan,nan
8288,1.4520784308e-11,0,5.99265440137e-13,nan,nan,2.08551558729e-12,nan,nan
8292,1.46485291465e-11,0,5.32262766996e-13,nan,nan,1.97212050504e-12,nan,nan
8296,1.47758107241e-11,0,5.45473442267e-13,nan,nan,1.87011412073e-12,nan,nan
8300,1.49026088791e-11,0,6.2602026243e-13,nan,nan,1.77907490412e-12,nan,nan
8304,1.502890421e-11,0,7.47080998969e-13,nan,nan,1.69853681613e-12,nan,nan
8308,1.51546780417e-11,0,8.88632992082e-13,nan,nan,1.6280195758e-12,nan,nan
8312,1.52799123932e-11,0,1.03999825109e-12,nan,nan,1.56705086143e-12,nan,nan
8316,1.54045899468e-11,0,1.19604908045e-12,nan,nan,1.51518265003e-12,nan,nan
8320,1.55286940194e-11,0,1.35444835411e-12,nan,nan,1.47200230913e-12,nan,nan
8324,1.56522085347e-11,0,1.51425266572e-12,nan,nan,1.43714020765e-12,nan,nan
8328,1.57751179976e-11,0,1.67523961971e-12,nan,nan,1.41027427327e-12,nan,nan
8332,1.58974074689e-11,0,1.83757560829e-12,nan,nan,1.39113293595e-12,nan,nan
8336,1.60190625423e-11,0,2.00164384498e-12,nan,nan,1.37949659857e-12,nan,nan
8340,1.6140069322e-11,0,2.16795188965e-12,nan,nan,1.37519859741e-12,nan,nan
8344,1.62604144013e-11,0,2.33707931486e-12,nan,nan,1.37812546351e-12,nan,nan
8348,1.63800848431e-11,0,2.50964702985e-12,nan,nan,1.38821715998e-12,nan,nan
8352,1.64990681605e-11,0,2.6862983398e-12,nan,nan,1.40546723987e-12,nan,nan
8356,1.66173522985e-11,0,2.86768556092e-12,nan,nan,1.42992288492e-12,nan,nan
8360,1.67349256174e-11,0,3.05446016483e-12,nan,nan,1.46168464424e-12,nan,nan
8364,1.68517768761e-11,0,3.24726271824e-12,nan,nan,1.5009059628e-12,nan,nan
8368,1.69678952166e-11,0,3.44671271092e-12,nan,nan,1.54779235e-12,nan,nan
8372,1.70832701494e-11,0,3.65339586565e-12,nan,nan,1.60259951558e-12,nan,nan
8376,1.71978915395e-11,0,3.86784884388e-12,nan,nan,1.66563077615e-12,nan,nan
8380,1.73117495929e-11,0,4.09053998889e-12,nan,nan,1.7372325345e-12,nan,nan
8384,1.74248348438e-11,0,4.32184546765e-12,nan,nan,1.81778887874e-12,nan,nan
8388,1.75371381431e-11,0,4.56202015563e-12,nan,nan,1.90771284249e-12,nan,nan
8392,1.76486506462e-11,0,4.811162862e-12,nan,nan,2.00743574249e-12,nan,nan
8396,1.77593638025e-11,0,5.0691754772e-12,nan,nan,2.11739284689e-12,nan,nan
8400,1.7869269345e-11,0,5.33571621595e-12,nan,nan,2.23800523838e-12,nan,nan
8404,1.79783592799e-11,0,5.61014832587e-12,nan,nan,2.36965770127e-12,nan,nan
8408,1.80866258778e-11,0,5.89148473007e-12,nan,nan,2.51267160919e-12,nan,nan
8412,1.8194061664e-11,0,6.17833261714e-12,nan,nan,2.667273596e-12,nan,nan
8416,1.83006594103e-11,0,6.46884131532e-12,nan,nan,2.83355963729e-12,nan,nan
8420,1.84064121269e-11,0,6.7606590144e-12,nan,nan,3.01145600034e-12,nan,nan
8424,1.8511313054e-11,0,7.05090600674e-12,nan,nan,3.20067816325e-12,nan,nan
8428,1.86153556549e-11,0,7.33617298808e-12,nan,nan,3.40069089151e-12,nan,nan
8432,1.87185336086e-11,0,7.61255411159e-12,nan,nan,3.61067187412e-12,nan,nan
8436,1.88208408028e-11,0,7.87572491278e-12,nan,nan,3.82948415369e-12,nan,nan
8440,1.89222713276e-11,0,8.12107409227e-12,nan,nan,4.05566184369e-12,nan,nan
8444,1.90228194694e-11,0,8.34389468441e-12,nan,nan,4.28741365318e-12,nan,nan
8448,1.91224797045e-11,0,8.53963575382e-12,nan,nan,4.52264940089e-12,nan,nan
8452,1.92212466937e-11,0,8.70420889162e-12,nan,nan,4.75903186998e-12,nan,nan
8456,1.93191152768e-11,0,8.83433426857e-12,nan,nan,4.99405459392e-12,nan,nan
8460,1.94160804672e-11,0,8.92790278304e-12,nan,nan,5.22514224554e-12,nan,nan
8464,1.95121374472e-11,0,8.98432179131e-12,nan,nan,5.44976807426e-12,nan,nan
8468,1.9607281563e-11,0,9.00480415282e-12,nan,nan,5.66557670572e-12,nan,nan
8472,1.97015083199e-11,0,8.99255882974e-12,nan,nan,5.87050118811e-12,nan,nan
8476,1.97948133783e-11,0,8.95283896687e-12,nan,nan,6.06286002894e-12,nan,nan
8480,1.98871925493e-11,0,8.89280979048e-12,nan,nan,6.24142207129e-12,nan,nan
8484,1.99786417905e-11,0,8.82120817726e-12,nan,nan,6.40543092639e-12,nan,nan
8488,2.00691572025e-11,0,8.7477834116e-12,nan,nan,6.55458441298e-12,nan,nan
8492,2.01587350246e-11,0,8.68253483811e-12,nan,nan,6.68897213654e-12,nan,nan
8496,2.02473716316e-11,0,8.63480232243e-12,nan,nan,6.80897748168e-12,nan,nan
8500,2.03350635306e-11,0,8.61230966514e-12,nan,nan,6.91515758096e-12,nan,nan
8504,2.04218073569e-11,0,8.6203019288e-12,nan,nan,7.00811450277e-12,nan,nan
8508,2.05075998716e-11,0,8.66092798931e-12,nan,nan,7.08837405989e-12,nan,nan
8512,2.05924379581e-11,0,8.7329883167e-12,nan,nan,7.15628487091e-12,nan,nan
8516,2.06763186195e-11,0,8.83208958978e-12,nan,nan,7.21194915792e-12,nan,nan
8520,2.07592389754e-11,0,8.95115940099e-12,nan,nan,7.25519182205e-12,nan,nan
8524,2.08411962594e-11,0,9.08120298322e-12,nan,nan,7.28556917222e-12,nan,nan
8528,2.09221878164e-11,0,9.21216479674e-12,nan,nan,7.30241609404e-12,nan,nan
8532,2.10022111003e-11,0,9.33377262798e-12,nan,nan,7.30492436519e-12,nan,nan
8536,2.10812636712e-11,0,9.43628716235e-12,nan,nan,7.29224227676e-12,nan,nan
8540,2.11593431933e-11,0,9.51111646894e-12,nan,nan,7.26358437173e-12,nan,nan
8544,2.12364474327e-11,0,9.55128340745e-12,nan,nan,7.21833745064e-12,nan,nan
8548,2.13125742552e-11,0,9.55174830889e-12,nan,nan,7.15615179197e-12,nan,nan
8552,2.13877216239e-11,0,9.50959106315e-12,nan,nan,7.07700615952e-12,nan,nan
8556,2.14618875976e-11,0,9.42406156409e-12,nan,nan,6.98124105264e-12,nan,nan
8560,2.15350703288e-11,0,9.29650520894e-12,nan,nan,6.86955664142e-12,nan,nan
8564,2.16072680615e-11,0,9.1301759125e-12,nan,nan,6.7429778078e-12,nan,nan
8568,2.16784791297e-11,0,8.9299504369e-12,nan,nan,6.60279119201e-12,nan,nan
8572,2.17487019556e-11,0,8.70196248858e-12,nan,nan,6.45046467787e-12,nan,nan
8576,2.1817935048e-11,0,8.45317749672e-12,nan,nan,6.28755751677e-12,nan,nan
8580,2.18861770001e-11,0,8.19092943661e-12,nan,nan,6.1156337097e-12,nan,nan
8584,2.19534264889e-11,0,7.92244346762e-12,nan,nan,5.93618699555e-12,nan,nan
8588,2.2019682273e-11,0,7.65436947382e-12,nan,nan,5.75058426988e-12,nan,nan
8592,2.2084943191e-11,0,7.39235549414e-12,nan,nan,5.56003229688e-12,nan,nan
8596,2.21492081608e-11,0,7.14069398935e-12,nan,nan,5.36556778101e-12,nan,nan
8600,2.22124761777e-11,0,6.90207633488e-12,nan,nan,5.16806971485e-12,nan,nan
8604,2.2274746313e-11,0,6.67748823317e-12,nan,nan,4.96828876773e-12,nan,nan
8608,2.23360177131e-11,0,6.46626383538e-12,nan,nan,4.76688894923e-12,nan,nan
8612,2.2396289598e-11,0,6.26629764558e-12,nan,nan,4.56449393988e-12,nan,nan
8616,2.24555612602e-11,0,6.07438583242e-12,nan,nan,4.36173226318e-12,nan,nan
8620,2.25138320636e-11,0,5.88664925392e-12,nan,nan,4.15927564513e-12,nan,nan
8624,2.25711014421e-11,0,5.69897804192e-12,nan,nan,3.9578662074e-12,nan,nan
8628,2.26273688991e-11,0,5.50744288877e-12,nan,nan,3.75833064062e-12,nan,nan
8632,2.26826340056e-11,0,5.30863108768e-12,nan,nan,3.56158118358e-12,nan,nan
8636,2.27368964e-11,0,5.09988557906e-12,nan,nan,3.36860463418e-12,nan,nan
8640,2.27901557867e-11,0,4.87944476581e-12,nan,nan,3.18044280404e-12,nan,nan
8644,2.28424119352e-11,0,4.64649512923e-12,nan,nan,2.99816807803e-12,nan,nan
8648,2.28936646792e-11,0,4.40116008179e-12,nan,nan,2.82285747475e-12,nan,nan
8652,2.29439139158e-11,0,4.1444527953e-12,nan,nan,2.65556968987e-12,nan,nan
8656,2.29931596043e-11,0,3.87822349713e-12,nan,nan,2.49732640799e-12,nan,nan
8660,2.30414017661e-11,0,3.60513303045e-12,nan,nan,2.34909963661e-12,nan,nan
8664,2.30886404829e-11,0,3.32868575493e-12,nan,nan,2.21180466062e-12,nan,nan
8668,2.31348758966e-11,0,3.05335746634e-12,nan,nan,2.08629659856e-12,nan,nan
8672,2.31801082086e-11,0,2.78485411156e-12,nan,nan,1.97336715373e-12,nan,nan
8676,2.32243376783e-11,0,2.53052353798e-12,nan,nan,1.87373774962e-12,nan,nan
8680,2.32675646234e-11,0,2.29987765551e-12,nan,nan,1.78804534213e-12,nan,nan
8684,2.33097894184e-11,0,2.10499091064e-12,nan,nan,1.71681718224e-12,nan,nan
8688,2.33510124943e-11,0,1.96014594171e-12,nan,nan,1.66043603917e-12,nan,nan
8692,2.33912343378e-11,0,1.87971060397e-12,nan,nan,1.61909869492e-12,nan,nan
8696,2.34304554907e-11,0,1.87386201064e-12,nan,nan,1.59277715817e-12,nan,nan
8700,2.34686765494e-11,0,1.94425571168e-12,nan,nan,1.58119227042e-12,nan,nan
8704,2.35058981642e-11,0,2.08337424049e-12,nan,nan,1.58380935471e-12,nan,nan
8708,2.35421210385e-11,0,2.27819572116e-12,nan,nan,1.59985879047e-12,nan,nan
8712,2.35773459287e-11,0,2.51478991915e-12,nan,nan,1.62837822924e-12,nan,nan
8716,2.3611573643e-11,0,2.78103883324e-12,nan,nan,1.66826678206e-12,nan,nan
8720,2.36448050416e-11,0,3.06736968113e-12,nan,nan,1.71834048119e-12,nan,nan
8724,2.36770410355e-11,0,3.36648850657e-12,nan,nan,1.77737995321e-12,nan,nan
8728,2.37082825864e-11,0,3.67285699101e-12,nan,nan,1.84416535935e-12,nan,nan
8732,2.37385307062e-11,0,3.98222422787e-12,nan,nan,1.91749902495e-12,nan,nan
8736,2.3767786456e-11,0,4.2912890644e-12,nan,nan,1.99621741472e-12,nan,nan
8740,2.37960509463e-11,0,4.59748152308e-12,nan,nan,2.0791959329e-12,nan,nan
8744,2.38233253361e-11,0,4.89883128513e-12,nan,nan,2.16535078161e-12,nan,nan
8748,2.38496108326e-11,0,5.19389174175e-12,nan,nan,2.25363933432e-12,nan,nan
8752,2.38749086906e-11,0,5.48169376408e-12,nan,nan,2.34306144694e-12,nan,nan
8756,2.38992202123e-11,0,5.76170918232e-12,nan,nan,2.43266184309e-12,nan,nan
8760,2.39225467466e-11,0,6.03380861718e-12,nan,nan,2.52153398404e-12,nan,nan
8764,2.39448896887e-11,0,6.29820368483e-12,nan,nan,2.60882383521e-12,nan,nan
8768,2.39662504802e-11,0,6.55536754619e-12,nan,nan,2.69373429134e-12,nan,nan
8772,2.39866306078e-11,0,6.805934186e-12,nan,nan,2.77552787691e-12,nan,nan
8776,2.40060316035e-11,0,7.05058066786e-12,nan,nan,2.85352866359e-12,nan,nan
8780,2.40244550442e-11,0,7.2899014015e-12,nan,nan,2.92712198876e-12,nan,nan
8784,2.40419025511e-11,0,7.52428756182e-12,nan,nan,2.99575313449e-12,nan,nan
8788,2.40583757892e-11,0,7.75382422905e-12,nan,nan,3.05892451747e-12,nan,nan
8792,2.40738764674e-11,0,7.97821845524e-12,nan,nan,3.11619288085e-12,nan,nan
8796,2.40884063376e-11,0,8.19676719428e-12,nan,nan,3.16716649704e-12,nan,nan
8800,2.41019671947e-11,0,8.40836987055e-12,nan,nan,3.21150365354e-12,nan,nan
8804,2.4114560876e-11,0,8.61158442339e-12,nan,nan,3.24891240493e-12,nan,nan
8808,2.4126189261e-11,0,8.80472095115e-12,nan,nan,3.27915200889e-12,nan,nan
8812,2.41368542708e-11,0,8.9859619247e-12,nan,nan,3.30203603129e-12,nan,nan
8816,2.41465578682e-11,0,9.15349710637e-12,nan,nan,3.3174361697e-12,nan,nan
8820,2.41553020567e-11,0,9.30565720312e-12,nan,nan,3.32528655528e-12,nan,nan
8824,2.41630888808e-11,0,9.44103528629e-12,nan,nan,3.3255875282e-12,nan,nan
8828,2.41699204253e-11,0,9.5585820612e-12,nan,nan,3.31840828651e-12,nan,nan
8832,2.41757988149e-11,0,9.6576680715e-12,nan,nan,3.30388734904e-12,nan,nan
8836,2.4180726214e-11,0,9.73810767729e-12,nan,nan,3.28223095895e-12,nan,nan
8840,2.41847048265e-11,0,9.80014278735e-12,nan,nan,3.25370924486e-12,nan,nan
8844,2.41877368951e-11,0,9.84439069436e-12,nan,nan,3.21865020084e-12,nan,nan
8848,2.41898247014e-11,0,9.87176127823e-12,nan,nan,3.17743178123e-12,nan,nan
8852,2.41909705651e-11,0,9.88335369303e-12,nan,nan,3.130473657e-12,nan,nan
8856,2.41911768439e-11,0,9.88034360605e-12,nan,nan,3.07822816501e-12,nan,nan
8860,2.41904459333e-11,0,9.86387317331e-12,nan,nan,3.02117192272e-12,nan,nan
8864,2.41887802662e-11,0,9.83495488615e-12,nan,nan,2.95979826625e-12,nan,nan
8868,2.41861823123e-11,0,9.7943994356e-12,nan,nan,2.89461097065e-12,nan,nan
8872,2.41826545781e-11,0,9.74277332094e-12,nan,nan,2.82611901715e-12,nan,nan
8876,2.41781996065e-11,0,9.68038881552e-12,nan,nan,2.75483293881e-12,nan,nan
8880,2.41728199763e-11,0,9.60732536286e-12,nan,nan,2.68126156201e-12,nan,nan
8884,2.41665183022e-11,0,9.52347750505e-12,nan,nan,2.6059095544e-12,nan,nan
8888,2.41592972342e-11,0,9.42862061068e-12,nan,nan,2.52927508159e-12,nan,nan
8892,2.41511594573e-11,0,9.32248741578e-12,nan,nan,2.45184718744e-12,nan,nan
8896,2.41421076914e-11,0,9.20484498675e-12,nan,nan,2.3741027986e-12,nan,nan
8900,2.41321446907e-11,0,9.07556497238e-12,nan,nan,2.29650340945e-12,nan,nan
8904,2.41212732437e-11,0,8.93468083191e-12,nan,nan,2.21949097725e-12,nan,nan
8908,2.41094961725e-11,0,8.78242886319e-12,nan,nan,2.14348381848e-12,nan,nan
8912,2.40968163327e-11,0,8.61927162329e-12,nan,nan,2.06887243668e-12,nan,nan
8916,2.40832366134e-11,0,8.44590453171e-12,nan,nan,1.996015327e-12,nan,nan
8920,2.4068759936e-11,0,8.26324825552e-12,nan,nan,1.92523547547e-12,nan,nan
8924,2.40533892551e-11,0,8.07243043771e-12,nan,nan,1.85681743743e-12,nan,nan
8928,2.4037127557e-11,0,7.87476005114e-12,nan,nan,1.79100515488e-12,nan,nan
8932,2.40199778602e-11,0,7.67169943245e-12,nan,nan,1.72800109432e-12,nan,nan
8936,2.40019432148e-11,0,7.46483573862e-12,nan,nan,1.66796573423e-12,nan,nan
8940,2.39830267022e-11,0,7.25585593732e-12,nan,nan,1.61101852295e-12,nan,nan
8944,2.39632314349e-11,0,7.04652599314e-12,nan,nan,1.55723923155e-12,nan,nan
8948,2.3942560556e-11,0,6.83867610877e-12,nan,nan,1.50667006206e-12,nan,nan
8952,2.39210172391e-11,0,6.63419092152e-12,nan,nan,1.45931836647e-12,nan,nan
8956,2.3898604688e-11,0,6.43500410984e-12,nan,nan,1.41515946648e-12,nan,nan
8960,2.38753261361e-11,0,6.24309583528e-12,nan,nan,1.37413979782e-12,nan,nan
8964,2.38511848465e-11,0,6.06048936181e-12,nan,nan,1.33618013854e-12,nan,nan
8968,2.38261841117e-11,0,5.88924424158e-12,nan,nan,1.30117856958e-12,nan,nan
8972,2.38003272528e-11,0,5.73144153461e-12,nan,nan,1.26901359439e-12,nan,nan
8976,2.377361762e-11,0,5.58915753208e-12,nan,nan,1.23954665519e-12,nan,nan
8980,2.37460585914e-11,0,5.46442200497e-12,nan,nan,1.2126249338e-12,nan,nan
8984,2.37176535737e-11,0,5.35915966716e-12,nan,nan,1.18808338686e-12,nan,nan
8988,2.36884060011e-11,0,5.27511541825e-12,nan,nan,1.16574683173e-12,nan,nan
8992,2.36583193356e-11,0,5.21376734104e-12,nan,nan,1.14543188939e-12,nan,nan
8996,2.36273970662e-11,0,5.17623651255e-12,nan,nan,1.12694833874e-12,nan,nan
9000,2.35956427093e-11,0,5.16320389913e-12,nan,nan,1.11010096031e-12,nan,nan
9004,2.35630598077e-11,0,5.17484798091e-12,nan,nan,1.09469056842e-12,nan,nan
9008,2.3529651931e-11,0,5.2108124535e-12,nan,nan,1.08051560282e-12,nan,nan
9012,2.34954226748e-11,0,5.27021123046e-12,nan,nan,1.06737349194e-12,nan,nan
9016,2.34603756608e-11,0,5.35166970176e-12,nan,nan,1.05506203081e-12,nan,nan
9020,2.34245145364e-11,0,5.45339613362e-12,nan,nan,1.04338099702e-12,nan,nan
9024,2.33878429745e-11,0,5.57327318564e-12,nan,nan,1.03213385507e-12,nan,nan
9028,2.33503646733e-11,0,5.7089576905e-12,nan,nan,1.02112960002e-12,nan,nan
9032,2.33120833559e-11,0,5.85797789871e-12,nan,nan,1.01018469792e-12,nan,nan
9036,2.32730027702e-11,0,6.01782178341e-12,nan,nan,9.99125318835e-13,nan,nan
9040,2.32331266886e-11,0,6.18600992707e-12,nan,nan,9.87789423302e-13,nan,nan
9044,2.31924589079e-11,0,6.36015358114e-12,nan,nan,9.76028953705e-13,nan,nan
9048,2.3151003249e-11,0,6.53799599655e-12,nan,nan,9.63712015754e-13,nan,nan
9052,2.31087635565e-11,0,6.71743997405e-12,nan,nan,9.50724887827e-13,nan,nan
9056,2.30657436988e-11,0,6.89656299968e-12,nan,nan,9.3697363085e-13,nan,nan
9060,2.30219475675e-11,0,7.07362236266e-12,nan,nan,9.22385704962e-13,nan,nan
9064,2.29773790778e-11,0,7.24705230662e-12,nan,nan,9.06910836208e-13,nan,nan
9068,2.29320421677e-11,0,7.41545612664e-12,nan,nan,8.90521684136e-13,nan,nan
9072,2.28859407978e-11,0,7.57759411783e-12,nan,nan,8.73213910049e-13,nan,nan
9076,2.28390789519e-11,0,7.73237044623e-12,nan,nan,8.55005633841e-13,nan,nan
9080,2.27914606356e-11,0,7.87881949086e-12,nan,nan,8.35936420099e-13,nan,nan
9084,2.27430898771e-11,0,8.01609399227e-12,nan,nan,8.16065802072e-13,nan,nan
9088,2.26939707267e-11,0,8.14345526948e-12,nan,nan,7.95471113658e-13,nan,nan
9092,2.26441072564e-11,0,8.26026621417e-12,nan,nan,7.74245114256e-13,nan,nan
9096,2.259350356e-11,0,8.36598736047e-12,nan,nan,7.52492866987e-13,nan,nan
9100,2.25421637528e-11,0,8.46017580656e-12,nan,nan,7.30328740224e-13,nan,nan
9104,2.24900919715e-11,0,8.54248616869e-12,nan,nan,7.07873007586e-13,nan,nan
9108,2.2437292374e-11,0,8.61267326125e-12,nan,nan,6.85248290483e-13,nan,nan
9112,2.23837691393e-11,0,8.67059533394e-12,nan,nan,6.62576195827e-13,nan,nan
9116,2.23295264671e-11,0,8.71621702985e-12,nan,nan,6.39973916648e-13,nan,nan
9120,2.2274568578e-11,0,8.74961257274e-12,nan,nan,6.17551301443e-13,nan,nan
9124,2.22188997132e-11,0,8.77096644008e-12,nan,nan,5.95408093416e-13,nan,nan
9128,2.21625241343e-11,0,8.78057400018e-12,nan,nan,5.73631582615e-13,nan,nan
9132,2.21054461231e-11,0,8.77883991781e-12,nan,nan,5.52295204445e-13,nan,nan
9136,2.20476699818e-11,0,8.76627547757e-12,nan,nan,5.31456835502e-13,nan,nan
9140,2.19892000324e-11,0,8.74349469347e-12,nan,nan,5.11158803123e-13,nan,nan
9144,2.19300406169e-11,0,8.71120973055e-12,nan,nan,4.91427555803e-13,nan,nan
9148,2.18701960971e-11,0,8.67022490256e-12,nan,nan,4.72274467751e-13,nan,nan
9152,2.18096708544e-11,0,8.62143085333e-12,nan,nan,4.53697003924e-13,nan,nan
9156,2.17484692897e-11,0,8.56579694147e-12,nan,nan,4.35680359592e-13,nan,nan
9160,2.16865958234e-11,0,8.50436377613e-12,nan,nan,4.18199662188e-13,nan,nan
9164,2.16240548952e-11,0,8.43823362595e-12,nan,nan,4.01222249093e-13,nan,nan
9168,2.15608509638e-11,0,8.36856011136e-12,nan,nan,3.84710130368e-13,nan,nan
9172,2.14969885072e-11,0,8.29653537427e-12,nan,nan,3.68622905591e-13,nan,nan
9176,2.14324720221e-11,0,8.22337596576e-12,nan,nan,3.52919873858e-13,nan,nan
9180,2.13673060245e-11,0,8.15030546234e-12,nan,nan,3.37562834679e-13,nan,nan
9184,2.13014950486e-11,0,8.07853559948e-12,nan,nan,3.22517722065e-13,nan,nan
9188,2.12350436477e-11,0,8.00924493262e-12,nan,nan,3.0775690751e-13,nan,nan
9192,2.11679563935e-11,0,7.94355559659e-12,nan,nan,2.93260066623e-13,nan,nan
9196,2.11002378762e-11,0,7.88250968214e-12,nan,nan,2.79015430151e-13,nan,nan
9200,2.10318927043e-11,0,7.82704496218e-12,nan,nan,2.65020303927e-13,nan,nan
9204,2.09629255046e-11,0,7.77797204509e-12,nan,nan,2.51280902627e-13,nan,nan
9208,2.08933409223e-11,0,7.73595366011e-12,nan,nan,2.37812442212e-13,nan,nan
9212,2.08231436205e-11,0,7.70148739092e-12,nan,nan,2.24638059564e-13,nan,nan
9216,2.07523382804e-11,0,7.67489316448e-12,nan,nan,2.11788062086e-13,nan,nan
9220,2.06809296012e-11,0,7.65630569644e-12,nan,nan,1.99298388219e-13,nan,nan
9224,2.06089223e-11,0,7.64567361825e-12,nan,nan,1.87208949766e-13,nan,nan
9228,2.05363211116e-11,0,7.64276399249e-12,nan,nan,1.75561694842e-13,nan,nan
9232,2.04631307885e-11,0,7.6471732233e-12,nan,nan,1.64398439361e-13,nan,nan
9236,2.03893561012e-11,0,7.65834285969e-12,nan,nan,1.53758511758e-13,nan,nan
9240,2.03150018373e-11,0,7.6755798387e-12,nan,nan,1.43676042775e-13,nan,nan
9244,2.02400728024e-11,0,7.69808001695e-12,nan,nan,1.34177719039e-13,nan,nan
9248,2.01645738192e-11,0,7.72495329636e-12,nan,nan,1.25280169028e-13,nan,nan
9252,2.00885097279e-11,0,7.75524991924e-12,nan,nan,1.1698800622e-13,nan,nan
9256,2.00118853863e-11,0,7.78798604532e-12,nan,nan,1.09292391477e-13,nan,nan
9260,1.99347056691e-11,0,7.82216816354e-12,nan,nan,1.02170245354e-13,nan,nan
9264,1.98569754684e-11,0,7.85681538236e-12,nan,nan,9.55848979545e-14,nan,nan
9268,1.97786996937e-11,0,7.89097915178e-12,nan,nan,8.94876447656e-14,nan,nan
9272,1.96998832713e-11,0,7.92375984501e-12,nan,nan,8.38202756115e-14,nan,nan
9276,1.96205311448e-11,0,7.95432039633e-12,nan,nan,7.85190011088e-14,nan,nan
9280,1.95406482747e-11,0,7.98189666887e-12,nan,nan,7.3518161853e-14,nan,nan
9284,1.94602396389e-11,0,8.00580455641e-12,nan,nan,6.87547383356e-14,nan,nan
9288,1.93793102317e-11,0,8.02544440713e-12,nan,nan,6.41717030846e-14,nan,nan
9292,1.92978650648e-11,0,8.04030243371e-12,nan,nan,5.97211291861e-14,nan,nan
9296,1.92159091667e-11,0,8.04994998296e-12,nan,nan,5.53662298829e-14,nan,nan
9300,1.91334475829e-11,0,8.05404030635e-12,nan,nan,5.10821056813e-14,nan,nan
9304,1.90504853756e-11,0,8.05230376197e-12,nan,nan,4.68559757408e-14,nan,nan
9308,1.8967027624e-11,0,8.04454139985e-12,nan,nan,4.26864975172e-14,nan,nan
9312,1.88830794242e-11,0,8.03061743246e-12,nan,nan,3.85823731029e-14,nan,nan
9316,1.87986458891e-11,0,8.01045086841e-12,nan,nan,3.45608447981e-14,nan,nan
9320,1.87137321486e-11,0,7.9840069887e-12,nan,nan,3.06458072736e-14,nan,nan
9324,1.86283433495e-11,0,7.95128843387e-12,nan,nan,2.68662275996e-14,nan,nan
9328,1.85424846553e-11,0,7.91232684777e-12,nan,nan,2.3254444675e-14,nan,nan
9332,1.84561612466e-11,0,7.8671751777e-12,nan,nan,1.98450654911e-14,nan,nan
9336,1.8369378321e-11,0,7.81590082164e-12,nan,nan,1.66745885177e-14,nan,nan
9340,1.82821410931e-11,0,7.75858005478e-12,nan,nan,1.37819301028e-14,nan,nan
9344,1.81944547945e-11,0,7.69529392771e-12,nan,nan,1.12107016609e-14,nan,nan
9348,1.81063246738e-11,0,7.62612546375e-12,nan,nan,9.01328679653e-15,nan,nan
9352,1.8017755997e-11,0,7.55115860815e-12,nan,nan,7.25515764202e-15,nan,nan
9356,1.79287540473e-11,0,7.47047864908e-12,nan,nan,6.00954873716e-15,nan,nan
9360,1.78393241252e-11,0,7.38417380655e-12,nan,nan,5.318598012e-15,nan,nan
9364,1.77494715486e-11,0,7.2923381151e-12,nan,nan,5.12343964602e-15,nan,nan
9368,1.76592016529e-11,0,7.19507524669e-12,nan,nan,5.25662670969e-15,nan,nan
9372,1.75685197913e-11,0,7.09250250872e-12,nan,nan,5.53314595712e-15,nan,nan
9376,1.74774313348e-11,0,6.98475565001e-12,nan,nan,5.82193134406e-15,nan,nan
9380,1.73859416721e-11,0,6.87199275038e-12,nan,nan,6.05223708242e-15,nan,nan
9384,1.72940562103e-11,0,6.75439826376e-12,nan,nan,6.19323723198e-15,nan,nan
9388,1.72017803744e-11,0,6.63218621834e-12,nan,nan,6.23798356759e-15,nan,nan
9392,1.71091196083e-11,0,6.50560198022e-12,nan,nan,6.19222978133e-15,nan,nan
9396,1.70160793741e-11,0,6.37492366154e-12,nan,nan,6.06881548595e-15,nan,nan
9400,1.69226651531e-11,0,6.24046161384e-12,nan,nan,5.88392837061e-15,nan,nan
9404,1.68288824455e-11,0,6.10255707957e-12,nan,nan,5.65518967871e-15,nan,nan
9408,1.6734736771e-11,0,5.96157983038e-12,nan,nan,5.39994324271e-15,nan,nan
9412,1.66402336688e-11,0,5.81792437837e-12,nan,nan,5.13457090532e-15,nan,nan
9416,1.65453786982e-11,0,5.67200564237e-12,nan,nan,4.87362912573e-15,nan,nan
9420,1.64501774385e-11,0,5.52425393743e-12,nan,nan,4.62929356317e-15,nan,nan
9424,1.63546354898e-11,0,5.37510952291e-12,nan,nan,4.41088427882e-15,nan,nan
9428,1.6258758473e-11,0,5.22501663329e-12,nan,nan,4.22464956264e-15,nan,nan
9432,1.61625520303e-11,0,5.07441827566e-12,nan,nan,4.07350427522e-15,nan,nan
9436,1.60660218258e-11,0,4.92375020705e-12,nan,nan,3.95732856513e-15,nan,nan
9440,1.59691735456e-11,0,4.77343624103e-12,nan,nan,3.87353306035e-15,nan,nan
9444,1.58720128983e-11,0,4.62388341166e-12,nan,nan,3.81773904682e-15,nan,nan
9448,1.57745456159e-11,0,4.47547799725e-12,nan,nan,3.78465544647e-15,nan,nan
9452,1.56767774538e-11,0,4.32858215128e-12,nan,nan,3.76883704897e-15,nan,nan
9456,1.55787141915e-11,0,4.18353131931e-12,nan,nan,3.76521237299e-15,nan,nan
9460,1.54803616336e-11,0,4.04063221928e-12,nan,nan,3.7695169651e-15,nan,nan
9464,1.53817256096e-11,0,3.90016155671e-12,nan,nan,3.77829274471e-15,nan,nan
9468,1.52828119754e-11,0,3.76236536969e-12,nan,nan,3.78895754281e-15,nan,nan
9472,1.51836266133e-11,0,3.6274590473e-12,nan,nan,3.79977137158e-15,nan,nan
9476,1.50841754332e-11,0,3.4956276026e-12,nan,nan,3.80946831955e-15,nan,nan
9480,1.49844643732e-11,0,3.3670267126e-12,nan,nan,3.81746655116e-15,nan,nan
9484,1.48844994002e-11,0,3.24178382835e-12,nan,nan,3.82336719203e-15,nan,nan
9488,1.47842865111e-11,0,3.11999962805e-12,nan,nan,3.82720405562e-15,nan,nan
9492,1.46838317336e-11,0,3.00174994069e-12,nan,nan,3.82896932242e-15,nan,nan
9496,1.45831411267e-11,0,2.88708739118e-12,nan,nan,3.82897340299e-15,nan,nan
9500,1.44822207826e-11,0,2.7760434496e-12,nan,nan,3.82735885649e-15,nan,nan
9504,1.43810768267e-11,0,2.66863044578e-12,nan,nan,3.82448453483e-15,nan,nan
9508,1.42797154197e-11,0,2.56484340754e-12,nan,nan,3.82050877437e-15,nan,nan
9512,1.41781427578e-11,0,2.46466215584e-12,nan,nan,3.81574545543e-15,nan,nan
9516,1.40763650747e-11,0,2.36805307089e-12,nan,nan,3.81033004382e-15,nan,nan
9520,1.39743886423e-11,0,2.27497089107e-12,nan,nan,3.80447699934e-15,nan,nan
9524,1.38722197726e-11,0,2.18536041146e-12,nan,nan,3.79827337298e-15,nan,nan
9528,1.37698648185e-11,0,2.09915787232e-12,nan,nan,3.79188513947e-15,nan,nan
9532,1.36673301758e-11,0,2.01629261074e-12,nan,nan,3.78536865766e-15,nan,nan
9536,1.35646222844e-11,0,1.93668816572e-12,nan,nan,3.77876119406e-15,nan,nan
9540,1.34617476301e-11,0,1.86026353941e-12,nan,nan,3.77216079995e-15,nan,nan
9544,1.33587127464e-11,0,1.78693414479e-12,nan,nan,3.76555997747e-15,nan,nan
9548,1.32555242159e-11,0,1.71661283942e-12,nan,nan,3.75897009573e-15,nan,nan
9552,1.31521886727e-11,0,1.64921066377e-12,nan,nan,3.75248193434e-15,nan,nan
9556,1.30487128042e-11,0,1.58463751946e-12,nan,nan,3.74597127419e-15,nan,nan
9560,1.29451033528e-11,0,1.52280283828e-12,nan,nan,3.73959764479e-15,nan,nan
9564,1.28413671188e-11,0,1.46361605248e-12,nan,nan,3.73319150448e-15,nan,nan
9568,1.27375109619e-11,0,1.40698708753e-12,nan,nan,3.72689896089e-15,nan,nan
9572,1.26335418045e-11,0,1.35282658154e-12,nan,nan,3.72061714917e-15,nan,nan
9576,1.25294666332e-11,0,1.30104639795e-12,nan,nan,3.7143934169e-15,nan,nan
9580,1.24252925023e-11,0,1.25155959326e-12,nan,nan,3.70818847954e-15,nan,nan
9584,1.23210265362e-11,0,1.20428087304e-12,nan,nan,3.70204337518e-15,nan,nan
9588,1.22166759324e-11,0,1.15912652397e-12,nan,nan,3.69593743674e-15,nan,nan
9592,1.21122479644e-11,0,1.1160146042e-12,nan,nan,3.68981450641e-15,nan,nan
9596,1.20077499852e-11,0,1.07486501632e-12,nan,nan,3.68376902975e-15,nan,nan
9600,1.19031894305e-11,0,1.03559953612e-12,nan,nan,3.67770673049e-15,nan,nan
9604,1.17985738222e-11,0,9.98141791819e-13,nan,nan,3.67168666286e-15,nan,nan
9608,1.16939107724e-11,0,9.62417375047e-13,nan,nan,3.66567839579e-15,nan,nan
9612,1.15892079869e-11,0,9.28353674054e-13,nan,nan,3.65968702433e-15,nan,nan
9616,1.14844732697e-11,0,8.95879936144e-13,nan,nan,3.65371470268e-15,nan,nan
9620,1.13797145271e-11,0,8.64927310432e-13,nan,nan,3.64775507405e-15,nan,nan
9624,1.12749397721e-11,0,8.35428669855e-13,nan,nan,3.64181069339e-15,nan,nan
9628,1.11701571298e-11,0,8.07318652476e-13,nan,nan,3.63588985059e-15,nan,nan
9632,1.10653748414e-11,0,7.80533674491e-13,nan,nan,3.62996683943e-15,nan,nan
9636,1.09606012705e-11,0,7.55011716973e-13,nan,nan,3.62406334097e-15,nan,nan
9640,1.0855844908e-11,0,7.30692519179e-13,nan,nan,3.61818424927e-15,nan,nan
9644,1.07511143781e-11,0,7.0751739331e-13,nan,nan,3.6122965232e-15,nan,nan
9648,1.06464184443e-11,0,6.85429315236e-13,nan,nan,3.60644599743e-15,nan,nan
9652,1.05417660162e-11,0,6.6437279773e-13,nan,nan,3.60056948066e-15,nan,nan
9656,1.0437166156e-11,0,6.44293958517e-13,nan,nan,3.5947532552e-15,nan,nan
9660,1.03326280856e-11,0,6.251405073e-13,nan,nan,3.58890730924e-15,nan,nan
9664,1.02281611941e-11,0,6.06861737145e-13,nan,nan,3.58308743686e-15,nan,nan
9668,1.01237750461e-11,0,5.8940848442e-13,nan,nan,3.57730645008e-15,nan,nan
9672,1.00194793894e-11,0,5.72733232881e-13,nan,nan,3.57148775783e-15,nan,nan
9676,9.91528416431e-12,0,5.56790024821e-13,nan,nan,3.56572533743e-15,nan,nan
9680,9.81119951246e-12,0,5.41534543839e-13,nan,nan,3.55992953696e-15,nan,nan
9684,9.70723578672e-12,0,5.26924159212e-13,nan,nan,3.55421454291e-15,nan,nan
9688,9.60340356146e-12,0,5.12917683512e-13,nan,nan,3.54844656195e-15,nan,nan
9692,9.49971364321e-12,0,4.99475887848e-13,nan,nan,3.5427234439e-15,nan,nan
9696,9.39617708208e-12,0,4.86560952944e-13,nan,nan,3.53698164562e-15,nan,nan
9700,9.29280518367e-12,0,4.74136843066e-13,nan,nan,3.53127084986e-15,nan,nan
9704,9.18960952173e-12,0,4.6216913754e-13,nan,nan,3.52559568904e-15,nan,nan
9708,9.08660195138e-12,0,4.50625168205e-13,nan,nan,3.51989276179e-15,nan,nan
9712,8.98379462316e-12,0,4.39473841865e-13,nan,nan,3.51421770553e-15,nan,nan
9716,8.88119999769e-12,0,4.28685762733e-13,nan,nan,3.50857186158e-15,nan,nan
9720,8.77883086129e-12,0,4.18233136346e-13,nan,nan,3.50290405813e-15,nan,nan
9724,8.6767003423e-12,0,4.08089804237e-13,nan,nan,3.49726522016e-15,nan,nan
9728,8.57482192829e-12,0,3.9823117633e-13,nan,nan,3.49163915581e-15,nan,nan
9732,8.47320948433e-12,0,3.88634193189e-13,nan,nan,3.4860281942e-15,nan,nan
9736,8.37187727198e-12,0,3.79277351084e-13,nan,nan,3.4804273587e-15,nan,nan
9740,8.2708399696e-12,0,3.70140584794e-13,nan,nan,3.47483076764e-15,nan,nan
9744,8.1701126934e-12,0,3.61205273584e-13,nan,nan,3.46925280388e-15,nan,nan
9748,8.06971101992e-12,0,3.5245413501e-13,nan,nan,3.46369127621e-15,nan,nan
9752,7.96965100947e-12,0,3.43871293977e-13,nan,nan,3.45811970522e-15,nan,nan
9756,7.86994923081e-12,0,3.3544210495e-13,nan,nan,3.45259449271e-15,nan,nan
9760,7.77062278724e-12,0,3.27153140106e-13,nan,nan,3.44703927221e-15,nan,nan
9764,7.67168934385e-12,0,3.18992194559e-13,nan,nan,3.44153357529e-15,nan,nan
9768,7.57316715622e-12,0,3.10948113789e-13,nan,nan,3.43601810848e-15,nan,nan
9772,7.47507510059e-12,0,3.03010893377e-13,nan,nan,3.43051958621e-15,nan,nan
9776,7.37743270535e-12,0,2.9517144519e-13,nan,nan,3.42502874367e-15,nan,nan
9780,7.28026018429e-12,0,2.87421705974e-13,nan,nan,3.41954713556e-15,nan,nan
9784,7.18357847107e-12,0,2.79754459748e-13,nan,nan,3.41409890249e-15,nan,nan
9788,7.08740925565e-12,0,2.72163425495e-13,nan,nan,3.40863994382e-15,nan,nan
9792,6.99177502198e-12,0,2.64642980786e-13,nan,nan,3.40318903493e-15,nan,nan
9796,6.89669908756e-12,0,2.57188417637e-13,nan,nan,3.39776007874e-15,nan,nan
9800,6.80220564449e-12,0,2.49795589055e-13,nan,nan,3.39234083952e-15,nan,nan
9804,6.70831980222e-12,0,2.4246110957e-13,nan,nan,3.38693200887e-15,nan,nan
9808,6.61506763175e-12,0,2.35182110471e-13,nan,nan,3.38153147644e-15,nan,nan
9812,6.52247621156e-12,0,2.27956366732e-13,nan,nan,3.37613750525e-15,nan,nan
9816,6.4305736748e-12,0,2.20782147753e-13,nan,nan,3.37077871457e-15,nan,nan
9820,6.33938925795e-12,0,2.13658234802e-13,nan,nan,3.36540682288e-15,nan,nan
9824,6.24895335058e-12,0,2.06583798926e-13,nan,nan,3.36005498491e-15,nan,nan
9828,6.15929754633e-12,0,1.99558511226e-13,nan,nan,3.35472004346e-15,nan,nan
9832,6.07045469439e-12,0,1.92582413739e-13,nan,nan,3.3493801077e-15,nan,nan
9836,5.98245895179e-12,0,1.85655831168e-13,nan,nan,3.34406273672e-15,nan,nan
9840,5.89534583567e-12,0,1.78779503531e-13,nan,nan,3.33875023195e-15,nan,nan
9844,5.80915227535e-12,0,1.71954423559e-13,nan,nan,3.33346491484e-15,nan,nan
9848,5.72391666372e-12,0,1.65181878637e-13,nan,nan,3.32817987041e-15,nan,nan
9852,5.63967890727e-12,0,1.58463395478e-13,nan,nan,3.3228882886e-15,nan,nan
9856,5.55648047403e-12,0,1.51800766012e-13,nan,nan,3.31763063741e-15,nan,nan
9860,5.4743644389e-12,0,1.45195956819e-13,nan,nan,3.31238092931e-15,nan,nan
9864,5.39337552514e-12,0,1.38651151269e-13,nan,nan,3.30712966602e-15,nan,nan
9868,5.31356014112e-12,0,1.32168763369e-13,nan,nan,3.30189523219e-15,nan,nan
9872,5.23496641119e-12,0,1.25751304334e-13,nan,nan,3.29666276896e-15,nan,nan
9876,5.15764419928e-12,0,1.19401548123e-13,nan,nan,3.29146092197e-15,nan,nan
9880,5.08164512374e-12,0,1.13122391769e-13,nan,nan,3.28626823088e-15,nan,nan
9884,5.0070225617e-12,0,1.06916921601e-13,nan,nan,3.28107733163e-15,nan,nan
9888,4.93383164141e-12,0,1.00788435506e-13,nan,nan,3.27589206961e-15,nan,nan
9892,4.86212922022e-12,0,9.47404533038e-14,nan,nan,3.27073058628e-15,nan,nan
9896,4.79197384639e-12,0,8.87767168389e-14,nan,nan,3.2655657562e-15,nan,nan
9900,4.72342570234e-12,0,8.29013062192e-14,nan,nan,3.26042197623e-15,nan,nan
9904,4.65654652712e-12,0,7.71186830967e-14,nan,nan,3.25527964809e-15,nan,nan
9908,4.59139951549e-12,0,7.14338473752e-14,nan,nan,3.25015463121e-15,nan,nan
9912,4.52804919154e-12,0,6.58524428698e-14,nan,nan,3.24503818278e-15,nan,nan
9916,4.46656125405e-12,0,6.03810980531e-14,nan,nan,3.23994325733e-15,nan,nan
9920,4.40700239181e-12,0,5.50277920312e-14,nan,nan,3.23483966002e-15,nan,nan
9924,4.34944006655e-12,0,4.98024556617e-14,nan,nan,3.2297672624e-15,nan,nan
9928,4.29394226184e-12,0,4.47179668461e-14,nan,nan,3.22469014089e-15,nan,nan
9932,4.24057719695e-12,0,3.97916918341e-14,nan,nan,3.2196148013e-15,nan,nan
9936,4.1894130046e-12,0,3.50481253393e-14,nan,nan,3.21457239911e-15,nan,nan
9940,4.14051737292e-12,0,3.05233169828e-14,nan,nan,3.20951107438e-15,nan,nan
9944,4.09395715241e-12,0,2.6272743083e-14,nan,nan,3.20450324502e-15,nan,nan
9948,4.04979792969e-12,0,2.23845459884e-14,nan,nan,3.19946524996e-15,nan,nan
9952,4.00810357098e-12,0,1.90010237834e-14,nan,nan,3.19445098387e-15,nan,nan
9956,3.96893573942e-12,0,1.6343051595e-14,nan,nan,3.1894522245e-15,nan,nan
9960,3.93235339165e-12,0,1.47025173804e-14,nan,nan,3.18445703924e-15,nan,nan
9964,3.89841225993e-12,0,1.43241675423e-14,nan,nan,3.17948087605e-15,nan,nan
9968,3.86716432804e-12,0,1.52020781614e-14,nan,nan,3.17449583706e-15,nan,nan
9972,3.83865730912e-12,0,1.70560433146e-14,nan,nan,3.16955584824e-15,nan,nan
9976,3.81293413584e-12,0,1.95349369472e-14,nan,nan,3.16458454676e-15,nan,nan
9980,3.79003247273e-12,0,2.23667973475e-14,nan,nan,3.15965338213e-15,nan,nan
9984,3.76998426156e-12,0,2.53770636415e-14,nan,nan,3.15471964808e-15,nan,nan
9988,3.75281531046e-12,0,2.84594341982e-14,nan,nan,3.14980956638e-15,nan,nan
9992,3.73854493669e-12,0,3.15488980821e-14,nan,nan,3.14488017707e-15,nan,nan
9996,3.72718567262e-12,0,3.46044945869e-14,nan,nan,3.13998470913e-15,nan,nan
10000,3.71874304291e-12,0,3.75995256488e-14,nan,nan,3.13509316576e-15,nan,nan
10004,3.71321541882e-12,0,4.05160232335e-14,nan,nan,3.13020391269e-15,nan,nan
10008,3.71059395513e-12,0,4.33414882965e-14,nan,nan,3.12533876118e-15,nan,nan
10012,3.71086261043e-12,0,4.60669936292e-14,nan,nan,3.12047944156e-15,nan,nan
10016,3.7139982521e-12,0,4.86860196658e-14,nan,nan,3.11562511785e-15,nan,nan
10020,3.71997084273e-12,0,5.11938027011e-14,nan,nan,3.11078292012e-15,nan,nan
10024,3.72874370384e-12,0,5.35867039546e-14,nan,nan,3.10594793884e-15,nan,nan
10028,3.74027385004e-12,0,5.58620262721e-14,nan,nan,3.10111962506e-15,nan,nan
10032,3.75451238574e-12,0,5.80177577521e-14,nan,nan,3.09630547353e-15,nan,nan
10036,3.77140495452e-12,0,6.00524373802e-14,nan,nan,3.09151564572e-15,nan,nan
10040,3.7908922309e-12,0,6.19649748044e-14,nan,nan,3.08671410937e-15,nan,nan
10044,3.81291044344e-12,0,6.37547086918e-14,nan,nan,3.08193340723e-15,nan,nan
10048,3.8373919183e-12,0,6.54212063932e-14,nan,nan,3.07716336323e-15,nan,nan
10052,3.86426563243e-12,0,6.69643430099e-14,nan,nan,3.07238652399e-15,nan,nan
10056,3.89345776647e-12,0,6.83841871335e-14,nan,nan,3.06764145498e-15,nan,nan
10060,3.92489224819e-12,0,6.96810062276e-14,nan,nan,3.06288968756e-15,nan,nan
10064,3.95849127863e-12,0,7.08552618011e-14,nan,nan,3.05815170881e-15,nan,nan
10068,3.99417583391e-12,0,7.19075634451e-14,nan,nan,3.05342936861e-15,nan,nan
10072,4.03186613761e-12,0,7.28386451604e-14,nan,nan,3.04871244447e-15,nan,nan
10076,4.07148209936e-12,0,7.36494361475e-14,nan,nan,3.04399740785e-15,nan,nan
10080,4.11294371671e-12,0,7.43409670564e-14,nan,nan,3.03930608224e-15,nan,nan
10084,4.15617143881e-12,0,7.49143569263e-14,nan,nan,3.03461186311e-15,nan,nan
10088,4.2010864907e-12,0,7.53709178208e-14,nan,nan,3.02993238279e-15,nan,nan
10092,4.24761115892e-12,0,7.57119520335e-14,nan,nan,3.02526885154e-15,nan,nan
10096,4.29566903889e-12,0,7.59390093372e-14,nan,nan,3.02060470719e-15,nan,nan
10100,4.34518524585e-12,0,7.60536117321e-14,nan,nan,3.01595332907e-15,nan,nan
10104,4.39608659133e-12,0,7.60574643156e-14,nan,nan,3.01130726621e-15,nan,nan
10108,4.44830172702e-12,0,7.59522928125e-14,nan,nan,3.00668141097e-15,nan,nan
10112,4.50176125943e-12,0,7.57399863394e-14,nan,nan,3.00205012944e-15,nan,nan
10116,4.55639783707e-12,0,7.54224132817e-14,nan,nan,2.99744423341e-15,nan,nan
10120,4.61214621339e-12,0,7.50016312374e-14,nan,nan,2.99283221448e-15,nan,nan
10124,4.66894328791e-12,0,7.44797125928e-14,nan,nan,2.98823650445e-15,nan,nan
10128,4.72672812832e-12,0,7.38587597901e-14,nan,nan,2.98364827647e-15,nan,nan
10132,4.78544197561e-12,0,7.3141087819e-14,nan,nan,2.97909434643e-15,nan,nan
10136,4.84502823506e-12,0,7.23289020461e-14,nan,nan,2.97450865367e-15,nan,nan
10140,4.90543245472e-12,0,7.14245732678e-14,nan,nan,2.96994451232e-15,nan,nan
10144,4.96660229368e-12,0,7.0430528564e-14,nan,nan,2.96540262226e-15,nan,nan
10148,5.02848748171e-12,0,6.93491978888e-14,nan,nan,2.96084525915e-15,nan,nan
10152,5.09103977204e-12,0,6.818314362e-14,nan,nan,2.95632562942e-15,nan,nan
10156,5.15421288843e-12,0,6.69348905573e-14,nan,nan,2.9518005074e-15,nan,nan
10160,5.21796246815e-12,0,6.56070691664e-14,nan,nan,2.9472811943e-15,nan,nan
10164,5.28224600154e-12,0,6.42023330709e-14,nan,nan,2.9427751318e-15,nan,nan
10168,5.34702276954e-12,0,6.27233866418e-14,nan,nan,2.93829438012e-15,nan,nan
10172,5.41225377969e-12,0,6.11729473279e-14,nan,nan,2.93379281605e-15,nan,nan
10176,5.47790170136e-12,0,5.95538109742e-14,nan,nan,2.92931726633e-15,nan,nan
10180,5.54393080099e-12,0,5.78687858538e-14,nan,nan,2.92484832028e-15,nan,nan
10184,5.61030687762e-12,0,5.61206765359e-14,nan,nan,2.92040068164e-15,nan,nan
10188,5.67699719911e-12,0,5.43123720645e-14,nan,nan,2.91592540982e-15,nan,nan
10192,5.74397043967e-12,0,5.24468076288e-14,nan,nan,2.91150221964e-15,nan,nan
10196,5.81119661863e-12,0,5.05268362323e-14,nan,nan,2.90705882099e-15,nan,nan
10200,5.8786470408e-12,0,4.85554282499e-14,nan,nan,2.90263822113e-15,nan,nan
10204,5.94629423868e-12,0,4.65355526412e-14,nan,nan,2.89821717454e-15,nan,nan
10208,6.0141119165e-12,0,4.44702012867e-14,nan,nan,2.8938030035e-15,nan,nan
10212,6.08207489615e-12,0,4.23623901072e-14,nan,nan,2.88942749294e-15,nan,nan
10216,6.15015906525e-12,0,4.02151674421e-14,nan,nan,2.88500307634e-15,nan,nan
10220,6.21834132724e-12,0,3.80316004896e-14,nan,nan,2.88063760421e-15,nan,nan
10224,6.28659955344e-12,0,3.58148080619e-14,nan,nan,2.87626631242e-15,nan,nan
10228,6.3549125372e-12,0,3.35679698037e-14,nan,nan,2.87189891742e-15,nan,nan
10232,6.4232599501e-12,0,3.12942985867e-14,nan,nan,2.86754278993e-15,nan,nan
10236,6.49162230015e-12,0,2.89971533022e-14,nan,nan,2.86319683168e-15,nan,nan
10240,6.55998089178e-12,0,2.66799919547e-14,nan,nan,2.85885941348e-15,nan,nan
10244,6.62831778788e-12,0,2.43465025837e-14,nan,nan,2.85452171504e-15,nan,nan
10248,6.6966157736e-12,0,2.20007315927e-14,nan,nan,2.85021514944e-15,nan,nan
10252,6.76485832186e-12,0,1.96472480756e-14,nan,nan,2.84588870909e-15,nan,nan
10256,6.83302956067e-12,0,1.72915333077e-14,nan,nan,2.84159212095e-15,nan,nan
10260,6.90111424198e-12,0,1.49407807304e-14,nan,nan,2.83729377746e-15,nan,nan
10264,6.96909771213e-12,0,1.26053574607e-14,nan,nan,2.83299870909e-15,nan,nan
10268,7.03696588384e-12,0,1.03024168228e-14,nan,nan,2.82872687303e-15,nan,nan
10272,7.10470520956e-12,0,8.06511151445e-15,nan,nan,2.82446434347e-15,nan,nan
10276,7.17230265621e-12,0,5.97041188516e-15,nan,nan,2.82018386861e-15,nan,nan
10280,7.23974568129e-12,0,4.23324531116e-15,nan,nan,2.81594044773e-15,nan,nan
10284,7.30702221004e-12,0,3.43502398784e-15,nan,nan,2.81168355765e-15,nan,nan
10288,7.37412061409e-12,0,4.14289628369e-15,nan,nan,2.80746126286e-15,nan,nan
10292,7.44102969085e-12,0,5.81769897833e-15,nan,nan,2.80321731565e-15,nan,nan
10296,7.50773864427e-12,0,7.85058022213e-15,nan,nan,2.79900959674e-15,nan,nan
10300,7.57423706648e-12,0,1.00131455554e-14,nan,nan,2.79478352754e-15,nan,nan
10304,7.64051492035e-12,0,1.22245143268e-14,nan,nan,2.79058840913e-15,nan,nan
10308,7.70656252303e-12,0,1.44504862709e-14,nan,nan,2.78638800461e-15,nan,nan
10312,7.77237053032e-12,0,1.66737981493e-14,nan,nan,2.78221622777e-15,nan,nan
10316,7.83792992184e-12,0,1.88843786305e-14,nan,nan,2.77801188319e-15,nan,nan
10320,7.90323198699e-12,0,2.1075511558e-14,nan,nan,2.77385247605e-15,nan,nan
10324,7.96826831155e-12,0,2.32423279322e-14,nan,nan,2.76968845122e-15,nan,nan
10328,8.03303076519e-12,0,2.53809672691e-14,nan,nan,2.7655204903e-15,nan,nan
10332,8.09751148933e-12,0,2.74882654258e-14,nan,nan,2.76138092053e-15,nan,nan
10336,8.16170288583e-12,0,2.95613900813e-14,nan,nan,2.75723329934e-15,nan,nan
10340,8.22559760619e-12,0,3.15978860933e-14,nan,nan,2.75311744002e-15,nan,nan
10344,8.28918854136e-12,0,3.35954593157e-14,nan,nan,2.74899055332e-15,nan,nan
10348,8.35246881187e-12,0,3.55520218693e-14,nan,nan,2.74487114065e-15,nan,nan
10352,8.41543175877e-12,0,3.74656122893e-14,nan,nan,2.74076650923e-15,nan,nan
10356,8.47807093472e-12,0,3.93343856962e-14,nan,nan,2.73667087326e-15,nan,nan
10360,8.54038009577e-12,0,4.11566137415e-14,nan,nan,2.73258516015e-15,nan,nan
10364,8.60235319336e-12,0,4.29306607292e-14,nan,nan,2.72848946679e-15,nan,nan
10368,8.66398436687e-12,0,4.46549643044e-14,nan,nan,2.72441757177e-15,nan,nan
10372,8.72526793641e-12,0,4.63281057994e-14,nan,nan,2.72034696729e-15,nan,nan
10376,8.78619839603e-12,0,4.79486275212e-14,nan,nan,2.7162848851e-15,nan,nan
10380,8.84677040731e-12,0,4.95153124004e-14,nan,nan,2.71223532821e-15,nan,nan
10384,8.90697879315e-12,0,5.10268716917e-14,nan,nan,2.70820098047e-15,nan,nan
10388,8.9668185319e-12,0,5.24821907171e-14,nan,nan,2.70415450625e-15,nan,nan
10392,9.02628475189e-12,0,5.38801971683e-14,nan,nan,2.70013793009e-15,nan,nan
10396,9.08537272595e-12,0,5.5219861804e-14,nan,nan,2.69610305059e-15,nan,nan
10400,9.14407786652e-12,0,5.6500278365e-14,nan,nan,2.69210522484e-15,nan,nan
10404,9.20239572072e-12,0,5.77206146466e-14,nan,nan,2.68808598335e-15,nan,nan
10408,9.26032196585e-12,0,5.88800492968e-14,nan,nan,2.68409361371e-15,nan,nan
10412,9.31785240488e-12,0,5.99778947726e-14,nan,nan,2.68010897325e-15,nan,nan
10416,9.37498296246e-12,0,6.10135106326e-14,nan,nan,2.67612962261e-15,nan,nan
10420,9.43170968073e-12,0,6.198632491e-14,nan,nan,2.6721512352e-15,nan,nan
10424,9.48802871565e-12,0,6.28958300806e-14,nan,nan,2.6681886687e-15,nan,nan
10428,9.54393633338e-12,0,6.37416447778e-14,nan,nan,2.66422135685e-15,nan,nan
10432,9.59942890672e-12,0,6.45233533399e-14,nan,nan,2.66027156802e-15,nan,nan
10436,9.65450291185e-12,0,6.52407021147e-14,nan,nan,2.65633361078e-15,nan,nan
10440,9.70915492519e-12,0,6.58934648028e-14,nan,nan,2.65239032891e-15,nan,nan
10444,9.76338162033e-12,0,6.64814906808e-14,nan,nan,2.64846622571e-15,nan,nan
10448,9.81717976517e-12,0,6.70046759771e-14,nan,nan,2.64455069592e-15,nan,nan
10452,9.87054621913e-12,0,6.74630178552e-14,nan,nan,2.64063592866e-15,nan,nan
10456,9.92347793049e-12,0,6.78565709856e-14,nan,nan,2.63672407555e-15,nan,nan
10460,9.97597193392e-12,0,6.8185425847e-14,nan,nan,2.63283706688e-15,nan,nan
10464,1.0028025348e-11,0,6.84497828873e-14,nan,nan,2.62893730721e-15,nan,nan
10468,1.00796353728e-11,0,6.86498597591e-14,nan,nan,2.62506577901e-15,nan,nan
10472,1.01307992879e-11,0,6.87859856679e-14,nan,nan,2.62117588582e-15,nan,nan
10476,1.01815144502e-11,0,6.88585108453e-14,nan,nan,2.61731294284e-15,nan,nan
10480,1.02317782915e-11,0,6.88678640476e-14,nan,nan,2.61345433207e-15,nan,nan
10484,1.0281588317e-11,0,6.88145176753e-14,nan,nan,2.60960102686e-15,nan,nan
10488,1.03309421032e-11,0,6.8699062726e-14,nan,nan,2.60575759645e-15,nan,nan
10492,1.03798372963e-11,0,6.85220235861e-14,nan,nan,2.6019185297e-15,nan,nan
10496,1.04282716101e-11,0,6.82841326461e-14,nan,nan,2.59808119042e-15,nan,nan
10500,1.04762428246e-11,0,6.79860865227e-14,nan,nan,2.59426244545e-15,nan,nan
10504,1.05237487844e-11,0,6.76286382716e-14,nan,nan,2.59043969016e-15,nan,nan
10508,1.0570787397e-11,0,6.72126278452e-14,nan,nan,2.58664062713e-15,nan,nan
10512,1.06173566315e-11,0,6.67389608601e-14,nan,nan,2.58283211358e-15,nan,nan
10516,1.06634545173e-11,0,6.62085140523e-14,nan,nan,2.57904060796e-15,nan,nan
10520,1.07090791421e-11,0,6.56223114046e-14,nan,nan,2.57524810007e-15,nan,nan
10524,1.07542286515e-11,0,6.4981378044e-14,nan,nan,2.57145983053e-15,nan,nan
10528,1.0798901247e-11,0,6.42867744264e-14,nan,nan,2.56769347717e-15,nan,nan
10532,1.08430951851e-11,0,6.35396544409e-14,nan,nan,2.56392166602e-15,nan,nan
10536,1.08868087763e-11,0,6.27411731519e-14,nan,nan,2.56017418373e-15,nan,nan
10540,1.09300403836e-11,0,6.18925688194e-14,nan,nan,2.55642096603e-15,nan,nan
10544,1.09727884214e-11,0,6.09951068108e-14,nan,nan,2.55267682768e-15,nan,nan
10548,1.10150513551e-11,0,6.00500873679e-14,nan,nan,2.5489407327e-15,nan,nan
10552,1.10568276994e-11,0,5.90588772914e-14,nan,nan,2.54521637366e-15,nan,nan
10556,1.10981160175e-11,0,5.80228808603e-14,nan,nan,2.5414744142e-15,nan,nan
10560,1.11389149203e-11,0,5.69435309286e-14,nan,nan,2.53777454321e-15,nan,nan
10564,1.11792230656e-11,0,5.58223318302e-14,nan,nan,2.53406229173e-15,nan,nan
10568,1.12190391569e-11,0,5.46607686096e-14,nan,nan,2.53035920436e-15,nan,nan
10572,1.12583619429e-11,0,5.34604634062e-14,nan,nan,2.52667110017e-15,nan,nan
10576,1.12971902164e-11,0,5.22230248792e-14,nan,nan,2.52297097783e-15,nan,nan
10580,1.13355228137e-11,0,5.09500840459e-14,nan,nan,2.51929846719e-15,nan,nan
10584,1.1373358614e-11,0,4.96433798955e-14,nan,nan,2.51562657952e-15,nan,nan
10588,1.14106965382e-11,0,4.83046830938e-14,nan,nan,2.51196253527e-15,nan,nan
10592,1.14475355489e-11,0,4.69357607353e-14,nan,nan,2.50830260236e-15,nan,nan
10596,1.14838746489e-11,0,4.55385276572e-14,nan,nan,2.50463835356e-15,nan,nan
10600,1.15197128813e-11,0,4.41148906243e-14,nan,nan,2.50100086435e-15,nan,nan
10604,1.15550493284e-11,0,4.2666859443e-14,nan,nan,2.49735840337e-15,nan,nan
10608,1.15898831114e-11,0,4.11965059809e-14,nan,nan,2.49371860173e-15,nan,nan
10612,1.16242133896e-11,0,3.9706010996e-14,nan,nan,2.49010257436e-15,nan,nan
10616,1.16580393598e-11,0,3.81976200907e-14,nan,nan,2.48647728419e-15,nan,nan
10620,1.1691360256e-11,0,3.66737747416e-14,nan,nan,2.48287329117e-15,nan,nan
10624,1.17241753487e-11,0,3.51369718098e-14,nan,nan,2.47927319895e-15,nan,nan
10628,1.17564839446e-11,0,3.35899299844e-14,nan,nan,2.47565113628e-15,nan,nan
10632,1.17882853857e-11,0,3.20355895646e-14,nan,nan,2.47208549556e-15,nan,nan
10636,1.18195790493e-11,0,3.0477151271e-14,nan,nan,2.46849358171e-15,nan,nan
10640,1.18503643471e-11,0,2.89181433613e-14,nan,nan,2.46491782353e-15,nan,nan
10644,1.18806407251e-11,0,2.73624973048e-14,nan,nan,2.46134331511e-15,nan,nan
10648,1.19104076631e-11,0,2.58147343376e-14,nan,nan,2.45778908118e-15,nan,nan
10652,1.19396646742e-11,0,2.42799986923e-14,nan,nan,2.45421176055e-15,nan,nan
10656,1.19684113044e-11,0,2.2764372227e-14,nan,nan,2.45067309767e-15,nan,nan
10660,1.19966471324e-11,0,2.12750765994e-14,nan,nan,2.44713057146e-15,nan,nan
10664,1.20243717688e-11,0,1.98208537327e-14,nan,nan,2.44359145701e-15,nan,nan
10668,1.20515848564e-11,0,1.84124438102e-14,nan,nan,2.44006306903e-15,nan,nan
10672,1.20782860691e-11,0,1.70631098024e-14,nan,nan,2.43653449061e-15,nan,nan
10676,1.21044751123e-11,0,1.57894368757e-14,nan,nan,2.43301972746e-15,nan,nan
10680,1.2130151722e-11,0,1.46119570306e-14,nan,nan,2.42950991974e-15,nan,nan
10684,1.21553156646e-11,0,1.35557474109e-14,nan,nan,2.42601562971e-15,nan,nan
10688,1.21799667369e-11,0,1.26503817616e-14,nan,nan,2.42249776771e-15,nan,nan
10692,1.22041047655e-11,0,1.19284039758e-14,nan,nan,2.41900567376e-15,nan,nan
10696,1.22277296066e-11,0,1.14219791471e-14,nan,nan,2.41553254715e-15,nan,nan
10700,1.22508411458e-11,0,1.1156674043e-14,nan,nan,2.41205442987e-15,nan,nan
10704,1.22734392975e-11,0,1.11451691797e-14,nan,nan,2.40859074059e-15,nan,nan
10708,1.22955240052e-11,0,1.13828782521e-14,nan,nan,2.40511407107e-15,nan,nan
10712,1.23170952407e-11,0,1.18489580805e-14,nan,nan,2.40165501389e-15,nan,nan
10716,1.23381530042e-11,0,1.25116885162e-14,nan,nan,2.3982026535e-15,nan,nan
10720,1.23586973239e-11,0,1.33353192916e-14,nan,nan,2.39475480232e-15,nan,nan
10724,1.23787282557e-11,0,1.42854781849e-14,nan,nan,2.3913186723e-15,nan,nan
10728,1.23982458833e-11,0,1.53320833483e-14,nan,nan,2.38788895875e-15,nan,nan
10732,1.24172503175e-11,0,1.6450168602e-14,nan,nan,2.38445798049e-15,nan,nan
10736,1.24357416964e-11,0,1.76196566973e-14,nan,nan,2.38104180188e-15,nan,nan
10740,1.24537201849e-11,0,1.88246208536e-14,nan,nan,2.37762835016e-15,nan,nan
10744,1.24711859745e-11,0,2.00523975831e-14,nan,nan,2.37422010046e-15,nan,nan
10748,1.24881392834e-11,0,2.12929773312e-14,nan,nan,2.37081568404e-15,nan,nan
10752,1.25045803562e-11,0,2.25382984733e-14,nan,nan,2.36741896746e-15,nan,nan
10756,1.25205094631e-11,0,2.37818201859e-14,nan,nan,2.36403255832e-15,nan,nan
10760,1.25359269008e-11,0,2.5018216105e-14,nan,nan,2.36064501098e-15,nan,nan
10764,1.25508329913e-11,0,2.62430342717e-14,nan,nan,2.35727493135e-15,nan,nan
10768,1.25652280822e-11,0,2.74525647217e-14,nan,nan,2.35390710864e-15,nan,nan
10772,1.25791125467e-11,0,2.86436073307e-14,nan,nan,2.35054916213e-15,nan,nan
10776,1.25924867829e-11,0,2.98134887569e-14,nan,nan,2.34718098513e-15,nan,nan
10780,1.26053512139e-11,0,3.09598344447e-14,nan,nan,2.34383832176e-15,nan,nan
10784,1.26177062877e-11,0,3.20805765717e-14,nan,nan,2.34048586022e-15,nan,nan
10788,1.26295524771e-11,0,3.31739148658e-14,nan,nan,2.3371637094e-15,nan,nan
10792,1.2640890279e-11,0,3.4238243436e-14,nan,nan,2.33382459358e-15,nan,nan
10796,1.26517202149e-11,0,3.52721218828e-14,nan,nan,2.33049731259e-15,nan,nan
10800,1.26620428304e-11,0,3.62743045754e-14,nan,nan,2.32717287402e-15,nan,nan
10804,1.2671858695e-11,0,3.7243604697e-14,nan,nan,2.32385331259e-15,nan,nan
10808,1.26811684019e-11,0,3.81790165395e-14,nan,nan,2.32056065363e-15,nan,nan
10812,1.26899725682e-11,0,3.90796241106e-14,nan,nan,2.31725884261e-15,nan,nan
10816,1.26982718344e-11,0,3.99445905567e-14,nan,nan,2.3139403944e-15,nan,nan
10820,1.27060668641e-11,0,4.07731591916e-14,nan,nan,2.31066822094e-15,nan,nan
10824,1.27133583445e-11,0,4.15646991468e-14,nan,nan,2.30738720099e-15,nan,nan
10828,1.27201469853e-11,0,4.23185936291e-14,nan,nan,2.30410755572e-15,nan,nan
10832,1.27264335195e-11,0,4.30343577112e-14,nan,nan,2.30083259208e-15,nan,nan
10836,1.27322187024e-11,0,4.37115231431e-14,nan,nan,2.29757605213e-15,nan,nan
10840,1.27375033123e-11,0,4.43496929572e-14,nan,nan,2.29431275079e-15,nan,nan
10844,1.27422881493e-11,0,4.49485486894e-14,nan,nan,2.29106076157e-15,nan,nan
10848,1.27465740362e-11,0,4.55078211705e-14,nan,nan,2.28781723366e-15,nan,nan
10852,1.27503618177e-11,0,4.60272903182e-14,nan,nan,2.28457478934e-15,nan,nan
10856,1.27536523602e-11,0,4.65068078114e-14,nan,nan,2.28133377079e-15,nan,nan
10860,1.27564465523e-11,0,4.69462376289e-14,nan,nan,2.27811226281e-15,nan,nan
10864,1.27587453038e-11,0,4.73455425865e-14,nan,nan,2.27488694211e-15,nan,nan
10868,1.27605495462e-11,0,4.77047187162e-14,nan,nan,2.27167036569e-15,nan,nan
10872,1.27618602321e-11,0,4.80237801261e-14,nan,nan,2.26843665607e-15,nan,nan
10876,1.27626783353e-11,0,4.8302830246e-14,nan,nan,2.26525740958e-15,nan,nan
10880,1.27630048506e-11,0,4.8541999087e-14,nan,nan,2.26205120791e-15,nan,nan
10884,1.27628407937e-11,0,4.87414666703e-14,nan,nan,2.25886165654e-15,nan,nan
10888,1.27621872009e-11,0,4.89014260387e-14,nan,nan,2.25567879733e-15,nan,nan
10892,1.27610451289e-11,0,4.90222120704e-14,nan,nan,2.25248967826e-15,nan,nan
10896,1.2759415655e-11,0,4.91040799008e-14,nan,nan,2.24931246023e-15,nan,nan
10900,1.27572998766e-11,0,4.91473944203e-14,nan,nan,2.24614901235e-15,nan,nan
10904,1.27546989111e-11,0,4.915255656e-14,nan,nan,2.24297730987e-15,nan,nan
10908,1.27516138958e-11,0,4.91199947113e-14,nan,nan,2.23981803788e-15,nan,nan
10912,1.27480459879e-11,0,4.9050208589e-14,nan,nan,2.23667934611e-15,nan,nan
10916,1.27439963641e-11,0,4.89436739951e-14,nan,nan,2.23352593473e-15,nan,nan
10920,1.27394662205e-11,0,4.88009951795e-14,nan,nan,2.23038087839e-15,nan,nan
10924,1.27344567726e-11,0,4.86227519072e-14,nan,nan,2.22724111669e-15,nan,nan
10928,1.2728969255e-11,0,4.84095493678e-14,nan,nan,2.22410986235e-15,nan,nan
10932,1.27230049213e-11,0,4.81621366218e-14,nan,nan,2.22099868946e-15,nan,nan
10936,1.2716565044e-11,0,4.78811684477e-14,nan,nan,2.21787676456e-15,nan,nan
10940,1.27096509142e-11,0,4.75674093013e-14,nan,nan,2.21476577861e-15,nan,nan
10944,1.27022638415e-11,0,4.72216734738e-14,nan,nan,2.21165241639e-15,nan,nan
10948,1.26944051541e-11,0,4.68447716105e-14,nan,nan,2.20855158246e-15,nan,nan
10952,1.26860761983e-11,0,4.64375900394e-14,nan,nan,2.20545098626e-15,nan,nan
10956,1.26772783386e-11,0,4.60010140324e-14,nan,nan,2.20236823326e-15,nan,nan
10960,1.26680129573e-11,0,4.5536023908e-14,nan,nan,2.19928598299e-15,nan,nan
10964,1.26582814549e-11,0,4.50435837476e-14,nan,nan,2.19620216275e-15,nan,nan
10968,1.2648085249e-11,0,4.4524711122e-14,nan,nan,2.19313829914e-15,nan,nan
10972,1.26374257754e-11,0,4.39805066039e-14,nan,nan,2.19006079292e-15,nan,nan
10976,1.26263044866e-11,0,4.34120452114e-14,nan,nan,2.1870030806e-15,nan,nan
10980,1.2614722853e-11,0,4.28204995302e-14,nan,nan,2.18394645239e-15,nan,nan
10984,1.26026823618e-11,0,4.22070516613e-14,nan,nan,2.18089871844e-15,nan,nan
10988,1.25901845171e-11,0,4.15729523469e-14,nan,nan,2.17785703427e-15,nan,nan
10992,1.25772308401e-11,0,4.09194514109e-14,nan,nan,2.17480614128e-15,nan,nan
10996,1.25638228686e-11,0,4.02479326597e-14,nan,nan,2.17178081744e-15,nan,nan
11000,1.2549962157e-11,0,3.95597439867e-14,nan,nan,2.16875202301e-15,nan,nan
11004,1.25356502761e-11,0,3.88563368246e-14,nan,nan,2.16572262653e-15,nan,nan
11008,1.25208888132e-11,0,3.81391983155e-14,nan,nan,2.162706981e-15,nan,nan
11012,1.25056793717e-11,0,3.74098668083e-14,nan,nan,2.15969426881e-15,nan,nan
11016,1.24900235711e-11,0,3.66699669969e-14,nan,nan,2.15669013771e-15,nan,nan
11020,1.24739230468e-11,0,3.5921178212e-14,nan,nan,2.1536799022e-15,nan,nan
11024,1.24573794502e-11,0,3.51652464061e-14,nan,nan,2.15069355133e-15,nan,nan
11028,1.24403944484e-11,0,3.44039703128e-14,nan,nan,2.14769003416e-15,nan,nan
11032,1.24229697239e-11,0,3.3639274344e-14,nan,nan,2.14471233015e-15,nan,nan
11036,1.24051069751e-11,0,3.2873135628e-14,nan,nan,2.14172802417e-15,nan,nan
11040,1.23868079154e-11,0,3.21076346253e-14,nan,nan,2.13876356246e-15,nan,nan
11044,1.23680742738e-11,0,3.13449188488e-14,nan,nan,2.13578924602e-15,nan,nan
11048,1.23489077942e-11,0,3.05872668422e-14,nan,nan,2.13282351722e-15,nan,nan
11052,1.23293102359e-11,0,2.98370560623e-14,nan,nan,2.12986516348e-15,nan,nan
11056,1.23092833728e-11,0,2.90967319072e-14,nan,nan,2.12690777375e-15,nan,nan
11060,1.22888289939e-11,0,2.83689283756e-14,nan,nan,2.12396436488e-15,nan,nan
11064,1.22679489031e-11,0,2.76563007366e-14,nan,nan,2.12103356834e-15,nan,nan
11068,1.22466449187e-11,0,2.69616638674e-14,nan,nan,2.11808602063e-15,nan,nan
11072,1.22249188737e-11,0,2.62879050065e-14,nan,nan,2.11515694027e-15,nan,nan
11076,1.22027726157e-11,0,2.56380400725e-14,nan,nan,2.11223606195e-15,nan,nan
11080,1.21802080066e-11,0,2.50151172117e-14,nan,nan,2.10930682067e-15,nan,nan
11084,1.21572269227e-11,0,2.4422259323e-14,nan,nan,2.10640245758e-15,nan,nan
11088,1.21338312544e-11,0,2.3862568102e-14,nan,nan,2.1034867028e-15,nan,nan
11092,1.21100229065e-11,0,2.33392203298e-14,nan,nan,2.10058449007e-15,nan,nan
11096,1.20858037977e-11,0,2.28552114167e-14,nan,nan,2.09767679668e-15,nan,nan
11100,1.20611758607e-11,0,2.24134618552e-14,nan,nan,2.09478759108e-15,nan,nan
11104,1.20361410423e-11,0,2.20167223521e-14,nan,nan,2.09188977915e-15,nan,nan
11108,1.20107013029e-11,0,2.16674191904e-14,nan,nan,2.08901079758e-15,nan,nan
11112,1.19848586169e-11,0,2.13677100924e-14,nan,nan,2.08613440012e-15,nan,nan
11116,1.19586149723e-11,0,2.11192982136e-14,nan,nan,2.08325474044e-15,nan,nan
11120,1.19319723708e-11,0,2.09234032488e-14,nan,nan,2.08038639694e-15,nan,nan
11124,1.19049328278e-11,0,2.07807712941e-14,nan,nan,2.0775249219e-15,nan,nan
11128,1.18774983719e-11,0,2.06915176097e-14,nan,nan,2.07466785211e-15,nan,nan
11132,1.18496710455e-11,0,2.06552248054e-14,nan,nan,2.071807765e-15,nan,nan
11136,1.18214529041e-11,0,2.06708827372e-14,nan,nan,2.06897033648e-15,nan,nan
11140,1.17928460169e-11,0,2.07369300343e-14,nan,nan,2.06611684247e-15,nan,nan
11144,1.1763852466e-11,0,2.08513068981e-14,nan,nan,2.06327448341e-15,nan,nan
11148,1.1734474347e-11,0,2.10115362631e-14,nan,nan,2.06045367625e-15,nan,nan
11152,1.17047137686e-11,0,2.12147464411e-14,nan,nan,2.0576166814e-15,nan,nan
11156,1.16745728525e-11,0,2.14578299872e-14,nan,nan,2.05479133234e-15,nan,nan
11160,1.16440537337e-11,0,2.17374441545e-14,nan,nan,2.05197751728e-15,nan,nan
11164,1.161315856e-11,0,2.20501559294e-14,nan,nan,2.04916454051e-15,nan,nan
11168,1.15818894923e-11,0,2.23924609821e-14,nan,nan,2.04635204911e-15,nan,nan
11172,1.15502487045e-11,0,2.27608772132e-14,nan,nan,2.04354687367e-15,nan,nan
11176,1.15182383831e-11,0,2.31519937233e-14,nan,nan,2.04076630213e-15,nan,nan
11180,1.14858607278e-11,0,2.35624841908e-14,nan,nan,2.03795648292e-15,nan,nan
11184,1.14531179508e-11,0,2.39891571502e-14,nan,nan,2.03516245412e-15,nan,nan
11188,1.14200122773e-11,0,2.4428953494e-14,nan,nan,2.03239237416e-15,nan,nan
11192,1.1386545945e-11,0,2.48790349596e-14,nan,nan,2.02961146788e-15,nan,nan
11196,1.13527212043e-11,0,2.53366811594e-14,nan,nan,2.02683912047e-15,nan,nan
11200,1.13185403184e-11,0,2.57993608368e-14,nan,nan,2.02406765862e-15,nan,nan
11204,1.1284005563e-11,0,2.62647246602e-14,nan,nan,2.02130955443e-15,nan,nan
11208,1.12491192262e-11,0,2.67305877842e-14,nan,nan,2.01854666019e-15,nan,nan
11212,1.12138836089e-11,0,2.71949199989e-14,nan,nan,2.01579858271e-15,nan,nan
11216,1.11783010243e-11,0,2.76558641571e-14,nan,nan,2.01303907815e-15,nan,nan
11220,1.11423737981e-11,0,2.81116956158e-14,nan,nan,2.01029971864e-15,nan,nan
11224,1.11061042683e-11,0,2.85608432102e-14,nan,nan,2.00755655066e-15,nan,nan
11228,1.10694947856e-11,0,2.9001830465e-14,nan,nan,2.00481978674e-15,nan,nan
11232,1.10325477127e-11,0,2.94333674195e-14,nan,nan,2.00210531035e-15,nan,nan
11236,1.09952654247e-11,0,2.98542214665e-14,nan,nan,1.99937871023e-15,nan,nan
11240,1.09576503093e-11,0,3.02632968929e-14,nan,nan,1.996651928e-15,nan,nan
11244,1.0919704766e-11,0,3.06595988889e-14,nan,nan,1.99394373524e-15,nan,nan
11248,1.08814312068e-11,0,3.10422019188e-14,nan,nan,1.9912250164e-15,nan,nan
11252,1.08428320559e-11,0,3.14102934058e-14,nan,nan,1.98852872372e-15,nan,nan
11256,1.08039097496e-11,0,3.17631527814e-14,nan,nan,1.98582947363e-15,nan,nan
11260,1.07646667363e-11,0,3.21000920995e-14,nan,nan,1.9831322506e-15,nan,nan
11264,1.07251054767e-11,0,3.24205404294e-14,nan,nan,1.98043732222e-15,nan,nan
11268,1.06852284434e-11,0,3.27239991448e-14,nan,nan,1.97775513426e-15,nan,nan
11272,1.06450381214e-11,0,3.30099793138e-14,nan,nan,1.97506129616e-15,nan,nan
11276,1.06045370074e-11,0,3.3278125522e-14,nan,nan,1.97238714918e-15,nan,nan
11280,1.05637276103e-11,0,3.35280801669e-14,nan,nan,1.96972498636e-15,nan,nan
11284,1.0522612451e-11,0,3.37595839968e-14,nan,nan,1.96705735965e-15,nan,nan
11288,1.04811940626e-11,0,3.3972413876e-14,nan,nan,1.96439809872e-15,nan,nan
11292,1.04394749899e-11,0,3.41663727678e-14,nan,nan,1.96173346841e-15,nan,nan
11296,1.03974577899e-11,0,3.43413810357e-14,nan,nan,1.95907930212e-15,nan,nan
11300,1.03551450314e-11,0,3.44973182972e-14,nan,nan,1.95642628368e-15,nan,nan
11304,1.03125392954e-11,0,3.46341736275e-14,nan,nan,1.95378808966e-15,nan,nan
11308,1.02696431746e-11,0,3.47519558479e-14,nan,nan,1.95114964362e-15,nan,nan
11312,1.0226459274e-11,0,3.48506919145e-14,nan,nan,1.94851469666e-15,nan,nan
11316,1.01829902102e-11,0,3.4930516239e-14,nan,nan,1.94589724686e-15,nan,nan
11320,1.01392386121e-11,0,3.49915105655e-14,nan,nan,1.9432570073e-15,nan,nan
11324,1.00952071203e-11,0,3.5033856409e-14,nan,nan,1.94063089733e-15,nan,nan
11328,1.00508983875e-11,0,3.50577723241e-14,nan,nan,1.938028524e-15,nan,nan
11332,1.00063150784e-11,0,3.50634791192e-14,nan,nan,1.93539884255e-15,nan,nan
11336,9.96145986989e-12,0,3.50512321745e-14,nan,nan,1.93279922297e-15,nan,nan
11340,9.91633545059e-12,0,3.5021370867e-14,nan,nan,1.93019915594e-15,nan,nan
11344,9.87094452138e-12,0,3.49741830027e-14,nan,nan,1.92760194985e-15,nan,nan
11348,9.82528979521e-12,0,3.49100734906e-14,nan,nan,1.92501134836e-15,nan,nan
11352,9.77937399715e-12,0,3.4829413282e-14,nan,nan,1.92241780689e-15,nan,nan
11356,9.73319986447e-12,0,3.47326337768e-14,nan,nan,1.91983664426e-15,nan,nan
11360,9.68677014664e-12,0,3.46202027289e-14,nan,nan,1.9172565226e-15,nan,nan
11364,9.64008760544e-12,0,3.44925946064e-14,nan,nan,1.91468375441e-15,nan,nan
11368,9.59315501497e-12,0,3.43503045617e-14,nan,nan,1.91210131544e-15,nan,nan
11372,9.54597516173e-12,0,3.4193887809e-14,nan,nan,1.90953033227e-15,nan,nan
11376,9.4985508447e-12,0,3.40238933474e-14,nan,nan,1.90697492601e-15,nan,nan
11380,9.45088487545e-12,0,3.38409215399e-14,nan,nan,1.90442791523e-15,nan,nan
11384,9.40298007815e-12,0,3.36455755217e-14,nan,nan,1.90187388358e-15,nan,nan
11388,9.35483928973e-12,0,3.34384879233e-14,nan,nan,1.89932107012e-15,nan,nan
11392,9.30646535996e-12,0,3.32203192141e-14,nan,nan,1.89678449201e-15,nan,nan
11396,9.25786115159e-12,0,3.29917628103e-14,nan,nan,1.8942368144e-15,nan,nan
11400,9.20902954043e-12,0,3.27535094213e-14,nan,nan,1.89170709709e-15,nan,nan
11404,9.15997341552e-12,0,3.25062978895e-14,nan,nan,1.88917088048e-15,nan,nan
11408,9.11069567923e-12,0,3.22508598941e-14,nan,nan,1.88664099353e-15,nan,nan
11412,9.06119924748e-12,0,3.198797295e-14,nan,nan,1.88413637969e-15,nan,nan
11416,9.01148704983e-12,0,3.17184035382e-14,nan,nan,1.88160543248e-15,nan,nan
11420,8.96156202971e-12,0,3.14429516548e-14,nan,nan,1.87909973951e-15,nan,nan
11424,8.9114271446e-12,0,3.11624535202e-14,nan,nan,1.87658530322e-15,nan,nan
11428,8.86108536619e-12,0,3.08777209705e-14,nan,nan,1.87408015016e-15,nan,nan
11432,8.81053968067e-12,0,3.05896003938e-14,nan,nan,1.87157581325e-15,nan,nan
11436,8.75979308887e-12,0,3.02989486779e-14,nan,nan,1.86908640543e-15,nan,nan
11440,8.7088486066e-12,0,3.00066767833e-14,nan,nan,1.8665490182e-15,nan,nan
11444,8.65770926483e-12,0,2.97135549586e-14,nan,nan,1.86409981787e-15,nan,nan
11448,8.60637811001e-12,0,2.94205167157e-14,nan,nan,1.86162468508e-15,nan,nan
11452,8.55485820434e-12,0,2.91284730671e-14,nan,nan,1.85914538375e-15,nan,nan
11456,8.50315262613e-12,0,2.88382740599e-14,nan,nan,1.85667593172e-15,nan,nan
11460,8.45126447003e-12,0,2.85508115162e-14,nan,nan,1.85419576494e-15,nan,nan
11464,8.39919684746e-12,0,2.82669478813e-14,nan,nan,1.85173964043e-15,nan,nan
11468,8.34695288701e-12,0,2.79875691568e-14,nan,nan,1.84927489868e-15,nan,nan
11472,8.29453573466e-12,0,2.77135130859e-14,nan,nan,1.84682258431e-15,nan,nan
11476,8.24194855443e-12,0,2.7445627869e-14,nan,nan,1.84436743026e-15,nan,nan
11480,8.18919452859e-12,0,2.71847472567e-14,nan,nan,1.84191361201e-15,nan,nan
11484,8.13627685826e-12,0,2.69316323266e-14,nan,nan,1.83946886975e-15,nan,nan
11488,8.08319876383e-12,0,2.66870823094e-14,nan,nan,1.83703181686e-15,nan,nan
11492,8.02996348553e-12,0,2.64518060756e-14,nan,nan,1.83459332452e-15,nan,nan
11496,7.97657428378e-12,0,2.62265144033e-14,nan,nan,1.83216070275e-15,nan,nan
11500,7.92303444016e-12,0,2.60118557685e-14,nan,nan,1.82973557735e-15,nan,nan
11504,7.86934725737e-12,0,2.58084312806e-14,nan,nan,1.82730873534e-15,nan,nan
11508,7.81551606058e-12,0,2.56167899791e-14,nan,nan,1.82489319468e-15,nan,nan
11512,7.76154419746e-12,0,2.54374409424e-14,nan,nan,1.82247724264e-15,nan,nan
11516,7.70743503923e-12,0,2.5270806338e-14,nan,nan,1.82006127729e-15,nan,nan
11520,7.65319198129e-12,0,2.51172778292e-14,nan,nan,1.8176570831e-15,nan,nan
11524,7.59881844395e-12,0,2.49771420169e-14,nan,nan,1.81526197359e-15,nan,nan
11528,7.5443178733e-12,0,2.48506392577e-14,nan,nan,1.81285415699e-15,nan,nan
11532,7.48969374195e-12,0,2.47379293049e-14,nan,nan,1.81046536189e-15,nan,nan
11536,7.43494954999e-12,0,2.46390989698e-14,nan,nan,1.80807383135e-15,nan,nan
11540,7.3800888259e-12,0,2.45541783875e-14,nan,nan,1.80568830022e-15,nan,nan
11544,7.32511512751e-12,0,2.448309848e-14,nan,nan,1.80330317897e-15,nan,nan
11548,7.270032043e-12,0,2.44257340892e-14,nan,nan,1.8009283368e-15,nan,nan
11552,7.21484319203e-12,0,2.43818674522e-14,nan,nan,1.79855225797e-15,nan,nan
11556,7.15955222679e-12,0,2.43512526022e-14,nan,nan,1.79618762924e-15,nan,nan
11560,7.10416283327e-12,0,2.43335477051e-14,nan,nan,1.79380016107e-15,nan,nan
11564,7.04867873242e-12,0,2.43283625571e-14,nan,nan,1.79145542301e-15,nan,nan
11568,6.99310368144e-12,0,2.43352203164e-14,nan,nan,1.78909035255e-15,nan,nan
11572,6.93744147525e-12,0,2.43536362299e-14,nan,nan,1.78674291237e-15,nan,nan
11576,6.8816959478e-12,0,2.43830632042e-14,nan,nan,1.7843832953e-15,nan,nan
11580,6.82587097363e-12,0,2.44229030159e-14,nan,nan,1.78205209026e-15,nan,nan
11584,6.7699704695e-12,0,2.44725216513e-14,nan,nan,1.77969810285e-15,nan,nan
11588,6.71399839589e-12,0,2.45312536626e-14,nan,nan,1.7773795034e-15,nan,nan
11592,6.65795875888e-12,0,2.45984422352e-14,nan,nan,1.77504068941e-15,nan,nan
11596,6.60185561195e-12,0,2.46733506979e-14,nan,nan,1.77270134083e-15,nan,nan
11600,6.54569305781e-12,0,2.47553099885e-14,nan,nan,1.77038423529e-15,nan,nan
11604,6.48947525058e-12,0,2.48435517188e-14,nan,nan,1.76806338799e-15,nan,nan
11608,6.43320639767e-12,0,2.4937378986e-14,nan,nan,1.76574472541e-15,nan,nan
11612,6.3768907622e-12,0,2.50360480814e-14,nan,nan,1.76343752438e-15,nan,nan
11616,6.32053266524e-12,0,2.51388649669e-14,nan,nan,1.76112765321e-15,nan,nan
11620,6.26413648826e-12,0,2.52451032346e-14,nan,nan,1.75881285931e-15,nan,nan
11624,6.20770667575e-12,0,2.53540790947e-14,nan,nan,1.75655035014e-15,nan,nan
11628,6.15124773784e-12,0,2.54650064305e-14,nan,nan,1.75417328216e-15,nan,nan
11632,6.09476425323e-12,0,2.55774780334e-14,nan,nan,1.7519013139e-15,nan,nan
11636,6.03826087209e-12,0,2.5690590367e-14,nan,nan,1.74962543303e-15,nan,nan
11640,5.98174231931e-12,0,2.58038421359e-14,nan,nan,1.74734137834e-15,nan,nan
11644,5.9252133977e-12,0,2.5916629684e-14,nan,nan,1.74505625353e-15,nan,nan
11648,5.8686789915e-12,0,2.60283632414e-14,nan,nan,1.74278212499e-15,nan,nan
11652,5.81214407006e-12,0,2.61385233781e-14,nan,nan,1.74050277391e-15,nan,nan
11656,5.75561369166e-12,0,2.62465946277e-14,nan,nan,1.73824043634e-15,nan,nan
11660,5.69909300754e-12,0,2.63520788595e-14,nan,nan,1.73596544346e-15,nan,nan
11664,5.64258726621e-12,0,2.64545493779e-14,nan,nan,1.73370903887e-15,nan,nan
11668,5.58610181787e-12,0,2.65535395288e-14,nan,nan,1.73145580695e-15,nan,nan
11672,5.52964211916e-12,0,2.6648714309e-14,nan,nan,1.72918820077e-15,nan,nan
11676,5.47321373816e-12,0,2.67396443886e-14,nan,nan,1.72694275714e-15,nan,nan
11680,5.41682235952e-12,0,2.68260339648e-14,nan,nan,1.72469057991e-15,nan,nan
11684,5.36047379011e-12,0,2.6907566631e-14,nan,nan,1.72243556951e-15,nan,nan
11688,5.30417396471e-12,0,2.69839750998e-14,nan,nan,1.72021562416e-15,nan,nan
11692,5.24792895219e-12,0,2.70550078705e-14,nan,nan,1.71796727978e-15,nan,nan
11696,5.19174496192e-12,0,2.7120443484e-14,nan,nan,1.71573196031e-15,nan,nan
11700,5.13562835059e-12,0,2.71800950032e-14,nan,nan,1.71350788345e-15,nan,nan
11704,5.07958562927e-12,0,2.72338111003e-14,nan,nan,1.71128334818e-15,nan,nan
11708,5.02362347114e-12,0,2.72814351417e-14,nan,nan,1.70905415701e-15,nan,nan
11712,4.96774871922e-12,0,2.73228829598e-14,nan,nan,1.70683813624e-15,nan,nan
11716,4.91196839486e-12,0,2.73580440585e-14,nan,nan,1.7046236577e-15,nan,nan
11720,4.85628970655e-12,0,2.73868854795e-14,nan,nan,1.7024203702e-15,nan,nan
11724,4.80072005919e-12,0,2.74093605614e-14,nan,nan,1.70020958134e-15,nan,nan
11728,4.74526706393e-12,0,2.74254624192e-14,nan,nan,1.69802108036e-15,nan,nan
11732,4.68993854842e-12,0,2.74352278062e-14,nan,nan,1.69581380899e-15,nan,nan
11736,4.63474256774e-12,0,2.74386667036e-14,nan,nan,1.69360935771e-15,nan,nan
11740,4.57968741584e-12,0,2.74358419996e-14,nan,nan,1.69142306658e-15,nan,nan
11744,4.5247816376e-12,0,2.74268365648e-14,nan,nan,1.68924747139e-15,nan,nan
11748,4.47003404152e-12,0,2.74117652242e-14,nan,nan,1.68703946627e-15,nan,nan
11752,4.41545371307e-12,0,2.73907380155e-14,nan,nan,1.68487808175e-15,nan,nan
11756,4.36105002878e-12,0,2.7363881603e-14,nan,nan,1.68269170372e-15,nan,nan
11760,4.30683267101e-12,0,2.73313514595e-14,nan,nan,1.68052244818e-15,nan,nan
11764,4.25281164347e-12,0,2.72933461885e-14,nan,nan,1.67835233226e-15,nan,nan
11768,4.19899728756e-12,0,2.7250029968e-14,nan,nan,1.67618794695e-15,nan,nan
11772,4.14540029952e-12,0,2.72016215497e-14,nan,nan,1.67402036198e-15,nan,nan
11776,4.09203174837e-12,0,2.71483347057e-14,nan,nan,1.67186760753e-15,nan,nan
11780,4.03890309478e-12,0,2.70904028332e-14,nan,nan,1.66970917945e-15,nan,nan
11784,3.98602621076e-12,0,2.70280926805e-14,nan,nan,1.66756116558e-15,nan,nan
11788,3.93341340034e-12,0,2.69616038662e-14,nan,nan,1.66540829125e-15,nan,nan
11792,3.88107742104e-12,0,2.68912571613e-14,nan,nan,1.66326624605e-15,nan,nan
11796,3.82903150639e-12,0,2.68173216698e-14,nan,nan,1.66112446458e-15,nan,nan
11800,3.77728938937e-12,0,2.6740067862e-14,nan,nan,1.65899489572e-15,nan,nan
11804,3.72586532661e-12,0,2.66598047567e-14,nan,nan,1.65684865187e-15,nan,nan
11808,3.67477412373e-12,0,2.65768361329e-14,nan,nan,1.65470882665e-15,nan,nan
11812,3.62403116141e-12,0,2.64914548691e-14,nan,nan,1.65262490207e-15,nan,nan
11816,3.57365242227e-12,0,2.64039684771e-14,nan,nan,1.65046780193e-15,nan,nan
11820,3.52365451862e-12,0,2.63146927645e-14,nan,nan,1.64835174907e-15,nan,nan
11824,3.47405472083e-12,0,2.6223944333e-14,nan,nan,1.646238158e-15,nan,nan
11828,3.42487098634e-12,0,2.6132074568e-14,nan,nan,1.64413182923e-15,nan,nan
11832,3.37612198904e-12,0,2.6039351308e-14,nan,nan,1.6420182222e-15,nan,nan
11836,3.32782714902e-12,0,2.59461211812e-14,nan,nan,1.63991602631e-15,nan,nan
11840,3.28000666247e-12,0,2.58526847472e-14,nan,nan,1.63781107467e-15,nan,nan
11844,3.23268153121e-12,0,2.57593529328e-14,nan,nan,1.63571295271e-15,nan,nan
11848,3.18587359219e-12,0,2.56664403692e-14,nan,nan,1.63362277688e-15,nan,nan
11852,3.13960554581e-12,0,2.55742283558e-14,nan,nan,1.63152337595e-15,nan,nan
11856,3.09390098342e-12,0,2.54830167123e-14,nan,nan,1.62944107538e-15,nan,nan
11860,3.04878441313e-12,0,2.5393077258e-14,nan,nan,1.62735811676e-15,nan,nan
11864,3.00428128343e-12,0,2.53046980599e-14,nan,nan,1.62527248789e-15,nan,nan
11868,2.96041800426e-12,0,2.52181263025e-14,nan,nan,1.6232015445e-15,nan,nan
11872,2.91722196456e-12,0,2.51335962408e-14,nan,nan,1.62113169946e-15,nan,nan
11876,2.8747215458e-12,0,2.50513788052e-14,nan,nan,1.61904845129e-15,nan,nan
11880,2.83294613047e-12,0,2.49716668763e-14,nan,nan,1.61699092094e-15,nan,nan
11884,2.79192610462e-12,0,2.48946705695e-14,nan,nan,1.61493068698e-15,nan,nan
11888,2.75169285356e-12,0,2.48205853747e-14,nan,nan,1.61286326173e-15,nan,nan
11892,2.71227874935e-12,0,2.47495702938e-14,nan,nan,1.61081047523e-15,nan,nan
11896,2.67371712922e-12,0,2.46817907661e-14,nan,nan,1.60875561077e-15,nan,nan
11900,2.63604226325e-12,0,2.46173741195e-14,nan,nan,1.60670064391e-15,nan,nan
11904,2.59928931035e-12,0,2.45564439682e-14,nan,nan,1.60465807724e-15,nan,nan
11908,2.56349426097e-12,0,2.44990933579e-14,nan,nan,1.60261837689e-15,nan,nan
11912,2.52869386519e-12,0,2.44453962074e-14,nan,nan,1.60056464323e-15,nan,nan
11916,2.49492554505e-12,0,2.43954120688e-14,nan,nan,1.59853703344e-15,nan,nan
11920,2.46222728952e-12,0,2.43491848355e-14,nan,nan,1.59650273797e-15,nan,nan
11924,2.43063753134e-12,0,2.43067251902e-14,nan,nan,1.59448547211e-15,nan,nan
11928,2.40019500447e-12,0,2.42680479831e-14,nan,nan,1.59244436422e-15,nan,nan
11932,2.37093858174e-12,0,2.42331016552e-14,nan,nan,1.59042193807e-15,nan,nan
11936,2.34290709207e-12,0,2.42018792818e-14,nan,nan,1.58840930476e-15,nan,nan
11940,2.31613911759e-12,0,2.41743003487e-14,nan,nan,1.58637293497e-15,nan,nan
11944,2.29067277087e-12,0,2.41503008906e-14,nan,nan,1.58437911128e-15,nan,nan
11948,2.2665454536e-12,0,2.41297966515e-14,nan,nan,1.58236779106e-15,nan,nan
11952,2.24379359826e-12,0,2.41126516747e-14,nan,nan,1.58035900119e-15,nan,nan
11956,2.2224523952e-12,0,2.40987624225e-14,nan,nan,1.57835798311e-15,nan,nan
11960,2.20255550812e-12,0,2.40879815852e-14,nan,nan,1.57635103215e-15,nan,nan
11964,2.18413478183e-12,0,2.40801713821e-14,nan,nan,1.57436289001e-15,nan,nan
11968,2.16721994648e-12,0,2.4075141048e-14,nan,nan,1.57236243816e-15,nan,nan
11972,2.15183832352e-12,0,2.40727468153e-14,nan,nan,1.57037470344e-15,nan,nan
11976,2.13801453861e-12,0,2.40727783587e-14,nan,nan,1.56839121372e-15,nan,nan
11980,2.12577024768e-12,0,2.40750549095e-14,nan,nan,1.5664058148e-15,nan,nan
11984,2.11512388162e-12,0,2.40793720505e-14,nan,nan,1.56442427651e-15,nan,nan
11988,2.10609041625e-12,0,2.40855170659e-14,nan,nan,1.56245572284e-15,nan,nan
11992,2.09868117249e-12,0,2.40932988161e-14,nan,nan,1.5604740608e-15,nan,nan
11996,2.09290365262e-12,0,2.41024661198e-14,nan,nan,1.55851176611e-15,nan,nan
12000,2.08876141685e-12,0,2.41128393105e-14,nan,nan,1.55653469279e-15,nan,nan
12004,2.08625400243e-12,0,2.41241649381e-14,nan,nan,1.55457738328e-15,nan,nan
12008,2.08537689161e-12,0,2.4136243845e-14,nan,nan,1.55261887281e-15,nan,nan
12012,2.08612152335e-12,0,2.41488405911e-14,nan,nan,1.55064690999e-15,nan,nan
12016,2.08847535502e-12,0,2.41617599393e-14,nan,nan,1.54870311301e-15,nan,nan
12020,2.09242196843e-12,0,2.417477179e-14,nan,nan,1.54675158232e-15,nan,nan
12024,2.09794121935e-12,0,2.41876608041e-14,nan,nan,1.54480554824e-15,nan,nan
12028,2.10500942633e-12,0,2.42002264884e-14,nan,nan,1.54286151667e-15,nan,nan
12032,2.11359959416e-12,0,2.42122723146e-14,nan,nan,1.54091278173e-15,nan,nan
12036,2.12368166654e-12,0,2.42235870686e-14,nan,nan,1.53897634938e-15,nan,nan
12040,2.13522280221e-12,0,2.42340123077e-14,nan,nan,1.53704408877e-15,nan,nan
12044,2.14818766828e-12,0,2.42433490014e-14,nan,nan,1.53511775966e-15,nan,nan
12048,2.1625387445e-12,0,2.42514292293e-14,nan,nan,1.5331854472e-15,nan,nan
12052,2.17823663293e-12,0,2.42580886371e-14,nan,nan,1.53126768293e-15,nan,nan
12056,2.19524036682e-12,0,2.42631748409e-14,nan,nan,1.52933737455e-15,nan,nan
12060,2.21350771421e-12,0,2.42665475063e-14,nan,nan,1.5274119902e-15,nan,nan
12064,2.23299547151e-12,0,2.4268088689e-14,nan,nan,1.52549701357e-15,nan,nan
12068,2.25365974344e-12,0,2.42676457228e-14,nan,nan,1.52358891057e-15,nan,nan
12072,2.27545620623e-12,0,2.42651433999e-14,nan,nan,1.52167411294e-15,nan,nan
12076,2.29834035209e-12,0,2.42604451342e-14,nan,nan,1.5197713819e-15,nan,nan
12080,2.32226771295e-12,0,2.42534896319e-14,nan,nan,1.51786418297e-15,nan,nan
12084,2.34719406289e-12,0,2.4244193783e-14,nan,nan,1.51596613996e-15,nan,nan
12088,2.37307559875e-12,0,2.42325052647e-14,nan,nan,1.51407284282e-15,nan,nan
12092,2.39986909895e-12,0,2.42183397886e-14,nan,nan,1.51217591025e-15,nan,nan
12096,2.42753206117e-12,0,2.42016910219e-14,nan,nan,1.51028067324e-15,nan,nan
12100,2.45602281982e-12,0,2.41825102411e-14,nan,nan,1.50839710342e-15,nan,nan
12104,2.48530064396e-12,0,2.41607885023e-14,nan,nan,1.50650832412e-15,nan,nan
12108,2.51532581786e-12,0,2.41365262317e-14,nan,nan,1.50463386965e-15,nan,nan
12112,2.54605970446e-12,0,2.41097057671e-14,nan,nan,1.50275180453e-15,nan,nan
12116,2.5774647942e-12,0,2.40803753284e-14,nan,nan,1.50086730253e-15,nan,nan
12120,2.60950474011e-12,0,2.4048546985e-14,nan,nan,1.49899546402e-15,nan,nan
12124,2.64214438094e-12,0,2.40142825017e-14,nan,nan,1.49713511106e-15,nan,nan
12128,2.67534975357e-12,0,2.3977579817e-14,nan,nan,1.4952420806e-15,nan,nan
12132,2.70908809619e-12,0,2.39385681856e-14,nan,nan,1.49339070962e-15,nan,nan
12136,2.74332784352e-12,0,2.38972810385e-14,nan,nan,1.4915477349e-15,nan,nan
12140,2.77803861505e-12,0,2.38538054819e-14,nan,nan,1.48967215692e-15,nan,nan
12144,2.81319119778e-12,0,2.38082441845e-14,nan,nan,1.48783263802e-15,nan,nan
12148,2.84875752403e-12,0,2.37606870136e-14,nan,nan,1.4859692879e-15,nan,nan
12152,2.88471064541e-12,0,2.37112406278e-14,nan,nan,1.48412334173e-15,nan,nan
12156,2.92102470382e-12,0,2.36600375786e-14,nan,nan,1.48227960962e-15,nan,nan
12160,2.95767489991e-12,0,2.36071881987e-14,nan,nan,1.48042988497e-15,nan,nan
12164,2.99463745985e-12,0,2.35528266058e-14,nan,nan,1.47859153793e-15,nan,nan
12168,3.03188960086e-12,0,2.34971070147e-14,nan,nan,1.47675833094e-15,nan,nan
12172,3.06940949589e-12,0,2.34401592949e-14,nan,nan,1.47491655326e-15,nan,nan
12176,3.10717623788e-12,0,2.33821471965e-14,nan,nan,1.47309144765e-15,nan,nan
12180,3.14516980405e-12,0,2.33232202105e-14,nan,nan,1.47125959016e-15,nan,nan
12184,3.18337102019e-12,0,2.32635549735e-14,nan,nan,1.46941988483e-15,nan,nan
12188,3.22176152562e-12,0,2.32032384862e-14,nan,nan,1.46758240317e-15,nan,nan
12192,3.26032373858e-12,0,2.3142556223e-14,nan,nan,1.46580451901e-15,nan,nan
12196,3.29904082233e-12,0,2.30816139779e-14,nan,nan,1.46398010331e-15,nan,nan
12200,3.33789665231e-12,0,2.30205770151e-14,nan,nan,1.46216943191e-15,nan,nan
12204,3.37687578423e-12,0,2.29596321471e-14,nan,nan,1.46035056329e-15,nan,nan
12208,3.41596342298e-12,0,2.28989422094e-14,nan,nan,1.45854245969e-15,nan,nan
12212,3.45514539286e-12,0,2.28386840342e-14,nan,nan,1.45673584833e-15,nan,nan
12216,3.49440810889e-12,0,2.2779042616e-14,nan,nan,1.4549422284e-15,nan,nan
12220,3.53373854909e-12,0,2.27201504452e-14,nan,nan,1.45314643278e-15,nan,nan
12224,3.5731242281e-12,0,2.26621923119e-14,nan,nan,1.45135118033e-15,nan,nan
12228,3.61255317169e-12,0,2.26053274712e-14,nan,nan,1.44953557192e-15,nan,nan
12232,3.65201389268e-12,0,2.25497170679e-14,nan,nan,1.44776427977e-15,nan,nan
12236,3.69149536765e-12,0,2.24955023332e-14,nan,nan,1.44597093275e-15,nan,nan
12240,3.73098701494e-12,0,2.24428275064e-14,nan,nan,1.44418634241e-15,nan,nan
12244,3.77047867357e-12,0,2.23918488111e-14,nan,nan,1.44241498818e-15,nan,nan
12248,3.80996058322e-12,0,2.23426700839e-14,nan,nan,1.44062614314e-15,nan,nan
12252,3.84942336515e-12,0,2.22954327963e-14,nan,nan,1.43885634965e-15,nan,nan
12256,3.88885800409e-12,0,2.22502604021e-14,nan,nan,1.43708258117e-15,nan,nan
12260,3.92825583104e-12,0,2.22072287512e-14,nan,nan,1.43530980047e-15,nan,nan
12264,3.96760850685e-12,0,2.21664577586e-14,nan,nan,1.43354617797e-15,nan,nan
12268,4.00690800676e-12,0,2.21280272143e-14,nan,nan,1.43177729289e-15,nan,nan
12272,4.04614660559e-12,0,2.20920074851e-14,nan,nan,1.43001438781e-15,nan,nan
12276,4.08531686385e-12,0,2.20584607174e-14,nan,nan,1.42826072648e-15,nan,nan
12280,4.12441161438e-12,0,2.20274570553e-14,nan,nan,1.42649856169e-15,nan,nan
12284,4.16342394981e-12,0,2.19990184927e-14,nan,nan,1.42474886122e-15,nan,nan
12288,4.20234721067e-12,0,2.19731942409e-14,nan,nan,1.42299461564e-15,nan,nan
12292,4.241174974e-12,0,2.19499681115e-14,nan,nan,1.42124845205e-15,nan,nan
12296,4.27990104269e-12,0,2.19293775657e-14,nan,nan,1.41950549825e-15,nan,nan
12300,4.3185194353e-12,0,2.19114113429e-14,nan,nan,1.41775923192e-15,nan,nan
12304,4.35702437638e-12,0,2.18960389262e-14,nan,nan,1.41601810483e-15,nan,nan
12308,4.39541028741e-12,0,2.18832542525e-14,nan,nan,1.41428833047e-15,nan,nan
12312,4.4336717781e-12,0,2.18730144366e-14,nan,nan,1.41256673149e-15,nan,nan
12316,4.47180363816e-12,0,2.18652276134e-14,nan,nan,1.41081523232e-15,nan,nan
12320,4.50980082955e-12,0,2.18598644667e-14,nan,nan,1.40909124494e-15,nan,nan
12324,4.54765847903e-12,0,2.18568681968e-14,nan,nan,1.40736863737e-15,nan,nan
12328,4.58537187125e-12,0,2.18561153381e-14,nan,nan,1.40565000121e-15,nan,nan
12332,4.62293644202e-12,0,2.18575435194e-14,nan,nan,1.40392696039e-15,nan,nan
12336,4.66034777207e-12,0,2.18610387509e-14,nan,nan,1.402205934e-15,nan,nan
12340,4.69760158098e-12,0,2.18664929082e-14,nan,nan,1.40049422493e-15,nan,nan
12344,4.73469372169e-12,0,2.18737943792e-14,nan,nan,1.39877626206e-15,nan,nan
12348,4.77162017482e-12,0,2.18828003624e-14,nan,nan,1.39707222417e-15,nan,nan
12352,4.80837704383e-12,0,2.1893399975e-14,nan,nan,1.39536234275e-15,nan,nan
12356,4.84496054998e-12,0,2.19054457407e-14,nan,nan,1.39366302722e-15,nan,nan
12360,4.88136702782e-12,0,2.19187928478e-14,nan,nan,1.39196078693e-15,nan,nan
12364,4.91759292076e-12,0,2.19333007781e-14,nan,nan,1.39025389798e-15,nan,nan
12368,4.95363477685e-12,0,2.19488213331e-14,nan,nan,1.38856432854e-15,nan,nan
12372,4.98948924492e-12,0,2.19651628802e-14,nan,nan,1.38682228318e-15,nan,nan
12376,5.02515307075e-12,0,2.19822577451e-14,nan,nan,1.38518617859e-15,nan,nan
12380,5.06062309347e-12,0,2.19998249948e-14,nan,nan,1.38349384292e-15,nan,nan
12384,5.0958962422e-12,0,2.20178078244e-14,nan,nan,1.38180801676e-15,nan,nan
12388,5.13096953277e-12,0,2.20360002046e-14,nan,nan,1.38012189971e-15,nan,nan
12392,5.16584006461e-12,0,2.20542579816e-14,nan,nan,1.37845037247e-15,nan,nan
12396,5.20050501788e-12,0,2.20724100165e-14,nan,nan,1.37676851365e-15,nan,nan
12400,5.2349616506e-12,0,2.20903110456e-14,nan,nan,1.37509312229e-15,nan,nan
12404,5.26920729598e-12,0,2.21077989903e-14,nan,nan,1.37342547558e-15,nan,nan
12408,5.30323935991e-12,0,2.21247401137e-14,nan,nan,1.37174859853e-15,nan,nan
12412,5.33705531854e-12,0,2.21409584467e-14,nan,nan,1.37008877276e-15,nan,nan
12416,5.37065271589e-12,0,2.21563342118e-14,nan,nan,1.36842239023e-15,nan,nan
12420,5.40402916172e-12,0,2.21707200284e-14,nan,nan,1.36675738691e-15,nan,nan
12424,5.43718232941e-12,0,2.21839836398e-14,nan,nan,1.36511120426e-15,nan,nan
12428,5.4701099539e-12,0,2.21959839019e-14,nan,nan,1.36344984685e-15,nan,nan
12432,5.50280982983e-12,0,2.22065943617e-14,nan,nan,1.36179696798e-15,nan,nan
12436,5.53527980966e-12,0,2.22157178815e-14,nan,nan,1.36014223047e-15,nan,nan
12440,5.56751780189e-12,0,2.22232174061e-14,nan,nan,1.35849388755e-15,nan,nan
12444,5.59952176954e-12,0,2.22290244175e-14,nan,nan,1.35685478858e-15,nan,nan
12448,5.63128972828e-12,0,2.22330026298e-14,nan,nan,1.35520429519e-15,nan,nan
12452,5.66281974517e-12,0,2.22350812669e-14,nan,nan,1.35356533375e-15,nan,nan
12456,5.69410993699e-12,0,2.22351719667e-14,nan,nan,1.35192805172e-15,nan,nan
12460,5.72515846897e-12,0,2.22332002312e-14,nan,nan,1.35029103887e-15,nan,nan
12464,5.75596355334e-12,0,2.22290985979e-14,nan,nan,1.34866095697e-15,nan,nan
12468,5.78652344814e-12,0,2.22228017317e-14,nan,nan,1.34702047694e-15,nan,nan
12472,5.81683645592e-12,0,2.22142678553e-14,nan,nan,1.34540553632e-15,nan,nan
12476,5.84690092256e-12,0,2.2203446125e-14,nan,nan,1.34377929545e-15,nan,nan
12480,5.87671523621e-12,0,2.21903024308e-14,nan,nan,1.34215452757e-15,nan,nan
12484,5.90627782607e-12,0,2.2174804125e-14,nan,nan,1.34052724902e-15,nan,nan
12488,5.93558716149e-12,0,2.21569456441e-14,nan,nan,1.33891946989e-15,nan,nan
12492,5.96464175088e-12,0,2.21366948823e-14,nan,nan,1.33729295298e-15,nan,nan
12496,5.99344014077e-12,0,2.21140813269e-14,nan,nan,1.33569401871e-15,nan,nan
12500,6.02198091501e-12,0,2.20890918311e-14,nan,nan,1.3340778049e-15,nan,nan
12504,6.05026269354e-12,0,2.20617322928e-14,nan,nan,1.33247155479e-15,nan,nan
12508,6.07828413204e-12,0,2.20320547903e-14,nan,nan,1.33086671695e-15,nan,nan
12512,6.10604392066e-12,0,2.20000532332e-14,nan,nan,1.32927107659e-15,nan,nan
12516,6.13354078351e-12,0,2.19658004197e-14,nan,nan,1.32766411697e-15,nan,nan
12520,6.16077347783e-12,0,2.19293108531e-14,nan,nan,1.32606782809e-15,nan,nan
12524,6.1877407932e-12,0,2.18906603763e-14,nan,nan,1.32446767506e-15,nan,nan
12528,6.214441551e-12,0,2.1849904373e-14,nan,nan,1.32288349134e-15,nan,nan
12532,6.24087460357e-12,0,2.18071147097e-14,nan,nan,1.32129165848e-15,nan,nan
12536,6.26703883368e-12,0,2.1762367317e-14,nan,nan,1.31971209324e-15,nan,nan
12540,6.29293315388e-12,0,2.1715738579e-14,nan,nan,1.31811732291e-15,nan,nan
12544,6.31855650586e-12,0,2.16673185253e-14,nan,nan,1.3165366029e-15,nan,nan
12548,6.34390785998e-12,0,2.16171983914e-14,nan,nan,1.31495299382e-15,nan,nan
12552,6.3689862146e-12,0,2.15654982514e-14,nan,nan,1.31338486745e-15,nan,nan
12556,6.39379059565e-12,0,2.1512310035e-14,nan,nan,1.31179660975e-15,nan,nan
12560,6.41832005604e-12,0,2.14577105931e-14,nan,nan,1.31025805732e-15,nan,nan
12564,6.44257367522e-12,0,2.14019158376e-14,nan,nan,1.30866599063e-15,nan,nan
12568,6.46655055869e-12,0,2.13449570382e-14,nan,nan,1.30708534874e-15,nan,nan
12572,6.49024983754e-12,0,2.12869819617e-14,nan,nan,1.30553947935e-15,nan,nan
12576,6.51367066803e-12,0,2.12281255357e-14,nan,nan,1.30396580094e-15,nan,nan
12580,6.53681223115e-12,0,2.11685235961e-14,nan,nan,1.30240362454e-15,nan,nan
12584,6.55967373218e-12,0,2.11083051685e-14,nan,nan,1.30085358549e-15,nan,nan
12588,6.58225440035e-12,0,2.10476203385e-14,nan,nan,1.29928413711e-15,nan,nan
12592,6.60455348849e-12,0,2.09865950303e-14,nan,nan,1.29773889583e-15,nan,nan
12596,6.62657027256e-12,0,2.09253830529e-14,nan,nan,1.2961899233e-15,nan,nan
12600,6.64830405139e-12,0,2.08641192413e-14,nan,nan,1.29463543262e-15,nan,nan
12604,6.66975414629e-12,0,2.0802939917e-14,nan,nan,1.29309457162e-15,nan,nan
12608,6.69091990079e-12,0,2.07420047721e-14,nan,nan,1.29154455579e-15,nan,nan
12612,6.71180068022e-12,0,2.06814324636e-14,nan,nan,1.29001132437e-15,nan,nan
12616,6.73239587151e-12,0,2.06213936568e-14,nan,nan,1.28846502301e-15,nan,nan
12620,6.75270488285e-12,0,2.05620106574e-14,nan,nan,1.28692532904e-15,nan,nan
12624,6.7727271434e-12,0,2.05033964479e-14,nan,nan,1.2853925456e-15,nan,nan
12628,6.79246210306e-12,0,2.04457337016e-14,nan,nan,1.28385819651e-15,nan,nan
12632,6.81190923216e-12,0,2.03891476985e-14,nan,nan,1.28233350107e-15,nan,nan
12636,6.83106802125e-12,0,2.03337113786e-14,nan,nan,1.28081015313e-15,nan,nan
12640,6.84993798081e-12,0,2.02796097668e-14,nan,nan,1.27928732204e-15,nan,nan
12644,6.8685186411e-12,0,2.02269321228e-14,nan,nan,1.27775905655e-15,nan,nan
12648,6.88680955182e-12,0,2.01757864633e-14,nan,nan,1.27624535086e-15,nan,nan
12652,6.90481028197e-12,0,2.01262960155e-14,nan,nan,1.27472783685e-15,nan,nan
12656,6.9225204196e-12,0,2.00785588527e-14,nan,nan,1.27321391887e-15,nan,nan
12660,6.93993957169e-12,0,2.00326499263e-14,nan,nan,1.27170243034e-15,nan,nan
12664,6.95706736385e-12,0,1.99886763527e-14,nan,nan,1.27017643276e-15,nan,nan
12668,6.97390344013e-12,0,1.99467107665e-14,nan,nan,1.26868121914e-15,nan,nan
12672,6.99044746294e-12,0,1.99068242348e-14,nan,nan,1.26718088196e-15,nan,nan
12676,7.00669911279e-12,0,1.98690906342e-14,nan,nan,1.26566752434e-15,nan,nan
12680,7.02265808814e-12,0,1.98335440174e-14,nan,nan,1.2641634155e-15,nan,nan
12684,7.03832410525e-12,0,1.98002478214e-14,nan,nan,1.26266066655e-15,nan,nan
12688,7.053696898e-12,0,1.97692246693e-14,nan,nan,1.26115991285e-15,nan,nan
12692,7.06877621772e-12,0,1.97405249068e-14,nan,nan,1.25968184124e-15,nan,nan
12696,7.08356183311e-12,0,1.97141456337e-14,nan,nan,1.25818295711e-15,nan,nan
12700,7.09805353e-12,0,1.96901121569e-14,nan,nan,1.25669901567e-15,nan,nan
12704,7.11225111129e-12,0,1.96684027235e-14,nan,nan,1.25520578432e-15,nan,nan
12708,7.12615439676e-12,0,1.96490444252e-14,nan,nan,1.25372575382e-15,nan,nan
12712,7.139763223e-12,0,1.96319948786e-14,nan,nan,1.25223062221e-15,nan,nan
12716,7.15307744322e-12,0,1.96172334789e-14,nan,nan,1.2507668863e-15,nan,nan
12720,7.1660969271e-12,0,1.9604720898e-14,nan,nan,1.24928169399e-15,nan,nan
12724,7.17882156082e-12,0,1.95944410802e-14,nan,nan,1.24780302889e-15,nan,nan
12728,7.19125124675e-12,0,1.95863032431e-14,nan,nan,1.24633956119e-15,nan,nan
12732,7.20338590345e-12,0,1.95802516687e-14,nan,nan,1.24485974194e-15,nan,nan
12736,7.21522546555e-12,0,1.95762613426e-14,nan,nan,1.24339042898e-15,nan,nan
12740,7.22676988362e-12,0,1.95742225126e-14,nan,nan,1.2419252229e-15,nan,nan
12744,7.23801912403e-12,0,1.95740675058e-14,nan,nan,1.24046215497e-15,nan,nan
12748,7.24897316893e-12,0,1.95756954778e-14,nan,nan,1.23900610653e-15,nan,nan
12752,7.25963201607e-12,0,1.95790371398e-14,nan,nan,1.23754219729e-15,nan,nan
12756,7.26999567872e-12,0,1.95839514594e-14,nan,nan,1.23607172458e-15,nan,nan
12760,7.28006418563e-12,0,1.95903878529e-14,nan,nan,1.23462230902e-15,nan,nan
12764,7.2898375808e-12,0,1.95981982746e-14,nan,nan,1.23317506252e-15,nan,nan
12768,7.29931592355e-12,0,1.96072857056e-14,nan,nan,1.2317142768e-15,nan,nan
12772,7.30849928831e-12,0,1.96175472417e-14,nan,nan,1.2302677407e-15,nan,nan
12776,7.31738776456e-12,0,1.96288390295e-14,nan,nan,1.22881499917e-15,nan,nan
12780,7.32598145673e-12,0,1.96410523777e-14,nan,nan,1.22737487869e-15,nan,nan
12784,7.33428048415e-12,0,1.96540634051e-14,nan,nan,1.22592969738e-15,nan,nan
12788,7.34228498091e-12,0,1.96677563384e-14,nan,nan,1.22449125419e-15,nan,nan
12792,7.34999509578e-12,0,1.96819793434e-14,nan,nan,1.22306041181e-15,nan,nan
12796,7.35741099219e-12,0,1.96966427487e-14,nan,nan,1.22161654015e-15,nan,nan
12800,7.36453284804e-12,0,1.97115937294e-14,nan,nan,1.22018493964e-15,nan,nan
12804,7.37136085566e-12,0,1.97267215168e-14,nan,nan,1.21875777989e-15,nan,nan
12808,7.37789522175e-12,0,1.97418994135e-14,nan,nan,1.21732305609e-15,nan,nan
12812,7.38413616728e-12,0,1.97569913002e-14,nan,nan,1.2159057513e-15,nan,nan
12816,7.39008392736e-12,0,1.97719033855e-14,nan,nan,1.2144781784e-15,nan,nan
12820,7.39573875121e-12,0,1.97865051203e-14,nan,nan,1.21305156631e-15,nan,nan
12824,7.40110090208e-12,0,1.98006830454e-14,nan,nan,1.2116273877e-15,nan,nan
12828,7.40617065711e-12,0,1.98142959551e-14,nan,nan,1.21021325952e-15,nan,nan
12832,7.41094830728e-12,0,1.98272971665e-14,nan,nan,1.20878942928e-15,nan,nan
12836,7.41543415736e-12,0,1.98395256672e-14,nan,nan,1.20737732028e-15,nan,nan
12840,7.41962852574e-12,0,1.98509024622e-14,nan,nan,1.20596627386e-15,nan,nan
12844,7.42353174444e-12,0,1.98613186449e-14,nan,nan,1.20455730745e-15,nan,nan
12848,7.42714415896e-12,0,1.98707012189e-14,nan,nan,1.20314869414e-15,nan,nan
12852,7.43046612822e-12,0,1.98789460824e-14,nan,nan,1.20174204383e-15,nan,nan
12856,7.4334980245e-12,0,1.98859822268e-14,nan,nan,1.20033517933e-15,nan,nan
12860,7.43624023327e-12,0,1.98917231801e-14,nan,nan,1.19893555103e-15,nan,nan
12864,7.43869315325e-12,0,1.98960951348e-14,nan,nan,1.19753300047e-15,nan,nan
12868,7.44085719617e-12,0,1.98990421094e-14,nan,nan,1.196145704e-15,nan,nan
12872,7.44273278678e-12,0,1.99005006094e-14,nan,nan,1.19473375796e-15,nan,nan
12876,7.44432036276e-12,0,1.99004048491e-14,nan,nan,1.19335314889e-15,nan,nan
12880,7.44562037461e-12,0,1.98987226625e-14,nan,nan,1.19196336288e-15,nan,nan
12884,7.44663328555e-12,0,1.98953929063e-14,nan,nan,1.19057946078e-15,nan,nan
12888,7.44735957149e-12,0,1.98903895742e-14,nan,nan,1.18918883421e-15,nan,nan
12892,7.4477997209e-12,0,1.98836675486e-14,nan,nan,1.18779565237e-15,nan,nan
12896,7.44795423474e-12,0,1.98752120773e-14,nan,nan,1.18641993894e-15,nan,nan
12900,7.44782362637e-12,0,1.98650135774e-14,nan,nan,1.1850383585e-15,nan,nan
12904,7.44740842148e-12,0,1.98530386098e-14,nan,nan,1.18366836157e-15,nan,nan
12908,7.44670915799e-12,0,1.98392862755e-14,nan,nan,1.18228054835e-15,nan,nan
12912,7.44572638597e-12,0,1.98237539257e-14,nan,nan,1.18090996957e-15,nan,nan
12916,7.44446066754e-12,0,1.9806454541e-14,nan,nan,1.17954276457e-15,nan,nan
12920,7.44291257686e-12,0,1.97873889368e-14,nan,nan,1.17816146743e-15,nan,nan
12924,7.44108269991e-12,0,1.97665761144e-14,nan,nan,1.1768047968e-15,nan,nan
12928,7.43897163456e-12,0,1.97440327098e-14,nan,nan,1.17543254364e-15,nan,nan
12932,7.43657999034e-12,0,1.97197945944e-14,nan,nan,1.17406856696e-15,nan,nan
12936,7.43390838848e-12,0,1.96938703487e-14,nan,nan,1.17270149162e-15,nan,nan
12940,7.43095746176e-12,0,1.96663386998e-14,nan,nan,1.1713463022e-15,nan,nan
12944,7.42772785444e-12,0,1.96372217633e-14,nan,nan,1.16999350979e-15,nan,nan
12948,7.4242202222e-12,0,1.96065506892e-14,nan,nan,1.16863026216e-15,nan,nan
12952,7.42043523201e-12,0,1.95743832514e-14,nan,nan,1.16728179916e-15,nan,nan
12956,7.41637356213e-12,0,1.95407979314e-14,nan,nan,1.16593136517e-15,nan,nan
12960,7.41203590192e-12,0,1.95058299645e-14,nan,nan,1.1645810462e-15,nan,nan
12964,7.40742295188e-12,0,1.94695610047e-14,nan,nan,1.1632314661e-15,nan,nan
12968,7.40253542348e-12,0,1.94320510122e-14,nan,nan,1.1618853632e-15,nan,nan
12972,7.39737403912e-12,0,1.93933729086e-14,nan,nan,1.1605380215e-15,nan,nan
12976,7.39193953208e-12,0,1.93536140708e-14,nan,nan,1.15919926967e-15,nan,nan
12980,7.38623264637e-12,0,1.93128424933e-14,nan,nan,1.15786140933e-15,nan,nan
12984,7.38025413673e-12,0,1.92711432053e-14,nan,nan,1.15651229687e-15,nan,nan
12988,7.37400476852e-12,0,1.92285883577e-14,nan,nan,1.15519078503e-15,nan,nan
12992,7.36748531765e-12,0,1.9185293582e-14,nan,nan,1.1538503592e-15,nan,nan
12996,7.36069657052e-12,0,1.91413176708e-14,nan,nan,1.15252093996e-15,nan,nan
13000,7.35363932394e-12,0,1.90967750529e-14,nan,nan,1.15118890974e-15,nan,nan
13004,7.34631438501e-12,0,1.90517414769e-14,nan,nan,1.14986145957e-15,nan,nan
13008,7.33872257119e-12,0,1.90063197045e-14,nan,nan,1.14854005281e-15,nan,nan
13012,7.33086471012e-12,0,1.89606028941e-14,nan,nan,1.14721303904e-15,nan,nan
13016,7.32274163953e-12,0,1.89146801043e-14,nan,nan,1.14589748229e-15,nan,nan
13020,7.3143542073e-12,0,1.88686557863e-14,nan,nan,1.14457476781e-15,nan,nan
13024,7.30570327125e-12,0,1.88226168567e-14,nan,nan,1.14325799865e-15,nan,nan
13028,7.29678969919e-12,0,1.87766449383e-14,nan,nan,1.14194489271e-15,nan,nan
13032,7.28761436884e-12,0,1.87308737581e-14,nan,nan,1.14062028145e-15,nan,nan
13036,7.27817816772e-12,0,1.86853567739e-14,nan,nan,1.13931382721e-15,nan,nan
13040,7.2684819931e-12,0,1.86401986678e-14,nan,nan,1.13800101634e-15,nan,nan
13044,7.25852675199e-12,0,1.85954947438e-14,nan,nan,1.13669985849e-15,nan,nan
13048,7.2483133611e-12,0,1.85513218985e-14,nan,nan,1.13538963747e-15,nan,nan
13052,7.2378427467e-12,0,1.85077698966e-14,nan,nan,1.13408920519e-15,nan,nan
13056,7.2271158446e-12,0,1.84649261534e-14,nan,nan,1.13278369145e-15,nan,nan
13060,7.21613360017e-12,0,1.84228521258e-14,nan,nan,1.13148631169e-15,nan,nan
13064,7.20489696816e-12,0,1.83816405736e-14,nan,nan,1.13018057774e-15,nan,nan
13068,7.1934069128e-12,0,1.83413555943e-14,nan,nan,1.12888715772e-15,nan,nan
13072,7.18166440764e-12,0,1.83020794888e-14,nan,nan,1.12759651035e-15,nan,nan
13076,7.16967043551e-12,0,1.82638457309e-14,nan,nan,1.12630027696e-15,nan,nan
13080,7.15742598861e-12,0,1.82267450849e-14,nan,nan,1.12501271526e-15,nan,nan
13084,7.14493206822e-12,0,1.81908156676e-14,nan,nan,1.12371837214e-15,nan,nan
13088,7.13218968494e-12,0,1.8156132518e-14,nan,nan,1.12243178722e-15,nan,nan
13092,7.11919985844e-12,0,1.81226921804e-14,nan,nan,1.12115591468e-15,nan,nan
13096,7.10596361748e-12,0,1.80905969664e-14,nan,nan,1.11985498463e-15,nan,nan
13100,7.09248199996e-12,0,1.80598285783e-14,nan,nan,1.1185882324e-15,nan,nan
13104,7.07875605273e-12,0,1.80304535585e-14,nan,nan,1.11731482269e-15,nan,nan
13108,7.06478683168e-12,0,1.80024806591e-14,nan,nan,1.11602834894e-15,nan,nan
13112,7.05057540164e-12,0,1.79759307956e-14,nan,nan,1.11475512925e-15,nan,nan
13116,7.03612283636e-12,0,1.79508275129e-14,nan,nan,1.1134819163e-15,nan,nan
13120,7.02143021852e-12,0,1.79271706866e-14,nan,nan,1.11221310507e-15,nan,nan
13124,7.00649863963e-12,0,1.79049676443e-14,nan,nan,1.11092206574e-15,nan,nan
13128,6.99132920003e-12,0,1.7884253868e-14,nan,nan,1.10964301317e-15,nan,nan
13132,6.97592300887e-12,0,1.78649040209e-14,nan,nan,1.10840681948e-15,nan,nan
13136,6.96028118408e-12,0,1.78470024709e-14,nan,nan,1.10714503993e-15,nan,nan
13140,6.94440485235e-12,0,1.78305273179e-14,nan,nan,1.10587318764e-15,nan,nan
13144,6.92829514906e-12,0,1.78154497856e-14,nan,nan,1.10462341672e-15,nan,nan
13148,6.91195321831e-12,0,1.78017288647e-14,nan,nan,1.10336949246e-15,nan,nan
13152,6.89538021284e-12,0,1.77893362503e-14,nan,nan,1.10210423329e-15,nan,nan
13156,6.87857729407e-12,0,1.7778231062e-14,nan,nan,1.1008494946e-15,nan,nan
13160,6.86154563202e-12,0,1.77683906731e-14,nan,nan,1.09959681323e-15,nan,nan
13164,6.84428640532e-12,0,1.77597439287e-14,nan,nan,1.09834548948e-15,nan,nan
13168,6.82680080117e-12,0,1.77522634799e-14,nan,nan,1.09710378564e-15,nan,nan
13172,6.80909001531e-12,0,1.7745879159e-14,nan,nan,1.09585075634e-15,nan,nan
13176,6.79115525205e-12,0,1.77405457482e-14,nan,nan,1.09461133902e-15,nan,nan
13180,6.77299772418e-12,0,1.77362097267e-14,nan,nan,1.09336360726e-15,nan,nan
13184,6.75461865301e-12,0,1.77327885686e-14,nan,nan,1.09212985732e-15,nan,nan
13188,6.73601926828e-12,0,1.77302401264e-14,nan,nan,1.09088071108e-15,nan,nan
13192,6.71720080822e-12,0,1.77284953089e-14,nan,nan,1.08963791846e-15,nan,nan
13196,6.69816451949e-12,0,1.77274730671e-14,nan,nan,1.08840254083e-15,nan,nan
13200,6.67891165711e-12,0,1.77271210012e-14,nan,nan,1.08716760405e-15,nan,nan
13204,6.65944348464e-12,0,1.7727348039e-14,nan,nan,1.08593160561e-15,nan,nan
13208,6.63976127382e-12,0,1.77280993265e-14,nan,nan,1.08471009008e-15,nan,nan
13212,6.61986630489e-12,0,1.77292787739e-14,nan,nan,1.08347185331e-15,nan,nan
13216,6.59975986644e-12,0,1.77308647598e-14,nan,nan,1.0822494718e-15,nan,nan
13220,6.57944325527e-12,0,1.77327246783e-14,nan,nan,1.08101784392e-15,nan,nan
13224,6.55891777661e-12,0,1.77348222625e-14,nan,nan,1.07980329637e-15,nan,nan
13228,6.53818474392e-12,0,1.7737060604e-14,nan,nan,1.07857541083e-15,nan,nan
13232,6.51724547896e-12,0,1.77393838221e-14,nan,nan,1.07735815796e-15,nan,nan
13236,6.49610131173e-12,0,1.77417344744e-14,nan,nan,1.07613160363e-15,nan,nan
13240,6.4747535805e-12,0,1.77440205016e-14,nan,nan,1.07492772815e-15,nan,nan
13244,6.45320363174e-12,0,1.77461852099e-14,nan,nan,1.07370549518e-15,nan,nan
13248,6.43145282018e-12,0,1.77481479164e-14,nan,nan,1.07249475568e-15,nan,nan
13252,6.40950250871e-12,0,1.77498631431e-14,nan,nan,1.07127663642e-15,nan,nan
13256,6.38735406844e-12,0,1.77512563502e-14,nan,nan,1.07006912495e-15,nan,nan
13260,6.36500887861e-12,0,1.77522698497e-14,nan,nan,1.06886677636e-15,nan,nan
13264,6.34246832666e-12,0,1.77528426302e-14,nan,nan,1.06766000797e-15,nan,nan
13268,6.31973380817e-12,0,1.77529367647e-14,nan,nan,1.06645457934e-15,nan,nan
13272,6.29680672685e-12,0,1.77524769149e-14,nan,nan,1.06525277165e-15,nan,nan
13276,6.27368849455e-12,0,1.77514204949e-14,nan,nan,1.06405211703e-15,nan,nan
13280,6.2503805312e-12,0,1.77497209595e-14,nan,nan,1.06285081528e-15,nan,nan
13284,6.22688426488e-12,0,1.77473469176e-14,nan,nan,1.06165269453e-15,nan,nan
13288,6.20320113175e-12,0,1.77442509205e-14,nan,nan,1.06045780455e-15,nan,nan
13292,6.17933257604e-12,0,1.77403792965e-14,nan,nan,1.0592648235e-15,nan,nan
13296,6.1552800501e-12,0,1.7735731423e-14,nan,nan,1.05807018338e-15,nan,nan
13300,6.13104501431e-12,0,1.77302471505e-14,nan,nan,1.05687725551e-15,nan,nan
13304,6.1066289372e-12,0,1.7723904924e-14,nan,nan,1.05569163571e-15,nan,nan
13308,6.08203329529e-12,0,1.77166901893e-14,nan,nan,1.05450099009e-15,nan,nan
13312,6.05725957321e-12,0,1.7708583953e-14,nan,nan,1.05332969851e-15,nan,nan
13316,6.03230926368e-12,0,1.76995520196e-14,nan,nan,1.05214639501e-15,nan,nan
13320,6.00718386744e-12,0,1.76896077382e-14,nan,nan,1.05096124587e-15,nan,nan
13324,5.98188489336e-12,0,1.76787340846e-14,nan,nan,1.04977688025e-15,nan,nan
13328,5.95641385837e-12,0,1.76668975887e-14,nan,nan,1.04860834249e-15,nan,nan
13332,5.9307722875e-12,0,1.76541379572e-14,nan,nan,1.04741382971e-15,nan,nan
13336,5.90496171386e-12,0,1.76404121292e-14,nan,nan,1.04625694797e-15,nan,nan
13340,5.87898367871e-12,0,1.76257645574e-14,nan,nan,1.04507075329e-15,nan,nan
13344,5.85283973142e-12,0,1.76101747056e-14,nan,nan,1.04389781878e-15,nan,nan
13348,5.82653142953e-12,0,1.75936747714e-14,nan,nan,1.04274070891e-15,nan,nan
13352,5.80006033872e-12,0,1.75762478389e-14,nan,nan,1.04156494659e-15,nan,nan
13356,5.77342803291e-12,0,1.75579387896e-14,nan,nan,1.04039751864e-15,nan,nan
13360,5.74663609421e-12,0,1.7538760308e-14,nan,nan,1.03923489838e-15,nan,nan
13364,5.719686113e-12,0,1.75187199151e-14,nan,nan,1.03807111803e-15,nan,nan
13368,5.69257968796e-12,0,1.74978602869e-14,nan,nan,1.03691117931e-15,nan,nan
13372,5.66531842611e-12,0,1.74762075316e-14,nan,nan,1.03575586321e-15,nan,nan
13376,5.63790394282e-12,0,1.74537740842e-14,nan,nan,1.03458709545e-15,nan,nan
13380,5.6103378619e-12,0,1.74306075496e-14,nan,nan,1.03343549202e-15,nan,nan
13384,5.58262181566e-12,0,1.74067446298e-14,nan,nan,1.03227238952e-15,nan,nan
13388,5.55475744491e-12,0,1.73822023117e-14,nan,nan,1.03112897853e-15,nan,nan
13392,5.52674639908e-12,0,1.73570491948e-14,nan,nan,1.02997639e-15,nan,nan
13396,5.49859033628e-12,0,1.73313027139e-14,nan,nan,1.0288302315e-15,nan,nan
13400,5.47029092335e-12,0,1.73050127157e-14,nan,nan,1.02768339382e-15,nan,nan
13404,5.44184983593e-12,0,1.7278210024e-14,nan,nan,1.02653912869e-15,nan,nan
13408,5.41326875862e-12,0,1.72509568381e-14,nan,nan,1.02537551613e-15,nan,nan
13412,5.38454938501e-12,0,1.72232741097e-14,nan,nan,1.02424659134e-15,nan,nan
13416,5.35569341776e-12,0,1.71952518894e-14,nan,nan,1.02310483567e-15,nan,nan
13420,5.32670256882e-12,0,1.71668940753e-14,nan,nan,1.02196583955e-15,nan,nan
13424,5.29757855936e-12,0,1.71382657583e-14,nan,nan,1.02083701915e-15,nan,nan
13428,5.26832312011e-12,0,1.71094168096e-14,nan,nan,1.01968418998e-15,nan,nan
13432,5.23893799132e-12,0,1.70803712396e-14,nan,nan,1.01855510426e-15,nan,nan
13436,5.20942492299e-12,0,1.70512194397e-14,nan,nan,1.01742297385e-15,nan,nan
13440,5.17978567498e-12,0,1.70219746843e-14,nan,nan,1.01629681882e-15,nan,nan
13444,5.15002201719e-12,0,1.69927112552e-14,nan,nan,1.01516188658e-15,nan,nan
13448,5.12013572973e-12,0,1.69634328615e-14,nan,nan,1.01402970745e-15,nan,nan
13452,5.09012860308e-12,0,1.6934237761e-14,nan,nan,1.01290707691e-15,nan,nan
13456,5.06000243829e-12,0,1.69051437485e-14,nan,nan,1.01177453308e-15,nan,nan
13460,5.02975904719e-12,0,1.68761971967e-14,nan,nan,1.0106553153e-15,nan,nan
13464,4.99940025261e-12,0,1.68474343186e-14,nan,nan,1.00953668164e-15,nan,nan
13468,4.96892788856e-12,0,1.68189251588e-14,nan,nan,1.00840336952e-15,nan,nan
13472,4.93834380051e-12,0,1.67906919731e-14,nan,nan,1.00729848347e-15,nan,nan
13476,4.90764984563e-12,0,1.67627700125e-14,nan,nan,1.00617739282e-15,nan,nan
13480,4.87684789311e-12,0,1.67352041086e-14,nan,nan,1.00506324631e-15,nan,nan
13484,4.84593982427e-12,0,1.67080253835e-14,nan,nan,1.00395046392e-15,nan,nan
13488,4.81492753306e-12,0,1.66812720084e-14,nan,nan,1.00284151777e-15,nan,nan
13492,4.78381292628e-12,0,1.66549733264e-14,nan,nan,1.0017297908e-15,nan,nan
13496,4.75259792387e-12,0,1.66291473459e-14,nan,nan,1.00061252976e-15,nan,nan
13500,4.72128445926e-12,0,1.66038448705e-14,nan,nan,9.99502928973e-16,nan,nan
13504,4.68987447995e-12,0,1.6579090632e-14,nan,nan,9.98406010352e-16,nan,nan
13508,4.65836994743e-12,0,1.65548841955e-14,nan,nan,9.97303823909e-16,nan,nan
13512,4.62677283805e-12,0,1.65312576179e-14,nan,nan,9.96201894967e-16,nan,nan
13516,4.59508514322e-12,0,1.65082232672e-14,nan,nan,9.95102008029e-16,nan,nan
13520,4.56330886983e-12,0,1.64858085656e-14,nan,nan,9.93992488672e-16,nan,nan
13524,4.5314460408e-12,0,1.646403107e-14,nan,nan,9.92894609441e-16,nan,nan
13528,4.49949869553e-12,0,1.64428719131e-14,nan,nan,9.91804003825e-16,nan,nan
13532,4.46746889043e-12,0,1.64223670978e-14,nan,nan,9.9070467983e-16,nan,nan
13536,4.43535869942e-12,0,1.64025033019e-14,nan,nan,9.89612401406e-16,nan,nan
13540,4.40317021452e-12,0,1.63832892021e-14,nan,nan,9.88518214375e-16,nan,nan
13544,4.3709055465e-12,0,1.63647368046e-14,nan,nan,9.87428206399e-16,nan,nan
13548,4.33856682538e-12,0,1.63468231306e-14,nan,nan,9.86339665908e-16,nan,nan
13552,4.30615620118e-12,0,1.63295692406e-14,nan,nan,9.85258149234e-16,nan,nan
13556,4.27367584457e-12,0,1.63129393771e-14,nan,nan,9.84175777056e-16,nan,nan
13560,4.24112794763e-12,0,1.62969367841e-14,nan,nan,9.83091248812e-16,nan,nan
13564,4.20851472452e-12,0,1.62815422677e-14,nan,nan,9.8200801548e-16,nan,nan
13568,4.17583841235e-12,0,1.62667695926e-14,nan,nan,9.80922917639e-16,nan,nan
13572,4.14310127199e-12,0,1.62525545183e-14,nan,nan,9.79843421151e-16,nan,nan
13576,4.11030558893e-12,0,1.62389231413e-14,nan,nan,9.78762078695e-16,nan,nan
13580,4.07745367422e-12,0,1.62258439645e-14,nan,nan,9.77689060695e-16,nan,nan
13584,4.04454786536e-12,0,1.62132762828e-14,nan,nan,9.76611630132e-16,nan,nan
13588,4.01159052745e-12,0,1.62012314763e-14,nan,nan,9.75536915222e-16,nan,nan
13592,3.97858405409e-12,0,1.618964828e-14,nan,nan,9.74469668532e-16,nan,nan
13596,3.94553086859e-12,0,1.61785265908e-14,nan,nan,9.73400532884e-16,nan,nan
13600,3.91243342512e-12,0,1.61678229665e-14,nan,nan,9.72330136128e-16,nan,nan
13604,3.87929420985e-12,0,1.61575198767e-14,nan,nan,9.71264255897e-16,nan,nan
13608,3.84611574243e-12,0,1.61475915552e-14,nan,nan,9.70198069132e-16,nan,nan
13612,3.81290057713e-12,0,1.61380000587e-14,nan,nan,9.69133249903e-16,nan,nan
13616,3.77965130437e-12,0,1.61287142265e-14,nan,nan,9.68068163803e-16,nan,nan
13620,3.74637055221e-12,0,1.611968793e-14,nan,nan,9.6700927345e-16,nan,nan
13624,3.71306098783e-12,0,1.61109285626e-14,nan,nan,9.65947917688e-16,nan,nan
13628,3.67972531935e-12,0,1.61023750796e-14,nan,nan,9.64892007673e-16,nan,nan
13632,3.64636629733e-12,0,1.60939893765e-14,nan,nan,9.6383404049e-16,nan,nan
13636,3.61298671675e-12,0,1.60857764541e-14,nan,nan,9.62778223105e-16,nan,nan
13640,3.57958941893e-12,0,1.60776641663e-14,nan,nan,9.6172561785e-16,nan,nan
13644,3.54617729342e-12,0,1.60696372105e-14,nan,nan,9.60675738253e-16,nan,nan
13648,3.51275328018e-12,0,1.60616724496e-14,nan,nan,9.59629856342e-16,nan,nan
13652,3.47932037182e-12,0,1.60537293185e-14,nan,nan,9.58568576488e-16,nan,nan
13656,3.44588161597e-12,0,1.60457759535e-14,nan,nan,9.57527448765e-16,nan,nan
13660,3.41244011764e-12,0,1.60377883376e-14,nan,nan,9.56483754902e-16,nan,nan
13664,3.37899904184e-12,0,1.60297355384e-14,nan,nan,9.55433925552e-16,nan,nan
13668,3.34556161641e-12,0,1.60215953975e-14,nan,nan,9.54398713884e-16,nan,nan
13672,3.31213113476e-12,0,1.60133340583e-14,nan,nan,9.53353040694e-16,nan,nan
13676,3.27871095895e-12,0,1.60049292596e-14,nan,nan,9.52320158256e-16,nan,nan
13680,3.24530452291e-12,0,1.59963441848e-14,nan,nan,9.51267164478e-16,nan,nan
13684,3.2119153357e-12,0,1.59876089247e-14,nan,nan,9.50236539044e-16,nan,nan
13688,3.17854698513e-12,0,1.59786222323e-14,nan,nan,9.49184012921e-16,nan,nan
13692,3.14520314147e-12,0,1.59693839447e-14,nan,nan,9.48166087599e-16,nan,nan
13696,3.11188756133e-12,0,1.59599237513e-14,nan,nan,9.47129352205e-16,nan,nan
13700,3.07860409176e-12,0,1.5950176589e-14,nan,nan,9.46103553794e-16,nan,nan
13704,3.04535667474e-12,0,1.59401576067e-14,nan,nan,9.45064035017e-16,nan,nan
13708,3.01214935165e-12,0,1.59298289949e-14,nan,nan,9.44030641286e-16,nan,nan
13712,2.97898626814e-12,0,1.5919195256e-14,nan,nan,9.43010613689e-16,nan,nan
13716,2.94587167922e-12,0,1.5908231503e-14,nan,nan,9.41980825812e-16,nan,nan
13720,2.91280995471e-12,0,1.58969408753e-14,nan,nan,9.4096523074e-16,nan,nan
13724,2.87980558472e-12,0,1.58852992251e-14,nan,nan,9.39937024042e-16,nan,nan
13728,2.84686318582e-12,0,1.58733127411e-14,nan,nan,9.38904690931e-16,nan,nan
13732,2.81398750719e-12,0,1.58609910953e-14,nan,nan,9.37907202982e-16,nan,nan
13736,2.78118343728e-12,0,1.58482937063e-14,nan,nan,9.36878283469e-16,nan,nan
13740,2.74845601084e-12,0,1.58352390942e-14,nan,nan,9.35861429295e-16,nan,nan
13744,2.71581041618e-12,0,1.58218373571e-14,nan,nan,9.34842258892e-16,nan,nan
13748,2.68325200295e-12,0,1.58080745348e-14,nan,nan,9.33834015019e-16,nan,nan
13752,2.65078629029e-12,0,1.57939685858e-14,nan,nan,9.32822147093e-16,nan,nan
13756,2.61841897537e-12,0,1.57794976819e-14,nan,nan,9.31806886416e-16,nan,nan
13760,2.58615594242e-12,0,1.57647088649e-14,nan,nan,9.30794626499e-16,nan,nan
13764,2.5540032722e-12,0,1.57495766436e-14,nan,nan,9.29788960582e-16,nan,nan
13768,2.52196725192e-12,0,1.57341209496e-14,nan,nan,9.28780888308e-16,nan,nan
13772,2.49005438572e-12,0,1.5718347271e-14,nan,nan,9.27779525339e-16,nan,nan
13776,2.45827140561e-12,0,1.570226869e-14,nan,nan,9.26769822122e-16,nan,nan
13780,2.42662528295e-12,0,1.56859032243e-14,nan,nan,9.25765149974e-16,nan,nan
13784,2.39512324051e-12,0,1.56692525147e-14,nan,nan,9.24767232871e-16,nan,nan
13788,2.36377276498e-12,0,1.56523626104e-14,nan,nan,9.2377157142e-16,nan,nan
13792,2.33258162018e-12,0,1.56351987997e-14,nan,nan,9.22771836745e-16,nan,nan
13796,2.30155786072e-12,0,1.56178190892e-14,nan,nan,9.21766892597e-16,nan,nan
13800,2.27070984629e-12,0,1.56002151214e-14,nan,nan,9.20771710178e-16,nan,nan
13804,2.24004625643e-12,0,1.55824269533e-14,nan,nan,9.19784839397e-16,nan,nan
13808,2.20957610609e-12,0,1.55644571926e-14,nan,nan,9.18773707218e-16,nan,nan
13812,2.17930876132e-12,0,1.55463228377e-14,nan,nan,9.17792833136e-16,nan,nan
13816,2.14925395587e-12,0,1.55280438314e-14,nan,nan,9.16802926055e-16,nan,nan
13820,2.11942180802e-12,0,1.55096536871e-14,nan,nan,9.15811356637e-16,nan,nan
13824,2.0898228379e-12,0,1.5491162641e-14,nan,nan,9.14825285655e-16,nan,nan
13828,2.06046798521e-12,0,1.54725909812e-14,nan,nan,9.13833341677e-16,nan,nan
13832,2.03136862713e-12,0,1.54539534387e-14,nan,nan,9.12852003859e-16,nan,nan
13836,2.00253659649e-12,0,1.54352755192e-14,nan,nan,9.11865614917e-16,nan,nan
13840,1.97398420002e-12,0,1.54165781915e-14,nan,nan,9.10887597048e-16,nan,nan
13844,1.94572423635e-12,0,1.53978791043e-14,nan,nan,9.09908802133e-16,nan,nan
13848,1.91777001401e-12,0,1.53792012034e-14,nan,nan,9.08932167977e-16,nan,nan
13852,1.89013536879e-12,0,1.53605467914e-14,nan,nan,9.07947371445e-16,nan,nan
13856,1.86283468044e-12,0,1.53419635745e-14,nan,nan,9.069715881e-16,nan,nan
13860,1.83588288844e-12,0,1.53234465138e-14,nan,nan,9.05988239923e-16,nan,nan
13864,1.80929550649e-12,0,1.53050209601e-14,nan,nan,9.05021970783e-16,nan,nan
13868,1.78308863529e-12,0,1.52867089428e-14,nan,nan,9.04040721215e-16,nan,nan
13872,1.75727897334e-12,0,1.52685212618e-14,nan,nan,9.03056261247e-16,nan,nan
13876,1.73188382512e-12,0,1.52504634802e-14,nan,nan,9.02092587351e-16,nan,nan
13880,1.70692110639e-12,0,1.52325549113e-14,nan,nan,9.01137913399e-16,nan,nan
13884,1.68240934565e-12,0,1.52148179276e-14,nan,nan,9.0017752652e-16,nan,nan
13888,1.65836768163e-12,0,1.519727513e-14,nan,nan,8.99200400541e-16,nan,nan
13892,1.63481585565e-12,0,1.51799015713e-14,nan,nan,8.98241738093e-16,nan,nan
13896,1.6117741984e-12,0,1.51627464159e-14,nan,nan,8.97271986051e-16,nan,nan
13900,1.58926361043e-12,0,1.51458027452e-14,nan,nan,8.96315021031e-16,nan,nan
13904,1.56730553513e-12,0,1.51290751722e-14,nan,nan,8.9535125547e-16,nan,nan
13908,1.54592192402e-12,0,1.51125819354e-14,nan,nan,8.94383424329e-16,nan,nan
13912,1.52513519285e-12,0,1.50963108366e-14,nan,nan,8.93440700773e-16,nan,nan
13916,1.5049681682e-12,0,1.5080291392e-14,nan,nan,8.92471908258e-16,nan,nan
13920,1.48544402354e-12,0,1.50645089915e-14,nan,nan,8.91524234909e-16,nan,nan
13924,1.46658620426e-12,0,1.50489715108e-14,nan,nan,8.90558710515e-16,nan,nan
13928,1.44841834082e-12,0,1.50337028443e-14,nan,nan,8.89618993645e-16,nan,nan
13932,1.43096415003e-12,0,1.50186547728e-14,nan,nan,8.88665340301e-16,nan,nan
13936,1.41424732375e-12,0,1.50038614716e-14,nan,nan,8.87708589314e-16,nan,nan
13940,1.39829140548e-12,0,1.49893199344e-14,nan,nan,8.8676254724e-16,nan,nan
13944,1.38311965494e-12,0,1.49750250396e-14,nan,nan,8.85816163364e-16,nan,nan
13948,1.3687549013e-12,0,1.49609639878e-14,nan,nan,8.84868789461e-16,nan,nan
13952,1.35521938622e-12,0,1.49471391541e-14,nan,nan,8.83926285752e-16,nan,nan
13956,1.34253459808e-12,0,1.49335413531e-14,nan,nan,8.82980909197e-16,nan,nan
13960,1.33072109917e-12,0,1.49201790751e-14,nan,nan,8.82041391827e-16,nan,nan
13964,1.31979834838e-12,0,1.49070094295e-14,nan,nan,8.81096274105e-16,nan,nan
13968,1.30978452178e-12,0,1.48940648709e-14,nan,nan,8.80159150302e-16,nan,nan
13972,1.30069633436e-12,0,1.48813127541e-14,nan,nan,8.79205166153e-16,nan,nan
13976,1.29254886617e-12,0,1.48687316233e-14,nan,nan,8.7829199294e-16,nan,nan
13980,1.28535539637e-12,0,1.48563381318e-14,nan,nan,8.77344318054e-16,nan,nan
13984,1.27912724898e-12,0,1.48441069866e-14,nan,nan,8.76411351935e-16,nan,nan
13988,1.27387365373e-12,0,1.48320395878e-14,nan,nan,8.7548269617e-16,nan,nan
13992,1.2696016256e-12,0,1.48200870036e-14,nan,nan,8.74551793876e-16,nan,nan
13996,1.26631586615e-12,0,1.48082724848e-14,nan,nan,8.73606698632e-16,nan,nan
14000,1.2640186893e-12,0,1.47965744534e-14,nan,nan,8.72683665217e-16,nan,nan
14004,1.26270997322e-12,0,1.47849720347e-14,nan,nan,8.71753940199e-16,nan,nan
14008,1.26238714124e-12,0,1.47734391195e-14,nan,nan,8.70828494037e-16,nan,nan
14012,1.26304516992e-12,0,1.47619869535e-14,nan,nan,8.69906145098e-16,nan,nan
14016,1.2646766268e-12,0,1.47506067318e-14,nan,nan,8.6897720513e-16,nan,nan
14020,1.26727173521e-12,0,1.47392486721e-14,nan,nan,8.68053637979e-16,nan,nan
14024,1.27081846514e-12,0,1.47279178673e-14,nan,nan,8.67125736065e-16,nan,nan
14028,1.27530264797e-12,0,1.47166120482e-14,nan,nan,8.66209802339e-16,nan,nan
14032,1.28070811176e-12,0,1.47052974922e-14,nan,nan,8.65294598847e-16,nan,nan
14036,1.28701683438e-12,0,1.46939658914e-14,nan,nan,8.64373689059e-16,nan,nan
14040,1.29420911047e-12,0,1.46825997012e-14,nan,nan,8.63462619026e-16,nan,nan
14044,1.30226372876e-12,0,1.46711977107e-14,nan,nan,8.62547806308e-16,nan,nan
14048,1.31115815588e-12,0,1.46597371357e-14,nan,nan,8.61629313836e-16,nan,nan
14052,1.32086872327e-12,0,1.46482093544e-14,nan,nan,8.60717406389e-16,nan,nan
14056,1.33137081362e-12,0,1.46366104266e-14,nan,nan,8.59803046977e-16,nan,nan
14060,1.34263904392e-12,0,1.46248998093e-14,nan,nan,8.5889089601e-16,nan,nan
14064,1.35464744255e-12,0,1.46131014087e-14,nan,nan,8.57982689159e-16,nan,nan
14068,1.36736961779e-12,0,1.46011852244e-14,nan,nan,8.57075436465e-16,nan,nan
14072,1.38077891664e-12,0,1.45891366793e-14,nan,nan,8.56160785146e-16,nan,nan
14076,1.39484857182e-12,0,1.45769751782e-14,nan,nan,8.55255893612e-16,nan,nan
14080,1.40955183675e-12,0,1.4564667776e-14,nan,nan,8.54357704648e-16,nan,nan
14084,1.42486210717e-12,0,1.45522130949e-14,nan,nan,8.53456381356e-16,nan,nan
14088,1.44075303004e-12,0,1.45395882404e-14,nan,nan,8.52548828834e-16,nan,nan
14092,1.45719859906e-12,0,1.45268356387e-14,nan,nan,8.51650897438e-16,nan,nan
14096,1.47417323756e-12,0,1.45139046015e-14,nan,nan,8.5074675744e-16,nan,nan
14100,1.49165186911e-12,0,1.45008007948e-14,nan,nan,8.49853273202e-16,nan,nan
14104,1.50960997679e-12,0,1.4487540059e-14,nan,nan,8.48955686062e-16,nan,nan
14108,1.52802365117e-12,0,1.44740865503e-14,nan,nan,8.48066589279e-16,nan,nan
14112,1.54686962903e-12,0,1.44604799487e-14,nan,nan,8.47160410722e-16,nan,nan
14116,1.56612532251e-12,0,1.44466868245e-14,nan,nan,8.46268311037e-16,nan,nan
14120,1.58576884042e-12,0,1.44327226378e-14,nan,nan,8.45374440922e-16,nan,nan
14124,1.60577900207e-12,0,1.44185779541e-14,nan,nan,8.44470038684e-16,nan,nan
14128,1.62613534506e-12,0,1.44042771755e-14,nan,nan,8.43578931574e-16,nan,nan
14132,1.64681812703e-12,0,1.43898080468e-14,nan,nan,8.42707071041e-16,nan,nan
14136,1.66780832303e-12,0,1.43751770159e-14,nan,nan,8.41827400872e-16,nan,nan
14140,1.68908761853e-12,0,1.43603852294e-14,nan,nan,8.4093891695e-16,nan,nan
14144,1.71063839906e-12,0,1.43454459165e-14,nan,nan,8.4004874476e-16,nan,nan
14148,1.73244373706e-12,0,1.43303525126e-14,nan,nan,8.39167096421e-16,nan,nan
14152,1.75448737628e-12,0,1.43151303675e-14,nan,nan,8.38276886113e-16,nan,nan
14156,1.77675371444e-12,0,1.42997693343e-14,nan,nan,8.37404411447e-16,nan,nan
14160,1.79922778434e-12,0,1.42843004552e-14,nan,nan,8.36520574672e-16,nan,nan
14164,1.82189523407e-12,0,1.42687019709e-14,nan,nan,8.35636179465e-16,nan,nan
14168,1.84474230621e-12,0,1.42530186048e-14,nan,nan,8.34762282111e-16,nan,nan
14172,1.86775581686e-12,0,1.42372310724e-14,nan,nan,8.33887479817e-16,nan,nan
14176,1.89092313413e-12,0,1.42213520165e-14,nan,nan,8.33015492175e-16,nan,nan
14180,1.91423215674e-12,0,1.42054179254e-14,nan,nan,8.32134846551e-16,nan,nan
14184,1.93767129272e-12,0,1.41894382691e-14,nan,nan,8.31260383747e-16,nan,nan
14188,1.96122943832e-12,0,1.41733824907e-14,nan,nan,8.30387957534e-16,nan,nan
14192,1.98489595729e-12,0,1.41573071642e-14,nan,nan,8.29522197773e-16,nan,nan
14196,2.00866066062e-12,0,1.41412155771e-14,nan,nan,8.28648592894e-16,nan,nan
14200,2.03251378685e-12,0,1.41251060956e-14,nan,nan,8.27783497818e-16,nan,nan
14204,2.05644598277e-12,0,1.41089989951e-14,nan,nan,8.26909788362e-16,nan,nan
14208,2.0804482851e-12,0,1.40929203402e-14,nan,nan,8.26044453492e-16,nan,nan
14212,2.10451210235e-12,0,1.40768592608e-14,nan,nan,8.25185011471e-16,nan,nan
14216,2.12862919779e-12,0,1.40608367918e-14,nan,nan,8.24313597681e-16,nan,nan
14220,2.15279167274e-12,0,1.40448831782e-14,nan,nan,8.23454765119e-16,nan,nan
14224,2.17699195081e-12,0,1.40289898774e-14,nan,nan,8.22588372528e-16,nan,nan
14228,2.20122276258e-12,0,1.40131820103e-14,nan,nan,8.21732983093e-16,nan,nan
14232,2.22547713114e-12,0,1.39974559971e-14,nan,nan,8.20878696289e-16,nan,nan
14236,2.24974835818e-12,0,1.39818412431e-14,nan,nan,8.20006865458e-16,nan,nan
14240,2.27403001077e-12,0,1.39663463118e-14,nan,nan,8.19163955861e-16,nan,nan
14244,2.29831590866e-12,0,1.39509671221e-14,nan,nan,8.18302143722e-16,nan,nan
14248,2.32260011233e-12,0,1.39357328929e-14,nan,nan,8.17455204387e-16,nan,nan
14252,2.34687691157e-12,0,1.39206407399e-14,nan,nan,8.1659785291e-16,nan,nan
14256,2.37114081454e-12,0,1.39057191044e-14,nan,nan,8.1574387196e-16,nan,nan
14260,2.39538653745e-12,0,1.38909424986e-14,nan,nan,8.14894445157e-16,nan,nan
14264,2.4196089948e-12,0,1.38763505396e-14,nan,nan,8.14039447292e-16,nan,nan
14268,2.44380329002e-12,0,1.38619444299e-14,nan,nan,8.13191399224e-16,nan,nan
14272,2.46796470662e-12,0,1.38477111198e-14,nan,nan,8.12350376565e-16,nan,nan
14276,2.49208869981e-12,0,1.38336935386e-14,nan,nan,8.11497370546e-16,nan,nan
14280,2.51617088855e-12,0,1.38198611914e-14,nan,nan,8.10651941122e-16,nan,nan
14284,2.54020704796e-12,0,1.38062301967e-14,nan,nan,8.09811817434e-16,nan,nan
14288,2.56419310223e-12,0,1.37928158264e-14,nan,nan,8.08960880295e-16,nan,nan
14292,2.58812511775e-12,0,1.3779604692e-14,nan,nan,8.08119662343e-16,nan,nan
14296,2.61199929672e-12,0,1.37666274825e-14,nan,nan,8.07283711849e-16,nan,nan
14300,2.63581197111e-12,0,1.3753842004e-14,nan,nan,8.06450805135e-16,nan,nan
14304,2.65955959666e-12,0,1.37412736662e-14,nan,nan,8.05603157793e-16,nan,nan
14308,2.68323874771e-12,0,1.37289179097e-14,nan,nan,8.04767593971e-16,nan,nan
14312,2.70684611173e-12,0,1.37167696909e-14,nan,nan,8.03915850687e-16,nan,nan
14316,2.73037848453e-12,0,1.37048583434e-14,nan,nan,8.03080607847e-16,nan,nan
14320,2.75383276551e-12,0,1.36931399132e-14,nan,nan,8.02262295907e-16,nan,nan
14324,2.77720595332e-12,0,1.36816299564e-14,nan,nan,8.0143273095e-16,nan,nan
14328,2.80049514156e-12,0,1.36703238963e-14,nan,nan,8.00586028686e-16,nan,nan
14332,2.82369751482e-12,0,1.36591970908e-14,nan,nan,7.99764342638e-16,nan,nan
14336,2.84681034495e-12,0,1.36482643708e-14,nan,nan,7.98933233943e-16,nan,nan
14340,2.86983098735e-12,0,1.3637511968e-14,nan,nan,7.98109465008e-16,nan,nan
14344,2.8927568777e-12,0,1.36269376667e-14,nan,nan,7.97278178639e-16,nan,nan
14348,2.91558552862e-12,0,1.36165394403e-14,nan,nan,7.96445215479e-16,nan,nan
14352,2.93831452664e-12,0,1.36062677393e-14,nan,nan,7.95626012965e-16,nan,nan
14356,2.96094152924e-12,0,1.35961663974e-14,nan,nan,7.94804160814e-16,nan,nan
14360,2.98346426218e-12,0,1.35861975939e-14,nan,nan,7.93976080781e-16,nan,nan
14364,3.00588051671e-12,0,1.35763529529e-14,nan,nan,7.9315504909e-16,nan,nan
14368,3.02818814725e-12,0,1.35666270019e-14,nan,nan,7.92343732099e-16,nan,nan
14372,3.0503850688e-12,0,1.35570062129e-14,nan,nan,7.91516297928e-16,nan,nan
14376,3.07246925486e-12,0,1.35474652389e-14,nan,nan,7.90693504506e-16,nan,nan
14380,3.09443873517e-12,0,1.35380328281e-14,nan,nan,7.89877624741e-16,nan,nan
14384,3.11629159374e-12,0,1.35286570358e-14,nan,nan,7.89058940131e-16,nan,nan
14388,3.13802596677e-12,0,1.35193283504e-14,nan,nan,7.88246224304e-16,nan,nan
14392,3.15964004094e-12,0,1.35100481059e-14,nan,nan,7.87428881393e-16,nan,nan
14396,3.18113205159e-12,0,1.35008011328e-14,nan,nan,7.86621610178e-16,nan,nan
14400,3.20250028097e-12,0,1.34915592988e-14,nan,nan,7.85806456887e-16,nan,nan
14404,3.22374305668e-12,0,1.34823350305e-14,nan,nan,7.849927236e-16,nan,nan
14408,3.24485875026e-12,0,1.34730867235e-14,nan,nan,7.84172220684e-16,nan,nan
14412,3.26584577547e-12,0,1.3463817239e-14,nan,nan,7.83377341885e-16,nan,nan
14416,3.28670258717e-12,0,1.34545254001e-14,nan,nan,7.82564679867e-16,nan,nan
14420,3.3074276798e-12,0,1.34451801629e-14,nan,nan,7.8175941683e-16,nan,nan
14424,3.32801958621e-12,0,1.34357785933e-14,nan,nan,7.80950432656e-16,nan,nan
14428,3.34847687643e-12,0,1.34263146587e-14,nan,nan,7.80159002833e-16,nan,nan
14432,3.36879815652e-12,0,1.34167319635e-14,nan,nan,7.79342610354e-16,nan,nan
14436,3.3889820674e-12,0,1.34070745379e-14,nan,nan,7.78537108964e-16,nan,nan
14440,3.40902728394e-12,0,1.33973384822e-14,nan,nan,7.77726501466e-16,nan,nan
14444,3.42893251379e-12,0,1.33874361962e-14,nan,nan,7.76941448451e-16,nan,nan
14448,3.44869649653e-12,0,1.33774286427e-14,nan,nan,7.76142859267e-16,nan,nan
14452,3.4683180027e-12,0,1.33672754029e-14,nan,nan,7.75338414089e-16,nan,nan
14456,3.48779583294e-12,0,1.33569926342e-14,nan,nan,7.74548428993e-16,nan,nan
14460,3.50712881711e-12,0,1.33465442167e-14,nan,nan,7.73741130835e-16,nan,nan
14464,3.52631581354e-12,0,1.33359372109e-14,nan,nan,7.72952156632e-16,nan,nan
14468,3.54535570818e-12,0,1.33251659593e-14,nan,nan,7.72164242517e-16,nan,nan
14472,3.56424741396e-12,0,1.33142080457e-14,nan,nan,7.71358535149e-16,nan,nan
14476,3.58298986996e-12,0,1.33030757374e-14,nan,nan,7.70567296305e-16,nan,nan
14480,3.60158204084e-12,0,1.32917625354e-14,nan,nan,7.69780420432e-16,nan,nan
14484,3.62002291612e-12,0,1.32802500531e-14,nan,nan,7.68991696396e-16,nan,nan
14488,3.63831150957e-12,0,1.32685533569e-14,nan,nan,7.68204918126e-16,nan,nan
14492,3.65644685862e-12,0,1.32566503127e-14,nan,nan,7.67415976376e-16,nan,nan
14496,3.6744280238e-12,0,1.32445572298e-14,nan,nan,7.666296663e-16,nan,nan
14500,3.69225408813e-12,0,1.32322645522e-14,nan,nan,7.65835920974e-16,nan,nan
14504,3.70992415661e-12,0,1.32197720366e-14,nan,nan,7.6505292001e-16,nan,nan
14508,3.7274373558e-12,0,1.32070840281e-14,nan,nan,7.64273489416e-16,nan,nan
14512,3.74479283323e-12,0,1.3194181049e-14,nan,nan,7.63482829041e-16,nan,nan
14516,3.76198975691e-12,0,1.31810858064e-14,nan,nan,7.62708482177e-16,nan,nan
14520,3.77902731501e-12,0,1.31678186211e-14,nan,nan,7.619253946e-16,nan,nan
14524,3.79590471529e-12,0,1.31543532705e-14,nan,nan,7.61144121942e-16,nan,nan
14528,3.81262118474e-12,0,1.3140696042e-14,nan,nan,7.60365507054e-16,nan,nan
14532,3.82917596921e-12,0,1.31268722818e-14,nan,nan,7.59589841166e-16,nan,nan
14536,3.84556833296e-12,0,1.31128540263e-14,nan,nan,7.58811309677e-16,nan,nan
14540,3.86179755836e-12,0,1.30986788493e-14,nan,nan,7.58038398485e-16,nan,nan
14544,3.87786294549e-12,0,1.3084342028e-14,nan,nan,7.57264861416e-16,nan,nan
14548,3.89376381179e-12,0,1.30698581029e-14,nan,nan,7.56489063635e-16,nan,nan
14552,3.90949949177e-12,0,1.30552233983e-14,nan,nan,7.55713855282e-16,nan,nan
14556,3.92506933666e-12,0,1.30404551464e-14,nan,nan,7.54947391863e-16,nan,nan
14560,3.94047271414e-12,0,1.30255658274e-14,nan,nan,7.54173344338e-16,nan,nan
14564,3.955709008e-12,0,1.30105486333e-14,nan,nan,7.534091882e-16,nan,nan
14568,3.97077761791e-12,0,1.29954343658e-14,nan,nan,7.52632740031e-16,nan,nan
14572,3.98567795911e-12,0,1.29802331329e-14,nan,nan,7.51878566049e-16,nan,nan
14576,4.00040946218e-12,0,1.29649288018e-14,nan,nan,7.51097241808e-16,nan,nan
14580,4.01497157275e-12,0,1.29495676139e-14,nan,nan,7.50333441527e-16,nan,nan
14584,4.02936375131e-12,0,1.29341567966e-14,nan,nan,7.49572719387e-16,nan,nan
14588,4.04358547293e-12,0,1.29186751398e-14,nan,nan,7.48813453935e-16,nan,nan
14592,4.05763622707e-12,0,1.290317276e-14,nan,nan,7.48048185386e-16,nan,nan
14596,4.07151551736e-12,0,1.28876496516e-14,nan,nan,7.47278440567e-16,nan,nan
14600,4.0852228614e-12,0,1.28721034491e-14,nan,nan,7.46519267451e-16,nan,nan
14604,4.09875779044e-12,0,1.28565743929e-14,nan,nan,7.45761732475e-16,nan,nan
14608,4.11211984946e-12,0,1.28410563161e-14,nan,nan,7.45001312154e-16,nan,nan
14612,4.1253085967e-12,0,1.2825554353e-14,nan,nan,7.44237862699e-16,nan,nan
14616,4.13832360369e-12,0,1.28101178517e-14,nan,nan,7.43493119495e-16,nan,nan
14620,4.15116445494e-12,0,1.27947293002e-14,nan,nan,7.42733147282e-16,nan,nan
14624,4.16383074782e-12,0,1.27793961515e-14,nan,nan,7.41958237935e-16,nan,nan
14628,4.17632209244e-12,0,1.27641710102e-14,nan,nan,7.41234736072e-16,nan,nan
14632,4.18863811149e-12,0,1.27489942853e-14,nan,nan,7.40450987864e-16,nan,nan
14636,4.20077844002e-12,0,1.27339449888e-14,nan,nan,7.3971315081e-16,nan,nan
14640,4.21274272537e-12,0,1.27190093458e-14,nan,nan,7.38974209425e-16,nan,nan
14644,4.22453062706e-12,0,1.27042024183e-14,nan,nan,7.3822069675e-16,nan,nan
14648,4.23614181657e-12,0,1.2689516806e-14,nan,nan,7.37468097536e-16,nan,nan
14652,4.24757597726e-12,0,1.26749795419e-14,nan,nan,7.36721388304e-16,nan,nan
14656,4.25883280426e-12,0,1.26606122702e-14,nan,nan,7.35973629322e-16,nan,nan
14660,4.26991200435e-12,0,1.26463894132e-14,nan,nan,7.35223261868e-16,nan,nan
14664,4.28081329583e-12,0,1.26323563855e-14,nan,nan,7.34487055228e-16,nan,nan
14668,4.29153640842e-12,0,1.26184917624e-14,nan,nan,7.33739903807e-16,nan,nan
14672,4.30208108314e-12,0,1.26048199612e-14,nan,nan,7.32992841313e-16,nan,nan
14676,4.31244707227e-12,0,1.25913370066e-14,nan,nan,7.32257210745e-16,nan,nan
14680,4.32263413914e-12,0,1.25780634703e-14,nan,nan,7.31509235758e-16,nan,nan
14684,4.33264205818e-12,0,1.25649957258e-14,nan,nan,7.30773342706e-16,nan,nan
14688,4.34247061469e-12,0,1.25521225319e-14,nan,nan,7.30008014035e-16,nan,nan
14692,4.35211960484e-12,0,1.25394779464e-14,nan,nan,7.29295201818e-16,nan,nan
14696,4.36158883557e-12,0,1.25270474785e-14,nan,nan,7.28553259336e-16,nan,nan
14700,4.37087812444e-12,0,1.25148258857e-14,nan,nan,7.27819935684e-16,nan,nan
14704,4.37998729971e-12,0,1.25028414425e-14,nan,nan,7.27087460809e-16,nan,nan
14708,4.38891620004e-12,0,1.2491061539e-14,nan,nan,7.26354140135e-16,nan,nan
14712,4.39766467465e-12,0,1.24795140882e-14,nan,nan,7.25623012941e-16,nan,nan
14716,4.40623258306e-12,0,1.24681767064e-14,nan,nan,7.24874868887e-16,nan,nan
14720,4.41461979511e-12,0,1.24570664793e-14,nan,nan,7.2415437336e-16,nan,nan
14724,4.42282619087e-12,0,1.24461703367e-14,nan,nan,7.23428710082e-16,nan,nan
14728,4.43085166059e-12,0,1.24354939698e-14,nan,nan,7.22684112461e-16,nan,nan
14732,4.43869610462e-12,0,1.2425011597e-14,nan,nan,7.21967868499e-16,nan,nan
14736,4.44635943332e-12,0,1.24147441578e-14,nan,nan,7.21241049901e-16,nan,nan
14740,4.45384156708e-12,0,1.24046746898e-14,nan,nan,7.20507593632e-16,nan,nan
14744,4.46114243616e-12,0,1.23948005385e-14,nan,nan,7.19782902782e-16,nan,nan
14748,4.4682619807e-12,0,1.23851119292e-14,nan,nan,7.19058579766e-16,nan,nan
14752,4.47520015062e-12,0,1.23756052913e-14,nan,nan,7.18336997036e-16,nan,nan
14756,4.48195690559e-12,0,1.23662682991e-14,nan,nan,7.17604138986e-16,nan,nan
14760,4.48853221497e-12,0,1.23570998171e-14,nan,nan,7.16884135638e-16,nan,nan
14764,4.49492605774e-12,0,1.23480805664e-14,nan,nan,7.16164802154e-16,nan,nan
14768,4.50113842247e-12,0,1.23392176879e-14,nan,nan,7.15447701085e-16,nan,nan
14772,4.50716930723e-12,0,1.23304974998e-14,nan,nan,7.14719559329e-16,nan,nan
14776,4.51301871956e-12,0,1.2321877834e-14,nan,nan,7.1400448141e-16,nan,nan
14780,4.51868667646e-12,0,1.23133942816e-14,nan,nan,7.13292246306e-16,nan,nan
14784,4.52417320421e-12,0,1.23050120685e-14,nan,nan,7.12571057222e-16,nan,nan
14788,4.52947833849e-12,0,1.22967232247e-14,nan,nan,7.11862856093e-16,nan,nan
14792,4.53460212417e-12,0,1.22885236572e-14,nan,nan,7.111454742e-16,nan,nan
14796,4.5395446154e-12,0,1.22803965664e-14,nan,nan,7.10435155458e-16,nan,nan
14800,4.54430587535e-12,0,1.22723194818e-14,nan,nan,7.09716758275e-16,nan,nan
14804,4.54888597653e-12,0,1.22643025585e-14,nan,nan,7.08997161351e-16,nan,nan
14808,4.55328500027e-12,0,1.22563215172e-14,nan,nan,7.08291641794e-16,nan,nan
14812,4.55750303707e-12,0,1.22483713335e-14,nan,nan,7.07566406975e-16,nan,nan
14816,4.56154018627e-12,0,1.22404137514e-14,nan,nan,7.06858697392e-16,nan,nan
14820,4.56539655625e-12,0,1.22324685358e-14,nan,nan,7.06161262146e-16,nan,nan
14824,4.5690722641e-12,0,1.22245151198e-14,nan,nan,7.05459504512e-16,nan,nan
14828,4.57256743584e-12,0,1.22165403646e-14,nan,nan,7.0475985757e-16,nan,nan
14832,4.57588220617e-12,0,1.22085296397e-14,nan,nan,7.04043168914e-16,nan,nan
14836,4.57901671854e-12,0,1.22004732701e-14,nan,nan,7.03338383445e-16,nan,nan
14840,4.58197112503e-12,0,1.21923630643e-14,nan,nan,7.0263115081e-16,nan,nan
14844,4.58474558634e-12,0,1.21841957999e-14,nan,nan,7.01936980017e-16,nan,nan
14848,4.58734027173e-12,0,1.21759439243e-14,nan,nan,7.01234521139e-16,nan,nan
14852,4.58975535894e-12,0,1.2167604724e-14,nan,nan,7.00526080683e-16,nan,nan
14856,4.59199103419e-12,0,1.21591770279e-14,nan,nan,6.99823227228e-16,nan,nan
14860,4.59404749209e-12,0,1.21506473633e-14,nan,nan,6.99131590854e-16,nan,nan
14864,4.59592493562e-12,0,1.21419989109e-14,nan,nan,6.98436899737e-16,nan,nan
14868,4.59762357603e-12,0,1.21332319318e-14,nan,nan,6.97716168641e-16,nan,nan
14872,4.59914363286e-12,0,1.21243452907e-14,nan,nan,6.97048104815e-16,nan,nan
14876,4.60048533381e-12,0,1.21152960256e-14,nan,nan,6.96337416047e-16,nan,nan
14880,4.60164891477e-12,0,1.21061329133e-14,nan,nan,6.95643039188e-16,nan,nan
14884,4.60263461966e-12,0,1.20968106599e-14,nan,nan,6.94961486623e-16,nan,nan
14888,4.60344270051e-12,0,1.20873487772e-14,nan,nan,6.94254964549e-16,nan,nan
14892,4.60407341732e-12,0,1.2077711202e-14,nan,nan,6.93565285112e-16,nan,nan
14896,4.60452703803e-12,0,1.20679236557e-14,nan,nan,6.92871569349e-16,nan,nan
14900,4.60480383848e-12,0,1.20579606499e-14,nan,nan,6.92183304523e-16,nan,nan
14904,4.60490410233e-12,0,1.20478417658e-14,nan,nan,6.91492403889e-16,nan,nan
14908,4.60482812103e-12,0,1.20375422118e-14,nan,nan,6.90803148174e-16,nan,nan
14912,4.60457619379e-12,0,1.20270732557e-14,nan,nan,6.90117043748e-16,nan,nan
14916,4.60414862746e-12,0,1.20164329871e-14,nan,nan,6.89431159793e-16,nan,nan
14920,4.60354573657e-12,0,1.20056331754e-14,nan,nan,6.88745728894e-16,nan,nan
14924,4.60276784322e-12,0,1.19946348998e-14,nan,nan,6.88051570171e-16,nan,nan
14928,4.60181527701e-12,0,1.19834944757e-14,nan,nan,6.87379623718e-16,nan,nan
14932,4.60068837506e-12,0,1.19721638611e-14,nan,nan,6.86692807907e-16,nan,nan
14936,4.59938748192e-12,0,1.19606726864e-14,nan,nan,6.86004693282e-16,nan,nan
14940,4.59791294948e-12,0,1.19490081341e-14,nan,nan,6.85334165181e-16,nan,nan
14944,4.59626513701e-12,0,1.19372034171e-14,nan,nan,6.84650673171e-16,nan,nan
14948,4.59444441104e-12,0,1.1925223699e-14,nan,nan,6.83962083206e-16,nan,nan
14952,4.59245114534e-12,0,1.19131030299e-14,nan,nan,6.83286456434e-16,nan,nan
14956,4.59028572085e-12,0,1.19008270496e-14,nan,nan,6.82597507938e-16,nan,nan
14960,4.58794852565e-12,0,1.18884102746e-14,nan,nan,6.81931364356e-16,nan,nan
14964,4.58543995497e-12,0,1.18758640302e-14,nan,nan,6.81257663605e-16,nan,nan
14968,4.58276041097e-12,0,1.18631881749e-14,nan,nan,6.80577631411e-16,nan,nan
14972,4.5799103029e-12,0,1.18503849712e-14,nan,nan,6.79903898186e-16,nan,nan
14976,4.57689004694e-12,0,1.18374806242e-14,nan,nan,6.7922904606e-16,nan,nan
14980,4.57370006617e-12,0,1.18244544546e-14,nan,nan,6.78550883068e-16,nan,nan
14984,4.57034079049e-12,0,1.18113376251e-14,nan,nan,6.77884765394e-16,nan,nan
14988,4.56681265672e-12,0,1.17981371685e-14,nan,nan,6.77209637496e-16,nan,nan
14992,4.56311610836e-12,0,1.17848467264e-14,nan,nan,6.76530742203e-16,nan,nan
14996,4.55925159569e-12,0,1.17714973705e-14,nan,nan,6.75867839684e-16,nan,nan
15000,4.55521957564e-12,0,1.17580742616e-14,nan,nan,6.75197458965e-16,nan,nan
15004,4.55102051189e-12,0,1.17446070696e-14,nan,nan,6.74527596597e-16,nan,nan
15008,4.5466548746e-12,0,1.17310923041e-14,nan,nan,6.73864627573e-16,nan,nan
15012,4.5421231406e-12,0,1.17175449879e-14,nan,nan,6.73196180245e-16,nan,nan
15016,4.53742579321e-12,0,1.17039807379e-14,nan,nan,6.72534101371e-16,nan,nan
15020,4.53256332227e-12,0,1.16903986218e-14,nan,nan,6.71869728821e-16,nan,nan
15024,4.52753622406e-12,0,1.16768082065e-14,nan,nan,6.71197590372e-16,nan,nan
15028,4.52234500128e-12,0,1.16632428036e-14,nan,nan,6.70539681117e-16,nan,nan
15032,4.51699016307e-12,0,1.16496756065e-14,nan,nan,6.69872390558e-16,nan,nan
15036,4.51147222486e-12,0,1.16361416565e-14,nan,nan,6.69216531783e-16,nan,nan
15040,4.50579170845e-12,0,1.16226547828e-14,nan,nan,6.68548344436e-16,nan,nan
15044,4.4999491419e-12,0,1.16092042188e-14,nan,nan,6.67897323377e-16,nan,nan
15048,4.49394505958e-12,0,1.15957989382e-14,nan,nan,6.67232282377e-16,nan,nan
15052,4.48778000202e-12,0,1.15824736151e-14,nan,nan,6.66587641774e-16,nan,nan
15056,4.48145451602e-12,0,1.15692200015e-14,nan,nan,6.65917499367e-16,nan,nan
15060,4.47496915448e-12,0,1.15560407696e-14,nan,nan,6.65257176456e-16,nan,nan
15064,4.46832447654e-12,0,1.15429600915e-14,nan,nan,6.64608561885e-16,nan,nan
15068,4.46152104734e-12,0,1.15299724437e-14,nan,nan,6.63945761945e-16,nan,nan
15072,4.45455943823e-12,0,1.15170839305e-14,nan,nan,6.6330167941e-16,nan,nan
15076,4.44744022652e-12,0,1.15043135526e-14,nan,nan,6.62645357115e-16,nan,nan
15080,4.44016399567e-12,0,1.14916623065e-14,nan,nan,6.61988363328e-16,nan,nan
15084,4.43273133508e-12,0,1.14791471572e-14,nan,nan,6.61344776173e-16,nan,nan
15088,4.42514284016e-12,0,1.1466746244e-14,nan,nan,6.60693858021e-16,nan,nan
15092,4.41739911232e-12,0,1.14544865472e-14,nan,nan,6.60037573092e-16,nan,nan
15096,4.40950075893e-12,0,1.14423728757e-14,nan,nan,6.59388602927e-16,nan,nan
15100,4.40144839321e-12,0,1.14304001442e-14,nan,nan,6.58743179575e-16,nan,nan
15104,4.39324263444e-12,0,1.14185793923e-14,nan,nan,6.58091629762e-16,nan,nan
15108,4.38488410767e-12,0,1.1406902584e-14,nan,nan,6.57451854321e-16,nan,nan
15112,4.3763734439e-12,0,1.13953956406e-14,nan,nan,6.56802412505e-16,nan,nan
15116,4.36771127994e-12,0,1.13840390647e-14,nan,nan,6.56161577511e-16,nan,nan
15120,4.35889825847e-12,0,1.13728443734e-14,nan,nan,6.55512209953e-16,nan,nan
15124,4.349935028e-12,0,1.13618072498e-14,nan,nan,6.54857981928e-16,nan,nan
15128,4.34082224285e-12,0,1.13509232664e-14,nan,nan,6.54237276418e-16,nan,nan
15132,4.33156056311e-12,0,1.13402226063e-14,nan,nan,6.53587864498e-16,nan,nan
15136,4.32215065467e-12,0,1.13296608937e-14,nan,nan,6.52935963274e-16,nan,nan
15140,4.31259318919e-12,0,1.13192762548e-14,nan,nan,6.52310754004e-16,nan,nan
15144,4.30288884407e-12,0,1.13090207504e-14,nan,nan,6.5166324777e-16,nan,nan
15148,4.29303830247e-12,0,1.12989570249e-14,nan,nan,6.51029370027e-16,nan,nan
15152,4.28304225325e-12,0,1.12890211947e-14,nan,nan,6.50382847861e-16,nan,nan
15156,4.27290139097e-12,0,1.1279248933e-14,nan,nan,6.49752929605e-16,nan,nan
15160,4.26261641595e-12,0,1.12696100821e-14,nan,nan,6.49115705063e-16,nan,nan
15164,4.25218803413e-12,0,1.12601206358e-14,nan,nan,6.48480349759e-16,nan,nan
15168,4.24161695717e-12,0,1.12507701854e-14,nan,nan,6.47845223301e-16,nan,nan
15172,4.23090390236e-12,0,1.12415516507e-14,nan,nan,6.47204432792e-16,nan,nan
15176,4.22004959268e-12,0,1.1232457733e-14,nan,nan,6.46579482866e-16,nan,nan
15180,4.20905475673e-12,0,1.12234904834e-14,nan,nan,6.45943752774e-16,nan,nan
15184,4.19792012871e-12,0,1.12146305506e-14,nan,nan,6.45314192373e-16,nan,nan
15188,4.18664644852e-12,0,1.12058992313e-14,nan,nan,6.4469681968e-16,nan,nan
15192,4.17523446158e-12,0,1.11972567198e-14,nan,nan,6.44056696002e-16,nan,nan
15196,4.16368491896e-12,0,1.11887188644e-14,nan,nan,6.43427025941e-16,nan,nan
15200,4.1519985773e-12,0,1.1180257603e-14,nan,nan,6.42792515299e-16,nan,nan
15204,4.14017619882e-12,0,1.11718892989e-14,nan,nan,6.42168552722e-16,nan,nan
15208,4.1282185513e-12,0,1.11635906545e-14,nan,nan,6.415391647e-16,nan,nan
15212,4.11612640809e-12,0,1.11553616649e-14,nan,nan,6.40913947489e-16,nan,nan
15216,4.10390054805e-12,0,1.11471898331e-14,nan,nan,6.40296279662e-16,nan,nan
15220,4.09154175561e-12,0,1.11390723717e-14,nan,nan,6.39665076891e-16,nan,nan
15224,4.07905082071e-12,0,1.11310010971e-14,nan,nan,6.39043893675e-16,nan,nan
15228,4.06642853882e-12,0,1.11229492102e-14,nan,nan,6.38423719173e-16,nan,nan
15232,4.05367571088e-12,0,1.11149427332e-14,nan,nan,6.3779248999e-16,nan,nan
15236,4.04079314334e-12,0,1.11069538253e-14,nan,nan,6.37174814141e-16,nan,nan
15240,4.02778164819e-12,0,1.10989698326e-14,nan,nan,6.36553596207e-16,nan,nan
15244,4.01464204276e-12,0,1.10909957448e-14,nan,nan,6.35929038005e-16,nan,nan
15248,4.00137514999e-12,0,1.10830212789e-14,nan,nan,6.35321044154e-16,nan,nan
15252,3.98798179818e-12,0,1.10750292437e-14,nan,nan,6.34700394658e-16,nan,nan
15256,3.97446282114e-12,0,1.10670266664e-14,nan,nan,6.34080231998e-16,nan,nan
15260,3.96081905806e-12,0,1.10589846846e-14,nan,nan,6.33463343562e-16,nan,nan
15264,3.94705135359e-12,0,1.10509241666e-14,nan,nan,6.32848024371e-16,nan,nan
15268,3.93316055782e-12,0,1.10428205458e-14,nan,nan,6.32229131534e-16,nan,nan
15272,3.91914752618e-12,0,1.10346761359e-14,nan,nan,6.31609788157e-16,nan,nan
15276,3.90501311957e-12,0,1.10264767455e-14,nan,nan,6.30996249189e-16,nan,nan
15280,3.89075820428e-12,0,1.10182123745e-14,nan,nan,6.30392155462e-16,nan,nan
15284,3.87638365196e-12,0,1.10098777061e-14,nan,nan,6.29772777173e-16,nan,nan
15288,3.86189033965e-12,0,1.10014960782e-14,nan,nan,6.29172868567e-16,nan,nan
15292,3.84727914979e-12,0,1.09930384382e-14,nan,nan,6.2855007991e-16,nan,nan
15296,3.83255097015e-12,0,1.09844965094e-14,nan,nan,6.27941328511e-16,nan,nan
15300,3.8177066939e-12,0,1.09758730668e-14,nan,nan,6.27336881125e-16,nan,nan
15304,3.8027472196e-12,0,1.09671640774e-14,nan,nan,6.26725826187e-16,nan,nan
15308,3.78767345108e-12,0,1.09583632676e-14,nan,nan,6.26118990329e-16,nan,nan
15312,3.77248629762e-12,0,1.09494636796e-14,nan,nan,6.25499647513e-16,nan,nan
15316,3.75718667381e-12,0,1.09404982048e-14,nan,nan,6.24898301098e-16,nan,nan
15320,3.74177549959e-12,0,1.09314098646e-14,nan,nan,6.24300853435e-16,nan,nan
15324,3.72625370031e-12,0,1.09222258615e-14,nan,nan,6.23694183513e-16,nan,nan
15328,3.71062220662e-12,0,1.09129514616e-14,nan,nan,6.23087893351e-16,nan,nan
15332,3.69488195457e-12,0,1.09035695587e-14,nan,nan,6.22487426359e-16,nan,nan
15336,3.67903388557e-12,0,1.08940787557e-14,nan,nan,6.21890255283e-16,nan,nan
15340,3.66307894642e-12,0,1.08844940382e-14,nan,nan,6.21275801344e-16,nan,nan
15344,3.6470180893e-12,0,1.08748102883e-14,nan,nan,6.20680174205e-16,nan,nan
15348,3.63085227175e-12,0,1.08650232838e-14,nan,nan,6.20077207131e-16,nan,nan
15352,3.61458245678e-12,0,1.08551321815e-14,nan,nan,6.19484862286e-16,nan,nan
15356,3.59820961281e-12,0,1.08451524619e-14,nan,nan,6.18882328483e-16,nan,nan
15360,3.58173471366e-12,0,1.08350612313e-14,nan,nan,6.18285347965e-16,nan,nan
15364,3.56515873862e-12,0,1.08248902751e-14,nan,nan,6.17689500857e-16,nan,nan
15368,3.54848267253e-12,0,1.08146153238e-14,nan,nan,6.17084131533e-16,nan,nan
15372,3.53170750564e-12,0,1.08042615119e-14,nan,nan,6.16516596632e-16,nan,nan
15376,3.51483423379e-12,0,1.07938288774e-14,nan,nan,6.15875977124e-16,nan,nan
15380,3.49786385837e-12,0,1.07832901658e-14,nan,nan,6.15306272152e-16,nan,nan
15384,3.48079738635e-12,0,1.07726822798e-14,nan,nan,6.14712429553e-16,nan,nan
15388,3.46363583035e-12,0,1.0762004698e-14,nan,nan,6.14107912046e-16,nan,nan
15392,3.44638020864e-12,0,1.07512568821e-14,nan,nan,6.13524491294e-16,nan,nan
15396,3.42903154521e-12,0,1.07404311627e-14,nan,nan,6.1293936226e-16,nan,nan
15400,3.41159086982e-12,0,1.07295475592e-14,nan,nan,6.12345134044e-16,nan,nan
15404,3.39405921803e-12,0,1.07186143605e-14,nan,nan,6.11752672023e-16,nan,nan
15408,3.37643763125e-12,0,1.07076229881e-14,nan,nan,6.11164129355e-16,nan,nan
15412,3.35872715685e-12,0,1.06965947807e-14,nan,nan,6.10579124229e-16,nan,nan
15416,3.34092884813e-12,0,1.06855139626e-14,nan,nan,6.09987825602e-16,nan,nan
15420,3.32304376451e-12,0,1.067441008e-14,nan,nan,6.09396046505e-16,nan,nan
15424,3.30507297146e-12,0,1.06632752361e-14,nan,nan,6.08806648584e-16,nan,nan
15428,3.28701754074e-12,0,1.06521087901e-14,nan,nan,6.08233587625e-16,nan,nan
15432,3.26887855032e-12,0,1.06409284003e-14,nan,nan,6.07644468952e-16,nan,nan
15436,3.25065708458e-12,0,1.062973733e-14,nan,nan,6.07061340877e-16,nan,nan
15440,3.2323542344e-12,0,1.06185380812e-14,nan,nan,6.06476603671e-16,nan,nan
15444,3.21397109715e-12,0,1.06073298322e-14,nan,nan,6.05888303391e-16,nan,nan
15448,3.19550877698e-12,0,1.05961469041e-14,nan,nan,6.05315686047e-16,nan,nan
15452,3.17696838474e-12,0,1.05849524972e-14,nan,nan,6.04730854507e-16,nan,nan
15456,3.15835103825e-12,0,1.05737793325e-14,nan,nan,6.04144721173e-16,nan,nan
15460,3.13965786233e-12,0,1.05626346238e-14,nan,nan,6.03573178216e-16,nan,nan
15464,3.12088998902e-12,0,1.0551504167e-14,nan,nan,6.02990601768e-16,nan,nan
15468,3.10204855762e-12,0,1.0540408834e-14,nan,nan,6.02414929022e-16,nan,nan
15472,3.08313471497e-12,0,1.0529347271e-14,nan,nan,6.01830665294e-16,nan,nan
15476,3.06414961546e-12,0,1.05183409497e-14,nan,nan,6.01254360292e-16,nan,nan
15480,3.04509442131e-12,0,1.05073773455e-14,nan,nan,6.00678727774e-16,nan,nan
15484,3.02597030272e-12,0,1.04964573241e-14,nan,nan,6.00107707095e-16,nan,nan
15488,3.00677843805e-12,0,1.04855967764e-14,nan,nan,5.99524360101e-16,nan,nan
15492,2.987520014e-12,0,1.04747892249e-14,nan,nan,5.9895556759e-16,nan,nan
15496,2.96819622586e-12,0,1.04640483047e-14,nan,nan,5.98379395049e-16,nan,nan
15500,2.94880827762e-12,0,1.04533709643e-14,nan,nan,5.97804157564e-16,nan,nan
15504,2.92935738238e-12,0,1.04427679193e-14,nan,nan,5.97236903503e-16,nan,nan
15508,2.90984476242e-12,0,1.04322285668e-14,nan,nan,5.96661787378e-16,nan,nan
15512,2.89027164961e-12,0,1.04217610512e-14,nan,nan,5.96085975583e-16,nan,nan
15516,2.87063928554e-12,0,1.04113780134e-14,nan,nan,5.9552654182e-16,nan,nan
15520,2.85094892181e-12,0,1.04010801568e-14,nan,nan,5.94949503015e-16,nan,nan
15524,2.83120182043e-12,0,1.03908611053e-14,nan,nan,5.94384673575e-16,nan,nan
15528,2.81139925404e-12,0,1.03807173723e-14,nan,nan,5.93815193746e-16,nan,nan
15532,2.79154250627e-12,0,1.03706584236e-14,nan,nan,5.93247710245e-16,nan,nan
15536,2.77163287204e-12,0,1.03606879335e-14,nan,nan,5.9268239459e-16,nan,nan
15540,2.75167165798e-12,0,1.03508052675e-14,nan,nan,5.9211447762e-16,nan,nan
15544,2.73166018276e-12,0,1.03409935415e-14,nan,nan,5.91547641461e-16,nan,nan
15548,2.71159977749e-12,0,1.03312834019e-14,nan,nan,5.90984867834e-16,nan,nan
15552,2.69149178614e-12,0,1.03216448044e-14,nan,nan,5.90422544967e-16,nan,nan
15556,2.67133756598e-12,0,1.03121076876e-14,nan,nan,5.89849177261e-16,nan,nan
15560,2.651138488e-12,0,1.03026424707e-14,nan,nan,5.89291491428e-16,nan,nan
15564,2.63089593743e-12,0,1.02932612607e-14,nan,nan,5.88726524941e-16,nan,nan
15568,2.61061131423e-12,0,1.02839623526e-14,nan,nan,5.8817025402e-16,nan,nan
15572,2.59028603357e-12,0,1.02747375995e-14,nan,nan,5.87611858337e-16,nan,nan
15576,2.56992152644e-12,0,1.02655984505e-14,nan,nan,5.87048634267e-16,nan,nan
15580,2.54951924022e-12,0,1.0256524138e-14,nan,nan,5.86490644595e-16,nan,nan
15584,2.52908063921e-12,0,1.02475283258e-14,nan,nan,5.8592426796e-16,nan,nan
15588,2.50860720537e-12,0,1.02386035269e-14,nan,nan,5.85374736804e-16,nan,nan
15592,2.48810043894e-12,0,1.02297477284e-14,nan,nan,5.84816833973e-16,nan,nan
15596,2.46756185911e-12,0,1.02209485948e-14,nan,nan,5.84257335104e-16,nan,nan
15600,2.44699300482e-12,0,1.02122199404e-14,nan,nan,5.83711110937e-16,nan,nan
15604,2.42639543548e-12,0,1.02035458052e-14,nan,nan,5.83156990148e-16,nan,nan
15608,2.40577073177e-12,0,1.01949253865e-14,nan,nan,5.82591805412e-16,nan,nan
15612,2.38512049657e-12,0,1.0186355279e-14,nan,nan,5.82035362786e-16,nan,nan
15616,2.36444635574e-12,0,1.01778353322e-14,nan,nan,5.81494114466e-16,nan,nan
15620,2.34374995916e-12,0,1.01693568369e-14,nan,nan,5.80937010488e-16,nan,nan
15624,2.32303298167e-12,0,1.01609102459e-14,nan,nan,5.80372863656e-16,nan,nan
15628,2.30229712408e-12,0,1.01525137022e-14,nan,nan,5.79846630884e-16,nan,nan
15632,2.28154411431e-12,0,1.01441495049e-14,nan,nan,5.7928106884e-16,nan,nan
15636,2.26077570851e-12,0,1.01357991292e-14,nan,nan,5.78731561351e-16,nan,nan
15640,2.23999369226e-12,0,1.01274719605e-14,nan,nan,5.78174481826e-16,nan,nan
15644,2.21919988184e-12,0,1.01191826893e-14,nan,nan,5.77631607113e-16,nan,nan
15648,2.19839612555e-12,0,1.01108962206e-14,nan,nan,5.77089839411e-16,nan,nan
15652,2.17758430515e-12,0,1.01026199431e-14,nan,nan,5.76531327814e-16,nan,nan
15656,2.15676633725e-12,0,1.0094363244e-14,nan,nan,5.75998036241e-16,nan,nan
15660,2.13594417496e-12,0,1.00861018069e-14,nan,nan,5.75440414446e-16,nan,nan
15664,2.11511980945e-12,0,1.00778466251e-14,nan,nan,5.7490202865e-16,nan,nan
15668,2.09429527167e-12,0,1.00695737161e-14,nan,nan,5.74351632056e-16,nan,nan
15672,2.07347263421e-12,0,1.00613192319e-14,nan,nan,5.73807636955e-16,nan,nan
15676,2.05265401314e-12,0,1.00530350493e-14,nan,nan,5.73265310272e-16,nan,nan
15680,2.03184157004e-12,0,1.00447531998e-14,nan,nan,5.72728673803e-16,nan,nan
15684,2.01103751416e-12,0,1.00364331036e-14,nan,nan,5.72164593116e-16,nan,nan
15688,1.9902441045e-12,0,1.00281228966e-14,nan,nan,5.71626521284e-16,nan,nan
15692,1.96946365236e-12,0,1.00197680093e-14,nan,nan,5.71096617378e-16,nan,nan
15696,1.94869852361e-12,0,1.00114100701e-14,nan,nan,5.70561736457e-16,nan,nan
15700,1.92795114142e-12,0,1.00030172527e-14,nan,nan,5.70017400499e-16,nan,nan
15704,1.90722398897e-12,0,9.99458020338e-15,nan,nan,5.69482165277e-16,nan,nan
15708,1.88651961226e-12,0,9.98613840497e-15,nan,nan,5.68937863199e-16,nan,nan
15712,1.86584062331e-12,0,9.97764553452e-15,nan,nan,5.68406229719e-16,nan,nan
15716,1.84518970324e-12,0,9.96912389335e-15,nan,nan,5.67867509748e-16,nan,nan
15720,1.82456960567e-12,0,9.96056801268e-15,nan,nan,5.67337826588e-16,nan,nan
15724,1.80398316039e-12,0,9.95196744312e-15,nan,nan,5.66792895374e-16,nan,nan
15728,1.78343327693e-12,0,9.94333922539e-15,nan,nan,5.66258028477e-16,nan,nan
15732,1.7629229487e-12,0,9.93466547199e-15,nan,nan,5.65725525207e-16,nan,nan
15736,1.74245525707e-12,0,9.92595757795e-15,nan,nan,5.65190094639e-16,nan,nan
15740,1.72203337576e-12,0,9.91721315336e-15,nan,nan,5.64658681928e-16,nan,nan
15744,1.70166057551e-12,0,9.90841173347e-15,nan,nan,5.64128493705e-16,nan,nan
15748,1.68134022891e-12,0,9.89959489575e-15,nan,nan,5.63597664017e-16,nan,nan
15752,1.66107581557e-12,0,9.89072183065e-15,nan,nan,5.63067564464e-16,nan,nan
15756,1.64087092745e-12,0,9.88181097615e-15,nan,nan,5.62529687198e-16,nan,nan
15760,1.62072927464e-12,0,9.87286561144e-15,nan,nan,5.62006418389e-16,nan,nan
15764,1.60065469121e-12,0,9.86388215699e-15,nan,nan,5.61476509241e-16,nan,nan
15768,1.58065114156e-12,0,9.85486524796e-15,nan,nan,5.60944710477e-16,nan,nan
15772,1.56072272698e-12,0,9.84580863684e-15,nan,nan,5.60427196855e-16,nan,nan
15776,1.54087369253e-12,0,9.8367188878e-15,nan,nan,5.5989331109e-16,nan,nan
15780,1.52110843431e-12,0,9.82759428427e-15,nan,nan,5.59362928387e-16,nan,nan
15784,1.50143150699e-12,0,9.81844587181e-15,nan,nan,5.58839602822e-16,nan,nan
15788,1.48184763182e-12,0,9.80924862934e-15,nan,nan,5.58320067663e-16,nan,nan
15792,1.46236170481e-12,0,9.80005013836e-15,nan,nan,5.57790941528e-16,nan,nan
15796,1.44297880543e-12,0,9.79081605831e-15,nan,nan,5.57264529514e-16,nan,nan
15800,1.42370420557e-12,0,9.78156162091e-15,nan,nan,5.56735637085e-16,nan,nan
15804,1.40454337898e-12,0,9.77229026157e-15,nan,nan,5.56221363164e-16,nan,nan
15808,1.38550201078e-12,0,9.76299242771e-15,nan,nan,5.55693729737e-16,nan,nan
15812,1.36658600768e-12,0,9.75368402335e-15,nan,nan,5.55169354085e-16,nan,nan
15816,1.34780150824e-12,0,9.74436762003e-15,nan,nan,5.54657262736e-16,nan,nan
15820,1.32915489355e-12,0,9.73502150599e-15,nan,nan,5.54134538657e-16,nan,nan
15824,1.31065279814e-12,0,9.72568126355e-15,nan,nan,5.53611441911e-16,nan,nan
15828,1.29230212115e-12,0,9.71632664261e-15,nan,nan,5.53089599502e-16,nan,nan
15832,1.27411003758e-12,0,9.70698001006e-15,nan,nan,5.52572373997e-16,nan,nan
15836,1.25608400982e-12,0,9.69762498234e-15,nan,nan,5.52056983956e-16,nan,nan
15840,1.23823179906e-12,0,9.68828434259e-15,nan,nan,5.51536556939e-16,nan,nan
15844,1.22056147674e-12,0,9.67893399997e-15,nan,nan,5.51023974408e-16,nan,nan
15848,1.20308143584e-12,0,9.66959586169e-15,nan,nan,5.50496573361e-16,nan,nan
15852,1.18580040177e-12,0,9.6602735125e-15,nan,nan,5.49992457923e-16,nan,nan
15856,1.16872744302e-12,0,9.65095689034e-15,nan,nan,5.49474267984e-16,nan,nan
15860,1.15187198099e-12,0,9.64166507216e-15,nan,nan,5.48955368214e-16,nan,nan
15864,1.13524379921e-12,0,9.63237675738e-15,nan,nan,5.48443660577e-16,nan,nan
15868,1.11885305131e-12,0,9.62311617191e-15,nan,nan,5.47941968372e-16,nan,nan
15872,1.1027102679e-12,0,9.61387523091e-15,nan,nan,5.474190911e-16,nan,nan
15876,1.08682636169e-12,0,9.60465584191e-15,nan,nan,5.46900875327e-16,nan,nan
15880,1.07121263083e-12,0,9.5954736202e-15,nan,nan,5.46395562885e-16,nan,nan
15884,1.05588075982e-12,0,9.58631750764e-15,nan,nan,5.45891134246e-16,nan,nan
15888,1.040842818e-12,0,9.57717392979e-15,nan,nan,5.4536352058e-16,nan,nan
15892,1.02611125458e-12,0,9.56808763221e-15,nan,nan,5.44872450697e-16,nan,nan
15896,1.01169889049e-12,0,9.55901623322e-15,nan,nan,5.44350622101e-16,nan,nan
15900,9.97618905883e-13,0,9.54997635231e-15,nan,nan,5.43846484031e-16,nan,nan
15904,9.83884823343e-13,0,9.54098333175e-15,nan,nan,5.43340723653e-16,nan,nan
15908,9.70510485721e-13,0,9.53202664671e-15,nan,nan,5.42832207279e-16,nan,nan
15912,9.57510028729e-13,0,9.52309410902e-15,nan,nan,5.42323829971e-16,nan,nan
15916,9.44897847122e-13,0,9.5142087026e-15,nan,nan,5.41826880286e-16,nan,nan
15920,9.32688554488e-13,0,9.50536094467e-15,nan,nan,5.41311026872e-16,nan,nan
15924,9.20896935928e-13,0,9.49655208367e-15,nan,nan,5.40813675049e-16,nan,nan
15928,9.09537893449e-13,0,9.48777996184e-15,nan,nan,5.4031084811e-16,nan,nan
15932,8.98626383658e-13,0,9.47905704655e-15,nan,nan,5.39798860941e-16,nan,nan
15936,8.8817734775e-13,0,9.47035348238e-15,nan,nan,5.39298474406e-16,nan,nan
15940,8.78205633721e-13,0,9.46170894371e-15,nan,nan,5.38807475336e-16,nan,nan
15944,8.68725911094e-13,0,9.45310203916e-15,nan,nan,5.38290645441e-16,nan,nan
15948,8.59752578533e-13,0,9.44452313838e-15,nan,nan,5.37797691255e-16,nan,nan
15952,8.51299664999e-13,0,9.43598850531e-15,nan,nan,5.37292255859e-16,nan,nan
15956,8.43380725391e-13,0,9.42749401123e-15,nan,nan,5.36786555055e-16,nan,nan
15960,8.36008731857e-13,0,9.41902606423e-15,nan,nan,5.36300350629e-16,nan,nan
15964,8.29195962112e-13,0,9.41059892076e-15,nan,nan,5.35801711937e-16,nan,nan
15968,8.22953886689e-13,0,9.40221048151e-15,nan,nan,5.35291849491e-16,nan,nan
15972,8.17293056715e-13,0,9.39383531416e-15,nan,nan,5.34796743687e-16,nan,nan
15976,8.12222994623e-13,0,9.38551761635e-15,nan,nan,5.34299035277e-16,nan,nan
15980,8.0775208988e-13,0,9.37722263145e-15,nan,nan,5.33808594253e-16,nan,nan
15984,8.0388750193e-13,0,9.36894682524e-15,nan,nan,5.33310611212e-16,nan,nan
15988,8.00635072938e-13,0,9.36070721345e-15,nan,nan,5.3280754986e-16,nan,nan
15992,7.97999252024e-13,0,9.35248462852e-15,nan,nan,5.32323947142e-16,nan,nan
15996,7.95983033405e-13,0,9.34429277677e-15,nan,nan,5.31822575862e-16,nan,nan
16000,7.94587909728e-13,0,9.33611643946e-15,nan,nan,5.31329077907e-16,nan,nan
16004,7.93813842467e-13,0,9.3279665592e-15,nan,nan,5.3083686961e-16,nan,nan
16008,7.93659249204e-13,0,9.31982813363e-15,nan,nan,5.30350892134e-16,nan,nan
16012,7.94121009675e-13,0,9.31169819002e-15,nan,nan,5.29850693239e-16,nan,nan
16016,7.95194489206e-13,0,9.30359774133e-15,nan,nan,5.29364924655e-16,nan,nan
16020,7.9687357962e-13,0,9.29550415203e-15,nan,nan,5.28871652697e-16,nan,nan
16024,7.99150756536e-13,0,9.28742206808e-15,nan,nan,5.28384164085e-16,nan,nan
16028,8.02017151514e-13,0,9.27933196657e-15,nan,nan,5.27895391339e-16,nan,nan
16032,8.0546263711e-13,0,9.27126485136e-15,nan,nan,5.2740997911e-16,nan,nan
16036,8.09475923197e-13,0,9.26319243134e-15,nan,nan,5.26913382256e-16,nan,nan
16040,8.14044661855e-13,0,9.25512316959e-15,nan,nan,5.26428133283e-16,nan,nan
16044,8.19155558708e-13,0,9.24705306199e-15,nan,nan,5.25940568636e-16,nan,nan
16048,8.2479448857e-13,0,9.23898227027e-15,nan,nan,5.25451878678e-16,nan,nan
16052,8.30946612616e-13,0,9.23090560511e-15,nan,nan,5.24968866804e-16,nan,nan
16056,8.37596495559e-13,0,9.22283008878e-15,nan,nan,5.24479152354e-16,nan,nan
16060,8.44728220542e-13,0,9.21474715771e-15,nan,nan,5.23988880083e-16,nan,nan
16064,8.52325500303e-13,0,9.20663741969e-15,nan,nan,5.23511936291e-16,nan,nan
16068,8.60371782937e-13,0,9.19852711254e-15,nan,nan,5.23028922328e-16,nan,nan
16072,8.68850351563e-13,0,9.19041764556e-15,nan,nan,5.22555476141e-16,nan,nan
16076,8.77744416591e-13,0,9.18227189161e-15,nan,nan,5.22057805249e-16,nan,nan
16080,8.87037200387e-13,0,9.17413049556e-15,nan,nan,5.21585344797e-16,nan,nan
16084,8.96712013595e-13,0,9.16596578221e-15,nan,nan,5.21099551777e-16,nan,nan
16088,9.06752323535e-13,0,9.15778367461e-15,nan,nan,5.20616094546e-16,nan,nan
16092,9.17141814003e-13,0,9.14960016673e-15,nan,nan,5.2013190205e-16,nan,nan
16096,9.27864437394e-13,0,9.14137813332e-15,nan,nan,5.19655059708e-16,nan,nan
16100,9.3890445903e-13,0,9.13314864224e-15,nan,nan,5.1917771799e-16,nan,nan
16104,9.50246494166e-13,0,9.12488617088e-15,nan,nan,5.18697738225e-16,nan,nan
16108,9.61875538397e-13,0,9.11662595254e-15,nan,nan,5.18227962729e-16,nan,nan
16112,9.73776991691e-13,0,9.1083293705e-15,nan,nan,5.17748685302e-16,nan,nan
16116,9.85936676886e-13,0,9.10002046267e-15,nan,nan,5.17265322605e-16,nan,nan
16120,9.98340853009e-13,0,9.09168902429e-15,nan,nan,5.16789163173e-16,nan,nan
16124,1.01097622398e-12,0,9.08335693284e-15,nan,nan,5.1630380594e-16,nan,nan
16128,1.02382994354e-12,0,9.07498322667e-15,nan,nan,5.15855979267e-16,nan,nan
16132,1.03688961638e-12,0,9.06659190994e-15,nan,nan,5.1535606514e-16,nan,nan
16136,1.05014329652e-12,0,9.05818027111e-15,nan,nan,5.14884968085e-16,nan,nan
16140,1.06357948296e-12,0,9.04975270423e-15,nan,nan,5.1441647572e-16,nan,nan
16144,1.07718711321e-12,0,9.04130549826e-15,nan,nan,5.1393719325e-16,nan,nan
16148,1.09095555509e-12,0,9.0328547741e-15,nan,nan,5.13467009753e-16,nan,nan
16152,1.10487459694e-12,0,9.0243879073e-15,nan,nan,5.12995253801e-16,nan,nan
16156,1.11893443684e-12,0,9.01589330765e-15,nan,nan,5.12522861931e-16,nan,nan
16160,1.13312567073e-12,0,9.00740679076e-15,nan,nan,5.12056148948e-16,nan,nan
16164,1.14743928008e-12,0,8.99889158247e-15,nan,nan,5.11575558722e-16,nan,nan
16168,1.16186661884e-12,0,8.99038060511e-15,nan,nan,5.11112921279e-16,nan,nan
16172,1.17639940033e-12,0,8.98184808963e-15,nan,nan,5.10637296527e-16,nan,nan
16176,1.19102968377e-12,0,8.9733064824e-15,nan,nan,5.10179917809e-16,nan,nan
16180,1.2057498609e-12,0,8.96478335573e-15,nan,nan,5.09705769952e-16,nan,nan
16184,1.22055264261e-12,0,8.95623989451e-15,nan,nan,5.09230876931e-16,nan,nan
16188,1.23543104579e-12,0,8.94769153865e-15,nan,nan,5.08780481695e-16,nan,nan
16192,1.25037838033e-12,0,8.93915161181e-15,nan,nan,5.08301026781e-16,nan,nan
16196,1.26538823641e-12,0,8.93061224338e-15,nan,nan,5.07838449159e-16,nan,nan
16200,1.2804544722e-12,0,8.9220696461e-15,nan,nan,5.0737156247e-16,nan,nan
16204,1.2955712018e-12,0,8.91354235402e-15,nan,nan,5.06903067387e-16,nan,nan
16208,1.31073278369e-12,0,8.9050112075e-15,nan,nan,5.0643765515e-16,nan,nan
16212,1.32593380946e-12,0,8.89649658937e-15,nan,nan,5.05978871232e-16,nan,nan
16216,1.34116909307e-12,0,8.88799390088e-15,nan,nan,5.05516318677e-16,nan,nan
16220,1.35643366043e-12,0,8.87950930242e-15,nan,nan,5.05055351581e-16,nan,nan
16224,1.37172273952e-12,0,8.87103442382e-15,nan,nan,5.0458481146e-16,nan,nan
16228,1.38703175079e-12,0,8.86258970706e-15,nan,nan,5.04125017538e-16,nan,nan
16232,1.40235629811e-12,0,8.85414799263e-15,nan,nan,5.03658949806e-16,nan,nan
16236,1.41769216004e-12,0,8.84571990287e-15,nan,nan,5.03206486131e-16,nan,nan
16240,1.43303528154e-12,0,8.8373235777e-15,nan,nan,5.0274656075e-16,nan,nan
16244,1.44838176608e-12,0,8.82895193127e-15,nan,nan,5.0228356976e-16,nan,nan
16248,1.4637278681e-12,0,8.82060387788e-15,nan,nan,5.01830112029e-16,nan,nan
16252,1.47906998584e-12,0,8.81229009192e-15,nan,nan,5.01368631784e-16,nan,nan
16256,1.49440465452e-12,0,8.80400606958e-15,nan,nan,5.00907841093e-16,nan,nan
16260,1.50972853992e-12,0,8.79573523655e-15,nan,nan,5.0045147449e-16,nan,nan
16264,1.52503843213e-12,0,8.7875005951e-15,nan,nan,4.99990656502e-16,nan,nan
16268,1.54033123981e-12,0,8.77931159983e-15,nan,nan,4.99541440774e-16,nan,nan
16272,1.55560398463e-12,0,8.77114754579e-15,nan,nan,4.99071993737e-16,nan,nan
16276,1.57085379596e-12,0,8.76301607667e-15,nan,nan,4.98626002074e-16,nan,nan
16280,1.58607790593e-12,0,8.75491429893e-15,nan,nan,4.98164240471e-16,nan,nan
16284,1.60127364468e-12,0,8.74685364323e-15,nan,nan,4.97714355749e-16,nan,nan
16288,1.6164384359e-12,0,8.73883328039e-15,nan,nan,4.97255411709e-16,nan,nan
16292,1.63156979252e-12,0,8.73084608078e-15,nan,nan,4.96800055599e-16,nan,nan
16296,1.64666531274e-12,0,8.7228868314e-15,nan,nan,4.96356007859e-16,nan,nan
16300,1.66172267622e-12,0,8.71498686419e-15,nan,nan,4.95893994547e-16,nan,nan
16304,1.67673964031e-12,0,8.70709509341e-15,nan,nan,4.95450338429e-16,nan,nan
16308,1.69171403685e-12,0,8.69926025195e-15,nan,nan,4.94998535517e-16,nan,nan
16312,1.70664376865e-12,0,8.69144710738e-15,nan,nan,4.94547949686e-16,nan,nan
16316,1.72152680664e-12,0,8.68369401273e-15,nan,nan,4.94105720289e-16,nan,nan
16320,1.73636118674e-12,0,8.67595691368e-15,nan,nan,4.93641575153e-16,nan,nan
16324,1.75114500725e-12,0,8.66826101926e-15,nan,nan,4.93192688475e-16,nan,nan
16328,1.76587642609e-12,0,8.66059658474e-15,nan,nan,4.92734463256e-16,nan,nan
16332,1.78055365835e-12,0,8.65297675554e-15,nan,nan,4.92304507206e-16,nan,nan
16336,1.79517497393e-12,0,8.64538331435e-15,nan,nan,4.91852020125e-16,nan,nan
16340,1.80973869524e-12,0,8.63783010493e-15,nan,nan,4.91397805219e-16,nan,nan
16344,1.82424319514e-12,0,8.63030143179e-15,nan,nan,4.90960605518e-16,nan,nan
16348,1.83868689481e-12,0,8.62279419861e-15,nan,nan,4.90516244099e-16,nan,nan
16352,1.85306826191e-12,0,8.61533359712e-15,nan,nan,4.90067342088e-16,nan,nan
16356,1.86738580872e-12,0,8.60789198855e-15,nan,nan,4.89624736009e-16,nan,nan
16360,1.88163809038e-12,0,8.60045566414e-15,nan,nan,4.89171160368e-16,nan,nan
16364,1.89582370328e-12,0,8.5930799684e-15,nan,nan,4.88727337114e-16,nan,nan
16368,1.90994128344e-12,0,8.58571404223e-15,nan,nan,4.88294922312e-16,nan,nan
16372,1.92398950507e-12,0,8.57835921464e-15,nan,nan,4.87858983559e-16,nan,nan
16376,1.9379670791e-12,0,8.57102052144e-15,nan,nan,4.87377497419e-16,nan,nan
16380,1.95187275186e-12,0,8.56370980656e-15,nan,nan,4.86956478118e-16,nan,nan
16384,1.96570530381e-12,0,8.55641241758e-15,nan,nan,4.86521763066e-16,nan,nan
16388,1.97946354825e-12,0,8.54912258298e-15,nan,nan,4.86069415337e-16,nan,nan
16392,1.99314633025e-12,0,8.54184853897e-15,nan,nan,4.85639843148e-16,nan,nan
16396,2.00675252545e-12,0,8.53458052636e-15,nan,nan,4.85193913612e-16,nan,nan
16400,2.02028103907e-12,0,8.52732938218e-15,nan,nan,4.84757190318e-16,nan,nan
16404,2.03373080485e-12,0,8.52006998081e-15,nan,nan,4.84312224013e-16,nan,nan
16408,2.04710078412e-12,0,8.51282393925e-15,nan,nan,4.83881918605e-16,nan,nan
16412,2.06038996494e-12,0,8.50556959756e-15,nan,nan,4.83441315525e-16,nan,nan
16416,2.07359736108e-12,0,8.49831458869e-15,nan,nan,4.83009155464e-16,nan,nan
16420,2.08672201132e-12,0,8.49107166103e-15,nan,nan,4.82564514738e-16,nan,nan
16424,2.09976297863e-12,0,8.48380973318e-15,nan,nan,4.82123859819e-16,nan,nan
16428,2.11271934934e-12,0,8.47655154477e-15,nan,nan,4.81689282715e-16,nan,nan
16432,2.12559023251e-12,0,8.46927747791e-15,nan,nan,4.81259899963e-16,nan,nan
16436,2.13837475916e-12,0,8.46199385035e-15,nan,nan,4.80812136828e-16,nan,nan
16440,2.15107208167e-12,0,8.45470549808e-15,nan,nan,4.8038945829e-16,nan,nan
16444,2.1636813731e-12,0,8.44739947593e-15,nan,nan,4.79946526705e-16,nan,nan
16448,2.17620182661e-12,0,8.44006946906e-15,nan,nan,4.79517504178e-16,nan,nan
16452,2.18863265488e-12,0,8.43273708771e-15,nan,nan,4.7908101582e-16,nan,nan
16456,2.20097308954e-12,0,8.42537623569e-15,nan,nan,4.78654834129e-16,nan,nan
16460,2.21322238066e-12,0,8.41799818886e-15,nan,nan,4.78218565698e-16,nan,nan
16464,2.22537979623e-12,0,8.41060499775e-15,nan,nan,4.77794095146e-16,nan,nan
16468,2.2374446217e-12,0,8.40318214721e-15,nan,nan,4.77360856308e-16,nan,nan
16472,2.24941615947e-12,0,8.39574329099e-15,nan,nan,4.7691811553e-16,nan,nan
16476,2.26129372848e-12,0,8.38826438764e-15,nan,nan,4.7649335609e-16,nan,nan
16480,2.27307666376e-12,0,8.38078253947e-15,nan,nan,4.76068048138e-16,nan,nan
16484,2.28476431606e-12,0,8.37327221366e-15,nan,nan,4.75640152664e-16,nan,nan
16488,2.29635605139e-12,0,8.36571619295e-15,nan,nan,4.75205043025e-16,nan,nan
16492,2.30785125073e-12,0,8.35815562457e-15,nan,nan,4.74778252097e-16,nan,nan
16496,2.31924930959e-12,0,8.35055792958e-15,nan,nan,4.74353690321e-16,nan,nan
16500,2.33054963764e-12,0,8.34294049372e-15,nan,nan,4.7392217022e-16,nan,nan
16504,2.3417516587e-12,0,8.3352934044e-15,nan,nan,4.73495830809e-16,nan,nan
16508,2.35285480976e-12,0,8.32762239385e-15,nan,nan,4.73077581274e-16,nan,nan
16512,2.36385854133e-12,0,8.31991065212e-15,nan,nan,4.72642641638e-16,nan,nan
16516,2.37476231682e-12,0,8.31217904349e-15,nan,nan,4.72213799838e-16,nan,nan
16520,2.38556561233e-12,0,8.30443665255e-15,nan,nan,4.71792287539e-16,nan,nan
16524,2.39626791637e-12,0,8.29665246178e-15,nan,nan,4.71372513311e-16,nan,nan
16528,2.40686872959e-12,0,8.28884741469e-15,nan,nan,4.70939878276e-16,nan,nan
16532,2.41736756455e-12,0,8.28101939046e-15,nan,nan,4.7051644652e-16,nan,nan
16536,2.42776394548e-12,0,8.27318448791e-15,nan,nan,4.70104700822e-16,nan,nan
16540,2.43805740802e-12,0,8.26530840643e-15,nan,nan,4.69682729499e-16,nan,nan
16544,2.44824749905e-12,0,8.25740431851e-15,nan,nan,4.69255590168e-16,nan,nan
16548,2.45833377639e-12,0,8.24950940204e-15,nan,nan,4.68833871459e-16,nan,nan
16552,2.46831580871e-12,0,8.24157160306e-15,nan,nan,4.68405999262e-16,nan,nan
16556,2.47819317525e-12,0,8.23362410144e-15,nan,nan,4.67988635833e-16,nan,nan
16560,2.48796546563e-12,0,8.22567140904e-15,nan,nan,4.67568016511e-16,nan,nan
16564,2.49763227972e-12,0,8.21769471858e-15,nan,nan,4.67150558574e-16,nan,nan
16568,2.50719322743e-12,0,8.20969807341e-15,nan,nan,4.6672542404e-16,nan,nan
16572,2.51664792854e-12,0,8.2016992666e-15,nan,nan,4.66307530563e-16,nan,nan
16576,2.52599601256e-12,0,8.19370303476e-15,nan,nan,4.65889077584e-16,nan,nan
16580,2.53523711854e-12,0,8.18568742021e-15,nan,nan,4.65471462683e-16,nan,nan
16584,2.54437089498e-12,0,8.17767974375e-15,nan,nan,4.65048423583e-16,nan,nan
16588,2.55339699957e-12,0,8.16966095201e-15,nan,nan,4.64632283184e-16,nan,nan
16592,2.56231509923e-12,0,8.16163733701e-15,nan,nan,4.64225299643e-16,nan,nan
16596,2.5711248698e-12,0,8.15361684605e-15,nan,nan,4.63811276812e-16,nan,nan
16600,2.579825996e-12,0,8.14560632216e-15,nan,nan,4.63390070886e-16,nan,nan
16604,2.58841817136e-12,0,8.13760257435e-15,nan,nan,4.62977288583e-16,nan,nan
16608,2.59690109792e-12,0,8.12959303527e-15,nan,nan,4.62555913355e-16,nan,nan
16612,2.60527448635e-12,0,8.12160220746e-15,nan,nan,4.62152908828e-16,nan,nan
16616,2.61353805564e-12,0,8.11362248042e-15,nan,nan,4.61736413312e-16,nan,nan
16620,2.62169153312e-12,0,8.10566171824e-15,nan,nan,4.61320867743e-16,nan,nan
16624,2.62973465433e-12,0,8.09771469198e-15,nan,nan,4.60906096093e-16,nan,nan
16628,2.63766716287e-12,0,8.08979713858e-15,nan,nan,4.60496842246e-16,nan,nan
16632,2.64548881038e-12,0,8.08186694435e-15,nan,nan,4.60080490994e-16,nan,nan
16636,2.65319935641e-12,0,8.07397244202e-15,nan,nan,4.59678557013e-16,nan,nan
16640,2.66079856835e-12,0,8.06610877371e-15,nan,nan,4.59258191205e-16,nan,nan
16644,2.66828622129e-12,0,8.05826382089e-15,nan,nan,4.58858671433e-16,nan,nan
16648,2.67566209808e-12,0,8.05044452157e-15,nan,nan,4.5843989686e-16,nan,nan
16652,2.68292598906e-12,0,8.04266351931e-15,nan,nan,4.58032695503e-16,nan,nan
16656,2.69007769218e-12,0,8.03489244111e-15,nan,nan,4.57625348803e-16,nan,nan
16660,2.69711701275e-12,0,8.02717293612e-15,nan,nan,4.57213400452e-16,nan,nan
16664,2.70404376353e-12,0,8.01948340866e-15,nan,nan,4.5681059949e-16,nan,nan
16668,2.71085776455e-12,0,8.01181848715e-15,nan,nan,4.56400561643e-16,nan,nan
16672,2.71755884309e-12,0,8.00419483746e-15,nan,nan,4.5598994034e-16,nan,nan
16676,2.72414683365e-12,0,7.99660250702e-15,nan,nan,4.55585912641e-16,nan,nan
16680,2.73062157779e-12,0,7.98905107822e-15,nan,nan,4.55174988927e-16,nan,nan
16684,2.73698292421e-12,0,7.98152101315e-15,nan,nan,4.54752774349e-16,nan,nan
16688,2.74323072859e-12,0,7.97403634625e-15,nan,nan,4.54353538e-16,nan,nan
16692,2.74936485356e-12,0,7.96661450833e-15,nan,nan,4.53969674838e-16,nan,nan
16696,2.75538516868e-12,0,7.95921157228e-15,nan,nan,4.53567718888e-16,nan,nan
16700,2.76129155034e-12,0,7.95185212947e-15,nan,nan,4.53156156291e-16,nan,nan
16704,2.76708388181e-12,0,7.94454129382e-15,nan,nan,4.52747876947e-16,nan,nan
16708,2.77276205302e-12,0,7.93726058523e-15,nan,nan,4.52353035991e-16,nan,nan
16712,2.7783259607e-12,0,7.93000929393e-15,nan,nan,4.51946560822e-16,nan,nan
16716,2.78377550821e-12,0,7.92282570102e-15,nan,nan,4.51555031569e-16,nan,nan
16720,2.78911060554e-12,0,7.91566844274e-15,nan,nan,4.51136376253e-16,nan,nan
16724,2.7943311693e-12,0,7.90854241638e-15,nan,nan,4.50744210561e-16,nan,nan
16728,2.79943712261e-12,0,7.9014587729e-15,nan,nan,4.50335133984e-16,nan,nan
16732,2.80442839512e-12,0,7.89442362882e-15,nan,nan,4.49941699817e-16,nan,nan
16736,2.80930492293e-12,0,7.88741118121e-15,nan,nan,4.49545200592e-16,nan,nan
16740,2.81406664859e-12,0,7.88044338271e-15,nan,nan,4.49140002978e-16,nan,nan
16744,2.81871352103e-12,0,7.87350803897e-15,nan,nan,4.48744410372e-16,nan,nan
16748,2.82324549551e-12,0,7.86661175567e-15,nan,nan,4.48345110621e-16,nan,nan
16752,2.82766253367e-12,0,7.85973674514e-15,nan,nan,4.47943326115e-16,nan,nan
16756,2.83196460336e-12,0,7.85290798474e-15,nan,nan,4.4754673221e-16,nan,nan
16760,2.83615167873e-12,0,7.84610240042e-15,nan,nan,4.47152821663e-16,nan,nan
16764,2.84022374014e-12,0,7.83932635119e-15,nan,nan,4.46749852561e-16,nan,nan
16768,2.84418077408e-12,0,7.83257690355e-15,nan,nan,4.46346711773e-16,nan,nan
16772,2.84802277326e-12,0,7.82585946431e-15,nan,nan,4.45961155836e-16,nan,nan
16776,2.85174973644e-12,0,7.81915613234e-15,nan,nan,4.45569402461e-16,nan,nan
16780,2.85536166848e-12,0,7.81248785427e-15,nan,nan,4.45170567113e-16,nan,nan
16784,2.85885858028e-12,0,7.80584079257e-15,nan,nan,4.4477704042e-16,nan,nan
16788,2.86224048879e-12,0,7.79919790253e-15,nan,nan,4.44379635193e-16,nan,nan
16792,2.86550741688e-12,0,7.79258267905e-15,nan,nan,4.43991373553e-16,nan,nan
16796,2.86865939339e-12,0,7.78597257171e-15,nan,nan,4.43588257028e-16,nan,nan
16800,2.87169645311e-12,0,7.77938676319e-15,nan,nan,4.43194353397e-16,nan,nan
16804,2.87461863667e-12,0,7.77280866528e-15,nan,nan,4.42807633618e-16,nan,nan
16808,2.87742599056e-12,0,7.76624779538e-15,nan,nan,4.42415098134e-16,nan,nan
16812,2.88011856709e-12,0,7.75969417663e-15,nan,nan,4.42012794781e-16,nan,nan
16816,2.88269642435e-12,0,7.7531275315e-15,nan,nan,4.41622679045e-16,nan,nan
16820,2.88515962622e-12,0,7.7465792088e-15,nan,nan,4.41240735351e-16,nan,nan
16824,2.88750824222e-12,0,7.74001927588e-15,nan,nan,4.4085183789e-16,nan,nan
16828,2.88974234764e-12,0,7.73348444801e-15,nan,nan,4.40455486958e-16,nan,nan
16832,2.89186202339e-12,0,7.72692743309e-15,nan,nan,4.40079348243e-16,nan,nan
16836,2.89386735599e-12,0,7.72037467472e-15,nan,nan,4.39679105927e-16,nan,nan
16840,2.89575843757e-12,0,7.71380951896e-15,nan,nan,4.39298737841e-16,nan,nan
16844,2.89753536582e-12,0,7.70723860855e-15,nan,nan,4.38904082958e-16,nan,nan
16848,2.89919824393e-12,0,7.7006641111e-15,nan,nan,4.38511904225e-16,nan,nan
16852,2.90074718061e-12,0,7.69406947496e-15,nan,nan,4.38134804251e-16,nan,nan
16856,2.90218229003e-12,0,7.68746219179e-15,nan,nan,4.37738865759e-16,nan,nan
16860,2.9035036917e-12,0,7.6808472565e-15,nan,nan,4.37366594665e-16,nan,nan
16864,2.90471151066e-12,0,7.67421681421e-15,nan,nan,4.36970640664e-16,nan,nan
16868,2.9058058772e-12,0,7.66756516891e-15,nan,nan,4.3656653735e-16,nan,nan
16872,2.90678692699e-12,0,7.66090056045e-15,nan,nan,4.36209190504e-16,nan,nan
16876,2.90765480096e-12,0,7.65422809872e-15,nan,nan,4.35811356001e-16,nan,nan
16880,2.90840964531e-12,0,7.64750298009e-15,nan,nan,4.35428883412e-16,nan,nan
16884,2.90905161145e-12,0,7.64078447148e-15,nan,nan,4.35047873913e-16,nan,nan
16888,2.90958085599e-12,0,7.6340208583e-15,nan,nan,4.34665878624e-16,nan,nan
16892,2.90999754074e-12,0,7.62725053497e-15,nan,nan,4.34282184293e-16,nan,nan
16896,2.91030183254e-12,0,7.6204518817e-15,nan,nan,4.33899320256e-16,nan,nan
16900,2.91049390338e-12,0,7.61363373184e-15,nan,nan,4.33517663808e-16,nan,nan
16904,2.91057393031e-12,0,7.60678438829e-15,nan,nan,4.33137803405e-16,nan,nan
16908,2.91054209539e-12,0,7.59990734819e-15,nan,nan,4.3275552291e-16,nan,nan
16912,2.91039858564e-12,0,7.59301393323e-15,nan,nan,4.32373237796e-16,nan,nan
16916,2.91014359306e-12,0,7.58609174106e-15,nan,nan,4.31988082241e-16,nan,nan
16920,2.9097773146e-12,0,7.57914272589e-15,nan,nan,4.31611508166e-16,nan,nan
16924,2.90929995204e-12,0,7.57217433059e-15,nan,nan,4.31243103671e-16,nan,nan
16928,2.90871171206e-12,0,7.56517499265e-15,nan,nan,4.30854742202e-16,nan,nan
16932,2.90801280615e-12,0,7.55815775229e-15,nan,nan,4.30472606325e-16,nan,nan
16936,2.90720345059e-12,0,7.55110395056e-15,nan,nan,4.30094257208e-16,nan,nan
16940,2.90628386642e-12,0,7.5440384619e-15,nan,nan,4.29721782629e-16,nan,nan
16944,2.90525427941e-12,0,7.53694716662e-15,nan,nan,4.2934016394e-16,nan,nan
16948,2.90411492002e-12,0,7.52982423759e-15,nan,nan,4.28968003924e-16,nan,nan
16952,2.90286602338e-12,0,7.52268907646e-15,nan,nan,4.28584734881e-16,nan,nan
16956,2.90150782925e-12,0,7.51553372202e-15,nan,nan,4.28213144204e-16,nan,nan
16960,2.90004058201e-12,0,7.50835723269e-15,nan,nan,4.27829841343e-16,nan,nan
16964,2.89846453056e-12,0,7.50115462258e-15,nan,nan,4.27455369326e-16,nan,nan
16968,2.89677992842e-12,0,7.4939376008e-15,nan,nan,4.2708490227e-16,nan,nan
16972,2.89498703357e-12,0,7.48671101228e-15,nan,nan,4.26712749043e-16,nan,nan
16976,2.89308610848e-12,0,7.47945880367e-15,nan,nan,4.26339935333e-16,nan,nan
16980,2.89107742009e-12,0,7.4722042175e-15,nan,nan,4.25961437341e-16,nan,nan
16984,2.8889612398e-12,0,7.46493914602e-15,nan,nan,4.25594746204e-16,nan,nan
16988,2.88673784333e-12,0,7.45765977023e-15,nan,nan,4.25211715185e-16,nan,nan
16992,2.88440751083e-12,0,7.45036490084e-15,nan,nan,4.24845759825e-16,nan,nan
16996,2.88197052682e-12,0,7.44307040383e-15,nan,nan,4.24471969817e-16,nan,nan
17000,2.87942718002e-12,0,7.43576692065e-15,nan,nan,4.24102773503e-16,nan,nan
17004,2.87677776366e-12,0,7.4284556165e-15,nan,nan,4.23728445803e-16,nan,nan
17008,2.87402257501e-12,0,7.42114423658e-15,nan,nan,4.23356542887e-16,nan,nan
17012,2.87116191576e-12,0,7.41384142618e-15,nan,nan,4.22983550733e-16,nan,nan
17016,2.86819609174e-12,0,7.4065371457e-15,nan,nan,4.22617091277e-16,nan,nan
17020,2.86512541299e-12,0,7.39922296578e-15,nan,nan,4.222476844e-16,nan,nan
17024,2.86195019376e-12,0,7.39192649346e-15,nan,nan,4.21868947455e-16,nan,nan
17028,2.8586707524e-12,0,7.38462532285e-15,nan,nan,4.21502461439e-16,nan,nan
17032,2.85528741147e-12,0,7.37734362648e-15,nan,nan,4.21147654083e-16,nan,nan
17036,2.85180049757e-12,0,7.37005884004e-15,nan,nan,4.20768525751e-16,nan,nan
17040,2.84821034145e-12,0,7.3627908231e-15,nan,nan,4.20409770461e-16,nan,nan
17044,2.8445172779e-12,0,7.35554059379e-15,nan,nan,4.20038564763e-16,nan,nan
17048,2.84072164578e-12,0,7.3482930766e-15,nan,nan,4.1966388413e-16,nan,nan
17052,2.83682378799e-12,0,7.34107242277e-15,nan,nan,4.19309742529e-16,nan,nan
17056,2.83282405146e-12,0,7.33386763551e-15,nan,nan,4.1894962787e-16,nan,nan
17060,2.82872278706e-12,0,7.32667975786e-15,nan,nan,4.18578619796e-16,nan,nan
17064,2.82452034974e-12,0,7.31950589062e-15,nan,nan,4.18202871763e-16,nan,nan
17068,2.82021709837e-12,0,7.31235772349e-15,nan,nan,4.1782434766e-16,nan,nan
17072,2.81581339575e-12,0,7.30521339844e-15,nan,nan,4.1746441723e-16,nan,nan
17076,2.81130960866e-12,0,7.29814729306e-15,nan,nan,4.17121867583e-16,nan,nan
17080,2.80670610781e-12,0,7.29106714991e-15,nan,nan,4.16753014484e-16,nan,nan
17084,2.80200326776e-12,0,7.28401882546e-15,nan,nan,4.16367331898e-16,nan,nan
17088,2.79720146705e-12,0,7.27699891668e-15,nan,nan,4.16022043668e-16,nan,nan
17092,2.79230108805e-12,0,7.26999263328e-15,nan,nan,4.15665794411e-16,nan,nan
17096,2.78730251698e-12,0,7.26304585254e-15,nan,nan,4.15296760413e-16,nan,nan
17100,2.782206144e-12,0,7.25610161233e-15,nan,nan,4.1493127376e-16,nan,nan
17104,2.77701236304e-12,0,7.24919288646e-15,nan,nan,4.14568226519e-16,nan,nan
17108,2.77172157192e-12,0,7.24232814301e-15,nan,nan,4.14217754995e-16,nan,nan
17112,2.76633417224e-12,0,7.23547901674e-15,nan,nan,4.138416128e-16,nan,nan
17116,2.76085056942e-12,0,7.22867491717e-15,nan,nan,4.1349668043e-16,nan,nan
17120,2.75527117273e-12,0,7.22188232774e-15,nan,nan,4.13135666801e-16,nan,nan
17124,2.74959639518e-12,0,7.21515548187e-15,nan,nan,4.12770039322e-16,nan,nan
17128,2.74382665359e-12,0,7.20840382475e-15,nan,nan,4.12390195164e-16,nan,nan
17132,2.73796236855e-12,0,7.20173528075e-15,nan,nan,4.12062505858e-16,nan,nan
17136,2.73200396441e-12,0,7.19508252247e-15,nan,nan,4.11698246411e-16,nan,nan
17140,2.72595186928e-12,0,7.18845581476e-15,nan,nan,4.11341807781e-16,nan,nan
17144,2.71980651504e-12,0,7.18187109781e-15,nan,nan,4.10992102682e-16,nan,nan
17148,2.71356833724e-12,0,7.17529991236e-15,nan,nan,4.10626036952e-16,nan,nan
17152,2.70723777524e-12,0,7.1687696058e-15,nan,nan,4.10264448144e-16,nan,nan
17156,2.70081527209e-12,0,7.16226297062e-15,nan,nan,4.09906374364e-16,nan,nan
17160,2.69430127453e-12,0,7.15579549052e-15,nan,nan,4.09556627305e-16,nan,nan
17164,2.68769623305e-12,0,7.14934545979e-15,nan,nan,4.09204260844e-16,nan,nan
17168,2.68100060179e-12,0,7.1429304466e-15,nan,nan,4.08835367871e-16,nan,nan
17172,2.67421483863e-12,0,7.13652952745e-15,nan,nan,4.08490621869e-16,nan,nan
17176,2.66733940509e-12,0,7.13016112465e-15,nan,nan,4.08133132034e-16,nan,nan
17180,2.66037476639e-12,0,7.12382624071e-15,nan,nan,4.07783999021e-16,nan,nan
17184,2.65332139139e-12,0,7.11750798445e-15,nan,nan,4.07426668154e-16,nan,nan
17188,2.64617975262e-12,0,7.11120250457e-15,nan,nan,4.07074027017e-16,nan,nan
17192,2.63895032629e-12,0,7.10492261118e-15,nan,nan,4.06722452769e-16,nan,nan
17196,2.63163359219e-12,0,7.0986665476e-15,nan,nan,4.06365089425e-16,nan,nan
17200,2.62423003385e-12,0,7.09242729596e-15,nan,nan,4.06016092161e-16,nan,nan
17204,2.61674013826e-12,0,7.08620111828e-15,nan,nan,4.05668059049e-16,nan,nan
17208,2.60916439619e-12,0,7.08000489856e-15,nan,nan,4.05317637242e-16,nan,nan
17212,2.60150330196e-12,0,7.073804063e-15,nan,nan,4.04970905567e-16,nan,nan
17216,2.59375735346e-12,0,7.0676259046e-15,nan,nan,4.04613163599e-16,nan,nan
17220,2.58592705223e-12,0,7.06145417505e-15,nan,nan,4.04267133048e-16,nan,nan
17224,2.57801290336e-12,0,7.05529763274e-15,nan,nan,4.03915118807e-16,nan,nan
17228,2.57001541553e-12,0,7.04915599768e-15,nan,nan,4.03560262629e-16,nan,nan
17232,2.56193510101e-12,0,7.04299827371e-15,nan,nan,4.03216944105e-16,nan,nan
17236,2.55377247559e-12,0,7.03687229333e-15,nan,nan,4.02859343308e-16,nan,nan
17240,2.54552805867e-12,0,7.03074070252e-15,nan,nan,4.02515734868e-16,nan,nan
17244,2.53720237314e-12,0,7.02460064921e-15,nan,nan,4.02173525538e-16,nan,nan
17248,2.52879594549e-12,0,7.01847319113e-15,nan,nan,4.01826768387e-16,nan,nan
17252,2.52030930568e-12,0,7.01235490082e-15,nan,nan,4.01480530496e-16,nan,nan
17256,2.51174298723e-12,0,7.006218052e-15,nan,nan,4.01125672676e-16,nan,nan
17260,2.50309752715e-12,0,7.00009772282e-15,nan,nan,4.0077218864e-16,nan,nan
17264,2.49437346603e-12,0,6.99396350124e-15,nan,nan,4.00438720714e-16,nan,nan
17268,2.48557134783e-12,0,6.98781812397e-15,nan,nan,4.00102902621e-16,nan,nan
17272,2.47669172013e-12,0,6.98167168701e-15,nan,nan,3.99740413499e-16,nan,nan
17276,2.46773513391e-12,0,6.97553162737e-15,nan,nan,3.99392217419e-16,nan,nan
17280,2.45870214367e-12,0,6.96937056389e-15,nan,nan,3.99068378295e-16,nan,nan
17284,2.4495933074e-12,0,6.96320030052e-15,nan,nan,3.9871626916e-16,nan,nan
17288,2.44040918649e-12,0,6.9570257903e-15,nan,nan,3.98379028458e-16,nan,nan
17292,2.43115034584e-12,0,6.95083615521e-15,nan,nan,3.98018125345e-16,nan,nan
17296,2.4218173538e-12,0,6.94463989152e-15,nan,nan,3.97682723859e-16,nan,nan
17300,2.41241078216e-12,0,6.93842708812e-15,nan,nan,3.97338306745e-16,nan,nan
17304,2.40293120615e-12,0,6.93220781363e-15,nan,nan,3.97001126786e-16,nan,nan
17308,2.39337920444e-12,0,6.92596992388e-15,nan,nan,3.96650218178e-16,nan,nan
17312,2.38375535916e-12,0,6.91971209007e-15,nan,nan,3.96322305358e-16,nan,nan
17316,2.37406025584e-12,0,6.91346044992e-15,nan,nan,3.95968722354e-16,nan,nan
17320,2.36429448345e-12,0,6.90717979785e-15,nan,nan,3.95633212681e-16,nan,nan
17324,2.35445863441e-12,0,6.90088398991e-15,nan,nan,3.95290183645e-16,nan,nan
17328,2.34455330455e-12,0,6.89457582215e-15,nan,nan,3.94962569474e-16,nan,nan
17332,2.33457909314e-12,0,6.88824778391e-15,nan,nan,3.9461300234e-16,nan,nan
17336,2.32453660287e-12,0,6.88190574723e-15,nan,nan,3.94275405956e-16,nan,nan
17340,2.31442643987e-12,0,6.87555680253e-15,nan,nan,3.93930664456e-16,nan,nan
17344,2.30424921371e-12,0,6.86919882107e-15,nan,nan,3.93591606854e-16,nan,nan
17348,2.29400553739e-12,0,6.86281103779e-15,nan,nan,3.9325264782e-16,nan,nan
17352,2.28369602737e-12,0,6.85642009194e-15,nan,nan,3.92919774324e-16,nan,nan
17356,2.27332130356e-12,0,6.84999132433e-15,nan,nan,3.92582186804e-16,nan,nan
17360,2.26288198933e-12,0,6.84356343651e-15,nan,nan,3.92250291395e-16,nan,nan
17364,2.25237871152e-12,0,6.83713251333e-15,nan,nan,3.91905526086e-16,nan,nan
17368,2.24181210047e-12,0,6.83066940413e-15,nan,nan,3.91575729249e-16,nan,nan
17372,2.23118279e-12,0,6.82421160031e-15,nan,nan,3.91231913849e-16,nan,nan
17376,2.22049141745e-12,0,6.81773678697e-15,nan,nan,3.90894851148e-16,nan,nan
17380,2.20973862371e-12,0,6.81124855781e-15,nan,nan,3.90557418285e-16,nan,nan
17384,2.19892505317e-12,0,6.80474819049e-15,nan,nan,3.90227916796e-16,nan,nan
17388,2.18805135385e-12,0,6.79824364204e-15,nan,nan,3.89900181727e-16,nan,nan
17392,2.17711817731e-12,0,6.79172732319e-15,nan,nan,3.89556413271e-16,nan,nan
17396,2.16612617878e-12,0,6.78519664249e-15,nan,nan,3.89229928142e-16,nan,nan
17400,2.1550760171e-12,0,6.77866562174e-15,nan,nan,3.8889284354e-16,nan,nan
17404,2.14396835478e-12,0,6.77212555768e-15,nan,nan,3.88563912828e-16,nan,nan
17408,2.13280385809e-12,0,6.76558717085e-15,nan,nan,3.88234369448e-16,nan,nan
17412,2.121583197e-12,0,6.75902796807e-15,nan,nan,3.87897241109e-16,nan,nan
17416,2.11030704529e-12,0,6.75248506813e-15,nan,nan,3.87567889666e-16,nan,nan
17420,2.09897608058e-12,0,6.74593482201e-15,nan,nan,3.87233244805e-16,nan,nan
17424,2.08759098428e-12,0,6.73938440514e-15,nan,nan,3.869028374e-16,nan,nan
17428,2.07615244183e-12,0,6.73282980063e-15,nan,nan,3.86565891179e-16,nan,nan
17432,2.06466114263e-12,0,6.72626941884e-15,nan,nan,3.86240710294e-16,nan,nan
17436,2.05311778001e-12,0,6.71972016691e-15,nan,nan,3.85912410175e-16,nan,nan
17440,2.04152305144e-12,0,6.71315402614e-15,nan,nan,3.85584148939e-16,nan,nan
17444,2.02987765855e-12,0,6.70663452403e-15,nan,nan,3.85241999111e-16,nan,nan
17448,2.01818230715e-12,0,6.7000880784e-15,nan,nan,3.8492554845e-16,nan,nan
17452,2.00643770745e-12,0,6.69355091678e-15,nan,nan,3.84590305866e-16,nan,nan
17456,1.9946445739e-12,0,6.68702377688e-15,nan,nan,3.8426589598e-16,nan,nan
17460,1.98280362533e-12,0,6.68051303629e-15,nan,nan,3.83934318204e-16,nan,nan
17464,1.9709155853e-12,0,6.67399175353e-15,nan,nan,3.83607319247e-16,nan,nan
17468,1.95898118181e-12,0,6.66750306818e-15,nan,nan,3.83277764161e-16,nan,nan
17472,1.94700114763e-12,0,6.66101101263e-15,nan,nan,3.82949083626e-16,nan,nan
17476,1.93497622035e-12,0,6.65453109021e-15,nan,nan,3.82623976084e-16,nan,nan
17480,1.92290714244e-12,0,6.64806827089e-15,nan,nan,3.82297909098e-16,nan,nan
17484,1.91079466144e-12,0,6.6416094807e-15,nan,nan,3.81971685801e-16,nan,nan
17488,1.89863952996e-12,0,6.63518497617e-15,nan,nan,3.81646115419e-16,nan,nan
17492,1.88644250595e-12,0,6.62875833354e-15,nan,nan,3.81320113848e-16,nan,nan
17496,1.87420435272e-12,0,6.6223444064e-15,nan,nan,3.80995698509e-16,nan,nan
17500,1.86192583911e-12,0,6.61595939745e-15,nan,nan,3.80668288791e-16,nan,nan
17504,1.84960773958e-12,0,6.60958777505e-15,nan,nan,3.80341752916e-16,nan,nan
17508,1.83725083453e-12,0,6.60323034522e-15,nan,nan,3.80018597694e-16,nan,nan
17512,1.8248559103e-12,0,6.59689252465e-15,nan,nan,3.79700320152e-16,nan,nan
17516,1.81242375935e-12,0,6.59057495938e-15,nan,nan,3.7936941061e-16,nan,nan
17520,1.79995518049e-12,0,6.58426494244e-15,nan,nan,3.79057253391e-16,nan,nan
17524,1.78745097905e-12,0,6.57797857188e-15,nan,nan,3.78728914699e-16,nan,nan
17528,1.77491196705e-12,0,6.57170973501e-15,nan,nan,3.7839992721e-16,nan,nan
17532,1.76233896343e-12,0,6.5654574999e-15,nan,nan,3.78082244745e-16,nan,nan
17536,1.74973279426e-12,0,6.55922627717e-15,nan,nan,3.77756832282e-16,nan,nan
17540,1.73709429293e-12,0,6.55301280588e-15,nan,nan,3.77438585169e-16,nan,nan
17544,1.72442430046e-12,0,6.54682919582e-15,nan,nan,3.77122292135e-16,nan,nan
17548,1.71172366565e-12,0,6.54065629231e-15,nan,nan,3.76804800845e-16,nan,nan
17552,1.6989932454e-12,0,6.53450131575e-15,nan,nan,3.76483705319e-16,nan,nan
17556,1.68623390498e-12,0,6.52837131118e-15,nan,nan,3.76169343551e-16,nan,nan
17560,1.6734465183e-12,0,6.52225013856e-15,nan,nan,3.75831638321e-16,nan,nan
17564,1.6606319682e-12,0,6.51614904899e-15,nan,nan,3.75518473931e-16,nan,nan
17568,1.64779114678e-12,0,6.51005794349e-15,nan,nan,3.75202399143e-16,nan,nan
17572,1.63492495572e-12,0,6.50400864284e-15,nan,nan,3.74884017737e-16,nan,nan
17576,1.62203430664e-12,0,6.49796846557e-15,nan,nan,3.74582672309e-16,nan,nan
17580,1.60912012142e-12,0,6.49192264835e-15,nan,nan,3.74248842582e-16,nan,nan
17584,1.59618333264e-12,0,6.48591623597e-15,nan,nan,3.73932902444e-16,nan,nan
17588,1.58322488392e-12,0,6.47990941963e-15,nan,nan,3.73610902927e-16,nan,nan
17592,1.57024573038e-12,0,6.47393611248e-15,nan,nan,3.73297857561e-16,nan,nan
17596,1.55724683903e-12,0,6.46795314546e-15,nan,nan,3.72983228816e-16,nan,nan
17600,1.54422918931e-12,0,6.46200322771e-15,nan,nan,3.72666170904e-16,nan,nan
17604,1.53119377346e-12,0,6.45606118781e-15,nan,nan,3.72342438929e-16,nan,nan
17608,1.51814159716e-12,0,6.45012409028e-15,nan,nan,3.72039193475e-16,nan,nan
17612,1.50507367993e-12,0,6.44421154031e-15,nan,nan,3.7172156602e-16,nan,nan
17616,1.49199105578e-12,0,6.43830733295e-15,nan,nan,3.71397110194e-16,nan,nan
17620,1.47889477377e-12,0,6.43241210651e-15,nan,nan,3.71083511541e-16,nan,nan
17624,1.4657858986e-12,0,6.42652170922e-15,nan,nan,3.70739724239e-16,nan,nan
17628,1.45266551131e-12,0,6.42064766478e-15,nan,nan,3.70433634531e-16,nan,nan
17632,1.43953470991e-12,0,6.41476574484e-15,nan,nan,3.70128318744e-16,nan,nan
17636,1.42639461014e-12,0,6.40890577096e-15,nan,nan,3.69834694609e-16,nan,nan
17640,1.41324634619e-12,0,6.40305032096e-15,nan,nan,3.69514012297e-16,nan,nan
17644,1.40009107147e-12,0,6.39719622437e-15,nan,nan,3.69214245018e-16,nan,nan
17648,1.38692995955e-12,0,6.39135410338e-15,nan,nan,3.68899501299e-16,nan,nan
17652,1.37376420487e-12,0,6.38550983082e-15,nan,nan,3.68586347599e-16,nan,nan
17656,1.36059502384e-12,0,6.37967149058e-15,nan,nan,3.68273821932e-16,nan,nan
17660,1.34742365564e-12,0,6.37383662015e-15,nan,nan,3.67968430027e-16,nan,nan
17664,1.33425136336e-12,0,6.36800541414e-15,nan,nan,3.67653710749e-16,nan,nan
17668,1.32107943507e-12,0,6.36217184634e-15,nan,nan,3.67342673982e-16,nan,nan
17672,1.3079091848e-12,0,6.35634734692e-15,nan,nan,3.67033023014e-16,nan,nan
17676,1.29474195397e-12,0,6.35051457613e-15,nan,nan,3.66720936474e-16,nan,nan
17680,1.28157911245e-12,0,6.34468094366e-15,nan,nan,3.66411762876e-16,nan,nan
17684,1.26842205995e-12,0,6.33885335778e-15,nan,nan,3.66103171943e-16,nan,nan
17688,1.25527222745e-12,0,6.33302219818e-15,nan,nan,3.65798932123e-16,nan,nan
17692,1.2421310786e-12,0,6.32719064827e-15,nan,nan,3.65480826712e-16,nan,nan
17696,1.22900011127e-12,0,6.32135396481e-15,nan,nan,3.65178985775e-16,nan,nan
17700,1.21588085926e-12,0,6.31551581953e-15,nan,nan,3.64874104756e-16,nan,nan
17704,1.20277489382e-12,0,6.30967239689e-15,nan,nan,3.64557949e-16,nan,nan
17708,1.18968382581e-12,0,6.30382826863e-15,nan,nan,3.64250639087e-16,nan,nan
17712,1.17660930719e-12,0,6.29797392832e-15,nan,nan,3.63941638689e-16,nan,nan
17716,1.16355303332e-12,0,6.29212909736e-15,nan,nan,3.63654044049e-16,nan,nan
17720,1.15051674495e-12,0,6.28626916332e-15,nan,nan,3.63332783448e-16,nan,nan
17724,1.1375022305e-12,0,6.28040210532e-15,nan,nan,3.63029789629e-16,nan,nan
17728,1.12451132838e-12,0,6.27456192218e-15,nan,nan,3.62729611838e-16,nan,nan
17732,1.1115459295e-12,0,6.26867184182e-15,nan,nan,3.62413950754e-16,nan,nan
17736,1.09860797986e-12,0,6.2627960158e-15,nan,nan,3.62114413475e-16,nan,nan
17740,1.0856994833e-12,0,6.25692158524e-15,nan,nan,3.61811817135e-16,nan,nan
17744,1.07282250437e-12,0,6.25103674228e-15,nan,nan,3.61501702136e-16,nan,nan
17748,1.05997917146e-12,0,6.24513507575e-15,nan,nan,3.6120634107e-16,nan,nan
17752,1.04717167992e-12,0,6.23924033465e-15,nan,nan,3.60893697107e-16,nan,nan
17756,1.03440229549e-12,0,6.23335278555e-15,nan,nan,3.6059783399e-16,nan,nan
17760,1.02167335786e-12,0,6.22744501555e-15,nan,nan,3.60292797634e-16,nan,nan
17764,1.00898728432e-12,0,6.22153262273e-15,nan,nan,3.59988873152e-16,nan,nan
17768,9.96346573837e-13,0,6.21563262465e-15,nan,nan,3.59688717766e-16,nan,nan
17772,9.83753811015e-13,0,6.20971923705e-15,nan,nan,3.5938619305e-16,nan,nan
17776,9.71211670509e-13,0,6.20379686068e-15,nan,nan,3.59081347932e-16,nan,nan
17780,9.58722921537e-13,0,6.19787264995e-15,nan,nan,3.58776734262e-16,nan,nan
17784,9.46290432611e-13,0,6.19194713953e-15,nan,nan,3.58483610729e-16,nan,nan
17788,9.33917176507e-13,0,6.18602757439e-15,nan,nan,3.58181877737e-16,nan,nan
17792,9.21606235435e-13,0,6.18009233348e-15,nan,nan,3.57870831293e-16,nan,nan
17796,9.09360806475e-13,0,6.17417073521e-15,nan,nan,3.57577587224e-16,nan,nan
17800,8.97184207153e-13,0,6.16824483671e-15,nan,nan,3.57284749959e-16,nan,nan
17804,8.85079881368e-13,0,6.16229891138e-15,nan,nan,3.56976235826e-16,nan,nan
17808,8.73051405352e-13,0,6.15635664386e-15,nan,nan,3.56681360453e-16,nan,nan
17812,8.61102494108e-13,0,6.15045471953e-15,nan,nan,3.56335123674e-16,nan,nan
17816,8.49237007729e-13,0,6.1444727731e-15,nan,nan,3.56065586691e-16,nan,nan
17820,8.37458958146e-13,0,6.13859734735e-15,nan,nan,3.55789674106e-16,nan,nan
17824,8.25772515974e-13,0,6.13265498168e-15,nan,nan,3.55484804531e-16,nan,nan
17828,8.14182017416e-13,0,6.12671855783e-15,nan,nan,3.5518988904e-16,nan,nan
17832,8.02691971432e-13,0,6.12081216357e-15,nan,nan,3.54895336662e-16,nan,nan
17836,7.91307066846e-13,0,6.11489362521e-15,nan,nan,3.54595713574e-16,nan,nan
17840,7.80032179498e-13,0,6.10897701528e-15,nan,nan,3.54299004151e-16,nan,nan
17844,7.68872379474e-13,0,6.10306431014e-15,nan,nan,3.54003886658e-16,nan,nan
17848,7.57832938069e-13,0,6.0971630278e-15,nan,nan,3.53705368408e-16,nan,nan
17852,7.46919334712e-13,0,6.09126091933e-15,nan,nan,3.53413771684e-16,nan,nan
17856,7.361372635e-13,0,6.08536352765e-15,nan,nan,3.53109514475e-16,nan,nan
17860,7.25492639465e-13,0,6.07947874424e-15,nan,nan,3.52822269635e-16,nan,nan
17864,7.14991604229e-13,0,6.07359341323e-15,nan,nan,3.52523175196e-16,nan,nan
17868,7.04640531079e-13,0,6.06772445451e-15,nan,nan,3.52233744605e-16,nan,nan
17872,6.94446029179e-13,0,6.06183368657e-15,nan,nan,3.51913376804e-16,nan,nan
17876,6.84414946813e-13,0,6.05600059658e-15,nan,nan,3.51643507435e-16,nan,nan
17880,6.74554373464e-13,0,6.05014527469e-15,nan,nan,3.51349332369e-16,nan,nan
17884,6.64871640346e-13,0,6.04430182677e-15,nan,nan,3.5104825671e-16,nan,nan
17888,6.55374319434e-13,0,6.03846879123e-15,nan,nan,3.5075819129e-16,nan,nan
17892,6.46070220349e-13,0,6.03264148551e-15,nan,nan,3.50466986773e-16,nan,nan
17896,6.36967385248e-13,0,6.02682068789e-15,nan,nan,3.50169630879e-16,nan,nan
17900,6.28074080921e-13,0,6.02101795737e-15,nan,nan,3.49884428757e-16,nan,nan
17904,6.19398788392e-13,0,6.01522501918e-15,nan,nan,3.49596461362e-16,nan,nan
17908,6.10950188768e-13,0,6.00944174723e-15,nan,nan,3.49305331556e-16,nan,nan
17912,6.02737146299e-13,0,6.00367035561e-15,nan,nan,3.49006057116e-16,nan,nan
17916,5.94768686999e-13,0,5.99789521556e-15,nan,nan,3.48717979127e-16,nan,nan
17920,5.87053973519e-13,0,5.99214093832e-15,nan,nan,3.48422914158e-16,nan,nan
17924,5.79602275393e-13,0,5.98640304742e-15,nan,nan,3.48138276299e-16,nan,nan
17928,5.72422934906e-13,0,5.98066043859e-15,nan,nan,3.47846956212e-16,nan,nan
17932,5.65525327864e-13,0,5.97493728307e-15,nan,nan,3.47553097331e-16,nan,nan
17936,5.58918819814e-13,0,5.96922422833e-15,nan,nan,3.47274167695e-16,nan,nan
17940,5.52612717192e-13,0,5.96353077911e-15,nan,nan,3.46979078491e-16,nan,nan
17944,5.46616213858e-13,0,5.95782198718e-15,nan,nan,3.46689065825e-16,nan,nan
17948,5.40938333082e-13,0,5.95214717275e-15,nan,nan,3.46402798847e-16,nan,nan
17952,5.35587865618e-13,0,5.94647733255e-15,nan,nan,3.46116998139e-16,nan,nan
17956,5.3057330415e-13,0,5.94079983918e-15,nan,nan,3.45826902127e-16,nan,nan
17960,5.2590277507e-13,0,5.93515239761e-15,nan,nan,3.4553527709e-16,nan,nan
17964,5.21583968432e-13,0,5.92950338485e-15,nan,nan,3.4525485306e-16,nan,nan
17968,5.17624067079e-13,0,5.92386647622e-15,nan,nan,3.44961633866e-16,nan,nan
17972,5.1402967624e-13,0,5.91824410506e-15,nan,nan,3.44666704641e-16,nan,nan
17976,5.10806754818e-13,0,5.91261958411e-15,nan,nan,3.44386909761e-16,nan,nan
17980,5.07960549889e-13,0,5.90701276376e-15,nan,nan,3.4410697099e-16,nan,nan
17984,5.05495535673e-13,0,5.9014063144e-15,nan,nan,3.43825256803e-16,nan,nan
17988,5.03415358694e-13,0,5.89580133145e-15,nan,nan,3.43532589652e-16,nan,nan
17992,5.01722790033e-13,0,5.89021251419e-15,nan,nan,3.43251353313e-16,nan,nan
17996,5.00419686431e-13,0,5.88463481664e-15,nan,nan,3.42965814753e-16,nan,nan
18000,4.99506960997e-13,0,5.87905112721e-15,nan,nan,3.42682399646e-16,nan,nan
18004,4.98984563812e-13,0,5.87349508421e-15,nan,nan,3.42395541487e-16,nan,nan
18008,4.98851475039e-13,0,5.86791916754e-15,nan,nan,3.42105613392e-16,nan,nan
18012,4.99105707436e-13,0,5.8623589356e-15,nan,nan,3.41830635303e-16,nan,nan
18016,4.99744321577e-13,0,5.85681264611e-15,nan,nan,3.41552245701e-16,nan,nan
18020,5.00763451285e-13,0,5.85125925162e-15,nan,nan,3.41262330543e-16,nan,nan
18024,5.02158339621e-13,0,5.84570478167e-15,nan,nan,3.40982143804e-16,nan,nan
18028,5.03923384066e-13,0,5.84016727338e-15,nan,nan,3.40700000965e-16,nan,nan
18032,5.06052190027e-13,0,5.83462870095e-15,nan,nan,3.40422331284e-16,nan,nan
18036,5.08537631252e-13,0,5.82908623369e-15,nan,nan,3.40133354749e-16,nan,nan
18040,5.11371915859e-13,0,5.82354971824e-15,nan,nan,3.39857965619e-16,nan,nan
18044,5.14546656255e-13,0,5.8180077953e-15,nan,nan,3.39568821005e-16,nan,nan
18048,5.18052941903e-13,0,5.81248680425e-15,nan,nan,3.39294230948e-16,nan,nan
18052,5.21881413054e-13,0,5.80695744599e-15,nan,nan,3.39008839591e-16,nan,nan
18056,5.26022334469e-13,0,5.80141748622e-15,nan,nan,3.38733967108e-16,nan,nan
18060,5.30465667783e-13,0,5.79588942626e-15,nan,nan,3.38447416861e-16,nan,nan
18064,5.35201141386e-13,0,5.79036453813e-15,nan,nan,3.38175561596e-16,nan,nan
18068,5.40218317193e-13,0,5.7848417256e-15,nan,nan,3.37896200749e-16,nan,nan
18072,5.45506653256e-13,0,5.77930999938e-15,nan,nan,3.37611183063e-16,nan,nan
18076,5.51055562018e-13,0,5.77378521084e-15,nan,nan,3.37336880954e-16,nan,nan
18080,5.56854463562e-13,0,5.76824513201e-15,nan,nan,3.37054795859e-16,nan,nan
18084,5.62892833809e-13,0,5.7627099121e-15,nan,nan,3.36784534293e-16,nan,nan
18088,5.69160247514e-13,0,5.75717826546e-15,nan,nan,3.36499670642e-16,nan,nan
18092,5.75646416082e-13,0,5.75164730553e-15,nan,nan,3.36221241518e-16,nan,nan
18096,5.82341220343e-13,0,5.74611726255e-15,nan,nan,3.35945268014e-16,nan,nan
18100,5.89234738535e-13,0,5.74057935775e-15,nan,nan,3.35668948429e-16,nan,nan
18104,5.96317269601e-13,0,5.73503908333e-15,nan,nan,3.3539107867e-16,nan,nan
18108,6.03579352495e-13,0,5.72950954839e-15,nan,nan,3.35107794123e-16,nan,nan
18112,6.11011781178e-13,0,5.72395975066e-15,nan,nan,3.34831863906e-16,nan,nan
18116,6.18605616395e-13,0,5.71842070647e-15,nan,nan,3.34558610216e-16,nan,nan
18120,6.26352194001e-13,0,5.71287978537e-15,nan,nan,3.34284223166e-16,nan,nan
18124,6.34243130593e-13,0,5.7073481434e-15,nan,nan,3.34007818137e-16,nan,nan
18128,6.42270326417e-13,0,5.70179042034e-15,nan,nan,3.3374008765e-16,nan,nan
18132,6.50425966307e-13,0,5.69624488358e-15,nan,nan,3.3345717297e-16,nan,nan
18136,6.5870251847e-13,0,5.69069952953e-15,nan,nan,3.33183898454e-16,nan,nan
18140,6.67092731891e-13,0,5.68514260693e-15,nan,nan,3.32907497409e-16,nan,nan
18144,6.75589632198e-13,0,5.67960603999e-15,nan,nan,3.32643942982e-16,nan,nan
18148,6.84186516451e-13,0,5.67404873078e-15,nan,nan,3.32368183617e-16,nan,nan
18152,6.92876947078e-13,0,5.66850654311e-15,nan,nan,3.32085549004e-16,nan,nan
18156,7.01654744967e-13,0,5.66295358489e-15,nan,nan,3.31818779551e-16,nan,nan
18160,7.10513982034e-13,0,5.65740858219e-15,nan,nan,3.31541683421e-16,nan,nan
18164,7.19448973445e-13,0,5.65185761773e-15,nan,nan,3.31275738031e-16,nan,nan
18168,7.28454269378e-13,0,5.64631111187e-15,nan,nan,3.30996206695e-16,nan,nan
18172,7.37524646729e-13,0,5.64075995993e-15,nan,nan,3.30730130448e-16,nan,nan
18176,7.4665510067e-13,0,5.6352286741e-15,nan,nan,3.30457677614e-16,nan,nan
18180,7.55840836186e-13,0,5.62967652791e-15,nan,nan,3.301835321e-16,nan,nan
18184,7.65077259605e-13,0,5.62416523095e-15,nan,nan,3.29969843648e-16,nan,nan
18188,7.74359970391e-13,0,5.61863123364e-15,nan,nan,3.29649301614e-16,nan,nan
18192,7.83684752829e-13,0,5.61307756721e-15,nan,nan,3.29384981413e-16,nan,nan
18196,7.93047568162e-13,0,5.60754132861e-15,nan,nan,3.29096103711e-16,nan,nan
18200,8.02444546646e-13,0,5.60200831782e-15,nan,nan,3.28832994471e-16,nan,nan
18204,8.1187198016e-13,0,5.59648701e-15,nan,nan,3.28562999205e-16,nan,nan
18208,8.21326314684e-13,0,5.5909699359e-15,nan,nan,3.28290131774e-16,nan,nan
18212,8.30804143401e-13,0,5.5854586374e-15,nan,nan,3.28030879113e-16,nan,nan
18216,8.40302199815e-13,0,5.57994743991e-15,nan,nan,3.27756562428e-16,nan,nan
18220,8.49817351201e-13,0,5.57444511102e-15,nan,nan,3.27488362239e-16,nan,nan
18224,8.5934659237e-13,0,5.56894280815e-15,nan,nan,3.27217824752e-16,nan,nan
18228,8.68887039614e-13,0,5.5634510534e-15,nan,nan,3.26947223437e-16,nan,nan
18232,8.78435925046e-13,0,5.55798132461e-15,nan,nan,3.26683114393e-16,nan,nan
18236,8.8799059101e-13,0,5.55249765378e-15,nan,nan,3.2641682392e-16,nan,nan
18240,8.97548484939e-13,0,5.54702709337e-15,nan,nan,3.2614652422e-16,nan,nan
18244,9.07107154317e-13,0,5.54156990701e-15,nan,nan,3.2588031932e-16,nan,nan
18248,9.16664241956e-13,0,5.53611403519e-15,nan,nan,3.25612967872e-16,nan,nan
18252,9.26217481453e-13,0,5.53066741688e-15,nan,nan,3.25348222844e-16,nan,nan
18256,9.35764692925e-13,0,5.52522559361e-15,nan,nan,3.25078452296e-16,nan,nan
18260,9.45303778916e-13,0,5.51980078993e-15,nan,nan,3.24816802493e-16,nan,nan
18264,9.54832720524e-13,0,5.51438333217e-15,nan,nan,3.24554693931e-16,nan,nan
18268,9.64349573718e-13,0,5.50897659383e-15,nan,nan,3.24285485581e-16,nan,nan
18272,9.73852465802e-13,0,5.50357904123e-15,nan,nan,3.24018014593e-16,nan,nan
18276,9.83339592187e-13,0,5.49817319126e-15,nan,nan,3.23749296385e-16,nan,nan
18280,9.92809213175e-13,0,5.49279798576e-15,nan,nan,3.23495601935e-16,nan,nan
18284,1.00225965101e-12,0,5.48742286538e-15,nan,nan,3.23237815168e-16,nan,nan
18288,1.01168928704e-12,0,5.48205831212e-15,nan,nan,3.22952052095e-16,nan,nan
18292,1.02109655901e-12,0,5.47670531283e-15,nan,nan,3.22704107557e-16,nan,nan
18296,1.0304799586e-12,0,5.47136136893e-15,nan,nan,3.22436612867e-16,nan,nan
18300,1.03983802889e-12,0,5.46602828516e-15,nan,nan,3.2216951552e-16,nan,nan
18304,1.0491693622e-12,0,5.46070724416e-15,nan,nan,3.21914740331e-16,nan,nan
18308,1.05847259781e-12,0,5.45539293041e-15,nan,nan,3.21647556802e-16,nan,nan
18312,1.06774642004e-12,0,5.45007353575e-15,nan,nan,3.21372654663e-16,nan,nan
18316,1.07698955614e-12,0,5.44477707123e-15,nan,nan,3.21120583712e-16,nan,nan
18320,1.08620077458e-12,0,5.4395047492e-15,nan,nan,3.20863207628e-16,nan,nan
18324,1.09537888322e-12,0,5.43421681293e-15,nan,nan,3.20598628874e-16,nan,nan
18328,1.10452272767e-12,0,5.42895540855e-15,nan,nan,3.20351812417e-16,nan,nan
18332,1.11363118973e-12,0,5.42369910826e-15,nan,nan,3.20084009435e-16,nan,nan
18336,1.12270318584e-12,0,5.41845258876e-15,nan,nan,3.19815146101e-16,nan,nan
18340,1.13173766576e-12,0,5.41320135157e-15,nan,nan,3.19554593162e-16,nan,nan
18344,1.14073361109e-12,0,5.40797232805e-15,nan,nan,3.19307624235e-16,nan,nan
18348,1.1496900341e-12,0,5.40274996184e-15,nan,nan,3.19037587144e-16,nan,nan
18352,1.15860597646e-12,0,5.39752622855e-15,nan,nan,3.18781837291e-16,nan,nan
18356,1.1674805081e-12,0,5.3923182055e-15,nan,nan,3.18521983569e-16,nan,nan
18360,1.17631272614e-12,0,5.38711082543e-15,nan,nan,3.18256898907e-16,nan,nan
18364,1.18510175377e-12,0,5.38191127723e-15,nan,nan,3.18004676787e-16,nan,nan
18368,1.19384673933e-12,0,5.37672953893e-15,nan,nan,3.17740711178e-16,nan,nan
18372,1.20254685535e-12,0,5.37154712351e-15,nan,nan,3.17457063421e-16,nan,nan
18376,1.21120129768e-12,0,5.36635511323e-15,nan,nan,3.17190500718e-16,nan,nan
18380,1.21980928454e-12,0,5.36117590574e-15,nan,nan,3.16969461933e-16,nan,nan
18384,1.22837005583e-12,0,5.35601539267e-15,nan,nan,3.16717745269e-16,nan,nan
18388,1.2368828723e-12,0,5.35085275515e-15,nan,nan,3.16457597124e-16,nan,nan
18392,1.24534701478e-12,0,5.3456818334e-15,nan,nan,3.16200957977e-16,nan,nan
18396,1.25376178361e-12,0,5.34052112782e-15,nan,nan,3.15943779498e-16,nan,nan
18400,1.26212649774e-12,0,5.33536166678e-15,nan,nan,3.15680980432e-16,nan,nan
18404,1.27044049436e-12,0,5.33020778557e-15,nan,nan,3.15431961425e-16,nan,nan
18408,1.27870312809e-12,0,5.32505667919e-15,nan,nan,3.15177320961e-16,nan,nan
18412,1.28691377055e-12,0,5.31990065066e-15,nan,nan,3.14922489022e-16,nan,nan
18416,1.2950718097e-12,0,5.31475598707e-15,nan,nan,3.1466364503e-16,nan,nan
18420,1.30317664935e-12,0,5.30960798136e-15,nan,nan,3.14410665238e-16,nan,nan
18424,1.31122770867e-12,0,5.30447048037e-15,nan,nan,3.14153658516e-16,nan,nan
18428,1.31922442169e-12,0,5.29930463046e-15,nan,nan,3.13911941401e-16,nan,nan
18432,1.32716623687e-12,0,5.2941679987e-15,nan,nan,3.13642761633e-16,nan,nan
18436,1.33505261664e-12,0,5.28901770239e-15,nan,nan,3.13388587223e-16,nan,nan
18440,1.34288303698e-12,0,5.28388696313e-15,nan,nan,3.13136907065e-16,nan,nan
18444,1.35065698704e-12,0,5.27871653526e-15,nan,nan,3.12895352382e-16,nan,nan
18448,1.35837396874e-12,0,5.27357702996e-15,nan,nan,3.12627901589e-16,nan,nan
18452,1.36603349639e-12,0,5.26842018243e-15,nan,nan,3.1238146947e-16,nan,nan
18456,1.37363509639e-12,0,5.26326357562e-15,nan,nan,3.12127409229e-16,nan,nan
18460,1.38117830685e-12,0,5.25810731451e-15,nan,nan,3.11873924993e-16,nan,nan
18464,1.38866267726e-12,0,5.25295017536e-15,nan,nan,3.11616194915e-16,nan,nan
18468,1.39608776828e-12,0,5.24777745375e-15,nan,nan,3.11369799594e-16,nan,nan
18472,1.40345315128e-12,0,5.24263100345e-15,nan,nan,3.11112219041e-16,nan,nan
18476,1.41075840822e-12,0,5.23745180651e-15,nan,nan,3.10862413197e-16,nan,nan
18480,1.41800313129e-12,0,5.23228750218e-15,nan,nan,3.10617131445e-16,nan,nan
18484,1.42518692266e-12,0,5.22710102703e-15,nan,nan,3.1035944907e-16,nan,nan
18488,1.43230939425e-12,0,5.22193437203e-15,nan,nan,3.10121259246e-16,nan,nan
18492,1.4393701675e-12,0,5.21675416181e-15,nan,nan,3.09869715244e-16,nan,nan
18496,1.44636887312e-12,0,5.21156585213e-15,nan,nan,3.09615930101e-16,nan,nan
18500,1.45330515082e-12,0,5.20638215658e-15,nan,nan,3.09362032714e-16,nan,nan
18504,1.46017864938e-12,0,5.20118843082e-15,nan,nan,3.09114062317e-16,nan,nan
18508,1.46698902591e-12,0,5.19599511212e-15,nan,nan,3.08869376872e-16,nan,nan
18512,1.47373594619e-12,0,5.19079844535e-15,nan,nan,3.08617318017e-16,nan,nan
18516,1.4804190842e-12,0,5.18559504285e-15,nan,nan,3.08370697727e-16,nan,nan
18520,1.48703812204e-12,0,5.18039771311e-15,nan,nan,3.08122732574e-16,nan,nan
18524,1.4935927497e-12,0,5.17518773423e-15,nan,nan,3.07864060841e-16,nan,nan
18528,1.50008266494e-12,0,5.16997557521e-15,nan,nan,3.07627436382e-16,nan,nan
18532,1.50650757312e-12,0,5.16477159282e-15,nan,nan,3.07371837205e-16,nan,nan
18536,1.51286718701e-12,0,5.1595591794e-15,nan,nan,3.07127809141e-16,nan,nan
18540,1.51916122677e-12,0,5.15434546103e-15,nan,nan,3.0687928282e-16,nan,nan
18544,1.5253894196e-12,0,5.14913557003e-15,nan,nan,3.06637424885e-16,nan,nan
18548,1.53155149981e-12,0,5.14390209373e-15,nan,nan,3.06388320166e-16,nan,nan
18552,1.5376472086e-12,0,5.13869202982e-15,nan,nan,3.06141591743e-16,nan,nan
18556,1.54367629388e-12,0,5.13350487821e-15,nan,nan,3.05885900942e-16,nan,nan
18560,1.54963851029e-12,0,5.12826430414e-15,nan,nan,3.05615748619e-16,nan,nan
18564,1.55553361895e-12,0,5.12304689896e-15,nan,nan,3.05407272679e-16,nan,nan
18568,1.56136138746e-12,0,5.11782694518e-15,nan,nan,3.05161293156e-16,nan,nan
18572,1.56712158967e-12,0,5.11259504543e-15,nan,nan,3.04926439834e-16,nan,nan
18576,1.57281400574e-12,0,5.10737760125e-15,nan,nan,3.04661013e-16,nan,nan
18580,1.57843842187e-12,0,5.10216793109e-15,nan,nan,3.04422887108e-16,nan,nan
18584,1.58399463034e-12,0,5.09695346282e-15,nan,nan,3.04176079225e-16,nan,nan
18588,1.58948242934e-12,0,5.091747612e-15,nan,nan,3.03923427991e-16,nan,nan
18592,1.59490162292e-12,0,5.08654219598e-15,nan,nan,3.03694994415e-16,nan,nan
18596,1.60025202089e-12,0,5.08133476111e-15,nan,nan,3.03444147814e-16,nan,nan
18600,1.60553343877e-12,0,5.07612858701e-15,nan,nan,3.03205602927e-16,nan,nan
18604,1.61074569763e-12,0,5.07092746889e-15,nan,nan,3.02963336346e-16,nan,nan
18608,1.61588862417e-12,0,5.06573386358e-15,nan,nan,3.02714315281e-16,nan,nan
18612,1.62096205046e-12,0,5.06055512082e-15,nan,nan,3.02478599782e-16,nan,nan
18616,1.62596581401e-12,0,5.05536520292e-15,nan,nan,3.02229314205e-16,nan,nan
18620,1.63089975766e-12,0,5.05018751382e-15,nan,nan,3.01991463497e-16,nan,nan
18624,1.6357637295e-12,0,5.04501292293e-15,nan,nan,3.01751916225e-16,nan,nan
18628,1.64055758283e-12,0,5.03986344774e-15,nan,nan,3.01507857458e-16,nan,nan
18632,1.64528117611e-12,0,5.03469894591e-15,nan,nan,3.01272185578e-16,nan,nan
18636,1.64993437286e-12,0,5.0295479167e-15,nan,nan,3.01027946508e-16,nan,nan
18640,1.65451704164e-12,0,5.02440204038e-15,nan,nan,3.00782705988e-16,nan,nan
18644,1.65902905602e-12,0,5.01926496878e-15,nan,nan,3.00548245815e-16,nan,nan
18648,1.66347029447e-12,0,5.01414365259e-15,nan,nan,3.00302171919e-16,nan,nan
18652,1.66784064037e-12,0,5.00902191545e-15,nan,nan,3.00068863057e-16,nan,nan
18656,1.67213998191e-12,0,5.0039113482e-15,nan,nan,2.9982427794e-16,nan,nan
18660,1.67636821207e-12,0,4.99881255277e-15,nan,nan,2.99587986421e-16,nan,nan
18664,1.68052522862e-12,0,4.99372074603e-15,nan,nan,2.99344333471e-16,nan,nan
18668,1.68461093398e-12,0,4.9886408377e-15,nan,nan,2.99109373501e-16,nan,nan
18672,1.68862523526e-12,0,4.98356660256e-15,nan,nan,2.98862449791e-16,nan,nan
18676,1.69256804421e-12,0,4.97850369119e-15,nan,nan,2.98625649142e-16,nan,nan
18680,1.69643927716e-12,0,4.97344330237e-15,nan,nan,2.98393492768e-16,nan,nan
18684,1.70023885496e-12,0,4.96841413069e-15,nan,nan,2.98139148114e-16,nan,nan
18688,1.70396670302e-12,0,4.96337682597e-15,nan,nan,2.97916845786e-16,nan,nan
18692,1.7076227512e-12,0,4.95835139633e-15,nan,nan,2.97679690842e-16,nan,nan
18696,1.71120693386e-12,0,4.95334170448e-15,nan,nan,2.97439262575e-16,nan,nan
18700,1.71471918968e-12,0,4.94833799899e-15,nan,nan,2.97201091781e-16,nan,nan
18704,1.71815946183e-12,0,4.94335342741e-15,nan,nan,2.96963070148e-16,nan,nan
18708,1.72152769777e-12,0,4.9383619037e-15,nan,nan,2.96726199465e-16,nan,nan
18712,1.72482384931e-12,0,4.93339916432e-15,nan,nan,2.964824056e-16,nan,nan
18716,1.72804787255e-12,0,4.92843544022e-15,nan,nan,2.96258583742e-16,nan,nan
18720,1.73119972785e-12,0,4.92348596625e-15,nan,nan,2.96022438192e-16,nan,nan
18724,1.73427937984e-12,0,4.91854385203e-15,nan,nan,2.95781884823e-16,nan,nan
18728,1.73728679732e-12,0,4.91361887982e-15,nan,nan,2.9555325666e-16,nan,nan
18732,1.74022195331e-12,0,4.90868412424e-15,nan,nan,2.95318683674e-16,nan,nan
18736,1.74308482499e-12,0,4.90378098044e-15,nan,nan,2.95078385301e-16,nan,nan
18740,1.74587539364e-12,0,4.89887813019e-15,nan,nan,2.94846434534e-16,nan,nan
18744,1.7485936447e-12,0,4.8939784611e-15,nan,nan,2.94613307261e-16,nan,nan
18748,1.75123956769e-12,0,4.88910463158e-15,nan,nan,2.94374471009e-16,nan,nan
18752,1.75381315615e-12,0,4.88422163644e-15,nan,nan,2.94136964837e-16,nan,nan
18756,1.75631440768e-12,0,4.87934663383e-15,nan,nan,2.93905522046e-16,nan,nan
18760,1.75874332393e-12,0,4.87448991629e-15,nan,nan,2.93676070317e-16,nan,nan
18764,1.76109991048e-12,0,4.86962765586e-15,nan,nan,2.93439622231e-16,nan,nan
18768,1.76338417695e-12,0,4.86478877488e-15,nan,nan,2.93203453893e-16,nan,nan
18772,1.76559613682e-12,0,4.8599455985e-15,nan,nan,2.92977109044e-16,nan,nan
18776,1.76773580757e-12,0,4.85511501135e-15,nan,nan,2.92741977321e-16,nan,nan
18780,1.76980321053e-12,0,4.85027738717e-15,nan,nan,2.9250852113e-16,nan,nan
18784,1.77179837093e-12,0,4.84545997556e-15,nan,nan,2.92284095211e-16,nan,nan
18788,1.77372131785e-12,0,4.84064036249e-15,nan,nan,2.92054781324e-16,nan,nan
18792,1.77557208418e-12,0,4.8358219665e-15,nan,nan,2.91819345073e-16,nan,nan
18796,1.77735070667e-12,0,4.83101938809e-15,nan,nan,2.91585149566e-16,nan,nan
18800,1.77905722581e-12,0,4.82621218775e-15,nan,nan,2.91358151876e-16,nan,nan
18804,1.78069168586e-12,0,4.82141259566e-15,nan,nan,2.91120844651e-16,nan,nan
18808,1.78225413483e-12,0,4.81660966402e-15,nan,nan,2.90897182385e-16,nan,nan
18812,1.78374462448e-12,0,4.81181671137e-15,nan,nan,2.90649962896e-16,nan,nan
18816,1.78516321022e-12,0,4.80702126379e-15,nan,nan,2.90424162169e-16,nan,nan
18820,1.78650995116e-12,0,4.80223033141e-15,nan,nan,2.90198829088e-16,nan,nan
18824,1.78778491003e-12,0,4.79744563873e-15,nan,nan,2.89965084169e-16,nan,nan
18828,1.78898815325e-12,0,4.7926537957e-15,nan,nan,2.89739034109e-16,nan,nan
18832,1.79011975078e-12,0,4.78786634242e-15,nan,nan,2.89514159738e-16,nan,nan
18836,1.79117977623e-12,0,4.78307057256e-15,nan,nan,2.89286569974e-16,nan,nan
18840,1.79216830669e-12,0,4.77828044244e-15,nan,nan,2.8905547177e-16,nan,nan
18844,1.79308542289e-12,0,4.77349903553e-15,nan,nan,2.88823013981e-16,nan,nan
18848,1.79393120898e-12,0,4.76870599897e-15,nan,nan,2.88601314738e-16,nan,nan
18852,1.79470575265e-12,0,4.76391474402e-15,nan,nan,2.88370408844e-16,nan,nan
18856,1.79540914506e-12,0,4.75911984208e-15,nan,nan,2.88148150855e-16,nan,nan
18860,1.7960414808e-12,0,4.75432655484e-15,nan,nan,2.8792319829e-16,nan,nan
18864,1.79660285791e-12,0,4.74952931863e-15,nan,nan,2.87690109994e-16,nan,nan
18868,1.79709337778e-12,0,4.74473537082e-15,nan,nan,2.87461631506e-16,nan,nan
18872,1.79751314524e-12,0,4.73993297712e-15,nan,nan,2.87244032002e-16,nan,nan
18876,1.79786226843e-12,0,4.73512659691e-15,nan,nan,2.86993510326e-16,nan,nan
18880,1.79814085883e-12,0,4.73032613079e-15,nan,nan,2.8678091727e-16,nan,nan
18884,1.79834903125e-12,0,4.72550222187e-15,nan,nan,2.86545181889e-16,nan,nan
18888,1.79848690375e-12,0,4.72070775895e-15,nan,nan,2.86335440076e-16,nan,nan
18892,1.79855459767e-12,0,4.71588729267e-15,nan,nan,2.86102968621e-16,nan,nan
18896,1.79855223758e-12,0,4.71105944591e-15,nan,nan,2.85876467117e-16,nan,nan
18900,1.79847995128e-12,0,4.70623911749e-15,nan,nan,2.85655249706e-16,nan,nan
18904,1.79833786978e-12,0,4.70142000872e-15,nan,nan,2.85421724825e-16,nan,nan
18908,1.79812612719e-12,0,4.69658761327e-15,nan,nan,2.85211381291e-16,nan,nan
18912,1.79784486083e-12,0,4.69175518816e-15,nan,nan,2.84983076641e-16,nan,nan
18916,1.79749421112e-12,0,4.68690954659e-15,nan,nan,2.84755463021e-16,nan,nan
18920,1.79707432159e-12,0,4.68208028962e-15,nan,nan,2.84534282821e-16,nan,nan
18924,1.79658533884e-12,0,4.67723154505e-15,nan,nan,2.84309015417e-16,nan,nan
18928,1.79602741254e-12,0,4.67238270986e-15,nan,nan,2.84078360496e-16,nan,nan
18932,1.79540069538e-12,0,4.66754335679e-15,nan,nan,2.8385596146e-16,nan,nan
18936,1.79470534308e-12,0,4.66268425186e-15,nan,nan,2.83639325003e-16,nan,nan
18940,1.79394151433e-12,0,4.65782750732e-15,nan,nan,2.83429776637e-16,nan,nan
18944,1.7931093708e-12,0,4.65297152325e-15,nan,nan,2.83193197293e-16,nan,nan
18948,1.79220907713e-12,0,4.64811533805e-15,nan,nan,2.82969420355e-16,nan,nan
18952,1.79124080085e-12,0,4.64324505268e-15,nan,nan,2.8274484563e-16,nan,nan
18956,1.79020471242e-12,0,4.63838752154e-15,nan,nan,2.82525550738e-16,nan,nan
18960,1.78910098519e-12,0,4.63351349535e-15,nan,nan,2.82300880009e-16,nan,nan
18964,1.78792979535e-12,0,4.62864255293e-15,nan,nan,2.82086964736e-16,nan,nan
18968,1.78669132197e-12,0,4.62377286899e-15,nan,nan,2.81860606924e-16,nan,nan
18972,1.78538574692e-12,0,4.61890078339e-15,nan,nan,2.81649963846e-16,nan,nan
18976,1.7840132549e-12,0,4.61403769271e-15,nan,nan,2.81417546812e-16,nan,nan
18980,1.78257403338e-12,0,4.60916274557e-15,nan,nan,2.81201666508e-16,nan,nan
18984,1.78106827262e-12,0,4.60428834254e-15,nan,nan,2.80972645752e-16,nan,nan
18988,1.77949616561e-12,0,4.59941820818e-15,nan,nan,2.80762576829e-16,nan,nan
18992,1.77785790808e-12,0,4.5945499066e-15,nan,nan,2.80543185113e-16,nan,nan
18996,1.7761536985e-12,0,4.58968177701e-15,nan,nan,2.80324641327e-16,nan,nan
19000,1.7743837379e-12,0,4.58481226479e-15,nan,nan,2.8009983202e-16,nan,nan
19004,1.77254823038e-12,0,4.57994695684e-15,nan,nan,2.79876698283e-16,nan,nan
19008,1.77064738216e-12,0,4.5750855005e-15,nan,nan,2.79659509593e-16,nan,nan
19012,1.76868140253e-12,0,4.57022427891e-15,nan,nan,2.79441415343e-16,nan,nan
19016,1.76665050321e-12,0,4.56536323187e-15,nan,nan,2.79228573352e-16,nan,nan
19020,1.76455489866e-12,0,4.56050186495e-15,nan,nan,2.79005862468e-16,nan,nan
19024,1.76239480581e-12,0,4.55564461909e-15,nan,nan,2.78787142906e-16,nan,nan
19028,1.76017044432e-12,0,4.55080093377e-15,nan,nan,2.78576626965e-16,nan,nan
19032,1.7578820363e-12,0,4.54596194758e-15,nan,nan,2.78355929432e-16,nan,nan
19036,1.75552980651e-12,0,4.5411194332e-15,nan,nan,2.78137216827e-16,nan,nan
19040,1.75311398221e-12,0,4.53628033989e-15,nan,nan,2.77919842378e-16,nan,nan
19044,1.75063479324e-12,0,4.53144704786e-15,nan,nan,2.77704736296e-16,nan,nan
19048,1.74809247187e-12,0,4.52662535974e-15,nan,nan,2.77483144471e-16,nan,nan
19052,1.74548725301e-12,0,4.52181086543e-15,nan,nan,2.77262513653e-16,nan,nan
19056,1.74281937394e-12,0,4.51699372919e-15,nan,nan,2.77055512853e-16,nan,nan
19060,1.74008907452e-12,0,4.51219747694e-15,nan,nan,2.76849509562e-16,nan,nan
19064,1.73729659702e-12,0,4.50739282461e-15,nan,nan,2.76619176575e-16,nan,nan
19068,1.73444218624e-12,0,4.50259443531e-15,nan,nan,2.76397779405e-16,nan,nan
19072,1.73152608935e-12,0,4.4978044719e-15,nan,nan,2.76195906333e-16,nan,nan
19076,1.72854855602e-12,0,4.49304034139e-15,nan,nan,2.75977872093e-16,nan,nan
19080,1.72550983835e-12,0,4.48826451787e-15,nan,nan,2.75755437106e-16,nan,nan
19084,1.72241019082e-12,0,4.48350856992e-15,nan,nan,2.75540987169e-16,nan,nan
19088,1.71924987039e-12,0,4.47874738238e-15,nan,nan,2.75328038006e-16,nan,nan
19092,1.71602913636e-12,0,4.47399846528e-15,nan,nan,2.75116695363e-16,nan,nan
19096,1.71274825046e-12,0,4.46926111982e-15,nan,nan,2.74903564359e-16,nan,nan
19100,1.70940747678e-12,0,4.46453394979e-15,nan,nan,2.74682710993e-16,nan,nan
19104,1.70600708181e-12,0,4.45981269145e-15,nan,nan,2.74473371182e-16,nan,nan
19108,1.70254733439e-12,0,4.45509788926e-15,nan,nan,2.7426457678e-16,nan,nan
19112,1.69902850575e-12,0,4.4503901771e-15,nan,nan,2.74046897967e-16,nan,nan
19116,1.69545086943e-12,0,4.44570050458e-15,nan,nan,2.73841518918e-16,nan,nan
19120,1.69181470136e-12,0,4.44101098734e-15,nan,nan,2.73621600511e-16,nan,nan
19124,1.68812027976e-12,0,4.43631585348e-15,nan,nan,2.73404396192e-16,nan,nan
19128,1.68436788521e-12,0,4.43167829037e-15,nan,nan,2.73203988042e-16,nan,nan
19132,1.6805578006e-12,0,4.42699799396e-15,nan,nan,2.72984228351e-16,nan,nan
19136,1.67669031112e-12,0,4.42233995704e-15,nan,nan,2.7277524675e-16,nan,nan
19140,1.67276570431e-12,0,4.417697485e-15,nan,nan,2.72562749828e-16,nan,nan
19144,1.66878426995e-12,0,4.41305666076e-15,nan,nan,2.72353062006e-16,nan,nan
19148,1.66474630017e-12,0,4.4084251136e-15,nan,nan,2.72141428793e-16,nan,nan
19152,1.66065208933e-12,0,4.40380585023e-15,nan,nan,2.7192605529e-16,nan,nan
19156,1.65650193412e-12,0,4.39918915259e-15,nan,nan,2.71716689438e-16,nan,nan
19160,1.65229613346e-12,0,4.39458116734e-15,nan,nan,2.71510393936e-16,nan,nan
19164,1.64803498856e-12,0,4.3899789132e-15,nan,nan,2.71292740896e-16,nan,nan
19168,1.64371880287e-12,0,4.38539041166e-15,nan,nan,2.71089203983e-16,nan,nan
19172,1.63934788209e-12,0,4.38080180614e-15,nan,nan,2.70881496635e-16,nan,nan
19176,1.63492253418e-12,0,4.37622465014e-15,nan,nan,2.70665554565e-16,nan,nan
19180,1.6304430693e-12,0,4.37164332626e-15,nan,nan,2.70458548713e-16,nan,nan
19184,1.62590979988e-12,0,4.36708216073e-15,nan,nan,2.7024991143e-16,nan,nan
19188,1.62132304053e-12,0,4.36250983196e-15,nan,nan,2.70037370697e-16,nan,nan
19192,1.61668310811e-12,0,4.35795679558e-15,nan,nan,2.69832659619e-16,nan,nan
19196,1.61199032166e-12,0,4.35341091894e-15,nan,nan,2.69622442706e-16,nan,nan
19200,1.60724500243e-12,0,4.34886465857e-15,nan,nan,2.69417908622e-16,nan,nan
19204,1.60244747386e-12,0,4.34431379384e-15,nan,nan,2.69207140401e-16,nan,nan
19208,1.59759806157e-12,0,4.33978658328e-15,nan,nan,2.69009011326e-16,nan,nan
19212,1.59269709336e-12,0,4.3352498948e-15,nan,nan,2.68779487971e-16,nan,nan
19216,1.58774489918e-12,0,4.33072060958e-15,nan,nan,2.68589675481e-16,nan,nan
19220,1.58274181119e-12,0,4.32619664299e-15,nan,nan,2.68378344589e-16,nan,nan
19224,1.57768816363e-12,0,4.32167163524e-15,nan,nan,2.68172510985e-16,nan,nan
19228,1.57258429294e-12,0,4.31715440228e-15,nan,nan,2.67964264354e-16,nan,nan
19232,1.56743053769e-12,0,4.31263600866e-15,nan,nan,2.67759928181e-16,nan,nan
19236,1.56222723855e-12,0,4.3081236604e-15,nan,nan,2.67551474359e-16,nan,nan
19240,1.55697473836e-12,0,4.30359672668e-15,nan,nan,2.67345508033e-16,nan,nan
19244,1.55167338201e-12,0,4.29909984932e-15,nan,nan,2.67147320263e-16,nan,nan
19248,1.54632351656e-12,0,4.29457982761e-15,nan,nan,2.66935455798e-16,nan,nan
19252,1.5409254911e-12,0,4.29006900845e-15,nan,nan,2.66727179678e-16,nan,nan
19256,1.53547965688e-12,0,4.28556100007e-15,nan,nan,2.66521612728e-16,nan,nan
19260,1.52998636718e-12,0,4.28105864283e-15,nan,nan,2.66323719439e-16,nan,nan
19264,1.52444597738e-12,0,4.27654408509e-15,nan,nan,2.66112435095e-16,nan,nan
19268,1.51885884491e-12,0,4.27203665101e-15,nan,nan,2.65907278268e-16,nan,nan
19272,1.51322532926e-12,0,4.26753028587e-15,nan,nan,2.65702360505e-16,nan,nan
19276,1.50754579198e-12,0,4.26301783819e-15,nan,nan,2.65496819477e-16,nan,nan
19280,1.50182059665e-12,0,4.25850867112e-15,nan,nan,2.6528838703e-16,nan,nan
19284,1.4960501089e-12,0,4.25400079131e-15,nan,nan,2.65086259397e-16,nan,nan
19288,1.49023469638e-12,0,4.24949227394e-15,nan,nan,2.64877042074e-16,nan,nan
19292,1.48437472876e-12,0,4.24498129239e-15,nan,nan,2.64679412379e-16,nan,nan
19296,1.47847057771e-12,0,4.24046342393e-15,nan,nan,2.64475728456e-16,nan,nan
19300,1.47252261698e-12,0,4.23595284376e-15,nan,nan,2.64280309812e-16,nan,nan
19304,1.46653122218e-12,0,4.23143372593e-15,nan,nan,2.640751959e-16,nan,nan
19308,1.4604967711e-12,0,4.22692715743e-15,nan,nan,2.63878643894e-16,nan,nan
19312,1.45441964337e-12,0,4.22240926545e-15,nan,nan,2.63650362739e-16,nan,nan
19316,1.44830022067e-12,0,4.21790635925e-15,nan,nan,2.63488938642e-16,nan,nan
19320,1.44213888666e-12,0,4.21335335564e-15,nan,nan,2.63263876302e-16,nan,nan
19324,1.43593602697e-12,0,4.20882969419e-15,nan,nan,2.63067932873e-16,nan,nan
19328,1.4296920292e-12,0,4.20432016247e-15,nan,nan,2.62860751755e-16,nan,nan
19332,1.42340728294e-12,0,4.19978305875e-15,nan,nan,2.62662247016e-16,nan,nan
19336,1.41708217972e-12,0,4.19525996227e-15,nan,nan,2.62460437117e-16,nan,nan
19340,1.41071711305e-12,0,4.19071961658e-15,nan,nan,2.62259856961e-16,nan,nan
19344,1.40431247844e-12,0,4.18619566023e-15,nan,nan,2.6205633532e-16,nan,nan
19348,1.3978686733e-12,0,4.18166192844e-15,nan,nan,2.61859220132e-16,nan,nan
19352,1.39138609705e-12,0,4.17712775078e-15,nan,nan,2.61657932341e-16,nan,nan
19356,1.38486515108e-12,0,4.17258903617e-15,nan,nan,2.61458690381e-16,nan,nan
19360,1.37830623871e-12,0,4.16805317044e-15,nan,nan,2.612590354e-16,nan,nan
19364,1.3717097653e-12,0,4.16351304979e-15,nan,nan,2.61056739935e-16,nan,nan
19368,1.36507613812e-12,0,4.15897404168e-15,nan,nan,2.60861238092e-16,nan,nan
19372,1.35840576644e-12,0,4.15444484867e-15,nan,nan,2.60663795317e-16,nan,nan
19376,1.35169906155e-12,0,4.14989582147e-15,nan,nan,2.60461953224e-16,nan,nan
19380,1.3449564367e-12,0,4.14535661334e-15,nan,nan,2.60263201153e-16,nan,nan
19384,1.33817830717e-12,0,4.14081046422e-15,nan,nan,2.60079219988e-16,nan,nan
19388,1.33136509023e-12,0,4.13626594517e-15,nan,nan,2.59870838738e-16,nan,nan
19392,1.3245172052e-12,0,4.1317327817e-15,nan,nan,2.59668326589e-16,nan,nan
19396,1.31763507341e-12,0,4.1271898591e-15,nan,nan,2.59471925785e-16,nan,nan
19400,1.31071911827e-12,0,4.12264967933e-15,nan,nan,2.59270643416e-16,nan,nan
19404,1.30376976523e-12,0,4.11810982695e-15,nan,nan,2.59075285842e-16,nan,nan
19408,1.29678744186e-12,0,4.11357414165e-15,nan,nan,2.58881926774e-16,nan,nan
19412,1.28977257781e-12,0,4.10903049083e-15,nan,nan,2.58693220649e-16,nan,nan
19416,1.28272560484e-12,0,4.10449796426e-15,nan,nan,2.5848222515e-16,nan,nan
19420,1.27564695691e-12,0,4.09996364079e-15,nan,nan,2.58290560106e-16,nan,nan
19424,1.26853707006e-12,0,4.09542842815e-15,nan,nan,2.58093230159e-16,nan,nan
19428,1.26139638266e-12,0,4.09090099932e-15,nan,nan,2.57895381933e-16,nan,nan
19432,1.25422533516e-12,0,4.08636880234e-15,nan,nan,2.57702227766e-16,nan,nan
19436,1.24702437037e-12,0,4.0818413785e-15,nan,nan,2.57508987004e-16,nan,nan
19440,1.23979393337e-12,0,4.07732057432e-15,nan,nan,2.57306967463e-16,nan,nan
19444,1.23253447151e-12,0,4.07279913727e-15,nan,nan,2.57116952866e-16,nan,nan
19448,1.22524643453e-12,0,4.06828238378e-15,nan,nan,2.56917063996e-16,nan,nan
19452,1.21793027462e-12,0,4.0637699467e-15,nan,nan,2.56726393947e-16,nan,nan
19456,1.21058644635e-12,0,4.05925790918e-15,nan,nan,2.56534756835e-16,nan,nan
19460,1.20321540678e-12,0,4.05475523611e-15,nan,nan,2.56333943402e-16,nan,nan
19464,1.19581761558e-12,0,4.05024909042e-15,nan,nan,2.56137169901e-16,nan,nan
19468,1.1883935349e-12,0,4.0457478205e-15,nan,nan,2.55940009764e-16,nan,nan
19472,1.1809436296e-12,0,4.04126118477e-15,nan,nan,2.55756369738e-16,nan,nan
19476,1.1734683672e-12,0,4.03677219307e-15,nan,nan,2.55565859334e-16,nan,nan
19480,1.16596821802e-12,0,4.03228606275e-15,nan,nan,2.55364785698e-16,nan,nan
19484,1.15844365519e-12,0,4.02780258962e-15,nan,nan,2.55171182541e-16,nan,nan
19488,1.15089515468e-12,0,4.02332239458e-15,nan,nan,2.54979230767e-16,nan,nan
19492,1.14332319548e-12,0,4.0188657942e-15,nan,nan,2.54789531717e-16,nan,nan
19496,1.13572825956e-12,0,4.01439478692e-15,nan,nan,2.54593064271e-16,nan,nan
19500,1.12811083206e-12,0,4.00993516057e-15,nan,nan,2.54400172877e-16,nan,nan
19504,1.12047140127e-12,0,4.00548189791e-15,nan,nan,2.5420974211e-16,nan,nan
19508,1.1128104588e-12,0,4.00102931461e-15,nan,nan,2.54014219435e-16,nan,nan
19512,1.10512849957e-12,0,3.99659215284e-15,nan,nan,2.53829462185e-16,nan,nan
19516,1.09742602204e-12,0,3.99214672233e-15,nan,nan,2.53631311514e-16,nan,nan
19520,1.08970352821e-12,0,3.98771651981e-15,nan,nan,2.53442851031e-16,nan,nan
19524,1.08196152377e-12,0,3.98329024191e-15,nan,nan,2.53247225232e-16,nan,nan
19528,1.07420051817e-12,0,3.97886243546e-15,nan,nan,2.53051609762e-16,nan,nan
19532,1.06642102481e-12,0,3.97444446535e-15,nan,nan,2.5286532551e-16,nan,nan
19536,1.05862356109e-12,0,3.97003936573e-15,nan,nan,2.52675590883e-16,nan,nan
19540,1.0508086486e-12,0,3.96563979689e-15,nan,nan,2.5248958813e-16,nan,nan
19544,1.04297681317e-12,0,3.96123483962e-15,nan,nan,2.52292017868e-16,nan,nan
19548,1.03512858513e-12,0,3.95683877212e-15,nan,nan,2.52110000489e-16,nan,nan
19552,1.02726449938e-12,0,3.95245275918e-15,nan,nan,2.51916645935e-16,nan,nan
19556,1.01938509556e-12,0,3.94807313758e-15,nan,nan,2.51724091462e-16,nan,nan
19560,1.0114909182e-12,0,3.94368730308e-15,nan,nan,2.51534960049e-16,nan,nan
19564,1.00358251694e-12,0,3.93931795939e-15,nan,nan,2.51351372268e-16,nan,nan
19568,9.95660446697e-13,0,3.93495638433e-15,nan,nan,2.51159559046e-16,nan,nan
19572,9.87725267802e-13,0,3.93059296158e-15,nan,nan,2.50963970206e-16,nan,nan
19576,9.79777546264e-13,0,3.92623689108e-15,nan,nan,2.50779296756e-16,nan,nan
19580,9.71817853953e-13,0,3.92187767379e-15,nan,nan,2.50590691121e-16,nan,nan
19584,9.63846768827e-13,0,3.91752868812e-15,nan,nan,2.5040326326e-16,nan,nan
19588,9.55864875153e-13,0,3.91319700431e-15,nan,nan,2.502021477e-16,nan,nan
19592,9.4787276373e-13,0,3.90884922304e-15,nan,nan,2.50025737681e-16,nan,nan
19596,9.39871032215e-13,0,3.90451288369e-15,nan,nan,2.49838013911e-16,nan,nan
19600,9.31860285289e-13,0,3.90018155508e-15,nan,nan,2.49655048487e-16,nan,nan
19604,9.2384113503e-13,0,3.89585541799e-15,nan,nan,2.49467862514e-16,nan,nan
19608,9.1581420115e-13,0,3.89153127383e-15,nan,nan,2.49276664342e-16,nan,nan
19612,9.07780111306e-13,0,3.88721737243e-15,nan,nan,2.49091313908e-16,nan,nan
19616,8.99739501459e-13,0,3.88289691098e-15,nan,nan,2.48899641279e-16,nan,nan
19620,8.91693016164e-13,0,3.8785832681e-15,nan,nan,2.4871839334e-16,nan,nan
19624,8.83641309002e-13,0,3.87428128613e-15,nan,nan,2.48523292412e-16,nan,nan
19628,8.75585042858e-13,0,3.86994951335e-15,nan,nan,2.48337919775e-16,nan,nan
19632,8.67524890398e-13,0,3.86565925895e-15,nan,nan,2.48161326733e-16,nan,nan
19636,8.59461534459e-13,0,3.86136418076e-15,nan,nan,2.47971704379e-16,nan,nan
19640,8.51395668449e-13,0,3.85706074635e-15,nan,nan,2.47794881051e-16,nan,nan
19644,8.43327996886e-13,0,3.85276008263e-15,nan,nan,2.47610320749e-16,nan,nan
19648,8.35259235791e-13,0,3.84847400244e-15,nan,nan,2.47418465692e-16,nan,nan
19652,8.27190113256e-13,0,3.84417374288e-15,nan,nan,2.47234811115e-16,nan,nan
19656,8.19121369954e-13,0,3.83988557821e-15,nan,nan,2.47053415236e-16,nan,nan
19660,8.11053759699e-13,0,3.83559761607e-15,nan,nan,2.46861431222e-16,nan,nan
19664,8.02988050112e-13,0,3.83131192206e-15,nan,nan,2.46685286227e-16,nan,nan
19668,7.94925023068e-13,0,3.82702078374e-15,nan,nan,2.46497286874e-16,nan,nan
19672,7.86865475556e-13,0,3.82274316172e-15,nan,nan,2.46307851466e-16,nan,nan
19676,7.78810220213e-13,0,3.81845792084e-15,nan,nan,2.46129567769e-16,nan,nan
19680,7.70760086202e-13,0,3.81417022315e-15,nan,nan,2.45942427441e-16,nan,nan
19684,7.62715919776e-13,0,3.80988429848e-15,nan,nan,2.45739995243e-16,nan,nan
19688,7.54678585322e-13,0,3.8056116235e-15,nan,nan,2.45592214162e-16,nan,nan
19692,7.46648966012e-13,0,3.80133946993e-15,nan,nan,2.45397662081e-16,nan,nan
19696,7.38627964835e-13,0,3.79704858317e-15,nan,nan,2.45212923361e-16,nan,nan
19700,7.30616505443e-13,0,3.79277768805e-15,nan,nan,2.4502916799e-16,nan,nan
19704,7.22615533208e-13,0,3.78849565334e-15,nan,nan,2.4484191177e-16,nan,nan
19708,7.14626016298e-13,0,3.78421204345e-15,nan,nan,2.44671935433e-16,nan,nan
19712,7.06648946678e-13,0,3.77993162692e-15,nan,nan,2.44490299859e-16,nan,nan
19716,6.9868534139e-13,0,3.77566973137e-15,nan,nan,2.4430767092e-16,nan,nan
19720,6.90736243695e-13,0,3.77138710251e-15,nan,nan,2.44120237099e-16,nan,nan
19724,6.82802724453e-13,0,3.7671226782e-15,nan,nan,2.43943260889e-16,nan,nan
19728,6.74885883375e-13,0,3.7628313083e-15,nan,nan,2.43762354381e-16,nan,nan
19732,6.66986850611e-13,0,3.75855028332e-15,nan,nan,2.43565826085e-16,nan,nan
19736,6.59106788123e-13,0,3.7542798353e-15,nan,nan,2.43396865871e-16,nan,nan
19740,6.5124689136e-13,0,3.75000611582e-15,nan,nan,2.43217709174e-16,nan,nan
19744,6.43408390918e-13,0,3.74573546457e-15,nan,nan,2.43035521575e-16,nan,nan
19748,6.35592554326e-13,0,3.74145815138e-15,nan,nan,2.42851311222e-16,nan,nan
19752,6.27800687886e-13,0,3.73719172225e-15,nan,nan,2.4267874763e-16,nan,nan
19756,6.20034138638e-13,0,3.732914455e-15,nan,nan,2.42493315309e-16,nan,nan
19760,6.1229429648e-13,0,3.72863772763e-15,nan,nan,2.42314660965e-16,nan,nan
19764,6.04582596195e-13,0,3.72436638668e-15,nan,nan,2.42131300966e-16,nan,nan
19768,5.96900519914e-13,0,3.72009469058e-15,nan,nan,2.4195321715e-16,nan,nan
19772,5.89249599344e-13,0,3.71582325983e-15,nan,nan,2.4178358712e-16,nan,nan
19776,5.8163141837e-13,0,3.71154604296e-15,nan,nan,2.41603240428e-16,nan,nan
19780,5.7404761564e-13,0,3.70729110259e-15,nan,nan,2.41424591968e-16,nan,nan
19784,5.66499887359e-13,0,3.70301725162e-15,nan,nan,2.412432922e-16,nan,nan
19788,5.589899901e-13,0,3.69874903115e-15,nan,nan,2.41069102438e-16,nan,nan
19792,5.51519743884e-13,0,3.69448596977e-15,nan,nan,2.4088949247e-16,nan,nan
19796,5.44091035257e-13,0,3.69022483824e-15,nan,nan,2.40704890693e-16,nan,nan
19800,5.36705820595e-13,0,3.68595295799e-15,nan,nan,2.40532101883e-16,nan,nan
19804,5.29366129437e-13,0,3.68170127838e-15,nan,nan,2.40350324332e-16,nan,nan
19808,5.22074068095e-13,0,3.67742917935e-15,nan,nan,2.40170610128e-16,nan,nan
19812,5.14831823219e-13,0,3.67317934698e-15,nan,nan,2.40004282219e-16,nan,nan
19816,5.07641665569e-13,0,3.66890906754e-15,nan,nan,2.39823067589e-16,nan,nan
19820,5.00505953884e-13,0,3.66466579461e-15,nan,nan,2.39640434466e-16,nan,nan
19824,4.93427138853e-13,0,3.66041181229e-15,nan,nan,2.39463334043e-16,nan,nan
19828,4.86407767105e-13,0,3.65615792182e-15,nan,nan,2.39293424598e-16,nan,nan
19832,4.79450485382e-13,0,3.65191490037e-15,nan,nan,2.39115046231e-16,nan,nan
19836,4.72558044636e-13,0,3.64766674122e-15,nan,nan,2.38932024526e-16,nan,nan
19840,4.65733304172e-13,0,3.64341781635e-15,nan,nan,2.38768100592e-16,nan,nan
19844,4.589792358e-13,0,3.63918096573e-15,nan,nan,2.38587855928e-16,nan,nan
19848,4.52298927933e-13,0,3.63494342991e-15,nan,nan,2.38410410045e-16,nan,nan
19852,4.45695589528e-13,0,3.63070372072e-15,nan,nan,2.38237808495e-16,nan,nan
19856,4.3917255388e-13,0,3.62646895952e-15,nan,nan,2.38064460835e-16,nan,nan
19860,4.32733282227e-13,0,3.62224098196e-15,nan,nan,2.37893702359e-16,nan,nan
19864,4.26381367038e-13,0,3.61800662907e-15,nan,nan,2.37712398458e-16,nan,nan
19868,4.20120534902e-13,0,3.61379310202e-15,nan,nan,2.37532126018e-16,nan,nan
19872,4.13954648992e-13,0,3.60956635259e-15,nan,nan,2.37349157749e-16,nan,nan
19876,4.07887710914e-13,0,3.60534201592e-15,nan,nan,2.37180866323e-16,nan,nan
19880,4.01923861773e-13,0,3.60113184646e-15,nan,nan,2.37012210567e-16,nan,nan
19884,3.96067382652e-13,0,3.59691921505e-15,nan,nan,2.36831961602e-16,nan,nan
19888,3.90322693846e-13,0,3.5927125939e-15,nan,nan,2.36663785374e-16,nan,nan
19892,3.84694353081e-13,0,3.58851091913e-15,nan,nan,2.36487205268e-16,nan,nan
19896,3.79187052512e-13,0,3.58430692361e-15,nan,nan,2.36327307006e-16,nan,nan
19900,3.73805614123e-13,0,3.58011049145e-15,nan,nan,2.36148148395e-16,nan,nan
19904,3.68554983491e-13,0,3.57591189113e-15,nan,nan,2.3597309151e-16,nan,nan
19908,3.63440221765e-13,0,3.57172325227e-15,nan,nan,2.35805032745e-16,nan,nan
19912,3.58466495473e-13,0,3.5675320482e-15,nan,nan,2.35632245603e-16,nan,nan
19916,3.53639064308e-13,0,3.56335493205e-15,nan,nan,2.35464458491e-16,nan,nan
19920,3.48963266227e-13,0,3.55917382089e-15,nan,nan,2.35286891187e-16,nan,nan
19924,3.44444500327e-13,0,3.554996053e-15,nan,nan,2.35115631488e-16,nan,nan
19928,3.40088206593e-13,0,3.5508210632e-15,nan,nan,2.34944765533e-16,nan,nan
19932,3.35899843269e-13,0,3.54665050787e-15,nan,nan,2.34778226179e-16,nan,nan
19936,3.31884861112e-13,0,3.54248108146e-15,nan,nan,2.34605500568e-16,nan,nan
19940,3.28048674873e-13,0,3.53832410554e-15,nan,nan,2.34434808621e-16,nan,nan
19944,3.24396632048e-13,0,3.53416476112e-15,nan,nan,2.34260631328e-16,nan,nan
19948,3.20933978904e-13,0,3.52999966012e-15,nan,nan,2.3408318341e-16,nan,nan
19952,3.17665824214e-13,0,3.52584731426e-15,nan,nan,2.33919797447e-16,nan,nan
19956,3.14597100842e-13,0,3.52170125599e-15,nan,nan,2.33746130289e-16,nan,nan
19960,3.11732525742e-13,0,3.51755449388e-15,nan,nan,2.33572046897e-16,nan,nan
19964,3.09076558811e-13,0,3.51340889642e-15,nan,nan,2.33410821611e-16,nan,nan
19968,3.06633361271e-13,0,3.50927546831e-15,nan,nan,2.33236959275e-16,nan,nan
19972,3.04406754196e-13,0,3.50512707017e-15,nan,nan,2.3305875575e-16,nan,nan
19976,3.02400178079e-13,0,3.5010040447e-15,nan,nan,2.32902827765e-16,nan,nan
19980,3.00616654145e-13,0,3.49686823508e-15,nan,nan,2.32728834181e-16,nan,nan
19984,2.99058748353e-13,0,3.49274063295e-15,nan,nan,2.3256054188e-16,nan,nan
19988,2.97728538735e-13,0,3.48861150587e-15,nan,nan,2.32393368506e-16,nan,nan
19992,2.96627587273e-13,0,3.48448087408e-15,nan,nan,2.3222170719e-16,nan,nan
19996,2.95756916515e-13,0,3.48036242237e-15,nan,nan,2.32054281455e-16,nan,nan
20000,2.95116992059e-13,0,3.47624889695e-15,nan,nan,2.31883686513e-16,nan,nan
20004,2.94707711043e-13,0,3.47212953552e-15,nan,nan,2.31715386918e-16,nan,nan
20008,2.94528397221e-13,0,3.46801706397e-15,nan,nan,2.31555498249e-16,nan,nan
20012,2.94577802653e-13,0,3.46390208206e-15,nan,nan,2.31373249342e-16,nan,nan
20016,2.94854116123e-13,0,3.45978068804e-15,nan,nan,2.3121917882e-16,nan,nan
20020,2.95354977936e-13,0,3.45568322819e-15,nan,nan,2.3104193115e-16,nan,nan
20024,2.96077500905e-13,0,3.45157203396e-15,nan,nan,2.30878804708e-16,nan,nan
20028,2.97018296865e-13,0,3.44747842325e-15,nan,nan,2.30717487669e-16,nan,nan
20032,2.98173508126e-13,0,3.4433690221e-15,nan,nan,2.30541380288e-16,nan,nan
20036,2.99538843158e-13,0,3.43927460677e-15,nan,nan,2.30379931818e-16,nan,nan
20040,3.01109615463e-13,0,3.43516632845e-15,nan,nan,2.30211440885e-16,nan,nan
20044,3.02880785153e-13,0,3.43107349844e-15,nan,nan,2.30042157027e-16,nan,nan
20048,3.04847001846e-13,0,3.42697295599e-15,nan,nan,2.29882814205e-16,nan,nan
20052,3.07002648576e-13,0,3.42287962982e-15,nan,nan,2.29721178763e-16,nan,nan
20056,3.09341885588e-13,0,3.41878572288e-15,nan,nan,2.29550615191e-16,nan,nan
20060,3.11858693263e-13,0,3.41469742543e-15,nan,nan,2.29395242237e-16,nan,nan
20064,3.14546913862e-13,0,3.41060532807e-15,nan,nan,2.29219664604e-16,nan,nan
20068,3.17400291183e-13,0,3.40650663353e-15,nan,nan,2.29054595724e-16,nan,nan
20072,3.20412508021e-13,0,3.40242227928e-15,nan,nan,2.28884623109e-16,nan,nan
20076,3.23577220832e-13,0,3.39833170582e-15,nan,nan,2.28727563818e-16,nan,nan
20080,3.26888091604e-13,0,3.3942470477e-15,nan,nan,2.28556580341e-16,nan,nan
20084,3.30338816614e-13,0,3.39015952379e-15,nan,nan,2.28400859111e-16,nan,nan
20088,3.33923152156e-13,0,3.38606769403e-15,nan,nan,2.28235738279e-16,nan,nan
20092,3.37634937154e-13,0,3.38199036215e-15,nan,nan,2.28062199578e-16,nan,nan
20096,3.41468112791e-13,0,3.37790607129e-15,nan,nan,2.27904243468e-16,nan,nan
20100,3.45416739199e-13,0,3.37381917358e-15,nan,nan,2.27734597147e-16,nan,nan
20104,3.49475009543e-13,0,3.36974104822e-15,nan,nan,2.27575344332e-16,nan,nan
20108,3.5363726138e-13,0,3.36566167129e-15,nan,nan,2.27412008676e-16,nan,nan
20112,3.57897985855e-13,0,3.36158300216e-15,nan,nan,2.27247420555e-16,nan,nan
20116,3.62251834613e-13,0,3.35750157677e-15,nan,nan,2.27089796528e-16,nan,nan
20120,3.66693624784e-13,0,3.35341892659e-15,nan,nan,2.26926927388e-16,nan,nan
20124,3.71218342431e-13,0,3.34934958705e-15,nan,nan,2.26753753777e-16,nan,nan
20128,3.75821144251e-13,0,3.34527638263e-15,nan,nan,2.26600269789e-16,nan,nan
20132,3.80497358081e-13,0,3.34119649808e-15,nan,nan,2.26439371012e-16,nan,nan
20136,3.85242482191e-13,0,3.33712499664e-15,nan,nan,2.26275201279e-16,nan,nan
20140,3.90052183737e-13,0,3.33305015112e-15,nan,nan,2.26114592394e-16,nan,nan
20144,3.94922296267e-13,0,3.32897991457e-15,nan,nan,2.25951257723e-16,nan,nan
20148,3.99848816491e-13,0,3.32491337678e-15,nan,nan,2.25789437996e-16,nan,nan
20152,4.04827900758e-13,0,3.32084356581e-15,nan,nan,2.2563028659e-16,nan,nan
20156,4.09855860805e-13,0,3.31676851747e-15,nan,nan,2.2546716453e-16,nan,nan
20160,4.14929159324e-13,0,3.31270005946e-15,nan,nan,2.25301130026e-16,nan,nan
20164,4.20044405273e-13,0,3.3086440251e-15,nan,nan,2.25143495591e-16,nan,nan
20168,4.25198348921e-13,0,3.30457479468e-15,nan,nan,2.2498230546e-16,nan,nan
20172,4.30387876847e-13,0,3.30051324871e-15,nan,nan,2.24813242857e-16,nan,nan
20176,4.35610006855e-13,0,3.29645737096e-15,nan,nan,2.24664105294e-16,nan,nan
20180,4.40861882938e-13,0,3.29239948185e-15,nan,nan,2.24501828678e-16,nan,nan
20184,4.46140770104e-13,0,3.28833880825e-15,nan,nan,2.24347814944e-16,nan,nan
20188,4.51444049501e-13,0,3.28427739647e-15,nan,nan,2.24190380995e-16,nan,nan
20192,4.56769213405e-13,0,3.28023501046e-15,nan,nan,2.24021398408e-16,nan,nan
20196,4.62113860456e-13,0,3.27618374995e-15,nan,nan,2.23866002137e-16,nan,nan
20200,4.67475690939e-13,0,3.27213680875e-15,nan,nan,2.23700710508e-16,nan,nan
20204,4.72852502283e-13,0,3.2680981309e-15,nan,nan,2.23548120261e-16,nan,nan
20208,4.78242184621e-13,0,3.26404713482e-15,nan,nan,2.23390163856e-16,nan,nan
20212,4.83642716537e-13,0,3.26001450258e-15,nan,nan,2.23219973894e-16,nan,nan
20216,4.89052161021e-13,0,3.255974899e-15,nan,nan,2.23072000503e-16,nan,nan
20220,4.9446866149e-13,0,3.25193380632e-15,nan,nan,2.22915915569e-16,nan,nan
20224,4.99890438057e-13,0,3.24790133749e-15,nan,nan,2.22750505228e-16,nan,nan
20228,5.05315783894e-13,0,3.2438686728e-15,nan,nan,2.22589215579e-16,nan,nan
20232,5.10743061808e-13,0,3.23983894587e-15,nan,nan,2.22432506852e-16,nan,nan
20236,5.16170700922e-13,0,3.23581721015e-15,nan,nan,2.22282382822e-16,nan,nan
20240,5.21597193576e-13,0,3.23179624044e-15,nan,nan,2.22121153796e-16,nan,nan
20244,5.27021092263e-13,0,3.22777415473e-15,nan,nan,2.21969654652e-16,nan,nan
20248,5.32441006848e-13,0,3.22375837634e-15,nan,nan,2.21805974199e-16,nan,nan
20252,5.37855601826e-13,0,3.21974398902e-15,nan,nan,2.21657829827e-16,nan,nan
20256,5.43263593737e-13,0,3.21573965586e-15,nan,nan,2.2149664078e-16,nan,nan
20260,5.48663748732e-13,0,3.21171979025e-15,nan,nan,2.21341510928e-16,nan,nan
20264,5.54054880235e-13,0,3.207728072e-15,nan,nan,2.21185059311e-16,nan,nan
20268,5.59435846746e-13,0,3.20372195108e-15,nan,nan,2.21027689986e-16,nan,nan
20272,5.64805549725e-13,0,3.19972022342e-15,nan,nan,2.20863430555e-16,nan,nan
20276,5.70162931624e-13,0,3.19573682023e-15,nan,nan,2.2071727432e-16,nan,nan
20280,5.75506973976e-13,0,3.19174007289e-15,nan,nan,2.20555380278e-16,nan,nan
20284,5.80836695655e-13,0,3.18775916107e-15,nan,nan,2.20409314365e-16,nan,nan
20288,5.8615115111e-13,0,3.18377286761e-15,nan,nan,2.20254178415e-16,nan,nan
20292,5.91449428793e-13,0,3.17977876308e-15,nan,nan,2.20102534378e-16,nan,nan
20296,5.96730649662e-13,0,3.17581088175e-15,nan,nan,2.19940398845e-16,nan,nan
20300,6.01993965659e-13,0,3.17182638383e-15,nan,nan,2.19776710336e-16,nan,nan
20304,6.07238558426e-13,0,3.16786178733e-15,nan,nan,2.19628559269e-16,nan,nan
20308,6.12463637937e-13,0,3.16388576896e-15,nan,nan,2.19480513915e-16,nan,nan
20312,6.17668441302e-13,0,3.15993341302e-15,nan,nan,2.19320011257e-16,nan,nan
20316,6.22852231588e-13,0,3.15596103371e-15,nan,nan,2.19171116559e-16,nan,nan
20320,6.28014296716e-13,0,3.15199652711e-15,nan,nan,2.19016834347e-16,nan,nan
20324,6.33153948389e-13,0,3.14803958471e-15,nan,nan,2.18858542978e-16,nan,nan
20328,6.38270521106e-13,0,3.14409022571e-15,nan,nan,2.18703271182e-16,nan,nan
20332,6.43363371264e-13,0,3.14014324e-15,nan,nan,2.18551028679e-16,nan,nan
20336,6.48431876171e-13,0,3.13618857628e-15,nan,nan,2.18399609438e-16,nan,nan
20340,6.53475433262e-13,0,3.13224556912e-15,nan,nan,2.18245447385e-16,nan,nan
20344,6.58493459255e-13,0,3.12830408463e-15,nan,nan,2.18096488835e-16,nan,nan
20348,6.63485389418e-13,0,3.12436212903e-15,nan,nan,2.17937488016e-16,nan,nan
20352,6.68450676786e-13,0,3.12042628328e-15,nan,nan,2.17790408508e-16,nan,nan
20356,6.73388791521e-13,0,3.11648590884e-15,nan,nan,2.17640719922e-16,nan,nan
20360,6.78299220272e-13,0,3.11255114834e-15,nan,nan,2.17487638373e-16,nan,nan
20364,6.83181465394e-13,0,3.10862067174e-15,nan,nan,2.17337915191e-16,nan,nan
20368,6.88035044609e-13,0,3.10467870961e-15,nan,nan,2.17189008847e-16,nan,nan
20372,6.9285949021e-13,0,3.10077432559e-15,nan,nan,2.17021355326e-16,nan,nan
20376,6.97654348637e-13,0,3.09684555045e-15,nan,nan,2.16896014056e-16,nan,nan
20380,7.02419179958e-13,0,3.09291791221e-15,nan,nan,2.16725636906e-16,nan,nan
20384,7.07153557343e-13,0,3.08899201781e-15,nan,nan,2.16586631587e-16,nan,nan
20388,7.1185706665e-13,0,3.0850723723e-15,nan,nan,2.16418074118e-16,nan,nan
20392,7.16529305927e-13,0,3.08115604888e-15,nan,nan,2.16279219168e-16,nan,nan
20396,7.21169885055e-13,0,3.07724287673e-15,nan,nan,2.16128846016e-16,nan,nan
20400,7.25778425262e-13,0,3.07332907827e-15,nan,nan,2.15975053344e-16,nan,nan
20404,7.30354558876e-13,0,3.06941250085e-15,nan,nan,2.15821843462e-16,nan,nan
20408,7.34897928766e-13,0,3.06549722934e-15,nan,nan,2.15671157087e-16,nan,nan
20412,7.39408188199e-13,0,3.06159376739e-15,nan,nan,2.15532730538e-16,nan,nan
20416,7.43885000365e-13,0,3.05768713256e-15,nan,nan,2.15374875585e-16,nan,nan
20420,7.48328038135e-13,0,3.05377325351e-15,nan,nan,2.15225455858e-16,nan,nan
20424,7.52736983705e-13,0,3.04987293989e-15,nan,nan,2.1507521828e-16,nan,nan
20428,7.57111528371e-13,0,3.0459712732e-15,nan,nan,2.14938734493e-16,nan,nan
20432,7.61451372191e-13,0,3.0420500844e-15,nan,nan,2.14777150156e-16,nan,nan
20436,7.65756223759e-13,0,3.0381511103e-15,nan,nan,2.14635052426e-16,nan,nan
20440,7.70025799944e-13,0,3.03424435123e-15,nan,nan,2.14498365021e-16,nan,nan
20444,7.74259825661e-13,0,3.03033490453e-15,nan,nan,2.14334608391e-16,nan,nan
20448,7.78458033599e-13,0,3.02643164015e-15,nan,nan,2.14181247627e-16,nan,nan
20452,7.82620164061e-13,0,3.02253497994e-15,nan,nan,2.14041552384e-16,nan,nan
20456,7.86745964699e-13,0,3.01862815475e-15,nan,nan,2.13885155346e-16,nan,nan
20460,7.9083519035e-13,0,3.0147334204e-15,nan,nan,2.13742561965e-16,nan,nan
20464,7.94887602835e-13,0,3.01082608992e-15,nan,nan,2.13593430829e-16,nan,nan
20468,7.98902970743e-13,0,3.00692830034e-15,nan,nan,2.13440219567e-16,nan,nan
20472,8.02881069303e-13,0,3.00302426285e-15,nan,nan,2.13302766074e-16,nan,nan
20476,8.06821680175e-13,0,2.99912886857e-15,nan,nan,2.13155544261e-16,nan,nan
20480,8.10724591318e-13,0,2.99523406834e-15,nan,nan,2.13009590392e-16,nan,nan
20484,8.1458959678e-13,0,2.99132697052e-15,nan,nan,2.12854813998e-16,nan,nan
20488,8.18416496648e-13,0,2.98743175267e-15,nan,nan,2.12713158423e-16,nan,nan
20492,8.22205096787e-13,0,2.98353766711e-15,nan,nan,2.12562991715e-16,nan,nan
20496,8.25955208768e-13,0,2.97963739015e-15,nan,nan,2.12423437394e-16,nan,nan
20500,8.29666649775e-13,0,2.97573635963e-15,nan,nan,2.12274648913e-16,nan,nan
20504,8.33339242367e-13,0,2.97183712819e-15,nan,nan,2.12128711238e-16,nan,nan
20508,8.36972814463e-13,0,2.9679381956e-15,nan,nan,2.11983786689e-16,nan,nan
20512,8.40567199123e-13,0,2.9640328777e-15,nan,nan,2.11842203589e-16,nan,nan
20516,8.44122234549e-13,0,2.96015915826e-15,nan,nan,2.1169279501e-16,nan,nan
20520,8.47637763913e-13,0,2.95625571865e-15,nan,nan,2.11550456331e-16,nan,nan
20524,8.51113635238e-13,0,2.95235659639e-15,nan,nan,2.114007914e-16,nan,nan
20528,8.54549701338e-13,0,2.94846360944e-15,nan,nan,2.11254101552e-16,nan,nan
20532,8.57945819712e-13,0,2.94457485252e-15,nan,nan,2.11113611367e-16,nan,nan
20536,8.61301852429e-13,0,2.94068700941e-15,nan,nan,2.1096846315e-16,nan,nan
20540,8.64617666089e-13,0,2.93678805809e-15,nan,nan,2.10818194977e-16,nan,nan
20544,8.67893131675e-13,0,2.93289515205e-15,nan,nan,2.10683288145e-16,nan,nan
20548,8.71128124534e-13,0,2.92900781376e-15,nan,nan,2.10535289891e-16,nan,nan
20552,8.74322524223e-13,0,2.92512244977e-15,nan,nan,2.10394103221e-16,nan,nan
20556,8.77476214522e-13,0,2.92123554224e-15,nan,nan,2.10249904271e-16,nan,nan
20560,8.80589083297e-13,0,2.91735452309e-15,nan,nan,2.1010313136e-16,nan,nan
20564,8.83661022462e-13,0,2.91346227121e-15,nan,nan,2.09959994737e-16,nan,nan
20568,8.86691927903e-13,0,2.90957577267e-15,nan,nan,2.0982129152e-16,nan,nan
20572,8.89681699391e-13,0,2.90568766948e-15,nan,nan,2.09673931867e-16,nan,nan
20576,8.9263024056e-13,0,2.90181090959e-15,nan,nan,2.0953851178e-16,nan,nan
20580,8.95537458807e-13,0,2.89793749188e-15,nan,nan,2.09389505463e-16,nan,nan
20584,8.98403265332e-13,0,2.8940642805e-15,nan,nan,2.09248930244e-16,nan,nan
20588,9.01227574873e-13,0,2.89018571246e-15,nan,nan,2.09109286965e-16,nan,nan
20592,9.04010305912e-13,0,2.88631110379e-15,nan,nan,2.08962308426e-16,nan,nan
20596,9.06751380422e-13,0,2.88243807768e-15,nan,nan,2.08816807823e-16,nan,nan
20600,9.094507239e-13,0,2.87857582373e-15,nan,nan,2.08687069854e-16,nan,nan
20604,9.121082654e-13,0,2.87470048108e-15,nan,nan,2.08540288957e-16,nan,nan
20608,9.14723937247e-13,0,2.87083357994e-15,nan,nan,2.08401148493e-16,nan,nan
20612,9.17297675279e-13,0,2.86696632185e-15,nan,nan,2.0825895245e-16,nan,nan
20616,9.19829418625e-13,0,2.86312549285e-15,nan,nan,2.08111438694e-16,nan,nan
20620,9.22319109686e-13,0,2.85924831507e-15,nan,nan,2.07975300908e-16,nan,nan
20624,9.24766694161e-13,0,2.85543962167e-15,nan,nan,2.07850720851e-16,nan,nan
20628,9.27172120946e-13,0,2.85151416031e-15,nan,nan,2.07673896907e-16,nan,nan
20632,9.29535342133e-13,0,2.84769138812e-15,nan,nan,2.07554145916e-16,nan,nan
20636,9.31856312951e-13,0,2.84384605439e-15,nan,nan,2.07411980658e-16,nan,nan
20640,9.34134991739e-13,0,2.83999839169e-15,nan,nan,2.07267647991e-16,nan,nan
20644,9.36371339927e-13,0,2.83615965694e-15,nan,nan,2.07133600138e-16,nan,nan
20648,9.38565321994e-13,0,2.83231887728e-15,nan,nan,2.0699557712e-16,nan,nan
20652,9.40716905428e-13,0,2.82848173012e-15,nan,nan,2.0685550175e-16,nan,nan
20656,9.42826060712e-13,0,2.8246474391e-15,nan,nan,2.06722330037e-16,nan,nan
20660,9.44892761281e-13,0,2.82082015296e-15,nan,nan,2.06571495331e-16,nan,nan
20664,9.46916983511e-13,0,2.81699266767e-15,nan,nan,2.06438430006e-16,nan,nan
20668,9.48898706673e-13,0,2.81316845171e-15,nan,nan,2.06307488294e-16,nan,nan
20672,9.50837912926e-13,0,2.80934794135e-15,nan,nan,2.06162789918e-16,nan,nan
20676,9.52734587261e-13,0,2.80553028977e-15,nan,nan,2.06023772417e-16,nan,nan
20680,9.54588717534e-13,0,2.8017099391e-15,nan,nan,2.05883425312e-16,nan,nan
20684,9.56400294349e-13,0,2.79790032886e-15,nan,nan,2.0575477968e-16,nan,nan
20688,9.58169311158e-13,0,2.79408077162e-15,nan,nan,2.05620300914e-16,nan,nan
20692,9.59895764115e-13,0,2.79028626755e-15,nan,nan,2.05469003572e-16,nan,nan
20696,9.61579652138e-13,0,2.78647994623e-15,nan,nan,2.05330584299e-16,nan,nan
20700,9.63220976848e-13,0,2.78268331327e-15,nan,nan,2.05196039238e-16,nan,nan
20704,9.64819742574e-13,0,2.77888761015e-15,nan,nan,2.05053127136e-16,nan,nan
20708,9.66375956293e-13,0,2.77509503875e-15,nan,nan,2.04921616695e-16,nan,nan
20712,9.67889627646e-13,0,2.77130363226e-15,nan,nan,2.0479062618e-16,nan,nan
20716,9.6936076892e-13,0,2.76751365645e-15,nan,nan,2.04651410104e-16,nan,nan
20720,9.70789395002e-13,0,2.76373362583e-15,nan,nan,2.04510205183e-16,nan,nan
20724,9.72175523356e-13,0,2.75994946108e-15,nan,nan,2.04383482821e-16,nan,nan
20728,9.73519174059e-13,0,2.75617523406e-15,nan,nan,2.04245424587e-16,nan,nan
20732,9.74820369704e-13,0,2.75239546504e-15,nan,nan,2.04103319293e-16,nan,nan
20736,9.76079135467e-13,0,2.74861601395e-15,nan,nan,2.03967489787e-16,nan,nan
20740,9.77295498991e-13,0,2.74485086377e-15,nan,nan,2.03833576962e-16,nan,nan
20744,9.78469490476e-13,0,2.74108402999e-15,nan,nan,2.03696197906e-16,nan,nan
20748,9.79601142559e-13,0,2.73731157778e-15,nan,nan,2.03560052006e-16,nan,nan
20752,9.80690490397e-13,0,2.73355883848e-15,nan,nan,2.03423691677e-16,nan,nan
20756,9.81737571534e-13,0,2.72979389575e-15,nan,nan,2.03291695155e-16,nan,nan
20760,9.82742426034e-13,0,2.72603155772e-15,nan,nan,2.03157630954e-16,nan,nan
20764,9.83705096246e-13,0,2.7222812761e-15,nan,nan,2.03015830787e-16,nan,nan
20768,9.84625627078e-13,0,2.71851200267e-15,nan,nan,2.02885227992e-16,nan,nan
20772,9.85504065707e-13,0,2.71477823354e-15,nan,nan,2.02752869981e-16,nan,nan
20776,9.86340461693e-13,0,2.7110186292e-15,nan,nan,2.02612457271e-16,nan,nan
20780,9.87134867003e-13,0,2.70727217137e-15,nan,nan,2.02483060944e-16,nan,nan
20784,9.87887335888e-13,0,2.70353300705e-15,nan,nan,2.02350860622e-16,nan,nan
20788,9.88597924915e-13,0,2.69978593161e-15,nan,nan,2.02215811767e-16,nan,nan
20792,9.89266692954e-13,0,2.6960347616e-15,nan,nan,2.02087151233e-16,nan,nan
20796,9.89893701194e-13,0,2.69229941101e-15,nan,nan,2.01948011983e-16,nan,nan
20800,9.90479013041e-13,0,2.68856171133e-15,nan,nan,2.0181632013e-16,nan,nan
20804,9.91022694197e-13,0,2.68481521056e-15,nan,nan,2.01678399676e-16,nan,nan
20808,9.91524812562e-13,0,2.68108155351e-15,nan,nan,2.01547516298e-16,nan,nan
20812,9.91985438284e-13,0,2.6772962801e-15,nan,nan,2.01397117351e-16,nan,nan
20816,9.92404643669e-13,0,2.67362952919e-15,nan,nan,2.01284115797e-16,nan,nan
20820,9.92782503281e-13,0,2.66987392265e-15,nan,nan,2.01147538946e-16,nan,nan
20824,9.93119093746e-13,0,2.6661472189e-15,nan,nan,2.01018330549e-16,nan,nan
20828,9.93414493953e-13,0,2.6624077971e-15,nan,nan,2.00891033049e-16,nan,nan
20832,9.93668784857e-13,0,2.65867634483e-15,nan,nan,2.00754420977e-16,nan,nan
20836,9.93882049573e-13,0,2.65494980912e-15,nan,nan,2.00620310553e-16,nan,nan
20840,9.94054373248e-13,0,2.6512159871e-15,nan,nan,2.00495232656e-16,nan,nan
20844,9.94185843228e-13,0,2.64748667151e-15,nan,nan,2.00360082939e-16,nan,nan
20848,9.94276548804e-13,0,2.64376158874e-15,nan,nan,2.00225133367e-16,nan,nan
20852,9.94326581407e-13,0,2.64003259745e-15,nan,nan,2.00103769395e-16,nan,nan
20856,9.94336034466e-13,0,2.63630535409e-15,nan,nan,1.999660034e-16,nan,nan
20860,9.94305003451e-13,0,2.63257604449e-15,nan,nan,1.99834359566e-16,nan,nan
20864,9.94233585808e-13,0,2.62885031639e-15,nan,nan,1.99708653207e-16,nan,nan
20868,9.94121880981e-13,0,2.62511561806e-15,nan,nan,1.99576735245e-16,nan,nan
20872,9.93969990394e-13,0,2.62139895106e-15,nan,nan,1.99448117402e-16,nan,nan
20876,9.937780174e-13,0,2.61766475216e-15,nan,nan,1.99313639586e-16,nan,nan
20880,9.93546067305e-13,0,2.61394186526e-15,nan,nan,1.99185771197e-16,nan,nan
20884,9.93274247337e-13,0,2.61021196884e-15,nan,nan,1.99063396141e-16,nan,nan
20888,9.9296266661e-13,0,2.60649073905e-15,nan,nan,1.98918314419e-16,nan,nan
20892,9.92611436143e-13,0,2.60276410387e-15,nan,nan,1.98796966259e-16,nan,nan
20896,9.92220668803e-13,0,2.59904128991e-15,nan,nan,1.98669439918e-16,nan,nan
20900,9.91790479358e-13,0,2.5953130864e-15,nan,nan,1.98541503061e-16,nan,nan
20904,9.91320984324e-13,0,2.5915947454e-15,nan,nan,1.98416604583e-16,nan,nan
20908,9.90812302155e-13,0,2.58786681667e-15,nan,nan,1.9828643494e-16,nan,nan
20912,9.90264553007e-13,0,2.58414173861e-15,nan,nan,1.98143018534e-16,nan,nan
20916,9.89677858883e-13,0,2.58041971824e-15,nan,nan,1.98030698115e-16,nan,nan
20920,9.89052343538e-13,0,2.57669138475e-15,nan,nan,1.97895708622e-16,nan,nan
20924,9.88388132497e-13,0,2.57297009493e-15,nan,nan,1.97765411812e-16,nan,nan
20928,9.87685353023e-13,0,2.56923647448e-15,nan,nan,1.97630722189e-16,nan,nan
20932,9.86944134095e-13,0,2.56552390674e-15,nan,nan,1.97518754576e-16,nan,nan
20936,9.86164606407e-13,0,2.56180463318e-15,nan,nan,1.97381079132e-16,nan,nan
20940,9.85346902362e-13,0,2.558078982e-15,nan,nan,1.97262907427e-16,nan,nan
20944,9.84491156043e-13,0,2.55435392085e-15,nan,nan,1.97128000373e-16,nan,nan
20948,9.8359750317e-13,0,2.55063611807e-15,nan,nan,1.97003243356e-16,nan,nan
20952,9.82666081145e-13,0,2.54690930023e-15,nan,nan,1.96879141932e-16,nan,nan
20956,9.81697029004e-13,0,2.54319471135e-15,nan,nan,1.96750050949e-16,nan,nan
20960,9.80690487366e-13,0,2.53947667234e-15,nan,nan,1.96627392773e-16,nan,nan
20964,9.79646598539e-13,0,2.53575784855e-15,nan,nan,1.96498376241e-16,nan,nan
20968,9.78565506336e-13,0,2.53203765306e-15,nan,nan,1.96368592793e-16,nan,nan
20972,9.77447356194e-13,0,2.52833427691e-15,nan,nan,1.96251062736e-16,nan,nan
20976,9.76292295134e-13,0,2.52461015988e-15,nan,nan,1.96123053014e-16,nan,nan
20980,9.75100471685e-13,0,2.52089836655e-15,nan,nan,1.95996307254e-16,nan,nan
20984,9.73872035924e-13,0,2.51718599073e-15,nan,nan,1.95866404542e-16,nan,nan
20988,9.72607139501e-13,0,2.51346588677e-15,nan,nan,1.95740032629e-16,nan,nan
20992,9.7130593554e-13,0,2.50975673556e-15,nan,nan,1.95621403463e-16,nan,nan
20996,9.69968578699e-13,0,2.50604459958e-15,nan,nan,1.95493295524e-16,nan,nan
21000,9.6859522498e-13,0,2.5023405695e-15,nan,nan,1.95366748038e-16,nan,nan
21004,9.67186032173e-13,0,2.4986333483e-15,nan,nan,1.95242099806e-16,nan,nan
21008,9.65741159153e-13,0,2.49492226852e-15,nan,nan,1.951270117e-16,nan,nan
21012,9.64260766546e-13,0,2.49122427694e-15,nan,nan,1.94979497549e-16,nan,nan
21016,9.62745016302e-13,0,2.48752328691e-15,nan,nan,1.94870232338e-16,nan,nan
21020,9.61194071771e-13,0,2.48382353596e-15,nan,nan,1.9474945645e-16,nan,nan
21024,9.59608097793e-13,0,2.48013105496e-15,nan,nan,1.94620784419e-16,nan,nan
21028,9.57987260558e-13,0,2.47642724454e-15,nan,nan,1.94507182339e-16,nan,nan
21032,9.56331727684e-13,0,2.47273939174e-15,nan,nan,1.94379212584e-16,nan,nan
21036,9.54641668168e-13,0,2.46903858306e-15,nan,nan,1.94251225048e-16,nan,nan
21040,9.52917252399e-13,0,2.46535221327e-15,nan,nan,1.94131894432e-16,nan,nan
21044,9.511586521e-13,0,2.46165311451e-15,nan,nan,1.94004907341e-16,nan,nan
21048,9.49366040382e-13,0,2.4579772475e-15,nan,nan,1.93881591307e-16,nan,nan
21052,9.47539591682e-13,0,2.4542906982e-15,nan,nan,1.93766519013e-16,nan,nan
21056,9.45679481788e-13,0,2.45060681098e-15,nan,nan,1.93638482719e-16,nan,nan
21060,9.43785887792e-13,0,2.44693253672e-15,nan,nan,1.93510203701e-16,nan,nan
21064,9.41858988158e-13,0,2.44325256658e-15,nan,nan,1.93389181309e-16,nan,nan
21068,9.39898962596e-13,0,2.43958197704e-15,nan,nan,1.93270544993e-16,nan,nan
21072,9.37905992151e-13,0,2.43588480325e-15,nan,nan,1.93142037577e-16,nan,nan
21076,9.35880259145e-13,0,2.43223030418e-15,nan,nan,1.93024340819e-16,nan,nan
21080,9.33821947198e-13,0,2.42856958974e-15,nan,nan,1.92905723071e-16,nan,nan
21084,9.31731241216e-13,0,2.42489272411e-15,nan,nan,1.92788685184e-16,nan,nan
21088,9.29608327314e-13,0,2.42125244534e-15,nan,nan,1.92660420348e-16,nan,nan
21092,9.27453392939e-13,0,2.4175772887e-15,nan,nan,1.92542527483e-16,nan,nan
21096,9.25266626744e-13,0,2.41392609178e-15,nan,nan,1.9242349693e-16,nan,nan
21100,9.23048218602e-13,0,2.41026938847e-15,nan,nan,1.92298975655e-16,nan,nan
21104,9.20798359712e-13,0,2.40661981277e-15,nan,nan,1.92184019809e-16,nan,nan
21108,9.18517242378e-13,0,2.40296294628e-15,nan,nan,1.92057943519e-16,nan,nan
21112,9.16205060207e-13,0,2.39932525462e-15,nan,nan,1.91944837386e-16,nan,nan
21116,9.13862007987e-13,0,2.39566748966e-15,nan,nan,1.91815151885e-16,nan,nan
21120,9.11488281702e-13,0,2.39203224055e-15,nan,nan,1.91697832797e-16,nan,nan
21124,9.09084078555e-13,0,2.38839993565e-15,nan,nan,1.91575148938e-16,nan,nan
21128,9.06649596908e-13,0,2.3847499822e-15,nan,nan,1.91442707449e-16,nan,nan
21132,9.04185036315e-13,0,2.38112511221e-15,nan,nan,1.9134573132e-16,nan,nan
21136,9.01690597497e-13,0,2.37749001587e-15,nan,nan,1.91219198091e-16,nan,nan
21140,8.99166482355e-13,0,2.37386042991e-15,nan,nan,1.91100107371e-16,nan,nan
21144,8.96612893916e-13,0,2.37023249976e-15,nan,nan,1.90982864725e-16,nan,nan
21148,8.94030036386e-13,0,2.36660871541e-15,nan,nan,1.9085999289e-16,nan,nan
21152,8.91418115089e-13,0,2.36297538763e-15,nan,nan,1.90743547426e-16,nan,nan
21156,8.8877733649e-13,0,2.35936146471e-15,nan,nan,1.90631547274e-16,nan,nan
21160,8.86107908207e-13,0,2.35574645996e-15,nan,nan,1.90512933707e-16,nan,nan
21164,8.83410038907e-13,0,2.35212150904e-15,nan,nan,1.90393096915e-16,nan,nan
21168,8.80683938441e-13,0,2.3485074725e-15,nan,nan,1.90270296419e-16,nan,nan
21172,8.77929817717e-13,0,2.34489594165e-15,nan,nan,1.90156095033e-16,nan,nan
21176,8.75147888751e-13,0,2.34129140545e-15,nan,nan,1.90032237366e-16,nan,nan
21180,8.72338364646e-13,0,2.33767435004e-15,nan,nan,1.89918420108e-16,nan,nan
21184,8.69501459576e-13,0,2.33407887185e-15,nan,nan,1.89811349445e-16,nan,nan
21188,8.66637388794e-13,0,2.33050173919e-15,nan,nan,1.89693357763e-16,nan,nan
21192,8.63746368618e-13,0,2.32684871357e-15,nan,nan,1.89572596586e-16,nan,nan
21196,8.60828616404e-13,0,2.32326372404e-15,nan,nan,1.89452794715e-16,nan,nan
21200,8.57884350549e-13,0,2.31965385417e-15,nan,nan,1.89336143678e-16,nan,nan
21204,8.54913790525e-13,0,2.31605615805e-15,nan,nan,1.89217357257e-16,nan,nan
21208,8.51917156785e-13,0,2.31245957018e-15,nan,nan,1.89096295845e-16,nan,nan
21212,8.48894670843e-13,0,2.30885773434e-15,nan,nan,1.88991897164e-16,nan,nan
21216,8.45846555197e-13,0,2.30527163242e-15,nan,nan,1.88875407723e-16,nan,nan
21220,8.42773033365e-13,0,2.30167450833e-15,nan,nan,1.88749006599e-16,nan,nan
21224,8.39674329851e-13,0,2.2980899815e-15,nan,nan,1.88634911993e-16,nan,nan
21228,8.36550670119e-13,0,2.2945012065e-15,nan,nan,1.88519874972e-16,nan,nan
21232,8.33402280689e-13,0,2.29089788498e-15,nan,nan,1.88410786106e-16,nan,nan
21236,8.30229388945e-13,0,2.28731364614e-15,nan,nan,1.88293656582e-16,nan,nan
21240,8.27032223327e-13,0,2.2837189017e-15,nan,nan,1.88178023979e-16,nan,nan
21244,8.23811013141e-13,0,2.28013890622e-15,nan,nan,1.88064545264e-16,nan,nan
21248,8.20565988726e-13,0,2.27654883041e-15,nan,nan,1.879495581e-16,nan,nan
21252,8.17297381255e-13,0,2.27296828004e-15,nan,nan,1.8782678161e-16,nan,nan
21256,8.14005422899e-13,0,2.26937222575e-15,nan,nan,1.87715590708e-16,nan,nan
21260,8.10690346722e-13,0,2.26579688426e-15,nan,nan,1.87606928699e-16,nan,nan
21264,8.0735238668e-13,0,2.26221077245e-15,nan,nan,1.87494873933e-16,nan,nan
21268,8.03991777646e-13,0,2.25862714328e-15,nan,nan,1.87375496851e-16,nan,nan
21272,8.00608755363e-13,0,2.25503438027e-15,nan,nan,1.87272939516e-16,nan,nan
21276,7.97203556486e-13,0,2.25146542595e-15,nan,nan,1.87147460976e-16,nan,nan
21280,7.93776418498e-13,0,2.24788468338e-15,nan,nan,1.87036818337e-16,nan,nan
21284,7.90327579797e-13,0,2.24429606363e-15,nan,nan,1.86926454811e-16,nan,nan
21288,7.86857279584e-13,0,2.24072746067e-15,nan,nan,1.86794322452e-16,nan,nan
21292,7.83365757941e-13,0,2.2371364963e-15,nan,nan,1.86695868714e-16,nan,nan
21296,7.79853255766e-13,0,2.23356414865e-15,nan,nan,1.86586949232e-16,nan,nan
21300,7.76320014794e-13,0,2.2299840745e-15,nan,nan,1.86475329198e-16,nan,nan
21304,7.72766277598e-13,0,2.22640884647e-15,nan,nan,1.86362766532e-16,nan,nan
21308,7.6919228755e-13,0,2.22282225227e-15,nan,nan,1.86244996399e-16,nan,nan
21312,7.65598288817e-13,0,2.21925677705e-15,nan,nan,1.861453767e-16,nan,nan
21316,7.61984526377e-13,0,2.21566689507e-15,nan,nan,1.86013746252e-16,nan,nan
21320,7.58351246012e-13,0,2.21210242254e-15,nan,nan,1.8591467987e-16,nan,nan
21324,7.54698694271e-13,0,2.20852088155e-15,nan,nan,1.8579354562e-16,nan,nan
21328,7.5102711849e-13,0,2.20494547545e-15,nan,nan,1.85697414837e-16,nan,nan
21332,7.47336766766e-13,0,2.2013798615e-15,nan,nan,1.8557568744e-16,nan,nan
21336,7.43627887978e-13,0,2.19779463692e-15,nan,nan,1.8546539641e-16,nan,nan
21340,7.3990073175e-13,0,2.19422064284e-15,nan,nan,1.85353764116e-16,nan,nan
21344,7.36155548475e-13,0,2.19064895485e-15,nan,nan,1.85246388095e-16,nan,nan
21348,7.3239258928e-13,0,2.18707543632e-15,nan,nan,1.85131465727e-16,nan,nan
21352,7.28612106051e-13,0,2.18349871822e-15,nan,nan,1.85020956636e-16,nan,nan
21356,7.24814351413e-13,0,2.17993483246e-15,nan,nan,1.8491545269e-16,nan,nan
21360,7.20999578705e-13,0,2.17635749696e-15,nan,nan,1.84794542388e-16,nan,nan
21364,7.17168042057e-13,0,2.17278542932e-15,nan,nan,1.84691061517e-16,nan,nan
21368,7.13319996262e-13,0,2.16921127288e-15,nan,nan,1.84578483141e-16,nan,nan
21372,7.09455696883e-13,0,2.16563348462e-15,nan,nan,1.84479700315e-16,nan,nan
21376,7.05575400194e-13,0,2.16210001498e-15,nan,nan,1.8437529918e-16,nan,nan
21380,7.0167936322e-13,0,2.15851632365e-15,nan,nan,1.84255554364e-16,nan,nan
21384,6.97767843679e-13,0,2.15493645216e-15,nan,nan,1.84136345901e-16,nan,nan
21388,6.93841100029e-13,0,2.15138140529e-15,nan,nan,1.84034999958e-16,nan,nan
21392,6.89899391471e-13,0,2.14781265446e-15,nan,nan,1.83922437375e-16,nan,nan
21396,6.85942977889e-13,0,2.14424756677e-15,nan,nan,1.83818088652e-16,nan,nan
21400,6.81972119995e-13,0,2.14068500227e-15,nan,nan,1.83708399564e-16,nan,nan
21404,6.77987079049e-13,0,2.13711839624e-15,nan,nan,1.8360004155e-16,nan,nan
21408,6.73988117275e-13,0,2.13356442079e-15,nan,nan,1.83495932825e-16,nan,nan
21412,6.69975497478e-13,0,2.12999942385e-15,nan,nan,1.83383549699e-16,nan,nan
21416,6.65949483284e-13,0,2.12643732413e-15,nan,nan,1.83275693325e-16,nan,nan
21420,6.61910339028e-13,0,2.12288273251e-15,nan,nan,1.83167423474e-16,nan,nan
21424,6.57858329813e-13,0,2.11932498893e-15,nan,nan,1.8306791929e-16,nan,nan
21428,6.53793721559e-13,0,2.11576844119e-15,nan,nan,1.82935025314e-16,nan,nan
21432,6.49716780904e-13,0,2.11221400356e-15,nan,nan,1.82853418059e-16,nan,nan
21436,6.45627775292e-13,0,2.1086649854e-15,nan,nan,1.82743090489e-16,nan,nan
21440,6.41526972978e-13,0,2.10511375886e-15,nan,nan,1.826237847e-16,nan,nan
21444,6.3741464302e-13,0,2.10156615808e-15,nan,nan,1.82531303451e-16,nan,nan
21448,6.33291055287e-13,0,2.09801834814e-15,nan,nan,1.82424954793e-16,nan,nan
21452,6.29156480488e-13,0,2.09446655094e-15,nan,nan,1.82315234508e-16,nan,nan
21456,6.25011190201e-13,0,2.09092102535e-15,nan,nan,1.82205109566e-16,nan,nan
21460,6.2085545688e-13,0,2.08737401302e-15,nan,nan,1.82103397143e-16,nan,nan
21464,6.16689553801e-13,0,2.08384065199e-15,nan,nan,1.81993474791e-16,nan,nan
21468,6.12513755254e-13,0,2.08030057168e-15,nan,nan,1.81894692607e-16,nan,nan
21472,6.08328336364e-13,0,2.07675755158e-15,nan,nan,1.81783482941e-16,nan,nan
21476,6.04133573257e-13,0,2.0732201219e-15,nan,nan,1.81684321825e-16,nan,nan
21480,5.9992974303e-13,0,2.06967646564e-15,nan,nan,1.81571080931e-16,nan,nan
21484,5.95717123734e-13,0,2.06615533156e-15,nan,nan,1.81469228975e-16,nan,nan
21488,5.91495994504e-13,0,2.06262016446e-15,nan,nan,1.81357928702e-16,nan,nan
21492,5.87266635508e-13,0,2.05909135609e-15,nan,nan,1.81259527265e-16,nan,nan
21496,5.83029327977e-13,0,2.0555594552e-15,nan,nan,1.81151562268e-16,nan,nan
21500,5.78784354323e-13,0,2.05203604232e-15,nan,nan,1.81048127679e-16,nan,nan
21504,5.74531998006e-13,0,2.04850829997e-15,nan,nan,1.80942988139e-16,nan,nan
21508,5.70272543785e-13,0,2.04498551658e-15,nan,nan,1.80847495725e-16,nan,nan
21512,5.6600627756e-13,0,2.0414611167e-15,nan,nan,1.80735039974e-16,nan,nan
21516,5.61733486528e-13,0,2.03795189439e-15,nan,nan,1.8064139959e-16,nan,nan
21520,5.57454459211e-13,0,2.03442068355e-15,nan,nan,1.80525948466e-16,nan,nan
21524,5.53169485444e-13,0,2.03090792529e-15,nan,nan,1.80420910619e-16,nan,nan
21528,5.48878856485e-13,0,2.02739836972e-15,nan,nan,1.8032494103e-16,nan,nan
21532,5.44582865039e-13,0,2.02389038455e-15,nan,nan,1.80219417694e-16,nan,nan
21536,5.40281805309e-13,0,2.02036706473e-15,nan,nan,1.80113151533e-16,nan,nan
21540,5.35975973042e-13,0,2.01686713713e-15,nan,nan,1.80012843817e-16,nan,nan
21544,5.31665665611e-13,0,2.01334980783e-15,nan,nan,1.79915998972e-16,nan,nan
21548,5.27351182066e-13,0,2.00985154814e-15,nan,nan,1.79807516395e-16,nan,nan
21552,5.23032823169e-13,0,2.00633661835e-15,nan,nan,1.79705321993e-16,nan,nan
21556,5.18710891511e-13,0,2.00283696016e-15,nan,nan,1.79592121577e-16,nan,nan
21560,5.14385691532e-13,0,1.9993418896e-15,nan,nan,1.79499989269e-16,nan,nan
21564,5.1005752966e-13,0,1.99584678942e-15,nan,nan,1.79396953487e-16,nan,nan
21568,5.05726714294e-13,0,1.99234254294e-15,nan,nan,1.79293571829e-16,nan,nan
21572,5.01393555986e-13,0,1.98884472679e-15,nan,nan,1.79190338102e-16,nan,nan
21576,4.97058367453e-13,0,1.98534412842e-15,nan,nan,1.79083676681e-16,nan,nan
21580,4.92721463719e-13,0,1.9818589739e-15,nan,nan,1.78992223747e-16,nan,nan
21584,4.88383162146e-13,0,1.9783670876e-15,nan,nan,1.78895207083e-16,nan,nan
21588,4.84043782625e-13,0,1.97487842239e-15,nan,nan,1.78787752414e-16,nan,nan
21592,4.79703647578e-13,0,1.97138887327e-15,nan,nan,1.78684797786e-16,nan,nan
21596,4.75363082132e-13,0,1.96790144997e-15,nan,nan,1.78588955795e-16,nan,nan
21600,4.71022414254e-13,0,1.96441726292e-15,nan,nan,1.78484584209e-16,nan,nan
21604,4.66681974782e-13,0,1.96092398072e-15,nan,nan,1.78392048401e-16,nan,nan
21608,4.62342097651e-13,0,1.95744328383e-15,nan,nan,1.78284357155e-16,nan,nan
21612,4.58003119971e-13,0,1.95396119228e-15,nan,nan,1.78190860413e-16,nan,nan
21616,4.53665382168e-13,0,1.95047498491e-15,nan,nan,1.78094992992e-16,nan,nan
21620,4.49329228138e-13,0,1.94699794971e-15,nan,nan,1.77985101746e-16,nan,nan
21624,4.44995005448e-13,0,1.94351823778e-15,nan,nan,1.77890856109e-16,nan,nan
21628,4.40663065413e-13,0,1.94005073928e-15,nan,nan,1.77784831112e-16,nan,nan
21632,4.36333763344e-13,0,1.93657051981e-15,nan,nan,1.77691694504e-16,nan,nan
21636,4.32007458672e-13,0,1.9330890475e-15,nan,nan,1.77597896495e-16,nan,nan
21640,4.27684515193e-13,0,1.9296181306e-15,nan,nan,1.7749186148e-16,nan,nan
21644,4.23365301222e-13,0,1.92614510252e-15,nan,nan,1.77397902639e-16,nan,nan
21648,4.19050189824e-13,0,1.92267466996e-15,nan,nan,1.77299329407e-16,nan,nan
21652,4.14739559008e-13,0,1.91919555182e-15,nan,nan,1.77201937399e-16,nan,nan
21656,4.10433792022e-13,0,1.91572175706e-15,nan,nan,1.77099010381e-16,nan,nan
21660,4.06133277523e-13,0,1.91224705957e-15,nan,nan,1.76997974363e-16,nan,nan
21664,4.01838409935e-13,0,1.90878896172e-15,nan,nan,1.7689819245e-16,nan,nan
21668,3.97549589548e-13,0,1.90532307195e-15,nan,nan,1.76817608562e-16,nan,nan
21672,3.93267223012e-13,0,1.90185861029e-15,nan,nan,1.76709369193e-16,nan,nan
21676,3.88991723478e-13,0,1.89837421781e-15,nan,nan,1.76612493652e-16,nan,nan
21680,3.84723511019e-13,0,1.89491388904e-15,nan,nan,1.76515412346e-16,nan,nan
21684,3.80463012891e-13,0,1.8914485151e-15,nan,nan,1.76406529039e-16,nan,nan
21688,3.76210663933e-13,0,1.88799447629e-15,nan,nan,1.76332672406e-16,nan,nan
21692,3.71966906909e-13,0,1.88452197806e-15,nan,nan,1.76221902223e-16,nan,nan
21696,3.67732192911e-13,0,1.88105640467e-15,nan,nan,1.76126108852e-16,nan,nan
21700,3.63506981812e-13,0,1.87760420721e-15,nan,nan,1.76032593706e-16,nan,nan
21704,3.59291742582e-13,0,1.87413645693e-15,nan,nan,1.75935867285e-16,nan,nan
21708,3.55086953928e-13,0,1.87067790837e-15,nan,nan,1.75834204807e-16,nan,nan
21712,3.50893104551e-13,0,1.86721176077e-15,nan,nan,1.7573563772e-16,nan,nan
21716,3.46710693884e-13,0,1.86374571138e-15,nan,nan,1.75654226311e-16,nan,nan
21720,3.42540232442e-13,0,1.8602937392e-15,nan,nan,1.75546598943e-16,nan,nan
21724,3.38382242526e-13,0,1.85684416138e-15,nan,nan,1.75455236582e-16,nan,nan
21728,3.3423725871e-13,0,1.85338483232e-15,nan,nan,1.75360315996e-16,nan,nan
21732,3.30105828544e-13,0,1.84992736004e-15,nan,nan,1.75259914245e-16,nan,nan
21736,3.25988513169e-13,0,1.8464711866e-15,nan,nan,1.75172794365e-16,nan,nan
21740,3.21885888057e-13,0,1.84301770009e-15,nan,nan,1.75075390463e-16,nan,nan
21744,3.17798543639e-13,0,1.8395626653e-15,nan,nan,1.74982938703e-16,nan,nan
21748,3.13727086259e-13,0,1.8361110061e-15,nan,nan,1.74889318487e-16,nan,nan
21752,3.09672138798e-13,0,1.8326464488e-15,nan,nan,1.74793183282e-16,nan,nan
21756,3.05634341629e-13,0,1.82919582639e-15,nan,nan,1.74697057466e-16,nan,nan
21760,3.01614353498e-13,0,1.82574471464e-15,nan,nan,1.74610358317e-16,nan,nan
21764,2.97612852434e-13,0,1.82229650325e-15,nan,nan,1.7451585728e-16,nan,nan
21768,2.93630536802e-13,0,1.81884215606e-15,nan,nan,1.74420875861e-16,nan,nan
21772,2.89668126259e-13,0,1.81539894778e-15,nan,nan,1.74334619005e-16,nan,nan
21776,2.85726362907e-13,0,1.81195625804e-15,nan,nan,1.74229914772e-16,nan,nan
21780,2.81806012419e-13,0,1.80849703991e-15,nan,nan,1.74134995274e-16,nan,nan
21784,2.77907865191e-13,0,1.80506020073e-15,nan,nan,1.74052406445e-16,nan,nan
21788,2.74032737651e-13,0,1.80160581306e-15,nan,nan,1.73953017426e-16,nan,nan
21792,2.70181473522e-13,0,1.79816180547e-15,nan,nan,1.73858065428e-16,nan,nan
21796,2.66354945181e-13,0,1.79471486145e-15,nan,nan,1.73769216941e-16,nan,nan
21800,2.62554055096e-13,0,1.79127467538e-15,nan,nan,1.73671225572e-16,nan,nan
21804,2.58779737243e-13,0,1.7878354879e-15,nan,nan,1.73577845661e-16,nan,nan
21808,2.55032958685e-13,0,1.78438852808e-15,nan,nan,1.73491761336e-16,nan,nan
21812,2.51314721106e-13,0,1.78093350805e-15,nan,nan,1.73406278716e-16,nan,nan
21816,2.47626062419e-13,0,1.77751353838e-15,nan,nan,1.73304709302e-16,nan,nan
21820,2.43968058501e-13,0,1.77407522976e-15,nan,nan,1.73213590851e-16,nan,nan
21824,2.40341824772e-13,0,1.77063627117e-15,nan,nan,1.73124380766e-16,nan,nan
21828,2.36748518098e-13,0,1.76720206362e-15,nan,nan,1.73032889328e-16,nan,nan
21832,2.33189338388e-13,0,1.76375790208e-15,nan,nan,1.72948777398e-16,nan,nan
21836,2.29665530469e-13,0,1.76033063775e-15,nan,nan,1.72847680294e-16,nan,nan
21840,2.26178385888e-13,0,1.75689922197e-15,nan,nan,1.72758648023e-16,nan,nan
21844,2.22729244618e-13,0,1.75347057814e-15,nan,nan,1.72666366203e-16,nan,nan
21848,2.19319496795e-13,0,1.75003658861e-15,nan,nan,1.72576029638e-16,nan,nan
21852,2.1595058443e-13,0,1.74660711012e-15,nan,nan,1.72484379331e-16,nan,nan
21856,2.12624003084e-13,0,1.74317968205e-15,nan,nan,1.72403748853e-16,nan,nan
21860,2.09341303342e-13,0,1.73975552298e-15,nan,nan,1.7230838599e-16,nan,nan
21864,2.0610409219e-13,0,1.7363275868e-15,nan,nan,1.72219196368e-16,nan,nan
21868,2.02914034217e-13,0,1.73289269686e-15,nan,nan,1.72131224165e-16,nan,nan
21872,1.99772852681e-13,0,1.72947092224e-15,nan,nan,1.72048471166e-16,nan,nan
21876,1.96682330255e-13,0,1.72606595434e-15,nan,nan,1.71948640494e-16,nan,nan
21880,1.93644309466e-13,0,1.72263187519e-15,nan,nan,1.71861570532e-16,nan,nan
21884,1.90660692669e-13,0,1.71921410573e-15,nan,nan,1.71774167317e-16,nan,nan
21888,1.87733441945e-13,0,1.71580225886e-15,nan,nan,1.71686357484e-16,nan,nan
21892,1.84864578021e-13,0,1.7123741645e-15,nan,nan,1.71593897604e-16,nan,nan
21896,1.8205617896e-13,0,1.70896124665e-15,nan,nan,1.71507046348e-16,nan,nan
21900,1.79310378124e-13,0,1.70554274118e-15,nan,nan,1.71416538994e-16,nan,nan
21904,1.76629361283e-13,0,1.70212796385e-15,nan,nan,1.71332322613e-16,nan,nan
21908,1.74015363117e-13,0,1.69872138212e-15,nan,nan,1.71240589914e-16,nan,nan
21912,1.71470662602e-13,0,1.69531818893e-15,nan,nan,1.71156918598e-16,nan,nan
21916,1.68997577562e-13,0,1.69190221004e-15,nan,nan,1.71071449775e-16,nan,nan
21920,1.6659845808e-13,0,1.68848224721e-15,nan,nan,1.70982185909e-16,nan,nan
21924,1.64275678788e-13,0,1.68507051339e-15,nan,nan,1.70896330677e-16,nan,nan
21928,1.62031629944e-13,0,1.68166673797e-15,nan,nan,1.70795541495e-16,nan,nan
21932,1.59868707251e-13,0,1.67825914554e-15,nan,nan,1.707232432e-16,nan,nan
21936,1.57789300409e-13,0,1.67485482956e-15,nan,nan,1.70624205739e-16,nan,nan
21940,1.5579578034e-13,0,1.67145935535e-15,nan,nan,1.70535107684e-16,nan,nan
21944,1.53890485211e-13,0,1.66805155096e-15,nan,nan,1.70456401849e-16,nan,nan
21948,1.52075705162e-13,0,1.66465638715e-15,nan,nan,1.70368781498e-16,nan,nan
21952,1.50353665989e-13,0,1.66125119762e-15,nan,nan,1.70285402349e-16,nan,nan
21956,1.487265118e-13,0,1.65785044576e-15,nan,nan,1.70197564699e-16,nan,nan
21960,1.471962869e-13,0,1.65445396083e-15,nan,nan,1.70114994504e-16,nan,nan
21964,1.45764917121e-13,0,1.65106217847e-15,nan,nan,1.70023506822e-16,nan,nan
21968,1.44434190768e-13,0,1.64766309812e-15,nan,nan,1.69932601851e-16,nan,nan
21972,1.43205739681e-13,0,1.64426924588e-15,nan,nan,1.69857093623e-16,nan,nan
21976,1.42081020519e-13,0,1.64087371414e-15,nan,nan,1.6976648471e-16,nan,nan
21980,1.41061296936e-13,0,1.63747989171e-15,nan,nan,1.69686863581e-16,nan,nan
21984,1.40147622695e-13,0,1.63408420659e-15,nan,nan,1.69594848305e-16,nan,nan
21988,1.39340826353e-13,0,1.63069150436e-15,nan,nan,1.69522864934e-16,nan,nan
21992,1.38641497823e-13,0,1.62730436641e-15,nan,nan,1.69427080529e-16,nan,nan
21996,1.38049977251e-13,0,1.6239279038e-15,nan,nan,1.69354089122e-16,nan,nan
22000,1.37566346146e-13,0,1.62052627259e-15,nan,nan,1.69257577794e-16,nan,nan
22004,1.37190421825e-13,0,1.61713382099e-15,nan,nan,1.69173434883e-16,nan,nan
22008,1.36921754138e-13,0,1.61375123418e-15,nan,nan,1.69090392719e-16,nan,nan
22012,1.36759625964e-13,0,1.61037420768e-15,nan,nan,1.68999176241e-16,nan,nan
22016,1.36703056431e-13,0,1.60698365034e-15,nan,nan,1.68934663666e-16,nan,nan
22020,1.36750807246e-13,0,1.60359389952e-15,nan,nan,1.68846023313e-16,nan,nan
22024,1.36901392058e-13,0,1.60022783041e-15,nan,nan,1.68762631696e-16,nan,nan
22028,1.37153088407e-13,0,1.59685335076e-15,nan,nan,1.68682891264e-16,nan,nan
22032,1.37503952092e-13,0,1.59346598399e-15,nan,nan,1.68590517899e-16,nan,nan
22036,1.37951833684e-13,0,1.59006960722e-15,nan,nan,1.68505871926e-16,nan,nan
22040,1.38494396577e-13,0,1.58669016368e-15,nan,nan,1.68433596489e-16,nan,nan
22044,1.39129136535e-13,0,1.58331898087e-15,nan,nan,1.68348722982e-16,nan,nan
22048,1.39853401874e-13,0,1.57994365031e-15,nan,nan,1.68259780751e-16,nan,nan
22052,1.40664414314e-13,0,1.57655960386e-15,nan,nan,1.68180429231e-16,nan,nan
22056,1.41559289758e-13,0,1.57317875101e-15,nan,nan,1.68102247973e-16,nan,nan
22060,1.42535058945e-13,0,1.56980024675e-15,nan,nan,1.68009326788e-16,nan,nan
22064,1.43588687371e-13,0,1.56643597929e-15,nan,nan,1.67933589576e-16,nan,nan
22068,1.44717094506e-13,0,1.56305112259e-15,nan,nan,1.67860725489e-16,nan,nan
22072,1.45917171844e-13,0,1.55968935452e-15,nan,nan,1.67774959044e-16,nan,nan
22076,1.47185799741e-13,0,1.55630173507e-15,nan,nan,1.67682775654e-16,nan,nan
22080,1.48519862909e-13,0,1.55293193283e-15,nan,nan,1.67610161825e-16,nan,nan
22084,1.49916264461e-13,0,1.54956268348e-15,nan,nan,1.6752632308e-16,nan,nan
22088,1.51371938419e-13,0,1.54620033767e-15,nan,nan,1.67456307183e-16,nan,nan
22092,1.52883860869e-13,0,1.54283217876e-15,nan,nan,1.67365844218e-16,nan,nan
22096,1.54449059524e-13,0,1.53945806875e-15,nan,nan,1.67290186877e-16,nan,nan
22100,1.5606462192e-13,0,1.53608439744e-15,nan,nan,1.67207509133e-16,nan,nan
22104,1.57727702465e-13,0,1.53271217769e-15,nan,nan,1.67128873072e-16,nan,nan
22108,1.59435527789e-13,0,1.52935479366e-15,nan,nan,1.67049497884e-16,nan,nan
22112,1.61185401492e-13,0,1.52597943282e-15,nan,nan,1.66969498839e-16,nan,nan
22116,1.62974707421e-13,0,1.52261524586e-15,nan,nan,1.66883446426e-16,nan,nan
22120,1.6480091221e-13,0,1.51925548699e-15,nan,nan,1.66810995127e-16,nan,nan
22124,1.66661566883e-13,0,1.51590138679e-15,nan,nan,1.66736751972e-16,nan,nan
22128,1.68554307711e-13,0,1.51251221993e-15,nan,nan,1.66642560798e-16,nan,nan
22132,1.70476856463e-13,0,1.50915901591e-15,nan,nan,1.66571445703e-16,nan,nan
22136,1.72427020063e-13,0,1.50579743683e-15,nan,nan,1.66496972249e-16,nan,nan
22140,1.74402689694e-13,0,1.50243588298e-15,nan,nan,1.66412011192e-16,nan,nan
22144,1.76401839617e-13,0,1.49908067546e-15,nan,nan,1.66334635868e-16,nan,nan
22148,1.78422525608e-13,0,1.49570576943e-15,nan,nan,1.66264881056e-16,nan,nan
22152,1.80462883029e-13,0,1.49235627819e-15,nan,nan,1.66184764952e-16,nan,nan
22156,1.82521124827e-13,0,1.48900189061e-15,nan,nan,1.66106504359e-16,nan,nan
22160,1.84595539276e-13,0,1.4856411444e-15,nan,nan,1.66020331176e-16,nan,nan
22164,1.8668448759e-13,0,1.48227841168e-15,nan,nan,1.65946744052e-16,nan,nan
22168,1.88786401495e-13,0,1.4789250329e-15,nan,nan,1.65873516035e-16,nan,nan
22172,1.90899780704e-13,0,1.47556764886e-15,nan,nan,1.65778778933e-16,nan,nan
22176,1.93023190358e-13,0,1.47221496089e-15,nan,nan,1.65715630472e-16,nan,nan
22180,1.95155258496e-13,0,1.46886637291e-15,nan,nan,1.65641223865e-16,nan,nan
22184,1.97294673602e-13,0,1.46550519116e-15,nan,nan,1.65552783171e-16,nan,nan
22188,1.99440181916e-13,0,1.46214642929e-15,nan,nan,1.65477405918e-16,nan,nan
22192,2.01590585166e-13,0,1.45880428239e-15,nan,nan,1.6541424762e-16,nan,nan
22196,2.03744738072e-13,0,1.45546144666e-15,nan,nan,1.65334834977e-16,nan,nan
22200,2.05901546064e-13,0,1.45210493876e-15,nan,nan,1.65256114647e-16,nan,nan
22204,2.08059962867e-13,0,1.44875315793e-15,nan,nan,1.65184070928e-16,nan,nan
22208,2.10218988564e-13,0,1.44542490275e-15,nan,nan,1.65106317245e-16,nan,nan
22212,2.12377667223e-13,0,1.44206950571e-15,nan,nan,1.6503466829e-16,nan,nan
22216,2.14535084994e-13,0,1.43872288412e-15,nan,nan,1.64947810285e-16,nan,nan
22220,2.16690368149e-13,0,1.43536045984e-15,nan,nan,1.64873782177e-16,nan,nan
22224,2.18842681145e-13,0,1.43202964881e-15,nan,nan,1.64807040444e-16,nan,nan
22228,2.2099122489e-13,0,1.42869522607e-15,nan,nan,1.64731423287e-16,nan,nan
22232,2.23135234988e-13,0,1.42535148912e-15,nan,nan,1.64656832494e-16,nan,nan
22236,2.25273980121e-13,0,1.42200525574e-15,nan,nan,1.64579475563e-16,nan,nan
22240,2.27406760482e-13,0,1.41866752557e-15,nan,nan,1.64506962111e-16,nan,nan
22244,2.29532906292e-13,0,1.4153269305e-15,nan,nan,1.6443515048e-16,nan,nan
22248,2.31651776352e-13,0,1.41199102139e-15,nan,nan,1.64356529184e-16,nan,nan
22252,2.33762756767e-13,0,1.40864932394e-15,nan,nan,1.64275757011e-16,nan,nan
22256,2.35865259597e-13,0,1.40531480591e-15,nan,nan,1.6420893979e-16,nan,nan
22260,2.37958721664e-13,0,1.40198308756e-15,nan,nan,1.64127717394e-16,nan,nan
22264,2.40042603414e-13,0,1.39863836341e-15,nan,nan,1.64059016152e-16,nan,nan
22268,2.42116387807e-13,0,1.39531311181e-15,nan,nan,1.63991292805e-16,nan,nan
22272,2.44179579291e-13,0,1.39198672271e-15,nan,nan,1.63918945622e-16,nan,nan
22276,2.46231702801e-13,0,1.38865288165e-15,nan,nan,1.63835680425e-16,nan,nan
22280,2.48272302811e-13,0,1.38532288802e-15,nan,nan,1.63771744026e-16,nan,nan
22284,2.50300942506e-13,0,1.3819895676e-15,nan,nan,1.63690436669e-16,nan,nan
22288,2.52317202864e-13,0,1.37866811453e-15,nan,nan,1.63610027108e-16,nan,nan
22292,2.5432068194e-13,0,1.37533902016e-15,nan,nan,1.63557336632e-16,nan,nan
22296,2.56310994029e-13,0,1.3720105482e-15,nan,nan,1.63476380895e-16,nan,nan
22300,2.5828776904e-13,0,1.36868035216e-15,nan,nan,1.63408062432e-16,nan,nan
22304,2.60250651721e-13,0,1.36536195668e-15,nan,nan,1.63339126763e-16,nan,nan
22308,2.6219930111e-13,0,1.36204319832e-15,nan,nan,1.63251317621e-16,nan,nan
22312,2.64133389854e-13,0,1.35871127812e-15,nan,nan,1.63189628592e-16,nan,nan
22316,2.66052603671e-13,0,1.35540547516e-15,nan,nan,1.63113352647e-16,nan,nan
22320,2.6795664079e-13,0,1.35206667605e-15,nan,nan,1.63050016351e-16,nan,nan
22324,2.69845211438e-13,0,1.34875487426e-15,nan,nan,1.6297811902e-16,nan,nan
22328,2.71718037313e-13,0,1.34542641243e-15,nan,nan,1.62899386771e-16,nan,nan
22332,2.73574851192e-13,0,1.3421084192e-15,nan,nan,1.6283449619e-16,nan,nan
22336,2.75415396427e-13,0,1.33879643249e-15,nan,nan,1.62761828104e-16,nan,nan
22340,2.77239426496e-13,0,1.3354779347e-15,nan,nan,1.62697565844e-16,nan,nan
22344,2.79046704708e-13,0,1.33216652922e-15,nan,nan,1.62621947778e-16,nan,nan
22348,2.80837003714e-13,0,1.32884572453e-15,nan,nan,1.62551796444e-16,nan,nan
22352,2.82610105235e-13,0,1.32553117522e-15,nan,nan,1.62491117384e-16,nan,nan
22356,2.84365799615e-13,0,1.32221005066e-15,nan,nan,1.62411046773e-16,nan,nan
22360,2.86103885659e-13,0,1.31890670745e-15,nan,nan,1.62350651023e-16,nan,nan
22364,2.87824170151e-13,0,1.31559392608e-15,nan,nan,1.62274815668e-16,nan,nan
22368,2.89526467624e-13,0,1.31228910943e-15,nan,nan,1.62215479265e-16,nan,nan
22372,2.91210600102e-13,0,1.30897097572e-15,nan,nan,1.62153138771e-16,nan,nan
22376,2.92876396881e-13,0,1.30566809992e-15,nan,nan,1.62063492031e-16,nan,nan
22380,2.94523694179e-13,0,1.30235916829e-15,nan,nan,1.61998312456e-16,nan,nan
22384,2.96152334911e-13,0,1.29904275869e-15,nan,nan,1.61929479147e-16,nan,nan
22388,2.97762168485e-13,0,1.295743178e-15,nan,nan,1.61864679312e-16,nan,nan
22392,2.99353050592e-13,0,1.29243113321e-15,nan,nan,1.61791051077e-16,nan,nan
22396,3.00924843018e-13,0,1.28912316286e-15,nan,nan,1.61728224912e-16,nan,nan
22400,3.02477413393e-13,0,1.28582302585e-15,nan,nan,1.61657228801e-16,nan,nan
22404,3.04010634889e-13,0,1.28251257155e-15,nan,nan,1.61586633678e-16,nan,nan
22408,3.05524386418e-13,0,1.27921557085e-15,nan,nan,1.61524637622e-16,nan,nan
22412,3.07018552079e-13,0,1.27589843301e-15,nan,nan,1.6145439303e-16,nan,nan
22416,3.08493021122e-13,0,1.27260046756e-15,nan,nan,1.61389116176e-16,nan,nan
22420,3.09947687808e-13,0,1.26929858587e-15,nan,nan,1.61315037208e-16,nan,nan
22424,3.1138245125e-13,0,1.26599375025e-15,nan,nan,1.61253667476e-16,nan,nan
22428,3.12797215295e-13,0,1.2626977892e-15,nan,nan,1.61186173866e-16,nan,nan
22432,3.14191888324e-13,0,1.25939069673e-15,nan,nan,1.61122698051e-16,nan,nan
22436,3.15566383184e-13,0,1.25609368895e-15,nan,nan,1.6104859482e-16,nan,nan
22440,3.16920617028e-13,0,1.25277765758e-15,nan,nan,1.60983831345e-16,nan,nan
22444,3.18254511188e-13,0,1.24949313157e-15,nan,nan,1.60926913471e-16,nan,nan
22448,3.19567991087e-13,0,1.24618378535e-15,nan,nan,1.60850870434e-16,nan,nan
22452,3.20860986122e-13,0,1.24289785958e-15,nan,nan,1.60788318105e-16,nan,nan
22456,3.22133429557e-13,0,1.2395910959e-15,nan,nan,1.60719768275e-16,nan,nan
22460,3.2338525841e-13,0,1.23629498153e-15,nan,nan,1.60660267598e-16,nan,nan
22464,3.24616413355e-13,0,1.23300158987e-15,nan,nan,1.60590908786e-16,nan,nan
22468,3.25826838668e-13,0,1.22970313106e-15,nan,nan,1.60526205818e-16,nan,nan
22472,3.27016482095e-13,0,1.2264117233e-15,nan,nan,1.60472423613e-16,nan,nan
22476,3.28185294785e-13,0,1.22311140503e-15,nan,nan,1.60393320824e-16,nan,nan
22480,3.29333231201e-13,0,1.21981870727e-15,nan,nan,1.60336867734e-16,nan,nan
22484,3.30460249048e-13,0,1.21651369579e-15,nan,nan,1.60270789756e-16,nan,nan
22488,3.31566309202e-13,0,1.21322789734e-15,nan,nan,1.60208890482e-16,nan,nan
22492,3.32651375635e-13,0,1.20993139091e-15,nan,nan,1.60145666522e-16,nan,nan
22496,3.33715415311e-13,0,1.20663757208e-15,nan,nan,1.60077736172e-16,nan,nan
22500,3.34758398211e-13,0,1.20334990799e-15,nan,nan,1.60013204513e-16,nan,nan
22504,3.35780297137e-13,0,1.20005845763e-15,nan,nan,1.59947591978e-16,nan,nan
22508,3.36781087776e-13,0,1.19676942901e-15,nan,nan,1.59890614859e-16,nan,nan
22512,3.37760748559e-13,0,1.19347286909e-15,nan,nan,1.59823560859e-16,nan,nan
22516,3.38719260636e-13,0,1.19018931948e-15,nan,nan,1.59761808828e-16,nan,nan
22520,3.39656607825e-13,0,1.18689590104e-15,nan,nan,1.5969518137e-16,nan,nan
22524,3.40572776541e-13,0,1.18361079257e-15,nan,nan,1.59629988106e-16,nan,nan
22528,3.41467755749e-13,0,1.18031324677e-15,nan,nan,1.59571713521e-16,nan,nan
22532,3.42341536941e-13,0,1.17703152895e-15,nan,nan,1.5950517694e-16,nan,nan
22536,3.43194114063e-13,0,1.17374677594e-15,nan,nan,1.5944246236e-16,nan,nan
22540,3.44025483436e-13,0,1.17045630764e-15,nan,nan,1.59381946155e-16,nan,nan
22544,3.448356438e-13,0,1.16717107255e-15,nan,nan,1.59327908346e-16,nan,nan
22548,3.45624596198e-13,0,1.16387635601e-15,nan,nan,1.59257208628e-16,nan,nan
22552,3.46392343978e-13,0,1.16060285112e-15,nan,nan,1.59197691633e-16,nan,nan
22556,3.47138892715e-13,0,1.15731576528e-15,nan,nan,1.5913019107e-16,nan,nan
22560,3.47864250198e-13,0,1.15403559336e-15,nan,nan,1.59067992671e-16,nan,nan
22564,3.48568426377e-13,0,1.15075025217e-15,nan,nan,1.59020667943e-16,nan,nan
22568,3.49251433386e-13,0,1.14746100625e-15,nan,nan,1.58960948856e-16,nan,nan
22572,3.499132854e-13,0,1.14419358516e-15,nan,nan,1.58898037162e-16,nan,nan
22576,3.50553998696e-13,0,1.14090091538e-15,nan,nan,1.588328995e-16,nan,nan
22580,3.51173591608e-13,0,1.13762106205e-15,nan,nan,1.58776364375e-16,nan,nan
22584,3.51772084428e-13,0,1.1343478093e-15,nan,nan,1.58701764073e-16,nan,nan
22588,3.52349499461e-13,0,1.13107128333e-15,nan,nan,1.58651097578e-16,nan,nan
22592,3.52905860949e-13,0,1.12779088461e-15,nan,nan,1.58585695041e-16,nan,nan
22596,3.53441195051e-13,0,1.12451042962e-15,nan,nan,1.58530902075e-16,nan,nan
22600,3.53955529805e-13,0,1.12123116194e-15,nan,nan,1.58473825947e-16,nan,nan
22604,3.54448895194e-13,0,1.11795906392e-15,nan,nan,1.58412662873e-16,nan,nan
22608,3.54921322918e-13,0,1.11469084463e-15,nan,nan,1.58347761916e-16,nan,nan
22612,3.55372846576e-13,0,1.11140290757e-15,nan,nan,1.58294386635e-16,nan,nan
22616,3.55803501535e-13,0,1.10813130535e-15,nan,nan,1.5822538938e-16,nan,nan
22620,3.56213324958e-13,0,1.10486101367e-15,nan,nan,1.58179311872e-16,nan,nan
22624,3.56602355701e-13,0,1.10158621423e-15,nan,nan,1.5811007521e-16,nan,nan
22628,3.569706344e-13,0,1.09831918597e-15,nan,nan,1.58068703804e-16,nan,nan
22632,3.57318203349e-13,0,1.09504579432e-15,nan,nan,1.57993577986e-16,nan,nan
22636,3.57645106559e-13,0,1.09178514551e-15,nan,nan,1.57937353961e-16,nan,nan
22640,3.57951389683e-13,0,1.08850615641e-15,nan,nan,1.57879616947e-16,nan,nan
22644,3.58237100002e-13,0,1.08523396387e-15,nan,nan,1.57823617845e-16,nan,nan
22648,3.5850228647e-13,0,1.08197559964e-15,nan,nan,1.57761714976e-16,nan,nan
22652,3.58746999591e-13,0,1.0787078045e-15,nan,nan,1.57712514405e-16,nan,nan
22656,3.58971291485e-13,0,1.07543577807e-15,nan,nan,1.57647140507e-16,nan,nan
22660,3.59175215836e-13,0,1.0721693251e-15,nan,nan,1.5759381138e-16,nan,nan
22664,3.59358827857e-13,0,1.06890880677e-15,nan,nan,1.57537027258e-16,nan,nan
22668,3.59522184315e-13,0,1.06564731599e-15,nan,nan,1.57485354263e-16,nan,nan
22672,3.596653435e-13,0,1.06238055042e-15,nan,nan,1.57414338422e-16,nan,nan
22676,3.59788365179e-13,0,1.05911116769e-15,nan,nan,1.57372823288e-16,nan,nan
22680,3.59891310611e-13,0,1.0558607076e-15,nan,nan,1.57307298247e-16,nan,nan
22684,3.59974242527e-13,0,1.05261055164e-15,nan,nan,1.57249711377e-16,nan,nan
22688,3.60037225104e-13,0,1.04933150529e-15,nan,nan,1.57203963575e-16,nan,nan
22692,3.60080323958e-13,0,1.04607590065e-15,nan,nan,1.57140268173e-16,nan,nan
22696,3.60103606129e-13,0,1.04281379735e-15,nan,nan,1.57095226617e-16,nan,nan
22700,3.60107140044e-13,0,1.03956767712e-15,nan,nan,1.57020669507e-16,nan,nan
22704,3.60090995559e-13,0,1.03630232385e-15,nan,nan,1.56982374223e-16,nan,nan
22708,3.60055243862e-13,0,1.03304741492e-15,nan,nan,1.5691780407e-16,nan,nan
22712,3.59999957543e-13,0,1.02980475303e-15,nan,nan,1.56866554887e-16,nan,nan
22716,3.59925210512e-13,0,1.02653977612e-15,nan,nan,1.56803901281e-16,nan,nan
22720,3.59831078025e-13,0,1.0232862725e-15,nan,nan,1.56756121963e-16,nan,nan
22724,3.59717636685e-13,0,1.02003425823e-15,nan,nan,1.56702287004e-16,nan,nan
22728,3.59584964331e-13,0,1.01677262364e-15,nan,nan,1.56649444909e-16,nan,nan
22732,3.59433140165e-13,0,1.0135261352e-15,nan,nan,1.56592994299e-16,nan,nan
22736,3.59262244633e-13,0,1.01028139346e-15,nan,nan,1.56535646342e-16,nan,nan
22740,3.59072359467e-13,0,1.00703444175e-15,nan,nan,1.56485558649e-16,nan,nan
22744,3.58863567626e-13,0,1.00377378867e-15,nan,nan,1.5642691365e-16,nan,nan
22748,3.58635953333e-13,0,1.00051913429e-15,nan,nan,1.56375882889e-16,nan,nan
22752,3.58389602025e-13,0,9.97275320812e-16,nan,nan,1.56327040483e-16,nan,nan
22756,3.58124600355e-13,0,9.94036051708e-16,nan,nan,1.56269692684e-16,nan,nan
22760,3.57841036161e-13,0,9.90781836996e-16,nan,nan,1.56218995385e-16,nan,nan
22764,3.57538998525e-13,0,9.87530490861e-16,nan,nan,1.56167177203e-16,nan,nan
22768,3.57218577605e-13,0,9.84294773625e-16,nan,nan,1.56111820217e-16,nan,nan
22772,3.56879864817e-13,0,9.81048024524e-16,nan,nan,1.56061170706e-16,nan,nan
22776,3.56522952659e-13,0,9.77808759435e-16,nan,nan,1.56007620116e-16,nan,nan
22780,3.56147934811e-13,0,9.74543341739e-16,nan,nan,1.55953743303e-16,nan,nan
22784,3.55754906035e-13,0,9.71305046711e-16,nan,nan,1.55893725252e-16,nan,nan
22788,3.55343962257e-13,0,9.68060522955e-16,nan,nan,1.55854334139e-16,nan,nan
22792,3.54915200418e-13,0,9.64827487061e-16,nan,nan,1.55801383205e-16,nan,nan
22796,3.54468718617e-13,0,9.61571728891e-16,nan,nan,1.55745593696e-16,nan,nan
22800,3.5400461599e-13,0,9.58340334056e-16,nan,nan,1.5570032942e-16,nan,nan
22804,3.53522992763e-13,0,9.55087291611e-16,nan,nan,1.55644738552e-16,nan,nan
22808,3.53023950152e-13,0,9.51855434749e-16,nan,nan,1.55596057714e-16,nan,nan
22812,3.52507590463e-13,0,9.48622633079e-16,nan,nan,1.55564488916e-16,nan,nan
22816,3.51974016997e-13,0,9.45366515735e-16,nan,nan,1.55487210245e-16,nan,nan
22820,3.51423334046e-13,0,9.42133276836e-16,nan,nan,1.55443994805e-16,nan,nan
22824,3.50855646968e-13,0,9.38884749896e-16,nan,nan,1.55392214278e-16,nan,nan
22828,3.50271062003e-13,0,9.35656060587e-16,nan,nan,1.55336010665e-16,nan,nan
22832,3.49669686441e-13,0,9.32411309366e-16,nan,nan,1.55295062463e-16,nan,nan
22836,3.49051628497e-13,0,9.29171137755e-16,nan,nan,1.55242986335e-16,nan,nan
22840,3.48416997339e-13,0,9.25929070742e-16,nan,nan,1.55187830511e-16,nan,nan
22844,3.47765903057e-13,0,9.22690726107e-16,nan,nan,1.55145045325e-16,nan,nan
22848,3.47098456677e-13,0,9.1945563319e-16,nan,nan,1.55100753885e-16,nan,nan
22852,3.46414770131e-13,0,9.16219946162e-16,nan,nan,1.55043870978e-16,nan,nan
22856,3.45714956242e-13,0,9.12983081946e-16,nan,nan,1.5499281587e-16,nan,nan
22860,3.44999128701e-13,0,9.09750495567e-16,nan,nan,1.54948449856e-16,nan,nan
22864,3.4426740211e-13,0,9.06512017366e-16,nan,nan,1.54894586792e-16,nan,nan
22868,3.43519891881e-13,0,9.03270687819e-16,nan,nan,1.54849362258e-16,nan,nan
22872,3.4275671431e-13,0,9.00048332416e-16,nan,nan,1.54783585164e-16,nan,nan
22876,3.41977986521e-13,0,8.96798895768e-16,nan,nan,1.54740219346e-16,nan,nan
22880,3.41183826424e-13,0,8.93574652703e-16,nan,nan,1.54704381957e-16,nan,nan
22884,3.40374352791e-13,0,8.90323867657e-16,nan,nan,1.54639782698e-16,nan,nan
22888,3.3954968515e-13,0,8.87103380896e-16,nan,nan,1.54606837062e-16,nan,nan
22892,3.38709943845e-13,0,8.83867066359e-16,nan,nan,1.54563721749e-16,nan,nan
22896,3.37855249973e-13,0,8.80633558127e-16,nan,nan,1.5451923204e-16,nan,nan
22900,3.36985725409e-13,0,8.77408807503e-16,nan,nan,1.54466233362e-16,nan,nan
22904,3.36101492741e-13,0,8.74166909212e-16,nan,nan,1.54420860902e-16,nan,nan
22908,3.35202675341e-13,0,8.70936545683e-16,nan,nan,1.54374415144e-16,nan,nan
22912,3.34289397284e-13,0,8.67709418057e-16,nan,nan,1.54324776611e-16,nan,nan
22916,3.3336178335e-13,0,8.64472341057e-16,nan,nan,1.54284258385e-16,nan,nan
22920,3.32419959053e-13,0,8.61250282143e-16,nan,nan,1.54235377586e-16,nan,nan
22924,3.31464050553e-13,0,8.5802121028e-16,nan,nan,1.54192841498e-16,nan,nan
22928,3.3049418473e-13,0,8.54781455845e-16,nan,nan,1.5413381906e-16,nan,nan
22932,3.29510489102e-13,0,8.5155425872e-16,nan,nan,1.54087624742e-16,nan,nan
22936,3.28513091873e-13,0,8.48332356053e-16,nan,nan,1.54053527442e-16,nan,nan
22940,3.27502121857e-13,0,8.45106546131e-16,nan,nan,1.54007342496e-16,nan,nan
22944,3.26477708535e-13,0,8.41877177279e-16,nan,nan,1.53952829262e-16,nan,nan
22948,3.25439981986e-13,0,8.38647621775e-16,nan,nan,1.53911536417e-16,nan,nan
22952,3.24389072913e-13,0,8.35416286344e-16,nan,nan,1.538738081e-16,nan,nan
22956,3.23325112617e-13,0,8.32190161659e-16,nan,nan,1.53824793396e-16,nan,nan
22960,3.22248232994e-13,0,8.28963666611e-16,nan,nan,1.53781377892e-16,nan,nan
22964,3.21158566505e-13,0,8.25733372946e-16,nan,nan,1.53735200122e-16,nan,nan
22968,3.20056246196e-13,0,8.22514647551e-16,nan,nan,1.53692493691e-16,nan,nan
22972,3.18941405648e-13,0,8.19292442937e-16,nan,nan,1.53648360151e-16,nan,nan
22976,3.17814179027e-13,0,8.16063053256e-16,nan,nan,1.53601808386e-16,nan,nan
22980,3.16674700976e-13,0,8.12839783511e-16,nan,nan,1.53561606614e-16,nan,nan
22984,3.1552310673e-13,0,8.09616341608e-16,nan,nan,1.53517129058e-16,nan,nan
22988,3.14359531985e-13,0,8.06393279337e-16,nan,nan,1.53474156515e-16,nan,nan
22992,3.13184112981e-13,0,8.03174853394e-16,nan,nan,1.53426679435e-16,nan,nan
22996,3.11996986457e-13,0,7.99953268959e-16,nan,nan,1.53386262724e-16,nan,nan
23000,3.10798289523e-13,0,7.96722567644e-16,nan,nan,1.53343351408e-16,nan,nan
23004,3.09588160025e-13,0,7.93517981283e-16,nan,nan,1.53296327938e-16,nan,nan
23008,3.08366735925e-13,0,7.90277953474e-16,nan,nan,1.53256774536e-16,nan,nan
23012,3.07134155925e-13,0,7.87073515086e-16,nan,nan,1.53212055617e-16,nan,nan
23016,3.05890559069e-13,0,7.83847328745e-16,nan,nan,1.53172541974e-16,nan,nan
23020,3.04636084792e-13,0,7.80628232566e-16,nan,nan,1.53126912682e-16,nan,nan
23024,3.03370873032e-13,0,7.77418020673e-16,nan,nan,1.53090146165e-16,nan,nan
23028,3.02095064104e-13,0,7.74197299474e-16,nan,nan,1.53044927811e-16,nan,nan
23032,3.00808798713e-13,0,7.70982211193e-16,nan,nan,1.53000386504e-16,nan,nan
23036,2.9951221801e-13,0,7.67756712579e-16,nan,nan,1.52968176109e-16,nan,nan
23040,2.98205463475e-13,0,7.64541310337e-16,nan,nan,1.52921253332e-16,nan,nan
23044,2.96888677027e-13,0,7.6132776189e-16,nan,nan,1.5288509643e-16,nan,nan
23048,2.95562000889e-13,0,7.58110930982e-16,nan,nan,1.52839569093e-16,nan,nan
23052,2.94225577695e-13,0,7.54899088373e-16,nan,nan,1.5280052882e-16,nan,nan
23056,2.92879550393e-13,0,7.51678079791e-16,nan,nan,1.52771933879e-16,nan,nan
23060,2.915240623e-13,0,7.48479540024e-16,nan,nan,1.52721276176e-16,nan,nan
23064,2.90159257049e-13,0,7.45255798056e-16,nan,nan,1.52680165346e-16,nan,nan
23068,2.88785278592e-13,0,7.42046011366e-16,nan,nan,1.5263658824e-16,nan,nan
23072,2.8740227119e-13,0,7.38827745612e-16,nan,nan,1.52589936003e-16,nan,nan
23076,2.86010379424e-13,0,7.35617496692e-16,nan,nan,1.52557884705e-16,nan,nan
23080,2.84609748135e-13,0,7.32416719583e-16,nan,nan,1.5251716707e-16,nan,nan
23084,2.83200522501e-13,0,7.29205035546e-16,nan,nan,1.52482050978e-16,nan,nan
23088,2.81782847921e-13,0,7.25986030589e-16,nan,nan,1.524436065e-16,nan,nan
23092,2.80356870096e-13,0,7.22784178348e-16,nan,nan,1.52398393871e-16,nan,nan
23096,2.78922734975e-13,0,7.19573887026e-16,nan,nan,1.52363828761e-16,nan,nan
23100,2.77480588724e-13,0,7.16364834283e-16,nan,nan,1.52320801055e-16,nan,nan
23104,2.76030577828e-13,0,7.13157812833e-16,nan,nan,1.52278779701e-16,nan,nan
23108,2.74572848889e-13,0,7.09948302059e-16,nan,nan,1.52249113539e-16,nan,nan
23112,2.7310754882e-13,0,7.0674421766e-16,nan,nan,1.52209524371e-16,nan,nan
23116,2.71634824706e-13,0,7.03531433624e-16,nan,nan,1.52166668531e-16,nan,nan
23120,2.70154823836e-13,0,7.00325215052e-16,nan,nan,1.52129997463e-16,nan,nan
23124,2.68667693683e-13,0,6.97134729983e-16,nan,nan,1.52105920245e-16,nan,nan
23128,2.67173581928e-13,0,6.93910161066e-16,nan,nan,1.52049335433e-16,nan,nan
23132,2.656726364e-13,0,6.90720815376e-16,nan,nan,1.5201962719e-16,nan,nan
23136,2.64165005111e-13,0,6.87514785146e-16,nan,nan,1.51981232624e-16,nan,nan
23140,2.62650836198e-13,0,6.8431121172e-16,nan,nan,1.51948484104e-16,nan,nan
23144,2.61130277984e-13,0,6.81102527405e-16,nan,nan,1.51909158356e-16,nan,nan
23148,2.59603478893e-13,0,6.77902921972e-16,nan,nan,1.51865228096e-16,nan,nan
23152,2.58070587482e-13,0,6.74705073172e-16,nan,nan,1.51837283978e-16,nan,nan
23156,2.56531752433e-13,0,6.71497991449e-16,nan,nan,1.51801012197e-16,nan,nan
23160,2.54987122516e-13,0,6.68301265389e-16,nan,nan,1.51759955504e-16,nan,nan
23164,2.53436846634e-13,0,6.65098651967e-16,nan,nan,1.5172274235e-16,nan,nan
23168,2.51881073726e-13,0,6.61901662096e-16,nan,nan,1.51689792833e-16,nan,nan
23172,2.50319952856e-13,0,6.58697766516e-16,nan,nan,1.51653243914e-16,nan,nan
23176,2.48753633118e-13,0,6.55499566869e-16,nan,nan,1.51620187138e-16,nan,nan
23180,2.47182263673e-13,0,6.52299315592e-16,nan,nan,1.51582340998e-16,nan,nan
23184,2.45605993748e-13,0,6.49105197813e-16,nan,nan,1.51554726787e-16,nan,nan
23188,2.44024972556e-13,0,6.4589957276e-16,nan,nan,1.51504631579e-16,nan,nan
23192,2.42439349432e-13,0,6.42694543023e-16,nan,nan,1.51477994876e-16,nan,nan
23196,2.40849273617e-13,0,6.39517244584e-16,nan,nan,1.51443629964e-16,nan,nan
23200,2.39254894456e-13,0,6.36309369299e-16,nan,nan,1.51407770932e-16,nan,nan
23204,2.37656361152e-13,0,6.33108542184e-16,nan,nan,1.51376775809e-16,nan,nan
23208,2.36053823083e-13,0,6.29920422869e-16,nan,nan,1.51344949564e-16,nan,nan
23212,2.34447429447e-13,0,6.26712167278e-16,nan,nan,1.51297401893e-16,nan,nan
23216,2.32837329499e-13,0,6.235227067e-16,nan,nan,1.51273565138e-16,nan,nan
23220,2.31223672389e-13,0,6.20327005918e-16,nan,nan,1.51239014511e-16,nan,nan
23224,2.2960660723e-13,0,6.17131793995e-16,nan,nan,1.51201964505e-16,nan,nan
23228,2.27986283091e-13,0,6.1392928742e-16,nan,nan,1.51176545874e-16,nan,nan
23232,2.26362848933e-13,0,6.10739065968e-16,nan,nan,1.51136696727e-16,nan,nan
23236,2.24736453639e-13,0,6.07544891824e-16,nan,nan,1.51102749558e-16,nan,nan
23240,2.23107246024e-13,0,6.04352063394e-16,nan,nan,1.51072593106e-16,nan,nan
23244,2.21475374729e-13,0,6.01161642775e-16,nan,nan,1.51037266455e-16,nan,nan
23248,2.1984098834e-13,0,5.97967645317e-16,nan,nan,1.51005050468e-16,nan,nan
23252,2.18204235268e-13,0,5.9478010756e-16,nan,nan,1.50978196532e-16,nan,nan
23256,2.16565263803e-13,0,5.91574512786e-16,nan,nan,1.50943989473e-16,nan,nan
23260,2.14924222075e-13,0,5.88391404749e-16,nan,nan,1.50915604886e-16,nan,nan
23264,2.13281258067e-13,0,5.85192669673e-16,nan,nan,1.50882359535e-16,nan,nan
23268,2.11636519562e-13,0,5.82004836694e-16,nan,nan,1.50850060264e-16,nan,nan
23272,2.09990154171e-13,0,5.78810510885e-16,nan,nan,1.50821823299e-16,nan,nan
23276,2.08342309306e-13,0,5.75614698785e-16,nan,nan,1.50791625627e-16,nan,nan
23280,2.06693132194e-13,0,5.72427012979e-16,nan,nan,1.50753947595e-16,nan,nan
23284,2.05042769798e-13,0,5.69235573729e-16,nan,nan,1.50725043752e-16,nan,nan
23288,2.03391368898e-13,0,5.66051136006e-16,nan,nan,1.50690768689e-16,nan,nan
23292,2.01739076009e-13,0,5.62856860028e-16,nan,nan,1.50664736148e-16,nan,nan
23296,2.00086037417e-13,0,5.59669225025e-16,nan,nan,1.50636255577e-16,nan,nan
23300,1.98432399085e-13,0,5.56479471971e-16,nan,nan,1.50601025459e-16,nan,nan
23304,1.96778306805e-13,0,5.5328532946e-16,nan,nan,1.50571900147e-16,nan,nan
23308,1.95123905981e-13,0,5.50102829115e-16,nan,nan,1.50541555223e-16,nan,nan
23312,1.93469341805e-13,0,5.46904992419e-16,nan,nan,1.50505804243e-16,nan,nan
23316,1.91814759114e-13,0,5.43730306474e-16,nan,nan,1.50488325088e-16,nan,nan
23320,1.90160302449e-13,0,5.4053581964e-16,nan,nan,1.50453518377e-16,nan,nan
23324,1.88506116001e-13,0,5.37342797169e-16,nan,nan,1.50431084246e-16,nan,nan
23328,1.86852343662e-13,0,5.3416180205e-16,nan,nan,1.50397733283e-16,nan,nan
23332,1.85199128944e-13,0,5.30976698798e-16,nan,nan,1.50363073401e-16,nan,nan
23336,1.83546614991e-13,0,5.27789068618e-16,nan,nan,1.50338354363e-16,nan,nan
23340,1.81894944619e-13,0,5.24601853758e-16,nan,nan,1.50309629205e-16,nan,nan
23344,1.80244260218e-13,0,5.21417919526e-16,nan,nan,1.50279412985e-16,nan,nan
23348,1.78594703796e-13,0,5.18228406171e-16,nan,nan,1.50257668182e-16,nan,nan
23352,1.76946416973e-13,0,5.1504913478e-16,nan,nan,1.50220978381e-16,nan,nan
23356,1.75299540921e-13,0,5.11860412844e-16,nan,nan,1.501958646e-16,nan,nan
23360,1.73654216456e-13,0,5.08680849542e-16,nan,nan,1.50165285952e-16,nan,nan
23364,1.7201058386e-13,0,5.05491600863e-16,nan,nan,1.50139634589e-16,nan,nan
23368,1.70368783055e-13,0,5.02306237536e-16,nan,nan,1.50114536444e-16,nan,nan
23372,1.68728953453e-13,0,4.99143537336e-16,nan,nan,1.50078943448e-16,nan,nan
23376,1.67091234018e-13,0,4.95932902461e-16,nan,nan,1.50059736059e-16,nan,nan
23380,1.65455763214e-13,0,4.92760037798e-16,nan,nan,1.50030507237e-16,nan,nan
23384,1.63822679062e-13,0,4.89585084569e-16,nan,nan,1.50000336561e-16,nan,nan
23388,1.6219211903e-13,0,4.86393373912e-16,nan,nan,1.49977284258e-16,nan,nan
23392,1.60564220105e-13,0,4.83213034021e-16,nan,nan,1.49947571663e-16,nan,nan
23396,1.5893911873e-13,0,4.80032605713e-16,nan,nan,1.49927186919e-16,nan,nan
23400,1.57316950862e-13,0,4.76845436438e-16,nan,nan,1.4990034989e-16,nan,nan
23404,1.55697851828e-13,0,4.73668666672e-16,nan,nan,1.49878468925e-16,nan,nan
23408,1.54081956491e-13,0,4.70490163971e-16,nan,nan,1.4984737335e-16,nan,nan
23412,1.52469399114e-13,0,4.67308791902e-16,nan,nan,1.49822106823e-16,nan,nan
23416,1.50860313357e-13,0,4.64135140439e-16,nan,nan,1.49800386083e-16,nan,nan
23420,1.49254832343e-13,0,4.60947036216e-16,nan,nan,1.49771769751e-16,nan,nan
23424,1.4765308856e-13,0,4.57775057387e-16,nan,nan,1.49742761185e-16,nan,nan
23428,1.46055213925e-13,0,4.54587727002e-16,nan,nan,1.49720969271e-16,nan,nan
23432,1.44461339663e-13,0,4.51410920397e-16,nan,nan,1.49695216525e-16,nan,nan
23436,1.42871596462e-13,0,4.48215532346e-16,nan,nan,1.49673351609e-16,nan,nan
23440,1.41286114312e-13,0,4.45065962592e-16,nan,nan,1.49643233483e-16,nan,nan
23444,1.39705022559e-13,0,4.41879645883e-16,nan,nan,1.49639768795e-16,nan,nan
23448,1.38128449891e-13,0,4.38698288703e-16,nan,nan,1.49606219359e-16,nan,nan
23452,1.36556524342e-13,0,4.3553258699e-16,nan,nan,1.4958007772e-16,nan,nan
23456,1.3498937323e-13,0,4.323560289e-16,nan,nan,1.49551846298e-16,nan,nan
23460,1.33427123191e-13,0,4.29171815715e-16,nan,nan,1.49537168736e-16,nan,nan
23464,1.31869900137e-13,0,4.25995492726e-16,nan,nan,1.49504430547e-16,nan,nan
23468,1.30317829298e-13,0,4.22825338017e-16,nan,nan,1.49487495456e-16,nan,nan
23472,1.28771035144e-13,0,4.19653777351e-16,nan,nan,1.4945656372e-16,nan,nan
23476,1.27229641407e-13,0,4.16473793055e-16,nan,nan,1.49442889041e-16,nan,nan
23480,1.25693771056e-13,0,4.13305061692e-16,nan,nan,1.49419205401e-16,nan,nan
23484,1.24163546326e-13,0,4.10130357902e-16,nan,nan,1.49389976807e-16,nan,nan
23488,1.2263908863e-13,0,4.06949503811e-16,nan,nan,1.4937463464e-16,nan,nan
23492,1.21120518625e-13,0,4.03787151354e-16,nan,nan,1.49350294686e-16,nan,nan
23496,1.19607956197e-13,0,4.00612474139e-16,nan,nan,1.49326603801e-16,nan,nan
23500,1.18101520249e-13,0,3.97444999323e-16,nan,nan,1.49308914013e-16,nan,nan
23504,1.16601329104e-13,0,3.94269097011e-16,nan,nan,1.49281992153e-16,nan,nan
23508,1.15107499986e-13,0,3.91102520121e-16,nan,nan,1.49267290401e-16,nan,nan
23512,1.1362014952e-13,0,3.87930059807e-16,nan,nan,1.49239318833e-16,nan,nan
23516,1.12139393288e-13,0,3.84763558667e-16,nan,nan,1.49226170924e-16,nan,nan
23520,1.10665346038e-13,0,3.81584405104e-16,nan,nan,1.49200872989e-16,nan,nan
23524,1.09198121616e-13,0,3.78415374568e-16,nan,nan,1.49177908329e-16,nan,nan
23528,1.07737832963e-13,0,3.75242413986e-16,nan,nan,1.49159259382e-16,nan,nan
23532,1.06284592096e-13,0,3.72080022016e-16,nan,nan,1.49142337845e-16,nan,nan
23536,1.04838510092e-13,0,3.68911315259e-16,nan,nan,1.49121328306e-16,nan,nan
23540,1.03399697051e-13,0,3.65741859365e-16,nan,nan,1.49101034746e-16,nan,nan
23544,1.01968262145e-13,0,3.62575765795e-16,nan,nan,1.49084149836e-16,nan,nan
23548,1.00544313511e-13,0,3.5941085364e-16,nan,nan,1.49060151704e-16,nan,nan
23552,9.91279583072e-14,0,3.56239419094e-16,nan,nan,1.49042853346e-16,nan,nan
23556,9.77193026644e-14,0,3.53069865772e-16,nan,nan,1.49022228342e-16,nan,nan
23560,9.63184516693e-14,0,3.49903746048e-16,nan,nan,1.490092641e-16,nan,nan
23564,9.49255093782e-14,0,3.46747572554e-16,nan,nan,1.48980140027e-16,nan,nan
23568,9.35405787261e-14,0,3.4357271593e-16,nan,nan,1.48965023819e-16,nan,nan
23572,9.21637615972e-14,0,3.40419690772e-16,nan,nan,1.48934435742e-16,nan,nan
23576,9.07951587562e-14,0,3.37255644536e-16,nan,nan,1.4892857509e-16,nan,nan
23580,8.94348697998e-14,0,3.34083350956e-16,nan,nan,1.48908364823e-16,nan,nan
23584,8.80829932083e-14,0,3.30925084707e-16,nan,nan,1.48889695307e-16,nan,nan
23588,8.67396262901e-14,0,3.2775715111e-16,nan,nan,1.48877332961e-16,nan,nan
23592,8.54048651401e-14,0,3.24590676877e-16,nan,nan,1.48858892503e-16,nan,nan
23596,8.40788046303e-14,0,3.21426221336e-16,nan,nan,1.48837176184e-16,nan,nan
23600,8.27615384229e-14,0,3.18269492032e-16,nan,nan,1.48822623578e-16,nan,nan
23604,8.14531588579e-14,0,3.15107804541e-16,nan,nan,1.488045544e-16,nan,nan
23608,8.01537570601e-14,0,3.11949839847e-16,nan,nan,1.48791288215e-16,nan,nan
23612,7.88634227941e-14,0,3.08788968377e-16,nan,nan,1.48763750156e-16,nan,nan
23616,7.75822444832e-14,0,3.05625125518e-16,nan,nan,1.48758314569e-16,nan,nan
23620,7.63103092197e-14,0,3.0246289715e-16,nan,nan,1.48736077695e-16,nan,nan
23624,7.50477026592e-14,0,2.99315890867e-16,nan,nan,1.48701154089e-16,nan,nan
23628,7.37945090492e-14,0,2.96160184656e-16,nan,nan,1.48605265708e-16,nan,nan
23632,7.25508112146e-14,0,2.9299996966e-16,nan,nan,1.48692234759e-16,nan,nan
23636,7.13166904485e-14,0,2.89835116907e-16,nan,nan,1.48673415516e-16,nan,nan
23640,7.0092226551e-14,0,2.86675272788e-16,nan,nan,1.48657133754e-16,nan,nan
23644,6.88774978144e-14,0,2.83520662735e-16,nan,nan,1.48638241056e-16,nan,nan
23648,6.76725808823e-14,0,2.80364694117e-16,nan,nan,1.48627118207e-16,nan,nan
23652,6.64775508227e-14,0,2.77201050106e-16,nan,nan,1.48609816276e-16,nan,nan
23656,6.52924810651e-14,0,2.74052936262e-16,nan,nan,1.48597250561e-16,nan,nan
23660,6.41174433043e-14,0,2.70893250094e-16,nan,nan,1.4857964094e-16,nan,nan
23664,6.29525075996e-14,0,2.67737248398e-16,nan,nan,1.48571563227e-16,nan,nan
23668,6.17977421204e-14,0,2.64585701552e-16,nan,nan,1.48553309702e-16,nan,nan
23672,6.06532133503e-14,0,2.61436274779e-16,nan,nan,1.48532984656e-16,nan,nan
23676,5.95189858419e-14,0,2.58276859779e-16,nan,nan,1.4852205494e-16,nan,nan
23680,5.83951223257e-14,0,2.55126197589e-16,nan,nan,1.48510560021e-16,nan,nan
23684,5.72816835284e-14,0,2.51975872108e-16,nan,nan,1.48501984826e-16,nan,nan
23688,5.61787282589e-14,0,2.48836086808e-16,nan,nan,1.48484033458e-16,nan,nan
23692,5.50863132587e-14,0,2.45671762781e-16,nan,nan,1.48470127126e-16,nan,nan
23696,5.40044932021e-14,0,2.42533027713e-16,nan,nan,1.48458849623e-16,nan,nan
23700,5.29333206598e-14,0,2.39386616793e-16,nan,nan,1.48441931425e-16,nan,nan
23704,5.18728459788e-14,0,2.36225651143e-16,nan,nan,1.48431556827e-16,nan,nan
23708,5.08231173341e-14,0,2.33086452441e-16,nan,nan,1.48417436609e-16,nan,nan
23712,4.97841805546e-14,0,2.29944252224e-16,nan,nan,1.48408353799e-16,nan,nan
23716,4.87560791603e-14,0,2.26787210111e-16,nan,nan,1.48380123136e-16,nan,nan
23720,4.77388542686e-14,0,2.23649805204e-16,nan,nan,1.48382885812e-16,nan,nan
23724,4.6732544544e-14,0,2.20508633755e-16,nan,nan,1.48366501958e-16,nan,nan
23728,4.57371861152e-14,0,2.17361614529e-16,nan,nan,1.4835797523e-16,nan,nan
23732,4.47528125531e-14,0,2.14221050622e-16,nan,nan,1.483494805e-16,nan,nan
23736,4.37794547745e-14,0,2.11078488921e-16,nan,nan,1.48332355372e-16,nan,nan
23740,4.28171410087e-14,0,2.07936097532e-16,nan,nan,1.48321947458e-16,nan,nan
23744,4.18658966869e-14,0,2.04799985149e-16,nan,nan,1.48312442086e-16,nan,nan
23748,4.09257444523e-14,0,2.01670199627e-16,nan,nan,1.48302662358e-16,nan,nan
23752,3.9996704018e-14,0,1.98522492431e-16,nan,nan,1.48292518292e-16,nan,nan
23756,3.90787921344e-14,0,1.95391312288e-16,nan,nan,1.48277675654e-16,nan,nan
23760,3.81720225805e-14,0,1.92258363416e-16,nan,nan,1.48265090691e-16,nan,nan
23764,3.72764059369e-14,0,1.89119875054e-16,nan,nan,1.48260806811e-16,nan,nan
23768,3.63919497522e-14,0,1.85994603733e-16,nan,nan,1.48244903653e-16,nan,nan
23772,3.55186582911e-14,0,1.82861093014e-16,nan,nan,1.48247500322e-16,nan,nan
23776,3.46565325649e-14,0,1.79730719248e-16,nan,nan,1.4822640779e-16,nan,nan
23780,3.38055702533e-14,0,1.76608694916e-16,nan,nan,1.48218782844e-16,nan,nan
23784,3.29657656501e-14,0,1.73480427829e-16,nan,nan,1.48210749588e-16,nan,nan
23788,3.21371096356e-14,0,1.70350674777e-16,nan,nan,1.48203643517e-16,nan,nan
23792,3.13195895852e-14,0,1.6723677228e-16,nan,nan,1.48191909265e-16,nan,nan
23796,3.05131894145e-14,0,1.64119247379e-16,nan,nan,1.4818858914e-16,nan,nan
23800,2.971788948e-14,0,1.60996751553e-16,nan,nan,1.48177411229e-16,nan,nan
23804,2.89336665661e-14,0,1.57885078054e-16,nan,nan,1.48163077187e-16,nan,nan
23808,2.81604939679e-14,0,1.54807924306e-16,nan,nan,1.48143937621e-16,nan,nan
23812,2.73983413558e-14,0,1.51638033191e-16,nan,nan,1.48100131575e-16,nan,nan
23816,2.66471749574e-14,0,1.485383853e-16,nan,nan,1.48158319492e-16,nan,nan
23820,2.59069575047e-14,0,1.45451434656e-16,nan,nan,1.48119405603e-16,nan,nan
23824,2.5177648281e-14,0,1.42335657349e-16,nan,nan,1.48125432056e-16,nan,nan
23828,2.4459203387e-14,0,1.39247281883e-16,nan,nan,1.48123251027e-16,nan,nan
23832,2.37515756409e-14,0,1.36146394675e-16,nan,nan,1.48108988397e-16,nan,nan
23836,2.30547149319e-14,0,1.33049741091e-16,nan,nan,1.4809564121e-16,nan,nan
23840,2.23685683276e-14,0,1.29959769986e-16,nan,nan,1.48094395594e-16,nan,nan
23844,2.16930804088e-14,0,1.26873561522e-16,nan,nan,1.48083646039e-16,nan,nan
23848,2.10281935326e-14,0,1.23788883593e-16,nan,nan,1.48082954634e-16,nan,nan
23852,2.03738482903e-14,0,1.20721582298e-16,nan,nan,1.48069870667e-16,nan,nan
23856,1.97299839369e-14,0,1.17638858432e-16,nan,nan,1.48070518915e-16,nan,nan
23860,1.90965390146e-14,0,1.1457669061e-16,nan,nan,1.48066471775e-16,nan,nan
23864,1.84734519976e-14,0,1.11510715292e-16,nan,nan,1.4805358974e-16,nan,nan
23868,1.78606621809e-14,0,1.08471177662e-16,nan,nan,1.48050056257e-16,nan,nan
23872,1.72581106195e-14,0,1.05392898067e-16,nan,nan,1.4801475461e-16,nan,nan
23876,1.66657413314e-14,0,1.02386886715e-16,nan,nan,1.48041176416e-16,nan,nan
23880,1.60835026993e-14,0,9.93370476999e-17,nan,nan,1.48036944987e-16,nan,nan
23884,1.55113490942e-14,0,9.63083549373e-17,nan,nan,1.48029085985e-16,nan,nan
23888,1.49492429372e-14,0,9.32949687377e-17,nan,nan,1.4801607917e-16,nan,nan
23892,1.43971569715e-14,0,9.02943044953e-17,nan,nan,1.48012043716e-16,nan,nan
23896,1.38550771258e-14,0,8.72972731367e-17,nan,nan,1.48013752042e-16,nan,nan
23900,1.33230057642e-14,0,8.43170730079e-17,nan,nan,1.48012274237e-16,nan,nan
23904,1.28009659073e-14,0,8.13530842523e-17,nan,nan,1.48007213395e-16,nan,nan
23908,1.22890055989e-14,0,7.84025160163e-17,nan,nan,1.4800380157e-16,nan,nan
23912,1.17872040005e-14,0,7.54620662282e-17,nan,nan,1.47995871658e-16,nan,nan
23916,1.12956779636e-14,0,7.25478205595e-17,nan,nan,1.47994922673e-16,nan,nan
23920,1.08145903168e-14,0,6.96634471306e-17,nan,nan,1.47993411433e-16,nan,nan
23924,1.03441595905e-14,0,6.67990063096e-17,nan,nan,1.47979081715e-16,nan,nan
23928,9.88467182768e-15,0,6.39459418579e-17,nan,nan,1.47991957618e-16,nan,nan
23932,9.43649461748e-15,0,6.11572890654e-17,nan,nan,1.47980368519e-16,nan,nan
23936,9.00009382793e-15,0,5.83761360891e-17,nan,nan,1.47978786781e-16,nan,nan
23940,8.57605353874e-15,0,5.56615578449e-17,nan,nan,1.47971443574e-16,nan,nan
23944,8.16509946665e-15,0,5.2983325115e-17,nan,nan,1.47974867537e-16,nan,nan
23948,7.76812619287e-15,0,5.03663796115e-17,nan,nan,1.47973930307e-16,nan,nan
23952,7.38622805064e-15,0,4.78133307906e-17,nan,nan,1.47970426378e-16,nan,nan
23956,7.02073340883e-15,0,4.53351546699e-17,nan,nan,1.47966845707e-16,nan,nan
23960,6.67324042092e-15,0,4.2950199503e-17,nan,nan,1.47964276907e-16,nan,nan
23964,6.34565163402e-15,0,4.06733789911e-17,nan,nan,1.47962272741e-16,nan,nan
23968,6.04020170143e-15,0,3.85180544849e-17,nan,nan,1.47965781951e-16,nan,nan
23972,5.75947012752e-15,0,3.65014320179e-17,nan,nan,1.47977234826e-16,nan,nan
23976,5.50636669458e-15,0,3.46851009901e-17,nan,nan,1.47963787255e-16,nan,nan
23980,5.28407454727e-15,0,3.30493782044e-17,nan,nan,1.47960901029e-16,nan,nan
23984,5.09593500218e-15,0,3.16601253179e-17,nan,nan,1.47958428721e-16,nan,nan
23988,4.94526340831e-15,0,3.05268358043e-17,nan,nan,1.47955904444e-16,nan,nan
23992,4.83509888425e-15,0,2.97005110557e-17,nan,nan,1.47961475177e-16,nan,nan
23996,4.76791326186e-15,0,2.9185809567e-17,nan,nan,1.47956611141e-16,nan,nan
24000,2.37266467296e-15,0,1.450696662e-17,nan,nan,7.39772313099e-17,nan,nan
