frequency_Hz,excitation_amplitude_N,frf_valid,piezo_1_amplitude_V,frf_1_real_V_N,frf_1_imag_V_N,piezo_2_amplitude_V,frf_2_real_V_N,frf_2_imag_V_N
0,1.4361031893e-05,0,2.36446762222e-07,nan,nan,8.40590074252e-08,nan,nan
4,1.42981764875e-05,1,2.61847936379e-07,0.0182713243588,-0.00124039737825,1.00611892501e-07,0.006988772591,-0.000819829204586
8,4.55794077705e-08,0,5.782018973e-08,nan,nan,3.64872274222e-08,nan,nan
12,4.72791204215e-08,0,5.63741356945e-08,nan,nan,3.60151371776e-08,nan,nan
16,5.02504238782e-08,0,5.78037025886e-08,nan,nan,3.64753310573e-08,nan,nan
20,5.42617146139e-08,0,5.6589735435e-08,nan,nan,3.60999243228e-08,nan,nan
24,5.93274183289e-08,0,5.74745442409e-08,nan,nan,3.63542375252e-08,nan,nan
28,6.55206008572e-08,0,5.70623001798e-08,nan,nan,3.62830528653e-08,nan,nan
32,7.29498382391e-08,0,5.70067988137e-08,nan,nan,3.61831643488e-08,nan,nan
36,8.17556165243e-08,0,5.76657766488e-08,nan,nan,3.65218147963e-08,nan,nan
40,9.21109557601e-08,0,5.63864169843e-08,nan,nan,3.59729519758e-08,nan,nan
44,1.04223483357e-07,0,5.84499630228e-08,nan,nan,3.68284298352e-08,nan,nan
48,1.18338315069e-07,0,5.56389278432e-08,nan,nan,3.57593059582e-08,nan,nan
52,1.34741559885e-07,0,5.92881970116e-08,nan,nan,3.71458967704e-08,nan,nan
56,1.53764365532e-07,0,5.48327959305e-08,nan,nan,3.56304609127e-08,nan,nan
60,1.75787431227e-07,0,6.02828959256e-08,nan,nan,3.74769415362e-08,nan,nan
64,2.01245900066e-07,1,5.38404443832e-08,-0.26721042964,0.0131866691226,3.56212023768e-08,-0.165235409539,0.0634622107318
68,2.30634518464e-07,1,6.13939790108e-08,0.261111537639,-0.0517789392973,3.78270698281e-08,0.139814614733,-0.0857446947803
72,2.64512918541e-07,1,5.32083220307e-08,-0.180101625129,0.0895939854887,3.59871608712e-08,-0.0904581718814,0.101622364952
76,3.03510840561e-07,1,6.18260500295e-08,0.175400161982,-0.103584121614,3.79784771742e-08,0.0687158807365,-0.104574285838
80,3.48333066714e-07,1,5.37349375909e-08,-0.100187055493,0.11730156413,3.72037303669e-08,-0.0261434359929,0.103555971883
84,3.99763784826e-07,1,6.13238198131e-08,0.103000460118,-0.113677207896,3.78946995741e-08,0.0126029269759,-0.0939511971424
88,4.58670042682e-07,1,5.55037673935e-08,-0.0377849053331,0.114959891753,3.96943285397e-08,0.0207401472198,0.0840202591438
92,5.26003892114e-07,1,5.9995849521e-08,0.0519243530459,-0.101555296238,3.80088850343e-08,-0.0248236144103,-0.0678620132984
96,6.02802761468e-07,1,5.87151802513e-08,0.0043251109829,0.0973075616656,4.42874348441e-08,0.0500779176001,0.053758023392
100,6.90187539429e-07,1,5.7619457493e-08,0.0205357033977,-0.0809186299035,3.97605854745e-08,-0.0460795184087,-0.0345746053426
104,7.89357810551e-07,1,6.34529799525e-08,0.0290384750523,0.0749573700394,5.32232680557e-08,0.0651856375514,0.0172366751841
108,9.01583660901e-07,1,5.42680768359e-08,0.0039005271584,-0.0600654350863,4.91000082044e-08,-0.054100887287,0.00624154195495
112,1.02819348285e-06,1,6.95317392921e-08,0.0407202911597,0.053990915011,7.39917180124e-08,0.0637826774525,-0.0333229603481
116,1.17055726309e-06,1,4.95520682077e-08,-0.00328371292023,-0.0422044809531,8.61104050199e-08,-0.0255413520028,0.0689872627704
120,1.33006495266e-06,1,7.72127965787e-08,0.0443846176941,0.0374169575779,1.0564965873e-07,-0.0168225796827,-0.0776301243067
124,1.50809970568e-06,1,4.34104131454e-08,-0.00460873460606,-0.0284134958713,1.26274759725e-07,0.0746585061077,0.037907714943
128,1.70600605048e-06,1,8.64350351518e-08,0.0438572956631,0.0253671838066,9.88314945487e-08,-0.0562379873883,0.0139049562648
132,1.9250534318e-06,1,3.62862906127e-08,-0.00293901689232,-0.0186189621259,1.01184493697e-07,0.0407412566301,-0.0332100113449
136,2.16639604319e-06,1,9.7326116997e-08,0.0414958299305,0.0172158025108,7.213503947e-08,-0.00735774345074,0.0324741549548
140,2.43103044786e-06,1,2.9472920216e-08,5.00420660394e-05,-0.0121235294148,6.95466829472e-08,0.0108921700379,-0.0264532179323
144,2.71975314614e-06,1,1.09978556229e-07,0.0386441705681,0.0119069737864,6.40760973334e-08,0.00762217626275,0.0222924591619
148,3.03312094743e-06,1,2.66703015013e-08,0.00326827012452,-0.00816306679601,5.45401385353e-08,0.003322039268,-0.0176719913239
152,3.37141767851e-06,1,1.24345923505e-07,0.0358553569729,0.00864312854106,6.42899795906e-08,0.0114982821075,0.0152125268802
156,3.7346313103e-06,1,3.22227963584e-08,0.00626602288908,-0.00593137230552,4.60624596938e-08,0.00162064057438,-0.0122269329995
160,4.12244588019e-06,1,1.40513608129e-07,0.0334080016881,0.00675968303028,6.73071664145e-08,0.0121468471331,0.010909856761
164,4.53425246172e-06,1,4.59596776656e-08,0.00888252008647,-0.00488278042922,4.16105701178e-08,0.00177355228284,-0.0090039307939
168,4.96918270335e-06,1,1.58165585284e-07,0.0312958906962,0.00580269640485,7.13920694038e-08,0.0117031821216,0.00833337777212
172,5.42616693881e-06,1,6.53903921097e-08,0.0111529523993,-0.00456472544437,4.10526774799e-08,0.00256299882689,-0.00711833182024
176,5.9040164263e-06,1,1.76978055402e-07,0.0294771797215,0.00544508285661,7.57632802398e-08,0.0108829703648,0.00679955634025
180,6.40152587827e-06,1,8.96599684882e-08,0.0131914001974,-0.00470700106604,4.49083502883e-08,0.00358129024369,-0.00603226270068
184,6.91758827216e-06,1,1.96056974646e-07,0.0278144479196,0.00544193888752,7.97236554025e-08,0.00991526359935,0.00587435187553
188,7.45130946434e-06,1,1.18860037279e-07,0.0151259122262,-0.00506548739594,5.32393173912e-08,0.00469799316446,-0.00538324544337
192,8.00210621754e-06,1,2.14396666825e-07,0.0262002730329,0.00560226110962,8.25822819465e-08,0.00887502690919,0.00526665976794
196,8.56976913173e-06,1,1.53656059055e-07,0.017081903645,-0.00544920912902,6.57073395067e-08,0.00588054346868,-0.00492009366381
200,9.15447308901e-06,1,2.30586814304e-07,0.0245286977222,0.00572713256162,8.34757646977e-08,0.00778212539788,0.00475257453418
204,9.75672347194e-06,1,1.94441861161e-07,0.0191144610412,-0.00563940658251,8.16724617511e-08,0.00709853438777,-0.00443650918566
208,1.03772370955e-05,1,2.43462718688e-07,0.0227770989582,0.00562431786797,8.16326427263e-08,0.00667902460605,0.00415603356087
212,1.10167715362e-05,1,2.41062283542e-07,0.0211972049561,-0.00542897469136,1.00302502769e-07,0.00828651927355,-0.00377174029785
216,1.16759324431e-05,1,2.52460483399e-07,0.0210137463773,0.00509374193532,7.66810997039e-08,0.00565489458655,0.00333969512768
220,1.23550008256e-05,1,2.91865883909e-07,0.0231629705329,-0.00464080508629,1.20204675972e-07,0.00931155708633,-0.00282008338532
224,1.30538259636e-05,1,2.59044589678e-07,0.0194358830262,0.00400554229355,6.98755222253e-08,0.00486127120386,0.00224083296541
228,1.37718204506e-05,1,3.43523539771e-07,0.0247359167726,-0.00321478493924,1.39291938839e-07,0.00999129692232,-0.00157241380423
232,1.45080712646e-05,1,2.6826633387e-07,0.0183410536232,0.00234876243487,6.63848684722e-08,0.00448644039835,0.000899479817412
236,1.52615485274e-05,1,3.90709608493e-07,0.0255689144141,-0.00127963698332,1.54620443811e-07,0.0101302611783,-0.000150104858478
240,1.60313601881e-05,1,2.89553200301e-07,0.0180587267569,0.000326271224261,7.57865470826e-08,0.00470043291231,-0.000504161907948
244,1.68169774454e-05,1,4.2709232909e-07,0.0253840173169,0.00079609076993,1.62772559376e-07,0.00960677894345,0.00118069062712
248,1.7618353278e-05,1,3.32668955866e-07,0.0188120199182,-0.00162361809386,1.02278247962e-07,0.00556353418621,-0.00165757513647
252,1.84358815259e-05,1,4.47151228679e-07,0.024132053391,0.00243307950218,1.6072424805e-07,0.00847362618354,0.00204973256225
256,1.92701944434e-05,1,3.99335006878e-07,0.0205222003954,-0.00287738925754,1.39772696492e-07,0.00691671494747,-0.00218393271948
260,2.01218589295e-05,1,4.50301064352e-07,0.0221742239225,0.00301828617718,1.48117764558e-07,0.00705018387254,0.00211655028953
264,2.09910820761e-05,1,4.79360373133e-07,0.0226544284091,-0.0028770167798,1.78875082187e-07,0.00832449568989,-0.001821644787
268,2.18775492506e-05,1,4.46720064874e-07,0.0202968055559,0.00223152424383,1.31988033113e-07,0.00589423754183,0.00128665541416
272,2.27804770979e-05,1,5.54161439135e-07,0.0242792197272,-0.00151041520753,2.09558899255e-07,0.0091758159962,-0.000653486026485
276,2.36988767004e-05,1,4.60905343423e-07,0.0194445580919,0.000386785974099,1.3234174338e-07,0.0055834197918,-9.93980788698e-05
280,2.46319217625e-05,1,6.036910468e-07,0.0245016464592,0.000578862413791,2.2242275218e-07,0.00899727668918,0.000766384392878
284,2.5579251678e-05,1,5.17116592941e-07,0.0201595027441,-0.00151369951037,1.65511651003e-07,0.00633902386616,-0.00129796175367
288,2.65410513386e-05,1,6.16211670197e-07,0.0231193262469,0.00213072318485,2.125442236e-07,0.00784778279147,0.00159451307888
292,2.75178481294e-05,1,6.09767007664e-07,0.022046125711,-0.00223338963817,2.167676795e-07,0.00772662658763,-0.00153357779713
296,2.85101144188e-05,1,6.03169705194e-07,0.0210598285368,0.00201851191947,1.88306124441e-07,0.00648896077277,0.00123204669843
300,2.9517884897e-05,1,7.02156860364e-07,0.0237568538934,-0.00120719873193,2.59217606832e-07,0.0087608649054,-0.000604762132701
304,3.05406134221e-05,1,6.09835610171e-07,0.0199661063492,0.000276513862705,1.82863693289e-07,0.00598707392452,-7.61331768423e-05
308,3.15773729451e-05,1,7.54374564557e-07,0.0238779705532,0.000749128392648,2.72304726038e-07,0.00859063230716,0.00075119043069
312,3.26272970628e-05,1,6.82395378825e-07,0.0208554802625,-0.0015749122124,2.25700467191e-07,0.00681204194661,-0.00120348413471
316,3.36899941421e-05,1,7.53333600636e-07,0.0222855610255,0.00183221053987,2.5180026935e-07,0.00736111891905,0.00129427982529
320,3.47656561428e-05,1,7.98082398054e-07,0.0228928930046,-0.0017017700641,2.87027683081e-07,0.00818944122449,-0.00104677631411
324,3.58547679668e-05,1,7.39863148767e-07,0.0206145941926,0.000917466524823,2.27338000472e-07,0.00632369658358,0.000461627919213
328,3.69575991814e-05,1,8.82625591972e-07,0.0238820538146,5.35578729527e-05,3.19855388433e-07,0.0086513564834,0.000239038449754
332,3.80738375627e-05,1,7.91824194727e-07,0.0207744171923,-0.000970378368144,2.55313534582e-07,0.00665548445102,-0.000819496172776
336,3.92026495948e-05,1,8.90185948363e-07,0.0226504563687,0.00160557251249,3.0351745444e-07,0.007657656843,0.00114149869482
340,4.03431449825e-05,1,9.13081642134e-07,0.0225837845885,-0.00148997442712,3.23541700363e-07,0.00796045129366,-0.000973401866175
344,4.14948953466e-05,1,8.64459996815e-07,0.0208117392626,0.000939269348562,2.70416792198e-07,0.00649768857937,0.000499622993518
348,4.26580827463e-05,1,1.00727919212e-06,0.0236127893654,5.6362666497e-05,3.6271287982e-07,0.00850037803846,0.000202669535443
352,4.38331330265e-05,1,9.20168987245e-07,0.0209687687227,-0.000998826713193,3.001192033e-07,0.00680177689516,-0.000784400948326
356,4.50201272897e-05,1,1.00952765101e-06,0.0223801174408,0.00140087475994,3.4107108219e-07,0.00751014498618,0.000996507088241
360,4.62185073954e-05,1,1.05919677211e-06,0.0228825267295,-0.00125937977161,3.766318292e-07,0.00811228703229,-0.000772021458354
364,4.74273603493e-05,1,9.89505509322e-07,0.0208590633373,0.000435099422893,3.11387154524e-07,0.00656325975687,0.000173759661358
368,4.86460401085e-05,1,1.14031258068e-06,0.0234343014135,0.000561003922903,4.05039459519e-07,0.00831118823363,0.000500714692914
372,4.98745400729e-05,1,1.0803475997e-06,0.0216288566673,-0.0011851886943,3.64495308848e-07,0.00725662715326,-0.000867059917257
376,5.11132355508e-05,1,1.1112582921e-06,0.0217041988901,0.00126627708031,3.6460948006e-07,0.00708684858539,0.000813329774919
380,5.23622314855e-05,1,1.21967940179e-06,0.0232869233565,-0.000536970878597,4.36856214068e-07,0.00833883142489,-0.000262563047855
384,5.36209796172e-05,1,1.12373864816e-06,0.0209528044796,-0.000422831940391,3.6182966957e-07,0.00673662295714,-0.000390169146507
388,5.48885852242e-05,1,1.2453382638e-06,0.0226617692428,0.00110049440704,4.28226087891e-07,0.00775994597068,0.000806397348421
392,5.61644947992e-05,1,1.27329722918e-06,0.0226422447134,-0.00113864425343,4.47731590249e-07,0.00793890983815,-0.000723294920286
396,5.7448808886e-05,1,1.21140209589e-06,0.021083122132,0.000384915680604,3.87303392202e-07,0.0067394625378,0.000174187659338
400,5.87418477123e-05,1,1.36473140197e-06,0.0232257476106,0.00056810335588,4.81674884657e-07,0.00818599980934,0.000476549276728
404,6.00434520329e-05,1,1.32119958339e-06,0.021976562483,-0.00109966219885,4.51535871e-07,0.00748045517279,-0.00077166882834
408,6.13528481844e-05,1,1.31975712254e-06,0.0214920096219,0.000902132030304,4.30180237083e-07,0.0069898452543,0.000551615293389
412,6.26692619437e-05,1,1.45935434056e-06,0.0232865962751,2.00107415529e-05,5.19739712367e-07,0.00829277174716,0.000100057423115
416,6.39925373167e-05,1,1.37741472283e-06,0.0215080096812,-0.000845320387614,4.5952230713e-07,0.00715325265275,-0.00062922082731
420,6.53229691433e-05,1,1.43314148338e-06,0.0219154883546,0.00102230395246,4.77686771409e-07,0.00728074134942,0.000682842307222
424,6.66605437685e-05,1,1.54557936201e-06,0.0231821883691,-0.000410349467221,5.50282729861e-07,0.00825276262109,-0.000192144529116
428,6.80045822576e-05,1,1.45333822222e-06,0.0213633631878,-0.00057799811619,4.78337139499e-07,0.00701939980119,-0.000451348324801
432,6.93542833897e-05,1,1.54705197926e-06,0.0222831994793,0.001019502689,5.2402148648e-07,0.00752313955884,0.000700901496404
436,7.07094384428e-05,1,1.63104300226e-06,0.023060031131,-0.000560245995309,5.7876420586e-07,0.00817861427757,-0.000325912221378
440,7.20703109366e-05,1,1.53564741445e-06,0.0213051637723,-0.000324084524587,5.03074634735e-07,0.00697400149776,-0.000297196477494
444,7.34368326876e-05,1,1.64611217611e-06,0.0223941102677,0.000975530973797,5.62446386757e-07,0.00762901274211,0.000676112713037
448,7.48082810391e-05,1,1.71570074363e-06,0.0229253188576,-0.000653692047234,6.07346151425e-07,0.00810940585663,-0.000388408424559
452,7.61839331432e-05,1,1.62562875937e-06,0.0213360562241,-0.000303163637446,5.33097691605e-07,0.00699267312087,-0.000260082035598
456,7.75637221619e-05,1,1.74435743686e-06,0.0224713028938,0.000900699719142,5.97443508694e-07,0.0076762751591,0.000636459956829
460,7.89478753026e-05,1,1.81438992233e-06,0.0229743741044,-0.000596820325685,6.42126501028e-07,0.00812560153431,-0.000359495952477
464,8.03360836444e-05,1,1.720773129e-06,0.0214176583687,-0.000294212930455,5.6678135218e-07,0.00705013623642,-0.000265348784562
468,8.17275311883e-05,1,1.82853890289e-06,0.0223546051821,0.000921683613575,6.2451013338e-07,0.00761534889329,0.000630051282721
472,8.31217538295e-05,1,1.91200328353e-06,0.0229976810813,-0.00046795500599,6.77957787097e-07,0.0081517255373,-0.000270178435917
476,8.45189126025e-05,1,1.81840170074e-06,0.0215096922143,-0.000465625368111,6.03862070641e-07,0.00713548132104,-0.000362780758018
480,8.59190061632e-05,1,1.90561606092e-06,0.0221628970921,0.00085061449524,6.45721033969e-07,0.00749298324327,0.000580837844321
484,8.73213608371e-05,1,2.01848408422e-06,0.023114118137,-0.000260149735725,7.17071877972e-07,0.00821104572437,-0.000116521944625
488,8.8725297739e-05,1,1.93230148162e-06,0.0217684403917,-0.000660968608048,6.50422896658e-07,0.00731500348862,-0.000480214896529
492,9.01308089798e-05,1,1.9769302427e-06,0.0219210366294,0.000754343443271,6.62260237475e-07,0.00733148692919,0.000488864017688
496,9.15380186404e-05,1,2.11787309835e-06,0.023136172204,0.00013058932841,7.51441520266e-07,0.00820797558901,0.000133717874641
500,9.2946400256e-05,1,2.05536879852e-06,0.0220997993393,-0.000777865055835,7.04986857024e-07,0.00756508025762,-0.000547626019208
504,9.43552091901e-05,1,2.03921680905e-06,0.0216075252249,0.000445990693517,6.75737330445e-07,0.00715667317164,0.000266474839608
508,9.57643281939e-05,1,2.19850348243e-06,0.0229523317863,0.00048410300752,7.73418226293e-07,0.0080674657606,0.000376928635113
512,9.7173903718e-05,1,2.19911198771e-06,0.0226180063658,-0.000757418925986,7.69977993646e-07,0.00790816706974,-0.000496084690549
516,9.85834670926e-05,1,2.12461335767e-06,0.0215513981797,-2.80879411406e-05,7.03947583677e-07,0.00714031068332,-6.70131321764e-05
520,9.99922770999e-05,1,2.25266582567e-06,0.0225147712467,0.000783451827877,7.77716847411e-07,0.00775878272454,0.000543123818433
524,0.000101400210364,1,2.33481781132e-06,0.0230227797883,-0.000371005046867,8.29134979334e-07,0.00817409464453,-0.000212510225383
528,0.00010280738884,1,2.2442905635e-06,0.0218227359453,-0.000565094544279,7.58128744019e-07,0.00736271191234,-0.000412590609676
532,0.000104213300824,1,2.28794884236e-06,0.0219447300259,0.000654233850009,7.7024744794e-07,0.00737890746536,0.000423780883919
536,0.000105617254884,1,2.43759494133e-06,0.0230778885233,0.000273934814632,8.64208319796e-07,0.00817934515024,0.000225532352451
540,0.000107019215281,1,2.40600884192e-06,0.0224695441334,-0.000749069645419,8.3876777868e-07,0.00782134149067,-0.000503695200101
544,0.000108419221354,1,2.34512052174e-06,0.0216300792637,4.07911812302e-05,7.80893818158e-07,0.00720253520868,-8.61850448899e-06
548,0.000109816646051,1,2.47995349653e-06,0.0225706914807,0.000735555863591,8.5939117342e-07,0.00780891552822,0.000512135583273
552,0.00011121093374,1,2.56614945926e-06,0.0230729334735,-0.00027854943606,9.13338947098e-07,0.00821117653433,-0.000156732462491
556,0.000112602175794,1,2.47808903794e-06,0.0219986936343,-0.000621471463998,8.45755755116e-07,0.00749788134284,-0.000443852220106
560,0.000113990215627,1,2.49049208459e-06,0.0218432631049,0.000468975635346,8.36615528497e-07,0.00733341447149,0.000295425067434
564,0.00011537432993,1,2.6490816022e-06,0.0229552007002,0.00050495838979,9.34537769061e-07,0.00809145876719,0.000372954284998
568,0.000116754232478,1,2.66928809064e-06,0.0228553876346,-0.000568321202067,9.44578325966e-07,0.00808191791119,-0.000368473902202
572,0.000118130044401,1,2.57609339674e-06,0.0218041000438,-0.000371627610747,8.69650119909e-07,0.00735633956104,-0.000283570542423
576,0.00011950129542,1,2.64358426888e-06,0.0221125145617,0.00064103393649,8.99569661271e-07,0.00751566053435,0.000425539367214
580,0.000120867360237,1,2.79341167407e-06,0.0231095663734,0.000289650054397,9.93294959739e-07,0.00821483846352,0.000230008691349
584,0.000122228272901,1,2.77520255979e-06,0.0226956143984,-0.000655505465598,9.77126113966e-07,0.00798224721956,-0.000438316368774
588,0.000123583910659,1,2.69136699481e-06,0.021776551005,-0.000218656041968,9.0680228203e-07,0.00733533622545,-0.000179951445321
592,0.000124933577673,1,2.78278259975e-06,0.0222638653512,0.00067504580756,9.54190815476e-07,0.00762400105774,0.000455315377982
596,0.000126277041355,1,2.92469194329e-06,0.0231599490195,0.000211636034773,1.0431621109e-06,0.00825903648313,0.000175494331906
600,0.000127614381989,1,2.89634588157e-06,0.0226865633055,-0.000657093132824,1.02006168554e-06,0.0079810588511,-0.000442437230018
604,0.000128945039751,1,2.81347631898e-06,0.0218180938077,-0.000218709564595,9.50492676649e-07,0.00736914707503,-0.000178177150387
608,0.000130268541536,1,2.9009998925e-06,0.0222598220429,0.000652449164524,9.95419746104e-07,0.00762869085437,0.000438627040652
612,0.000131584997239,1,3.04745261684e-06,0.023157774155,0.000288811217711,1.08729477309e-06,0.00825999424611,0.000225080810044
616,0.000132894044185,1,3.03541612472e-06,0.0228328900819,-0.000603868946208,1.07555227639e-06,0.0080833443186,-0.000401447610093
620,0.000134195075202,1,2.94328908124e-06,0.0219298570455,-0.000366195023353,1.00131677462e-06,0.00745660074447,-0.000274474520023
624,0.000135488132992,1,2.99789087054e-06,0.0221197526622,0.000550173735909,1.02319602074e-06,0.00754330466773,0.000360699075078
628,0.00013677301902,1,3.1535629838e-06,0.0230516764209,0.000491165373127,1.12057914936e-06,0.00818524634976,0.000355988999511
632,0.000138049083202,1,3.18747678143e-06,0.0230855355469,-0.000424901764675,1.13994919291e-06,0.00825317532076,-0.000269196409152
636,0.000139316282686,1,3.09439313803e-06,0.0222033910459,-0.000591980591201,1.06825792742e-06,0.00765645969545,-0.000417996762263
640,0.000140574522521,1,3.08456273631e-06,0.0219409263271,0.000266490875532,1.04586095478e-06,0.00743827094382,0.000155875422509
644,0.00014182315647,1,3.22572425439e-06,0.0227342941979,0.000687720234331,1.13191641902e-06,0.00796707607587,0.000474304124956
648,0.000143062082387,1,3.33004161021e-06,0.0232768898821,-2.03464095281e-05,1.19758117475e-06,0.0083710455846,1.51514484135e-05
652,0.000144291255083,1,3.2794927232e-06,0.0227180650447,-0.000681502298503,1.15818209543e-06,0.00801350357167,-0.000460016683559
656,0.000145510043674,1,3.19786869965e-06,0.0219756549163,-0.000239686275063,1.08992100609e-06,0.00748785190281,-0.000193394953939
660,0.000146718329561,1,3.26207474891e-06,0.0222259656736,0.000582101372538,1.12080790056e-06,0.00762975521087,0.00037937366633
664,0.000147916075273,1,3.41680189661e-06,0.0230938561368,0.000515017242505,1.21775469236e-06,0.00822428506718,0.000373034161588
668,0.000149102661331,1,3.47046130424e-06,0.0232735978626,-0.000309044162865,1.24946568623e-06,0.00837782171189,-0.000186709618945
672,0.000150277997512,1,3.38518986799e-06,0.0225164168588,-0.000663287945628,1.18613916958e-06,0.00787931050761,-0.000464093625775
676,0.000151442015279,1,3.32656765991e-06,0.0219658815657,-5.46306972918e-05,1.13271301045e-06,0.00747921473351,-6.71560317318e-05
680,0.000152594106726,1,3.42366359115e-06,0.0224270996093,0.00064621482917,1.18562543023e-06,0.00775783278803,0.000431040572044
684,0.000153734247953,1,3.57301245265e-06,0.02323684661,0.000464387381734,1.27966513172e-06,0.00831708675311,0.000336175095846
688,0.000154862294648,1,3.60838014477e-06,0.0232978960982,-0.000353160703422,1.30086332994e-06,0.00839733992229,-0.000216466789526
692,0.000155977672708,1,3.52351428998e-06,0.0225792681383,-0.000691787607991,1.23703116951e-06,0.00791650061741,-0.000476399746074
696,0.000157080442117,1,3.46340869965e-06,0.0220484079588,-9.9165505722e-05,1.18104228041e-06,0.00751799414458,-0.000103745348964
700,0.000158170333385,1,3.54393930859e-06,0.0223971359052,0.000624503849149,1.22104063029e-06,0.00770905058675,0.000406923357779
704,0.000159246863309,1,3.69809412937e-06,0.0232158969408,0.000549476262965,1.31472748465e-06,0.0082452117098,0.000420123876046
708,0.000160310149618,1,3.76797934253e-06,0.0235033335511,-0.000214168710665,1.35707255891e-06,0.00846518782391,-4.24122263694e-05
712,0.000161359766812,1,3.69882967019e-06,0.0229100106698,-0.000767842777457,1.31215785777e-06,0.00812226499471,-0.000395275971553
716,0.000162395407768,1,3.60054099983e-06,0.0221659218031,-0.000494898463226,1.24604817145e-06,0.00766995545719,-0.000213536740303
720,0.000163417155398,1,3.61581867156e-06,0.0221243336872,0.000295739329521,1.25440010308e-06,0.00767036977011,0.00029554144185
724,0.000164424464753,1,3.74767161071e-06,0.0227816619059,0.000708111543804,1.34102516323e-06,0.00813792241635,0.000540827246627
728,0.000165417268136,1,3.87428646158e-06,0.023419499103,0.0002899518936,1.41963979642e-06,0.00857904137054,0.000231865621011
732,0.000166395469698,1,3.89107957406e-06,0.0233802319504,-0.000448239737289,1.42165206254e-06,0.00853865839808,-0.000296787209822
736,0.000167358552989,1,3.80166877322e-06,0.0227045510305,-0.000712008877008,1.35188314423e-06,0.00806234869817,-0.000498827447773
740,0.000168306636643,1,3.72481477232e-06,0.0221295227512,-0.000266083532079,1.2885023868e-06,0.00765328916454,-0.000191465335247
744,0.000169239351046,1,3.76922259382e-06,0.0222668311053,0.000458423600913,1.30927628006e-06,0.007729771209,0.000316307316162
748,0.000170156424106,1,3.90732435679e-06,0.0229506427233,0.000757238919336,1.39856150844e-06,0.00820221559342,0.000529198094593
752,0.000171057931767,1,4.02847898393e-06,0.0235481630625,0.000322999749138,1.47642808007e-06,0.00862781424348,0.000240237849107
756,0.000171943344708,1,4.04887915423e-06,0.0235443393834,-0.000400854044715,1.48479498069e-06,0.00863132957634,-0.000264240513051
760,0.000172812719904,1,3.96510551553e-06,0.0229321160885,-0.000754460756134,1.42244552084e-06,0.00821429306612,-0.000526344834213
764,0.000173665822711,1,3.87159323725e-06,0.0222884322186,-0.000468308017882,1.34964155911e-06,0.00776430523674,-0.000334010846608
768,0.000174502306473,1,3.872772815e-06,0.0221920238774,0.000233013051536,1.34031640106e-06,0.00767931004828,0.000151014297655
772,0.000175322299338,1,3.97969109155e-06,0.0226865743404,0.000759571895668,1.40853206267e-06,0.00801704552144,0.000521026844466
776,0.000176125298934,1,4.12210608201e-06,0.0233950165411,0.000662503344104,1.50168334155e-06,0.00851321679315,0.000470739746908
780,0.000176911360067,1,4.2077736702e-06,0.0237845616497,6.24842603525e-05,1.55512995805e-06,0.00879024443539,5.96957225245e-05
784,0.000177680267144,1,4.18497013381e-06,0.0235461669612,-0.000582701326714,1.53670353931e-06,0.0086396313832,-0.000395982290565
788,0.000178431713202,1,4.08890090465e-06,0.0229011181268,-0.000819457015104,1.46612602976e-06,0.00819705207062,-0.000568387779799
792,0.000179165820775,1,4.00191019362e-06,0.0223316187059,-0.000459636459346,1.39750528587e-06,0.00779305384019,-0.000330675935551
796,0.000179882099509,1,3.9962052205e-06,0.0222145706809,0.000223150567089,1.38609495083e-06,0.00770430822793,0.00013969907962
800,0.000180580682751,1,4.09272084406e-06,0.0226517022045,0.000753250679208,1.44753226999e-06,0.00799918210306,0.000518768971857
804,0.000181261259768,1,4.2361061842e-06,0.0233558592631,0.000817688224379,1.54152994167e-06,0.00848514639673,0.000572892989296
808,0.000181923683152,1,4.34295381158e-06,0.0238695202997,0.000370388891087,1.61142344328e-06,0.00885358835161,0.00026950184546
812,0.000182567972394,1,4.36758697955e-06,0.0239209786025,-0.000316570960708,1.62538425992e-06,0.00890056872882,-0.00020369318235
816,0.000183193711636,1,4.30637278421e-06,0.0234932240044,-0.000810727833608,1.58068531645e-06,0.00861049010183,-0.000557063224986
820,0.000183801098826,1,4.19876242283e-06,0.022827872359,-0.000859706597384,1.50280105125e-06,0.00815404943062,-0.000601916307248
824,0.000184389689009,1,4.11806991771e-06,0.0223290053184,-0.000448800170127,1.43942674491e-06,0.00779980866701,-0.000321659630429
828,0.0001849595951,1,4.11424438995e-06,0.0222429183805,0.00022108179068,1.43001436991e-06,0.00773025815683,0.000138344663978
832,0.000185510574232,1,4.195908757e-06,0.0226049044109,0.000774389830661,1.48320854169e-06,0.00797766569731,0.000530390591339
836,0.000186042495613,1,4.3322571609e-06,0.0232663956388,0.000964653183781,1.57358412288e-06,0.00843139476849,0.000672817066687
840,0.000186555386802,1,4.45768570806e-06,0.0238838092401,0.000721474458296,1.65707184397e-06,0.00886788157988,0.000508797659724
844,0.000187048893844,1,4.52815968555e-06,0.0242080774435,0.000130285803784,1.7030620095e-06,0.00910427496467,0.000106927796519
848,0.000187523222567,1,4.52512116851e-06,0.0241256041926,-0.000509844974048,1.69891753155e-06,0.0090533336422,-0.000341479229328
852,0.000187977934813,1,4.44991799197e-06,0.0236533603029,-0.000953102524945,1.64690709363e-06,0.00873645762905,-0.000657609197733
856,0.000188413256422,1,4.34343636107e-06,0.0230292419536,-0.00103995311502,1.57033442069e-06,0.00830305934149,-0.000723506496998
860,0.000188828818829,1,4.24674469736e-06,0.0224785124417,-0.000716171054732,1.49799537854e-06,0.00791669789063,-0.000509664627325
864,0.000189224736995,1,4.20010172811e-06,0.0221959000837,-0.000143986927392,1.46043263008e-06,0.00771714921962,-0.000113201553434
868,0.000189600809322,1,4.23024555657e-06,0.0223058598528,0.000493867665173,1.47700561704e-06,0.00778299548619,0.000332173947134
872,0.000189956980482,1,4.32242607979e-06,0.0227330311724,0.000994250969153,1.53985514167e-06,0.00807759202027,0.000682050774525
876,0.000190293238998,1,4.45077256489e-06,0.0233594130623,0.00117648849151,1.62758702196e-06,0.00851365086076,0.000819977107783
880,0.000190609367408,1,4.58023853598e-06,0.0240074108808,0.00102896004046,1.71428444616e-06,0.00896460143319,0.000722947559089
884,0.000190905512509,1,4.67279929641e-06,0.0244700584831,0.000584008643504,1.77661338044e-06,0.00929686939227,0.000417620220761
888,0.000191181342534,1,4.71654519982e-06,0.0246705010768,-3.82974138946e-05,1.80525484262e-06,0.00944262495246,-1.05519371527e-05
892,0.000191437106491,1,4.70066112487e-06,0.0245461119556,-0.000645487055916,1.79464353279e-06,0.0093643064559,-0.000438883683503
896,0.000191672416482,1,4.63201132823e-06,0.0241395330908,-0.00113690211919,1.74884583219e-06,0.0090905522785,-0.000782162158002
900,0.000191887568533,1,4.5330461978e-06,0.0235836473165,-0.00137073851645,1.67998389388e-06,0.00870307795633,-0.000952475833053
904,0.000192082167683,1,4.41677666125e-06,0.0229563875794,-0.00131822376766,1.59875724399e-06,0.00827187914813,-0.000923750787998
908,0.000192256516177,1,4.31779683378e-06,0.0224354750914,-0.00101714438872,1.52585226905e-06,0.00790423152563,-0.000715438399973
912,0.000192410243873,1,4.25047352751e-06,0.0220852739709,-0.000488782835758,1.47497687125e-06,0.00765751576564,-0.0003561128221
916,0.000192543636391,1,4.22968114272e-06,0.0219671012417,0.000112624103966,1.45831363595e-06,0.00757364433913,6.67374499007e-05
920,0.000192656362977,1,4.26411045207e-06,0.0221209842317,0.00073660290805,1.48125980938e-06,0.00767232481693,0.000500169210745
924,0.000192748685495,1,4.33754378575e-06,0.0224682521794,0.00126122955052,1.53510356252e-06,0.00791676160065,0.000868656507796
928,0.0001928203135,1,4.44759146809e-06,0.023009314527,0.00161596734811,1.61284881748e-06,0.00828878270637,0.00112304419131
932,0.000192871489346,1,4.56980775657e-06,0.0236258891449,0.00178914913135,1.69912684231e-06,0.00872125683942,0.00124470676173
936,0.000192901954645,1,4.69286076196e-06,0.0242664636807,0.00172502099619,1.78434694386e-06,0.00917066310121,0.00120905285152
940,0.000192911943604,1,4.80525509059e-06,0.0248646845524,0.00148617281538,1.86084079342e-06,0.00958945256967,0.0010435200098
944,0.000192901216307,1,4.89262409018e-06,0.0253408181299,0.00106923119564,1.92106394553e-06,0.0099299669124,0.00075722095788
948,0.000192870013926,1,4.95691862864e-06,0.0256952442215,0.000535603258994,1.96477977259e-06,0.0101796901805,0.000387613000813
952,0.000192818099055,1,4.98836024785e-06,0.025870741881,-5.90114892138e-05,1.98803291213e-06,0.0103103663285,-2.86516229518e-05
956,0.000192745736034,1,4.99193492206e-06,0.0258898539163,-0.000690787143204,1.99287798712e-06,0.0103288620721,-0.000467004174256
960,0.000192652674147,1,4.96756162559e-06,0.0257530911597,-0.00128368457272,1.97972742113e-06,0.0102379591077,-0.000885106841698
964,0.000192539215615,1,4.91625584998e-06,0.0254676597203,-0.0018364986599,1.9496867383e-06,0.0100460731023,-0.00127119429046
968,0.000192405083585,1,4.84676076207e-06,0.0250850483014,-0.00230142064494,1.90671412095e-06,0.0097800460027,-0.00159897262235
972,0.00019225062808,1,4.75615566182e-06,0.0245950677845,-0.00266797699456,1.85054863746e-06,0.0094444755706,-0.00185907466337
976,0.000192075540165,1,4.65558871402e-06,0.0240592617655,-0.00294077494633,1.78623388437e-06,0.00907079367151,-0.00205037935322
980,0.000191880218238,1,4.54312263532e-06,0.0234743108316,-0.00309043981187,1.71366919534e-06,0.008665469901,-0.00216129107191
984,0.000191664327438,1,4.42563122782e-06,0.0228734580387,-0.00315872939445,1.63647941752e-06,0.00824768195112,-0.00220852593437
988,0.000191428300044,1,4.30595907273e-06,0.0222774556851,-0.00311258146479,1.55610462211e-06,0.00783059599642,-0.00218198212866
992,0.000191171799353,1,4.18370793378e-06,0.0216783936515,-0.00299676137256,1.47344416081e-06,0.00741540041222,-0.00210152003248
996,0.000190895256653,1,4.06630130805e-06,0.0211165932732,-0.00279845298025,1.39164203206e-06,0.0070200522381,-0.00196574639938
1000,0.000190598379352,1,3.9484368064e-06,0.020559958309,-0.0025379006743,1.30948236837e-06,0.00663421530879,-0.00178584486554
1004,0.00019028154105,1,3.83807579058e-06,0.0200466834723,-0.00223158441272,1.23051305201e-06,0.00627296463951,-0.00157144610466
1008,0.000189944558663,1,3.7298016121e-06,0.0195469571212,-0.00187065617032,1.15310901963e-06,0.0059249709896,-0.0013224680941
1012,0.00018958767737,1,3.62759222061e-06,0.0190758483295,-0.00149208807319,1.07949317185e-06,0.00559515527014,-0.00105580701191
1016,0.000189210893922,1,3.53004298436e-06,0.0186257702245,-0.0010731171702,1.00936621612e-06,0.00527939562413,-0.000765532137495
1020,0.000188814262458,1,3.43507871094e-06,0.0181812820737,-0.000650029025426,9.42593996894e-07,0.00497021054765,-0.000467789057988
1024,0.000188398004961,1,3.3459726163e-06,0.0177589128666,-0.000207720456966,8.8070389807e-07,0.00467199205735,-0.000159052241904
1028,0.000187961966356,1,3.25593564686e-06,0.0173207038419,0.000235963016693,8.21567168628e-07,0.00436828572734,0.000151797264546
1032,0.000187506574576,1,3.17075287413e-06,0.0168966920637,0.000672985209261,7.67713072028e-07,0.004068439245,0.00045968331685
1036,0.000187031529604,1,3.08247844275e-06,0.016443532246,0.00111161525298,7.16544726325e-07,0.00375386644021,0.000765605156975
1040,0.000186537352319,1,2.99594237904e-06,0.0159889175283,0.00151801718098,6.69951744357e-07,0.00343323358908,0.00105446141129
1044,0.000186023755853,1,2.90546043973e-06,0.0155001803257,0.00192095835218,6.26539868377e-07,0.00309231891194,0.00133469740325
1048,0.000185491162605,1,2.81258963752e-06,0.0149922888737,0.00226842250749,5.86325454114e-07,0.00273556088794,0.00158373446753
1052,0.000184939501529,1,2.71576177971e-06,0.0144530942248,0.00259719340105,5.49938088243e-07,0.00235737110914,0.00181250166751
1056,0.000184368912705,1,2.61295884269e-06,0.0138827842467,0.00285071677142,5.15461178973e-07,0.00195769177029,0.00199600065192
1060,0.000183779669842,1,2.50645024614e-06,0.0132906230061,0.0030600246145,4.84961559814e-07,0.00154059326581,0.0021424159278
1064,0.000183171591069,1,2.39239370308e-06,0.0126687009758,0.00317682964951,4.55760395516e-07,0.00110472473549,0.00222946810894
1068,0.000182545219359,1,2.27557322475e-06,0.0120432692755,0.00321807013164,4.29911198826e-07,0.000662877394448,0.00225988109132
1072,0.0001819002478,1,2.15310572764e-06,0.0114088129918,0.00315394553199,4.05533596084e-07,0.000217065024856,0.00221883622624
1076,0.000181237189701,1,2.03094749396e-06,0.0108006786979,0.00298667276202,3.83371098392e-07,-0.000213679136193,0.0021044802148
1080,0.000180555964014,1,1.9099935678e-06,0.0102252143896,0.00271064184371,3.63127378584e-07,-0.000620091199969,0.00191318095982
1084,0.000179856726005,1,1.79712747366e-06,0.00971879952065,0.0023205379241,3.44107873774e-07,-0.000980187442079,0.00164307460604
1088,0.00017913983934,1,1.69875951896e-06,0.00930301251747,0.00183813789087,3.27076810717e-07,-0.00127692787876,0.00130501645131
1092,0.000178405067167,1,1.62235102897e-06,0.00900562597496,0.00126211957381,3.10993402724e-07,-0.00149068902728,0.000903630076378
1096,0.000177653028311,1,1.57769480453e-06,0.00885759537712,0.000641086558864,2.96282086557e-07,-0.00160135490516,0.00046591412623
1100,0.000176883484713,1,1.56843375122e-06,0.00886703567941,-1.25906933284e-05,2.82910269051e-07,-0.00159939624656,7.94162264257e-06
1104,0.000176096808363,1,1.59914387731e-06,0.00905923641538,-0.000629046982532,2.69954122843e-07,-0.00147170229459,-0.000429117213894
1108,0.00017529322633,1,1.66250681332e-06,0.0094102499892,-0.00118162973933,2.58805959462e-07,-0.00122849892568,-0.000818900824447
1112,0.000174472595131,1,1.7530111103e-06,0.00992005593872,-0.00159514348995,2.47487183921e-07,-0.000876116786343,-0.00111558324635
1116,0.000173635555823,1,1.8554836955e-06,0.01052596244,-0.00184294652162,2.37883249173e-07,-0.000451190203598,-0.00129358704603
1120,0.000172781842486,1,1.96037465739e-06,0.0111903679973,-0.0018725150683,2.28255303859e-07,1.35011141126e-05,-0.00132099172017
1124,0.000171911883362,1,2.05264773015e-06,0.0118208736461,-0.00168324169049,2.19651574619e-07,0.000459092365898,-0.00119237072281
1128,0.000171025925979,1,2.12391574969e-06,0.0123526012078,-0.00127936867403,2.11564140773e-07,0.000834958133184,-0.000912736140625
1132,0.000170123806573,1,2.1634402134e-06,0.0126970671934,-0.00070919005538,2.03829875983e-07,0.00108218346882,-0.00051418532015
1136,0.000169206212049,1,2.16662649043e-06,0.0128045480009,-5.13559855757e-05,1.96842494202e-07,0.00116222662467,-5.06324539222e-05
1140,0.000168272930836,1,2.12957743596e-06,0.0126411394464,0.000602642055195,1.901110007e-07,0.00105230897927,0.000411148888956
1144,0.000167324280717,1,2.0550351428e-06,0.0122297849854,0.0011286121936,1.83786118737e-07,0.000765403225168,0.000787783451959
1148,0.000166360704205,1,1.94922051005e-06,0.0116277839897,0.00144180578709,1.78044228671e-07,0.000343029855248,0.00101376670315
1152,0.00016538192454,1,1.82748655611e-06,0.0109536236582,0.00145698510303,1.72287721251e-07,-0.000135002435982,0.00103297206152
1156,0.000164388618464,1,1.70968555193e-06,0.0103340090332,0.00117209834673,1.67222234472e-07,-0.00057639718711,0.000838175404161
1160,0.000163380811777,1,1.62351007734e-06,0.00991692320104,0.000630863709282,1.62192978089e-07,-0.000879237842169,0.000460926240479
1164,0.000162358506478,1,1.59152613226e-06,0.00980241821631,-4.93277716564e-05,1.57482562991e-07,-0.000969807709139,-1.7635591875e-05
1168,0.000161322415022,1,1.62186396952e-06,0.0100290752924,-0.000701171531214,1.53180909652e-07,-0.000818420627332,-0.000481456167228
1172,0.00016027228779,1,1.70279099385e-06,0.0105609143508,-0.0011593882629,1.48818116613e-07,-0.000451557668839,-0.000811337969837
1176,0.000159208488378,1,1.80182168863e-06,0.0112439654425,-0.00128691496578,1.44968274659e-07,2.99801476839e-05,-0.000910062507004
1180,0.000158131539395,1,1.89022304797e-06,0.0119088537556,-0.00103199588896,1.41116397258e-07,0.000499600119431,-0.000739442596233
1184,0.000157041134744,1,1.93752759069e-06,0.0123287050741,-0.000471230619068,1.37505826702e-07,0.000803926956744,-0.000346963399613
1188,0.000155937904744,1,1.930444523e-06,0.012377175012,0.000243602571375,1.3412325875e-07,0.000845827291878,0.000156076812638
1192,0.000154822124793,1,1.86571924169e-06,0.0120203825479,0.000854656324658,1.30818190864e-07,0.000599935477637,0.000595005396608
1196,0.000153693575172,1,1.75606502788e-06,0.0113668911715,0.00115829464759,1.27687902152e-07,0.000141572746344,0.000818644008356
1200,0.000152553022804,1,1.63439511601e-06,0.0106645156827,0.00102457734412,1.247672802e-07,-0.000360630788827,0.000734059435492
1204,0.000151400542549,1,1.54165836667e-06,0.0101710352923,0.000486161101665,1.21840930064e-07,-0.000718789618551,0.000361909282389
1208,0.000150236042211,1,1.51845799756e-06,0.0101044094884,-0.000235288943172,1.19168476682e-07,-0.000778956318244,-0.000149687916836
1212,0.000149060337552,1,1.5714525608e-06,0.0105073342839,-0.000859047434707,1.16554267743e-07,-0.000506053328465,-0.000596086819838
1216,0.000147873379214,1,1.66510307799e-06,0.0112075894149,-0.00108856591818,1.14010147434e-07,-1.40743118042e-05,-0.000770869986979
1220,0.0001466751754,1,1.75053281044e-06,0.0119068970329,-0.000815025027212,1.11668055123e-07,0.000482863568238,-0.000588612370069
1224,0.000145466557069,1,1.78308099583e-06,0.0122566958119,-0.000154505783862,1.09323858746e-07,0.000740950944539,-0.000125711049773
1228,0.000144247420322,1,1.74456267002e-06,0.012080268239,0.0005811354458,1.07118249411e-07,0.000626949519474,0.000397982719369
1232,0.000143017814001,1,1.64459080841e-06,0.0114552756748,0.00100415039275,1.05001692749e-07,0.000188878238897,0.000709474634723
1236,0.000141778585432,1,1.52214145711e-06,0.0106997956259,0.000881512140931,1.02947468026e-07,-0.000349861118375,0.000636269812249
1240,0.000140529637156,1,1.43993823592e-06,0.0102430315073,0.000266943156965,1.00957167652e-07,-0.000687567203233,0.000208222995527
1244,0.00013927098714,1,1.44364713216e-06,0.0103534924838,-0.000503787943672,9.90980687906e-08,-0.000625198139744,-0.000339747882068
1248,0.000138003507006,1,1.52176223423e-06,0.0109847408606,-0.000964265363943,9.72227429642e-08,-0.000187525929609,-0.000679077937941
1252,0.000136727172694,1,1.61236623978e-06,0.0117637120425,-0.000824646787419,9.54874411808e-08,0.000365719761002,-0.000594964575704
1256,0.000135441901908,1,1.65117225771e-06,0.0121899951349,-0.000156541655531,9.37646268753e-08,0.000680230511398,-0.000128636394056
1260,0.000134148573925,1,1.60851409325e-06,0.0119747600694,0.000614992487564,9.21398286595e-08,0.000541254521917,0.000422853689751
1264,0.000132847325009,1,1.49997297833e-06,0.0112504198837,0.000955868672932,9.05050831573e-08,3.14516463436e-05,0.000680545013235
1268,0.000131537928665,1,1.38510770575e-06,0.0105120234676,0.000616761495716,8.90369367067e-08,-0.000501028445411,0.000455140546788
1272,0.000130221198299,1,1.34280152832e-06,0.0103102388905,-0.000173399010537,8.74619656515e-08,-0.000663782293233,-0.000102447157767
1276,0.000128897529842,1,1.39740767065e-06,0.0108089271655,-0.00083626859316,8.611158952e-08,-0.000325587972189,-0.000583352213617
1280,0.000127566579541,1,1.48895413542e-06,0.0116413693571,-0.000844723616433,8.46271033296e-08,0.00026481049879,-0.000608250834509
1284,0.000126228948693,1,1.53484522646e-06,0.0121579251896,-0.00017726339659,8.33727263501e-08,0.000644255576253,-0.00014553131962
1288,0.000124885349963,1,1.49043271743e-06,0.0119177068407,0.000631155717369,8.19523040894e-08,0.000490555596886,0.000435867310497
1292,0.000123535475682,1,1.37680656085e-06,0.0111081575117,0.000905829169544,8.08048014187e-08,-8.01851581825e-05,0.000649168517168
1296,0.00012217954156,1,1.27486220807e-06,0.0104272588891,0.000384199069247,7.94497494077e-08,-0.00057975602237,0.000294507477957
1300,0.000120818484106,1,1.26813976745e-06,0.0104849390923,-0.000486928883302,7.83704364122e-08,-0.000560868046553,-0.000325868455158
1304,0.000119452310674,1,1.34888912304e-06,0.011255744415,-0.000907656377902,7.70989242297e-08,-2.41909602022e-05,-0.000644983361571
1308,0.000118080803706,1,1.42214768685e-06,0.0120345693279,-0.000472762664114,7.60843931222e-08,0.000538073686528,-0.000354475689108
1312,0.000116704796095,1,1.40815939038e-06,0.012058696302,0.000419593888407,7.48699428438e-08,0.000576694943011,0.000281046520693
1316,0.000115324847376,1,1.30612149113e-06,0.011290006091,0.000897030381423,7.39269577481e-08,3.99571948126e-05,0.000639785819118
1320,0.000113940587601,1,1.19729044016e-06,0.0104983214622,0.000451460854034,7.27699025372e-08,-0.000538403158169,0.000343533750957
1324,0.000112552314248,1,1.18417464378e-06,0.0105104153967,-0.000474136131932,7.18848246401e-08,-0.000555453613443,-0.00031524979546
1328,0.000111160997733,1,1.26486496727e-06,0.0113436780597,-0.000891758706141,7.07753778157e-08,2.53330962303e-05,-0.000636188354709
1332,0.000109766696992,1,1.32960503521e-06,0.0121084302921,-0.000333036321082,6.99595710969e-08,0.000582549059715,-0.000258551555906
1336,0.000108369102772,1,1.29501041618e-06,0.011934900449,0.000600476018526,6.88853099006e-08,0.00048366589739,0.000412460867561
1340,0.000106968932644,1,1.18058947615e-06,0.0110043076007,0.000845628310887,6.8126641325e-08,-0.000174439842598,0.000612527600255
1344,0.00010556699071,1,1.098022773e-06,0.010400836985,8.62037985113e-05,6.70976079231e-08,-0.000629374276975,8.86909857215e-05
1348,0.000104163033429,1,1.13433433531e-06,0.0108614913805,-0.00078732156787,6.63857621923e-08,-0.000327571721752,-0.000546699752306
1352,0.000102756960099,1,1.22019040465e-06,0.0118543053317,-0.000692720309271,6.54001864018e-08,0.000381708420441,-0.000509287458331
1356,0.000101349691238,1,1.23120613903e-06,0.0121450160675,0.000273692378517,6.47240199471e-08,0.00061513811514,0.000171585586547
1360,9.99418423615e-05,1,1.13638645672e-06,0.0113356713632,0.000888993999241,6.37954173355e-08,5.48598911891e-05,0.000635963614737
1364,9.85330495416e-05,1,1.03198396155e-06,0.0104681514374,0.000334061128423,6.31363406447e-08,-0.000582841236321,0.000266220627187
1368,9.71233530092e-05,1,1.04288855844e-06,0.0107161428169,-0.000681220342091,6.22692940232e-08,-0.0004402526548,-0.000466082805154
1372,9.57137413171e-05,1,1.12918964481e-06,0.0117721716064,-0.00077372715138,6.16204523981e-08,0.000308784858648,-0.000564915587594
1376,9.43047594741e-05,1,1.14904264218e-06,0.0121824198706,0.000217131957377,6.08199537081e-08,0.000631892750445,0.000129019588201
1380,9.28960135265e-05,1,1.05723775641e-06,0.0113450595686,0.000902163826992,6.01705597504e-08,5.39516403624e-05,0.00064546864804
1384,9.14875368381e-05,1,9.56160939341e-07,0.0104477745224,0.000270277459677,5.94366289591e-08,-0.000609672973129,0.000224430058929
1388,9.00803164508e-05,1,9.78124367515e-07,0.010830628041,-0.000775528849453,5.87879935466e-08,-0.000373115738856,-0.000535438404266
1392,8.8674984128e-05,1,1.06193913822e-06,0.0119573969903,-0.000660653026561,5.81149690024e-08,0.000433297066392,-0.000491695179162
1396,8.72711862064e-05,1,1.0576395555e-06,0.0121097878499,0.000472454314254,5.74667864289e-08,0.000579320028031,0.00031303529002
1400,8.58687917743e-05,1,9.49339146467e-07,0.0110213832619,0.000870342682208,5.6848579886e-08,-0.00018615526292,0.000635329250447
1404,8.44686841094e-05,1,8.79161241861e-07,0.0104073208482,-0.00012996668374,5.62064905472e-08,-0.000662896386554,-5.7807777593e-05
1408,8.30717170183e-05,1,9.41187259173e-07,0.0112908801595,-0.00093848454485,5.56348460265e-08,-6.27564010983e-05,-0.000666773882739
1412,8.1677730496e-05,1,1.00091844704e-06,0.0122528221149,-0.000201816703321,5.50002813261e-08,0.000650215472247,-0.000175107472112
1416,8.02863419136e-05,1,9.39795668442e-07,0.0116722215203,0.000882672225966,5.44713290026e-08,0.000273097936768,0.00062107152568
1420,7.8898111106e-05,1,8.29616051764e-07,0.0105051799155,0.000455042030141,5.38453150671e-08,-0.000580126090194,0.000359463762851
1424,7.7514104766e-05,1,8.37988785838e-07,0.0107822434792,-0.000785128974719,5.33566857524e-08,-0.000430841860014,-0.000536841113284
1428,7.61346241955e-05,1,9.19718556185e-07,0.0120625746659,-0.000651609045377,5.27356994247e-08,0.000488527021715,-0.000491044308453
1432,7.47591906586e-05,1,9.03366260129e-07,0.0120656881896,0.000659189399158,5.22884593051e-08,0.000539060857451,0.000445655645327
1436,7.33877764645e-05,1,7.90750023662e-07,0.0107474286033,0.000769703748683,5.16701631699e-08,-0.000402244265581,0.000577853543811
1440,7.20213124382e-05,1,7.59883996557e-07,0.0105355535813,-0.000567398109982,5.12635541088e-08,-0.000608505429839,-0.000369264599658
1444,7.06607108068e-05,1,8.41501955147e-07,0.0118781831441,-0.000856879726196,5.06466833022e-08,0.000338540273163,-0.000631770211636
1448,6.93059269965e-05,1,8.49082643378e-07,0.0122411830539,0.000495984070659,5.02768757605e-08,0.000650585226154,0.000320925770394
1452,6.79564517714e-05,1,7.42001270248e-07,0.0108821950591,0.000893027782614,4.96659658346e-08,-0.000307545792248,0.000662991069957
1456,6.66124709758e-05,1,6.97139333039e-07,0.0104541153762,-0.000490112295014,4.93244757602e-08,-0.000673259464296,-0.000308246925126
1460,6.52750149607e-05,1,7.76726081617e-07,0.0118636894303,-0.000919719542189,4.87271013662e-08,0.000314767321715,-0.000676880960203
1464,6.39449228143e-05,1,7.86557267737e-07,0.0122895471951,0.000519986462044,4.84029258746e-08,0.000678696155716,0.000335172325145
1468,6.26220831464e-05,1,6.7952570848e-07,0.0108139296493,0.000898776737338,4.78282296271e-08,-0.000362601697348,0.000672197173015
1472,6.13059615827e-05,1,6.44348061823e-07,0.0104918719759,-0.000623221299114,4.75118786433e-08,-0.000662131690704,-0.000402741252203
1476,5.99966734987e-05,1,7.25629253259e-07,0.0120641912687,-0.000855576940329,4.69653825951e-08,0.000450061039004,-0.000640484621976
1480,5.86951994297e-05,1,7.1694402479e-07,0.0121912915951,0.000755784738198,4.66515532248e-08,0.00061166580966,0.000507531735832
1484,5.74025046086e-05,1,6.06705820322e-07,0.0105440621497,0.000730355185871,4.61342061989e-08,-0.000570162886675,0.000566429821872
1488,5.61186920082e-05,1,6.05047239e-07,0.0107405478757,-0.000939543455192,4.58226735217e-08,-0.000509349805277,-0.00063818985006
1492,5.48432093994e-05,1,6.81544654559e-07,0.0124155232844,-0.000537380180096,4.53321537505e-08,0.000705717594115,-0.000430340289243
1496,5.35758222634e-05,1,6.34518638759e-07,0.0117924045532,0.00109761729131,4.50235797441e-08,0.000335387212814,0.000770544758289
1500,5.23171981555e-05,1,5.35564664888e-07,0.0102346521169,0.000213364035916,4.4558515887e-08,-0.000824217501792,0.000214609038379
1504,5.1068461269e-05,1,5.84398438747e-07,0.011378940599,-0.00121319228496,4.42507580561e-08,-7.70630524737e-05,-0.000863065105628
1508,4.98302530846e-05,1,6.28680803637e-07,0.012614888448,0.000198375928664,4.38144188788e-08,0.000875191537887,8.46261407469e-05
1512,4.8602330458e-05,1,5.36128018279e-07,0.0109696412736,0.00116102731797,4.35007745733e-08,-0.000256732503586,0.000857423828091
1516,4.73840972115e-05,1,4.91659549045e-07,0.010352466892,-0.000699106318834,4.30999710776e-08,-0.000795704764304,-0.000440684591097
1520,4.6175480837e-05,1,5.7151574591e-07,0.0123439917449,-0.000903865177666,4.27719280825e-08,0.000617385030659,-0.00069054367754
1524,4.49772633821e-05,1,5.45538582614e-07,0.0120762409875,0.00113229422042,4.24129655194e-08,0.000530497284549,0.000779613192403
1528,4.37905724959e-05,1,4.44015441032e-07,0.0101334612329,0.000350506670648,4.20650316166e-08,-0.000904274616496,0.000324085390444
1532,4.26160574248e-05,1,4.90700934674e-07,0.0114324203431,-0.00137207109896,4.17496908646e-08,-7.03614627479e-05,-0.000977140417674
1536,4.14535260748e-05,1,5.2931804294e-07,0.012763043095,0.000388381794217,4.13815826493e-08,0.000976003900513,0.000209638636986
1540,4.03023440275e-05,1,4.31509391651e-07,0.0106421387685,0.00117498253425,4.11068838224e-08,-0.000499675168913,0.00088918414415
1544,3.91622050284e-05,1,4.15254280352e-07,0.0105413546505,-0.00114581165473,4.07219573683e-08,-0.000704946898913,-0.000764390045275
1548,3.80335978459e-05,1,4.88732003823e-07,0.0128403430338,-0.000498271246239,4.04829700671e-08,0.000973320836033,-0.000430806670116
1552,3.69176019247e-05,1,4.25588227868e-07,0.0114293560175,0.00150529883302,4.00852251046e-08,7.85190181274e-05,0.00108295977325
1556,3.58152151498e-05,1,3.58556982026e-07,0.0099955514363,-0.000561378193245,3.98771145523e-08,-0.00106891600864,-0.000311618924686
1560,3.47267650384e-05,1,4.36702116114e-07,0.0125204134071,-0.00117444511278,3.94704291108e-08,0.000695504335967,-0.000898961896332
1564,3.36518430914e-05,1,4.11987004673e-07,0.0121550301811,0.00146191231026,3.92879140126e-08,0.000588583517004,0.00100825749377
1568,3.2589777357e-05,1,3.19219602838e-07,0.00979494160217,5.27941655098e-05,3.88778049985e-08,-0.00118391865198,0.000146471463623
1572,3.15402725199e-05,1,3.84493205212e-07,0.0120847399102,-0.00160266065232,3.87129119669e-08,0.000349565309763,-0.00117658172044
1576,3.05037659691e-05,1,3.88288383627e-07,0.012666270813,0.0012641153745,3.83086538526e-08,0.000940547754524,0.000832208064053
1580,2.9481282048e-05,1,2.87985505757e-07,0.0097524125056,0.000558975392811,3.8148987459e-08,-0.00118857347304,0.000511612550022
1584,2.8473913131e-05,1,3.38569106101e-07,0.0117475843259,-0.00183801192773,3.77640104013e-08,7.81816067986e-05,-0.00132396061255
1588,2.74822772657e-05,1,3.59395210548e-07,0.0130314088396,0.0010951373323,3.75946927383e-08,0.00118204631984,0.000688538100536
1592,2.65062809712e-05,1,2.5849942156e-07,0.00971510181106,0.000851929543994,3.72416195883e-08,-0.00119892872946,0.000732547716429
1596,2.55453027881e-05,1,2.99920843172e-07,0.0115634080655,-0.00203289146627,3.70535758362e-08,-7.35860930633e-05,-0.00144863670368
1600,2.45986623527e-05,1,3.26861902829e-07,0.0132409841705,0.00111433745289,3.67343817729e-08,0.00132944815869,0.000680189748699
1604,2.3666098417e-05,1,2.27692056661e-07,0.00957119203047,0.000977931485564,3.65318107702e-08,-0.00129930005081,0.000833443141571
1608,2.27480056928e-05,1,2.70251650197e-07,0.0116691993105,-0.00222929759082,3.62370065706e-08,-2.94015179003e-05,-0.001592703742
1612,2.1845331446e-05,1,2.93105619243e-07,0.0133483011022,0.00135908371228,3.60290999526e-08,0.00141546894813,0.000846508690258
1616,2.09592101982e-05,1,1.94786346089e-07,0.00925825671208,0.000809649937852,3.57526040601e-08,-0.00153457461949,0.000744913934106
1620,2.00905284312e-05,1,2.4749770387e-07,0.0120798392697,-0.00241625549941,3.55401488815e-08,0.000238855127562,-0.00175280060124
1624,1.92396198321e-05,1,2.56715223164e-07,0.0132055807745,0.00191040278495,3.52819424045e-08,0.00135019902097,0.00124090591316
1628,1.84062104246e-05,1,1.63106720078e-07,0.00885734846306,0.000271373630298,3.50691598922e-08,-0.00186347869963,0.000396957560654
1632,1.75896134207e-05,1,2.31100449318e-07,0.0129172615798,-0.00240073109886,3.48154873099e-08,0.000817413329578,-0.00180264976865
1636,1.67890732344e-05,1,2.16460929037e-07,0.0126156962274,0.00265946389181,3.46226902538e-08,0.000983314391633,0.00181268484894
1640,1.60041141336e-05,1,1.38688442743e-07,0.00862591935861,-0.000830418300187,3.43534054647e-08,-0.00211678495647,-0.000356142947539
1644,1.52347674259e-05,1,2.1649108806e-07,0.0140915250912,-0.00183369249396,3.41910977877e-08,0.0016776085767,-0.00149078043036
1648,1.44816117584e-05,1,1.69942913719e-07,0.0112734317863,0.00325912643946,3.39063497473e-08,8.03390262098e-05,0.00233995937248
1652,1.37456330652e-05,1,1.29425848096e-07,0.00909063312192,-0.00245301658894,3.37693556518e-08,-0.00192227875694,-0.00152983113661
1656,1.30279670167e-05,1,1.97170042481e-07,0.0151324412192,-0.00024146785231,3.34693426518e-08,0.00252843749274,-0.000454928805665
1660,1.23296130575e-05,1,1.18766602561e-07,0.00916653752676,0.00296009349688,3.33635004782e-08,-0.00143039029608,0.00229700452301
1664,1.16512040699e-05,1,1.35802662532e-07,0.01096319134,-0.00395767917185,3.30436765838e-08,-0.000740911275331,-0.00273758397977
1668,1.09928877001e-05,1,1.66895500194e-07,0.0149865617075,0.00242902815712,3.29606162346e-08,0.00263348976744,0.00143348673737
1672,1.03543372029e-05,1,7.47267414748e-08,0.00717912155007,0.000737964541249,3.2642327805e-08,-0.00301800385402,0.000911086904846
1676,9.7348739069e-06,1,1.44115518325e-07,0.0142936812765,-0.0038536275155,3.2558471075e-08,0.00159636232593,-0.00293895132539
1680,9.13365917238e-06,1,1.20494137128e-07,0.0122443826309,0.00491043282972,3.22546900183e-08,0.000923616473413,0.00340848721351
1684,8.54990488257e-06,1,6.97466938683e-08,0.00743352924395,-0.00335991983122,3.2165617406e-08,-0.0031989253207,-0.00197997247984
1688,7.98305678229e-06,1,1.37298936126e-07,0.0171962742364,-0.000294298466061,3.18842117782e-08,0.00393042934661,-0.000709678849069
1692,7.43291951991e-06,1,6.22163148158e-08,0.00724195680713,0.00419728712091,3.17707678694e-08,-0.00264719825091,0.00335592876797
1696,6.8997100557e-06,1,9.52204726389e-08,0.0121977846282,-0.00645538122943,3.1531247743e-08,-0.000168367066431,-0.00456683551384
1700,6.38404208882e-06,1,1.05498483173e-07,0.0155014088426,0.00572654122825,3.13883863942e-08,0.0032918097131,0.00365210574091
1704,5.88685532937e-06,1,2.90034853139e-08,0.00439872034873,-0.00221919562806,3.11807429045e-08,-0.00522987919909,-0.000838510490111
1708,5.40930897724e-06,1,1.04890478913e-07,0.0191599141489,-0.00298300318492,3.10169280802e-08,0.00500085240593,-0.00280537449722
1712,4.95265942118e-06,1,5.08230105427e-08,0.00697619677455,0.00752571796204,3.08419291459e-08,-0.00246070138488,0.0057205594352
1716,4.51813945984e-06,1,6.49749814894e-08,0.0106783867426,-0.00963238211888,3.06591282883e-08,-0.00160197705214,-0.00659397934119
1720,4.10685189092e-06,1,8.29454767765e-08,0.018585903426,0.00790423902403,3.04972068031e-08,0.00567005981133,0.00479529999127
1724,3.71968543049e-06,1,1.0036629704e-08,0.000281430683825,-0.0026835299767,3.03235703604e-08,-0.00812499365312,-0.000665302407379
1728,3.35725649247e-06,1,8.05683948577e-08,0.0235256557518,-0.00473932038242,3.01567199877e-08,0.00776408504519,-0.00451720763343
1732,3.01987683554e-06,1,3.6929121606e-08,0.00358178296906,0.0116923718663,3.00003237337e-08,-0.004287208217,0.00896157951962
1736,2.70754461612e-06,1,5.34185777803e-08,0.0118278419917,-0.0157910238967,2.98118432355e-08,-0.0015577009496,-0.0108999137758
1740,2.41995491025e-06,1,6.22003305861e-08,0.0209552737111,0.0148837357025,2.96981356829e-08,0.00807948410799,0.00923734132421
1744,2.15652511476e-06,1,2.25453132356e-08,-0.00609251717073,-0.00849570732319,2.94741878719e-08,-0.0131193290835,-0.00383174249789
1748,1.91643060383e-06,1,6.44971637086e-08,0.033565857951,-0.00244568559712,2.93992848979e-08,0.014770587961,-0.00414308746384
1752,1.69864639938e-06,1,2.88772884262e-08,-0.00799234064484,0.0150042823407,2.91413831196e-08,-0.0116774804808,0.0125679265159
1756,1.50199123923e-06,1,5.11911391944e-08,0.0219598857303,-0.0260645078121,2.91108150281e-08,0.00401270631733,-0.0189615401042
1760,1.32517116036e-06,1,4.64583870574e-08,0.016222396772,0.0310793435381,2.88259569046e-08,0.00686202916726,0.0206419338653
1764,1.16682045725e-06,1,3.50912865698e-08,-0.010610009549,-0.0281405417245,2.88172933767e-08,-0.0184712361697,-0.0163941804129
1768,1.02553856277e-06,1,5.26187976744e-08,0.0489060878285,0.0155161843009,2.85204432183e-08,0.0271731794943,0.00591828686674
1772,8.99921993708e-07,1,3.1186635765e-08,-0.0342728916571,0.00513084089181,2.85264159828e-08,-0.0303368107343,0.00919182408941
1776,7.8859098814e-07,1,4.90738695292e-08,0.0547499728659,-0.0295802310037,2.82363053321e-08,0.0252419712413,-0.0253951572966
1780,6.90210836237e-07,1,3.82943116355e-08,-0.0159101376032,0.0531519079121,2.82352702888e-08,-0.0116515723502,0.0392137755188
1784,6.03508175747e-07,1,4.16927401977e-08,0.0119960180265,-0.0680344790943,2.79560516672e-08,-0.00873719483407,-0.0454911224008
1788,5.27282703383e-07,1,4.42539374938e-08,0.0471168212365,0.0694547594378,2.79441166573e-08,0.0328525682702,0.0415852560687
1792,4.60414857493e-07,1,3.67380100516e-08,-0.0595485164688,-0.0531125330681,2.76861563836e-08,-0.0544610513214,-0.0254946926067
1796,4.01870072904e-07,1,4.55972587248e-08,0.112014992758,0.0180671796532,2.76673061771e-08,0.0688226269744,-0.00180893826163
1800,3.50700209703e-07,1,3.68292808838e-08,-0.100469640818,0.030566320739,2.74225930624e-08,-0.0694482795191,0.035933434816
1804,3.06042727952e-07,1,4.36408745167e-08,0.112608176361,-0.0874836892053,2.73982833174e-08,0.0537166864047,-0.0716179513439
1808,2.67118129967e-07,1,3.94709011984e-08,-0.0510125016878,0.138681040186,2.71587694372e-08,-0.0206453604302,0.099555108568
1812,2.3322613056e-07,1,4.08818617661e-08,0.0100772814633,-0.174998604023,2.71362268167e-08,-0.0267363422253,-0.113238051052
1816,2.03740949478e-07,1,4.16438714943e-08,0.0947192156413,0.181124454473,2.69005378316e-08,0.0808750248408,0.104364530252
1820,1.78106054543e-07,0,3.92455009104e-08,nan,nan,2.68798161213e-08,nan,nan
1824,1.55828621734e-07,0,4.23398814248e-08,nan,nan,2.66516452739e-08,nan,nan
1828,1.36473921924e-07,0,3.92012925196e-08,nan,nan,2.66240158337e-08,nan,nan
1832,1.19659794051e-07,0,4.19156377088e-08,nan,nan,2.64145333653e-08,nan,nan
1836,1.05051322022e-07,0,4.00783392082e-08,nan,nan,2.6366667593e-08,nan,nan
1840,9.23557967421e-08,0,4.1152641096e-08,nan,nan,2.61899579356e-08,nan,nan
1844,8.1318015799e-08,0,4.10517487438e-08,nan,nan,2.61087907116e-08,nan,nan
1848,7.17159501716e-08,0,4.06797532136e-08,nan,nan,2.59746117088e-08,nan,nan
1852,6.33567893229e-08,0,4.17083453612e-08,nan,nan,2.58556270669e-08,nan,nan
1856,5.60733627471e-08,0,4.07433375978e-08,nan,nan,2.57601388576e-08,nan,nan
1860,4.97209261453e-08,0,4.20451460464e-08,nan,nan,2.56172030452e-08,nan,nan
1864,4.41742937438e-08,0,4.12689025135e-08,nan,nan,2.55366594804e-08,nan,nan
1868,3.93252939373e-08,0,4.2261952921e-08,nan,nan,2.53990272213e-08,nan,nan
1872,3.50805229861e-08,0,4.20705173419e-08,nan,nan,2.53060042963e-08,nan,nan
1876,3.13593704907e-08,0,4.25806785614e-08,nan,nan,2.51909505391e-08,nan,nan
1880,2.80922904365e-08,0,4.30131083438e-08,nan,nan,2.50822680087e-08,nan,nan
1884,2.52192923331e-08,0,4.31693957799e-08,nan,nan,2.49800560829e-08,nan,nan
1888,2.26886284105e-08,0,4.40598859584e-08,nan,nan,2.48724051842e-08,nan,nan
1892,2.04556542354e-08,0,4.41352927816e-08,nan,nan,2.47658760125e-08,nan,nan
1896,1.84818422349e-08,0,4.52685275613e-08,nan,nan,2.46715485938e-08,nan,nan
1900,1.67339291421e-08,0,4.55479065e-08,nan,nan,2.45555936491e-08,nan,nan
1904,1.51831805218e-08,0,4.67771818766e-08,nan,nan,2.44717959056e-08,nan,nan
1908,1.38047571587e-08,0,4.74853770297e-08,nan,nan,2.4355639073e-08,nan,nan
1912,1.25771698926e-08,0,4.87973135196e-08,nan,nan,2.42687697865e-08,nan,nan
1916,1.14818109678e-08,0,5.00926104297e-08,nan,nan,2.41673732258e-08,nan,nan
1920,1.0502551542e-08,0,5.16323247426e-08,nan,nan,2.40639054999e-08,nan,nan
1924,9.62539615971e-09,0,5.36581175104e-08,nan,nan,2.39865526874e-08,nan,nan
1928,8.83818626683e-09,0,5.57479728468e-08,nan,nan,2.38630192073e-08,nan,nan
1932,8.13034594055e-09,0,5.87507764007e-08,nan,nan,2.38063311012e-08,nan,nan
1936,7.49266368102e-09,0,6.19593903559e-08,nan,nan,2.36723047448e-08,nan,nan
1940,6.91710537744e-09,0,6.6530008071e-08,nan,nan,2.36217591966e-08,nan,nan
1944,6.39665370488e-09,0,7.19351548027e-08,nan,nan,2.34944176563e-08,nan,nan
1948,5.92517040315e-09,0,7.96134304535e-08,nan,nan,2.34323723229e-08,nan,nan
1952,5.49727797316e-09,0,8.97806283505e-08,nan,nan,2.3327531769e-08,nan,nan
1956,5.10825804974e-09,0,1.05218255427e-07,nan,nan,2.32412356272e-08,nan,nan
1960,4.75396408645e-09,0,1.28628719045e-07,nan,nan,2.3167676927e-08,nan,nan
1964,4.43074616986e-09,0,1.71125302896e-07,nan,nan,2.30520797885e-08,nan,nan
1968,4.1353863609e-09,0,2.33973326722e-07,nan,nan,2.30114861216e-08,nan,nan
1972,3.8650429069e-09,0,2.78695133059e-07,nan,nan,2.28674686145e-08,nan,nan
1976,3.61720217395e-09,0,2.68497729222e-07,nan,nan,2.28567906939e-08,nan,nan
1980,3.38963708606e-09,0,2.08214941732e-07,nan,nan,2.26890863447e-08,nan,nan
1984,3.1803712275e-09,0,1.40999775683e-07,nan,nan,2.27017854086e-08,nan,nan
1988,2.98764776473e-09,0,9.92676275572e-08,nan,nan,2.25185014999e-08,nan,nan
1992,2.80990249277e-09,0,7.65916715961e-08,nan,nan,2.25449179801e-08,nan,nan
1996,2.64574047676e-09,0,6.16559367403e-08,nan,nan,2.23567121713e-08,nan,nan
2000,2.49391573209e-09,0,5.20973850373e-08,nan,nan,2.23857227013e-08,nan,nan
2004,2.35331354592e-09,0,4.49050816748e-08,nan,nan,2.22032787706e-08,nan,nan
2008,2.22293509489e-09,0,4.00680024928e-08,nan,nan,2.22251099602e-08,nan,nan
2012,2.10188399488e-09,0,3.60335142202e-08,nan,nan,2.20566672104e-08,nan,nan
2016,1.98935458015e-09,0,3.33738029308e-08,nan,nan,2.2064576076e-08,nan,nan
2020,1.88462160992e-09,0,3.09025028453e-08,nan,nan,2.19153189191e-08,nan,nan
2024,1.78703129231e-09,0,2.93775904853e-08,nan,nan,2.19054103175e-08,nan,nan
2028,1.695993367e-09,0,2.77782933792e-08,nan,nan,2.17779628408e-08,nan,nan
2032,1.61097418205e-09,0,2.68743965865e-08,nan,nan,2.17486980399e-08,nan,nan
2036,1.53149057598e-09,0,2.58069532396e-08,nan,nan,2.16433295701e-08,nan,nan
2040,1.45710448437e-09,0,2.52436501806e-08,nan,nan,2.15955441177e-08,nan,nan
2044,1.38741823119e-09,0,2.45256469625e-08,nan,nan,2.15102541358e-08,nan,nan
2048,1.32207026158e-09,0,2.41438962479e-08,nan,nan,2.1446845765e-08,nan,nan
2052,1.26073149272e-09,0,2.36684803954e-08,nan,nan,2.13780009996e-08,nan,nan
2056,1.20310197684e-09,0,2.33791233728e-08,nan,nan,2.13030073087e-08,nan,nan
2060,1.14890798223e-09,0,2.30764988971e-08,nan,nan,2.12462411807e-08,nan,nan
2064,1.09789941653e-09,0,2.28328873865e-08,nan,nan,2.11640521723e-08,nan,nan
2068,1.04984748356e-09,0,2.26518166509e-08,nan,nan,2.1114954258e-08,nan,nan
2072,1.00454263641e-09,0,2.24334560545e-08,nan,nan,2.1029725554e-08,nan,nan
2076,9.61792742057e-10,0,2.23334099071e-08,nan,nan,2.09844936028e-08,nan,nan
2080,9.2142141649e-10,0,2.21343996802e-08,nan,nan,2.08994481626e-08,nan,nan
2084,8.83266575819e-10,0,2.20835501388e-08,nan,nan,2.08553938962e-08,nan,nan
2088,8.47179100086e-10,0,2.19042304571e-08,nan,nan,2.07725877661e-08,nan,nan
2092,8.13021654965e-10,0,2.18791756499e-08,nan,nan,2.07280004987e-08,nan,nan
2096,7.80667642774e-10,0,2.17211277856e-08,nan,nan,2.06488255694e-08,nan,nan
2100,7.50000218311e-10,0,2.17061033411e-08,nan,nan,2.06023458958e-08,nan,nan
2104,7.20911451226e-10,0,2.15699529778e-08,nan,nan,2.05282568361e-08,nan,nan
2108,6.9330154553e-10,0,2.15550080881e-08,nan,nan,2.04780399368e-08,nan,nan
2112,6.67078131232e-10,0,2.14406152482e-08,nan,nan,2.04113695668e-08,nan,nan
2116,6.42155637682e-10,0,2.14189339262e-08,nan,nan,2.03543224485e-08,nan,nan
2120,6.18454720699e-10,0,2.13269471292e-08,nan,nan,2.02988367287e-08,nan,nan
2124,5.95901746146e-10,0,2.12923136712e-08,nan,nan,2.0230449879e-08,nan,nan
2128,5.74428309026e-10,0,2.12255124337e-08,nan,nan,2.01912293776e-08,nan,nan
2132,5.53970822375e-10,0,2.1170672516e-08,nan,nan,2.01059808298e-08,nan,nan
2136,5.3447011562e-10,0,2.11343157361e-08,nan,nan,2.00886791722e-08,nan,nan
2140,5.15871087312e-10,0,2.1050794342e-08,nan,nan,1.99809936577e-08,nan,nan
2144,4.98122396559e-10,0,2.10516641677e-08,nan,nan,1.99906684536e-08,nan,nan
2148,4.81176138987e-10,0,2.09310910076e-08,nan,nan,1.98562084451e-08,nan,nan
2152,4.6498760884e-10,0,2.09754585569e-08,nan,nan,1.98961047585e-08,nan,nan
2156,4.49515053878e-10,0,2.08117164504e-08,nan,nan,1.97329316059e-08,nan,nan
2160,4.34719431283e-10,0,2.09028068896e-08,nan,nan,1.98034547593e-08,nan,nan
2164,4.20564214943e-10,0,2.06942387545e-08,nan,nan,1.96127484413e-08,nan,nan
2168,4.07015219585e-10,0,2.08301844097e-08,nan,nan,1.97110033692e-08,nan,nan
2172,3.94040420356e-10,0,2.05810842973e-08,nan,nan,1.94972116148e-08,nan,nan
2176,3.81609789248e-10,0,2.07540644792e-08,nan,nan,1.96172266278e-08,nan,nan
2180,3.69695157498e-10,0,2.04747941399e-08,nan,nan,1.93875792781e-08,nan,nan
2184,3.58270087903e-10,0,2.06716034962e-08,nan,nan,1.9521085922e-08,nan,nan
2188,3.473097462e-10,0,2.0377185378e-08,nan,nan,1.92845664787e-08,nan,nan
2192,3.36790789022e-10,0,2.05811164627e-08,nan,nan,1.94221087623e-08,nan,nan
2196,3.26691264941e-10,0,2.02888199071e-08,nan,nan,1.91882374468e-08,nan,nan
2200,3.16990517859e-10,0,2.04823923325e-08,nan,nan,1.93204106441e-08,nan,nan
2204,3.07669090697e-10,0,2.02089709087e-08,nan,nan,1.90981362898e-08,nan,nan
2208,2.9870866178e-10,0,2.03766481098e-08,nan,nan,1.92166297348e-08,nan,nan
2212,2.90091953181e-10,0,2.01358097643e-08,nan,nan,1.90134243826e-08,nan,nan
2216,2.81802667873e-10,0,2.02660773952e-08,nan,nan,1.9111717392e-08,nan,nan
2220,2.73825423017e-10,0,2.00667568549e-08,nan,nan,1.89329701576e-08,nan,nan
2224,2.66145703344e-10,0,2.01533636e-08,nan,nan,1.90067882401e-08,nan,nan
2228,2.58749789163e-10,0,1.99990154428e-08,nan,nan,1.88554956353e-08,nan,nan
2232,2.51624703458e-10,0,2.00413180489e-08,nan,nan,1.89031191529e-08,nan,nan
2236,2.4475818373e-10,0,1.9929944193e-08,nan,nan,1.87796146425e-08,nan,nan
2240,2.38138629213e-10,0,1.99326448006e-08,nan,nan,1.88022597248e-08,nan,nan
2244,2.31755048525e-10,0,1.9856854542e-08,nan,nan,1.87034148473e-08,nan,nan
2248,2.25597030102e-10,0,1.98304040645e-08,nan,nan,1.87066296207e-08,nan,nan
2252,2.19654718235e-10,0,1.97761631712e-08,nan,nan,1.86236732261e-08,nan,nan
2256,2.13918761848e-10,0,1.9738516935e-08,nan,nan,1.86196002662e-08,nan,nan
2260,2.08380293847e-10,0,1.96855056475e-08,nan,nan,1.85386321954e-08,nan,nan
2264,2.03030893095e-10,0,1.96544583238e-08,nan,nan,1.85378052714e-08,nan,nan
2268,1.97862578736e-10,0,1.95957071716e-08,nan,nan,1.84589740103e-08,nan,nan
2272,1.92867753484e-10,0,1.95630943354e-08,nan,nan,1.84482876405e-08,nan,nan
2276,1.88039216871e-10,0,1.95125360472e-08,nan,nan,1.83860386766e-08,nan,nan
2280,1.83370103964e-10,0,1.94791048171e-08,nan,nan,1.83692301934e-08,nan,nan
2284,1.78853907678e-10,0,1.94130784058e-08,nan,nan,1.82970047455e-08,nan,nan
2288,1.74484418249e-10,0,1.94101858166e-08,nan,nan,1.83055001455e-08,nan,nan
2292,1.70255739321e-10,0,1.93084715331e-08,nan,nan,1.82046180372e-08,nan,nan
2296,1.66162245947e-10,0,1.93422339413e-08,nan,nan,1.82433818921e-08,nan,nan
2300,1.62198587135e-10,0,1.9207025353e-08,nan,nan,1.81160449059e-08,nan,nan
2304,1.58359662891e-10,0,1.92707768627e-08,nan,nan,1.81791164635e-08,nan,nan
2308,1.546406056e-10,0,1.91120266583e-08,nan,nan,1.80340045243e-08,nan,nan
2312,1.5103678884e-10,0,1.91936719809e-08,nan,nan,1.81108187373e-08,nan,nan
2316,1.47543774851e-10,0,1.90247590231e-08,nan,nan,1.79595021623e-08,nan,nan
2320,1.441573503e-10,0,1.91107242831e-08,nan,nan,1.80383075968e-08,nan,nan
2324,1.40873485234e-10,0,1.89448746066e-08,nan,nan,1.7892133768e-08,nan,nan
2328,1.37688328475e-10,0,1.90229117269e-08,nan,nan,1.79624465439e-08,nan,nan
2332,1.3459820251e-10,0,1.88710324174e-08,nan,nan,1.78305979839e-08,nan,nan
2336,1.31599590609e-10,0,1.89319508602e-08,nan,nan,1.78847553992e-08,nan,nan
2340,1.2868914207e-10,0,1.88014301816e-08,nan,nan,1.77731753032e-08,nan,nan
2344,1.25863637126e-10,0,1.88400040368e-08,nan,nan,1.78071384161e-08,nan,nan
2348,1.23120004396e-10,0,1.87340222266e-08,nan,nan,1.77179885103e-08,nan,nan
2352,1.20455299549e-10,0,1.87492661208e-08,nan,nan,1.77314787508e-08,nan,nan
2356,1.17866710535e-10,0,1.86667647192e-08,nan,nan,1.76632461861e-08,nan,nan
2360,1.15351544612e-10,0,1.86616253349e-08,nan,nan,1.76592943923e-08,nan,nan
2364,1.12907216429e-10,0,1.85981341641e-08,nan,nan,1.76076868382e-08,nan,nan
2368,1.10531248799e-10,0,1.85783932808e-08,nan,nan,1.75915272954e-08,nan,nan
2372,1.08221278433e-10,0,1.85274797602e-08,nan,nan,1.75508723023e-08,nan,nan
2376,1.05975028526e-10,0,1.84999556181e-08,nan,nan,1.75283015097e-08,nan,nan
2380,1.03790318794e-10,0,1.84550197602e-08,nan,nan,1.74931307966e-08,nan,nan
2384,1.01665057756e-10,0,1.84256676091e-08,nan,nan,1.74688727014e-08,nan,nan
2388,9.95972414123e-11,0,1.83818403697e-08,nan,nan,1.74354841451e-08,nan,nan
2392,9.7584940772e-11,0,1.83541702345e-08,nan,nan,1.74119526831e-08,nan,nan
2396,9.56263057044e-11,0,1.8309798654e-08,nan,nan,1.73795189214e-08,nan,nan
2400,9.37195668396e-11,0,1.82837118422e-08,nan,nan,1.73560428915e-08,nan,nan
2404,9.18630185953e-11,0,1.82409774315e-08,nan,nan,1.73268865366e-08,nan,nan
2408,9.00550197193e-11,0,1.82124657915e-08,nan,nan,1.72997088337e-08,nan,nan
2412,8.82939910141e-11,0,1.81770738462e-08,nan,nan,1.72787743484e-08,nan,nan
2416,8.65784247859e-11,0,1.81392171038e-08,nan,nan,1.72421184414e-08,nan,nan
2420,8.49068602652e-11,0,1.81190477739e-08,nan,nan,1.72356924401e-08,nan,nan
2424,8.32778992289e-11,0,1.80639412394e-08,nan,nan,1.71834782738e-08,nan,nan
2428,8.16901946944e-11,0,1.80667149417e-08,nan,nan,1.71972492928e-08,nan,nan
2432,8.01424539827e-11,0,1.7987778136e-08,nan,nan,1.71249065696e-08,nan,nan
2436,7.86334248823e-11,0,1.8018515665e-08,nan,nan,1.71620003367e-08,nan,nan
2440,7.71619043735e-11,0,1.79129133627e-08,nan,nan,1.70682356752e-08,nan,nan
2444,7.57267383274e-11,0,1.79719849626e-08,nan,nan,1.71278799404e-08,nan,nan
2448,7.43268062122e-11,0,1.7842427513e-08,nan,nan,1.70159088978e-08,nan,nan
2452,7.29610439869e-11,0,1.79244332936e-08,nan,nan,1.70928106257e-08,nan,nan
2456,7.16284138652e-11,0,1.77794553631e-08,nan,nan,1.697032504e-08,nan,nan
2460,7.0327916209e-11,0,1.78734076281e-08,nan,nan,1.70549988496e-08,nan,nan
2464,6.90585907841e-11,0,1.77261867598e-08,nan,nan,1.69330187584e-08,nan,nan
2468,6.78195060563e-11,0,1.78175015972e-08,nan,nan,1.70134872754e-08,nan,nan
2472,6.66097714232e-11,0,1.76835796412e-08,nan,nan,1.69045364107e-08,nan,nan
2476,6.54285240334e-11,0,1.7757212625e-08,nan,nan,1.69688552693e-08,nan,nan
2480,6.42749340761e-11,0,1.76511134527e-08,nan,nan,1.68843590853e-08,nan,nan
2484,6.31481939365e-11,0,1.76947463263e-08,nan,nan,1.69230037124e-08,nan,nan
2488,6.20475295574e-11,0,1.76264343253e-08,nan,nan,1.68705579014e-08,nan,nan
2492,6.09721879178e-11,0,1.7633415858e-08,nan,nan,1.68785689005e-08,nan,nan
2496,5.99214470418e-11,0,1.7606162187e-08,nan,nan,1.6860419988e-08,nan,nan
2500,5.88946141838e-11,0,1.75774858976e-08,nan,nan,1.68389101711e-08,nan,nan
2504,5.78910114317e-11,0,1.75872554976e-08,nan,nan,1.68516395397e-08,nan,nan
2508,5.69099853676e-11,0,1.75312172005e-08,nan,nan,1.68074528732e-08,nan,nan
2512,5.59508997206e-11,0,1.75673311646e-08,nan,nan,1.68424585888e-08,nan,nan
2516,5.50131501423e-11,0,1.74972731838e-08,nan,nan,1.67862880232e-08,nan,nan
2520,5.40961513084e-11,0,1.75451631431e-08,nan,nan,1.68319039851e-08,nan,nan
2524,5.31993333514e-11,0,1.74768160947e-08,nan,nan,1.6776319086e-08,nan,nan
2528,5.23221400435e-11,0,1.75220055476e-08,nan,nan,1.6821023764e-08,nan,nan
2532,5.14640325937e-11,0,1.74702078781e-08,nan,nan,1.6778055449e-08,nan,nan
2536,5.06245049417e-11,0,1.75010104938e-08,nan,nan,1.68124617572e-08,nan,nan
2540,4.980305692e-11,0,1.7476252703e-08,nan,nan,1.67908043443e-08,nan,nan
2544,4.8999205792e-11,0,1.74853560074e-08,nan,nan,1.6808661117e-08,nan,nan
2548,4.82124774148e-11,0,1.74929808577e-08,nan,nan,1.6813123719e-08,nan,nan
2552,4.74424195015e-11,0,1.74789244516e-08,nan,nan,1.68126234291e-08,nan,nan
2556,4.66885965385e-11,0,1.75205016049e-08,nan,nan,1.68455043578e-08,nan,nan
2560,4.59505888911e-11,0,1.74866639929e-08,nan,nan,1.68286108233e-08,nan,nan
2564,4.5227978273e-11,0,1.75603104733e-08,nan,nan,1.68897148176e-08,nan,nan
2568,4.45203606752e-11,0,1.75116349301e-08,nan,nan,1.68593172708e-08,nan,nan
2572,4.38273545935e-11,0,1.76132793744e-08,nan,nan,1.6946541852e-08,nan,nan
2576,4.31485933994e-11,0,1.75561415431e-08,nan,nan,1.69066977381e-08,nan,nan
2580,4.24837053586e-11,0,1.76832678681e-08,nan,nan,1.70192728084e-08,nan,nan
2584,4.18323364322e-11,0,1.76269249621e-08,nan,nan,1.69772284643e-08,nan,nan
2588,4.11941430555e-11,0,1.77779989966e-08,nan,nan,1.7115066149e-08,nan,nan
2592,4.05688064266e-11,0,1.77317776122e-08,nan,nan,1.70787627887e-08,nan,nan
2596,3.9956002578e-11,0,1.79020035736e-08,nan,nan,1.72379054294e-08,nan,nan
2600,3.93554042535e-11,0,1.78761006165e-08,nan,nan,1.72164137019e-08,nan,nan
2604,3.87667214357e-11,0,1.80615589928e-08,nan,nan,1.73928233421e-08,nan,nan
2608,3.81896611401e-11,0,1.80763038721e-08,nan,nan,1.74056317059e-08,nan,nan
2612,3.76239441439e-11,0,1.82784923657e-08,nan,nan,1.76002363096e-08,nan,nan
2616,3.70692776428e-11,0,1.83627117787e-08,nan,nan,1.76763679285e-08,nan,nan
2620,3.65253967884e-11,0,1.85752051643e-08,nan,nan,1.7881683646e-08,nan,nan
2624,3.59920558396e-11,0,1.87609295107e-08,nan,nan,1.80539114692e-08,nan,nan
2628,3.54689925181e-11,0,1.89619093025e-08,nan,nan,1.82445740506e-08,nan,nan
2632,3.49559497744e-11,0,1.93353005209e-08,nan,nan,1.85996649546e-08,nan,nan
2636,3.44527022014e-11,0,1.94843833557e-08,nan,nan,1.87290829883e-08,nan,nan
2640,3.39590207416e-11,0,2.03153187605e-08,nan,nan,1.95401671492e-08,nan,nan
2644,3.34746720742e-11,0,2.01554527141e-08,nan,nan,1.93472931924e-08,nan,nan
2648,3.29994293194e-11,0,2.22283484566e-08,nan,nan,2.13975928959e-08,nan,nan
2652,3.25330942373e-11,0,2.04796960929e-08,nan,nan,1.96241915707e-08,nan,nan
2656,3.2075458746e-11,0,2.62552527302e-08,nan,nan,2.52832044754e-08,nan,nan
2660,3.16263108993e-11,0,2.11485108636e-08,nan,nan,2.04124148981e-08,nan,nan
2664,3.11854559981e-11,0,3.22628844942e-08,nan,nan,3.09404468904e-08,nan,nan
2668,3.0752720045e-11,0,4.56500442169e-08,nan,nan,4.49669171572e-08,nan,nan
2672,3.03279041794e-11,0,1.52172397168e-08,nan,nan,1.38741959404e-08,nan,nan
2676,2.99108174662e-11,0,1.16108177587e-07,nan,nan,1.14750510777e-07,nan,nan
2680,2.95013088309e-11,0,1.75574352619e-07,nan,nan,1.75180739408e-07,nan,nan
2684,2.90991983657e-11,0,1.49890638936e-07,nan,nan,1.50748344555e-07,nan,nan
2688,2.87043110559e-11,0,9.13203490061e-08,nan,nan,9.27096682824e-08,nan,nan
2692,2.83164902909e-11,0,4.65887862266e-08,nan,nan,4.801698154e-08,nan,nan
2696,2.79355920752e-11,0,1.8206784299e-08,nan,nan,1.96659246627e-08,nan,nan
2700,2.75614479906e-11,0,1.77306506833e-08,nan,nan,1.90634464122e-08,nan,nan
2704,2.71939036542e-11,0,1.43289963862e-08,nan,nan,1.54459679105e-08,nan,nan
2708,2.683283807e-11,0,1.53799569411e-08,nan,nan,1.65339194631e-08,nan,nan
2712,2.64780912847e-11,0,1.25417191442e-08,nan,nan,1.34452000633e-08,nan,nan
2716,2.61295232741e-11,0,1.38870089785e-08,nan,nan,1.4844446812e-08,nan,nan
2720,2.57870159823e-11,0,1.22309007055e-08,nan,nan,1.29426711247e-08,nan,nan
2724,2.54504301987e-11,0,1.35664068804e-08,nan,nan,1.43733125329e-08,nan,nan
2728,2.51196278515e-11,0,1.23006110108e-08,nan,nan,1.29059725357e-08,nan,nan
2732,2.47945054186e-11,0,1.34386978603e-08,nan,nan,1.41513723916e-08,nan,nan
2736,2.44749353076e-11,0,1.2386224978e-08,nan,nan,1.29295894943e-08,nan,nan
2740,2.41607851304e-11,0,1.33670001932e-08,nan,nan,1.40176378722e-08,nan,nan
2744,2.38519611815e-11,0,1.25059914131e-08,nan,nan,1.30130126082e-08,nan,nan
2748,2.35483460131e-11,0,1.33470509613e-08,nan,nan,1.39611986359e-08,nan,nan
2752,2.32498113954e-11,0,1.26368789617e-08,nan,nan,1.31295453088e-08,nan,nan
2756,2.2956281435e-11,0,1.33345009193e-08,nan,nan,1.3933925049e-08,nan,nan
2760,2.26676395874e-11,0,1.27487540148e-08,nan,nan,1.32433673257e-08,nan,nan
2764,2.23837670494e-11,0,1.33133281126e-08,nan,nan,1.39138959644e-08,nan,nan
2768,2.2104597887e-11,0,1.28472327756e-08,nan,nan,1.33554643124e-08,nan,nan
2772,2.18300153751e-11,0,1.32907153201e-08,nan,nan,1.39052135177e-08,nan,nan
2776,2.15599192104e-11,0,1.29385350276e-08,nan,nan,1.3470877013e-08,nan,nan
2780,2.12942459509e-11,0,1.32639355723e-08,nan,nan,1.39040984442e-08,nan,nan
2784,2.10328775665e-11,0,1.30188429286e-08,nan,nan,1.35848839828e-08,nan,nan
2788,2.0775737415e-11,0,1.32283899904e-08,nan,nan,1.3904373079e-08,nan,nan
2792,2.05227516652e-11,0,1.30891233219e-08,nan,nan,1.36971616434e-08,nan,nan
2796,2.02738161889e-11,0,1.31870138531e-08,nan,nan,1.39075645232e-08,nan,nan
2800,2.00288630327e-11,0,1.31527731691e-08,nan,nan,1.38107299521e-08,nan,nan
2804,1.97878198607e-11,0,1.31423466632e-08,nan,nan,1.39155134991e-08,nan,nan
2808,1.95505876775e-11,0,1.32085113569e-08,nan,nan,1.39243939931e-08,nan,nan
2812,1.9317113528e-11,0,1.30948541903e-08,nan,nan,1.39278074017e-08,nan,nan
2816,1.90873160807e-11,0,1.32542144041e-08,nan,nan,1.4035848698e-08,nan,nan
2820,1.88611062617e-11,0,1.30476268813e-08,nan,nan,1.39464105293e-08,nan,nan
2824,1.86384502239e-11,0,1.32892962894e-08,nan,nan,1.41444081126e-08,nan,nan
2828,1.84192454542e-11,0,1.30048399155e-08,nan,nan,1.39746624431e-08,nan,nan
2832,1.82034381568e-11,0,1.3311993012e-08,nan,nan,1.42483374641e-08,nan,nan
2836,1.79909746795e-11,0,1.29690379115e-08,nan,nan,1.40144446197e-08,nan,nan
2840,1.77817630505e-11,0,1.33199167463e-08,nan,nan,1.43449437142e-08,nan,nan
2844,1.75757713209e-11,0,1.29424316674e-08,nan,nan,1.4067329513e-08,nan,nan
2848,1.73729167296e-11,0,1.33123063401e-08,nan,nan,1.44328097958e-08,nan,nan
2852,1.7173144174e-11,0,1.29270512639e-08,nan,nan,1.41350201383e-08,nan,nan
2856,1.69764112384e-11,0,1.32894305338e-08,nan,nan,1.45113752136e-08,nan,nan
2860,1.67826332847e-11,0,1.29230426634e-08,nan,nan,1.42176914381e-08,nan,nan
2864,1.6591780207e-11,0,1.32520036461e-08,nan,nan,1.45802409013e-08,nan,nan
2868,1.64037838885e-11,0,1.29289039646e-08,nan,nan,1.43139898862e-08,nan,nan
2872,1.62185868847e-11,0,1.3202172528e-08,nan,nan,1.46401622353e-08,nan,nan
2876,1.60361606001e-11,0,1.29423833199e-08,nan,nan,1.44218864278e-08,nan,nan
2880,1.58564179603e-11,0,1.31433804093e-08,nan,nan,1.46931644158e-08,nan,nan
2884,1.56793460609e-11,0,1.29601931422e-08,nan,nan,1.45383412298e-08,nan,nan
2888,1.55048713413e-11,0,1.30794492126e-08,nan,nan,1.47417600437e-08,nan,nan
2892,1.53329516454e-11,0,1.29782170388e-08,nan,nan,1.46592933239e-08,nan,nan
2896,1.51635532214e-11,0,1.30144409743e-08,nan,nan,1.47888621359e-08,nan,nan
2900,1.49966045998e-11,0,1.29925406717e-08,nan,nan,1.47805630336e-08,nan,nan
2904,1.48320963238e-11,0,1.29525847313e-08,nan,nan,1.48378646526e-08,nan,nan
2908,1.4669945841e-11,0,1.29998188032e-08,nan,nan,1.48982684623e-08,nan,nan
2912,1.45101447966e-11,0,1.28973624109e-08,nan,nan,1.4891819167e-08,nan,nan
2916,1.43526287521e-11,0,1.29973729591e-08,nan,nan,1.50089154915e-08,nan,nan
2920,1.41973654859e-11,0,1.28511352199e-08,nan,nan,1.4952996605e-08,nan,nan
2924,1.4044319633e-11,0,1.29836623356e-08,nan,nan,1.51099129094e-08,nan,nan
2928,1.38934344902e-11,0,1.2815107515e-08,nan,nan,1.5022767052e-08,nan,nan
2932,1.37447021205e-11,0,1.29586170662e-08,nan,nan,1.52000475229e-08,nan,nan
2936,1.35980464667e-11,0,1.27891376051e-08,nan,nan,1.51013607771e-08,nan,nan
2940,1.34534728708e-11,0,1.29232522039e-08,nan,nan,1.52792356189e-08,nan,nan
2944,1.33108997226e-11,0,1.27717284616e-08,nan,nan,1.51876969764e-08,nan,nan
2948,1.31703368692e-11,0,1.28796065812e-08,nan,nan,1.53485425034e-08,nan,nan
2952,1.30317160304e-11,0,1.27603959473e-08,nan,nan,1.52796278275e-08,nan,nan
2956,1.28950202756e-11,0,1.28305489197e-08,nan,nan,1.54100552537e-08,nan,nan
2960,1.27602145531e-11,0,1.2752255976e-08,nan,nan,1.53744761667e-08,nan,nan
2964,1.26272566532e-11,0,1.27791723388e-08,nan,nan,1.54663692583e-08,nan,nan
2968,1.24961349596e-11,0,1.27442738155e-08,nan,nan,1.54692342646e-08,nan,nan
2972,1.23667909366e-11,0,1.27284372635e-08,nan,nan,1.55202200507e-08,nan,nan
2976,1.22392246034e-11,0,1.2733705388e-08,nan,nan,1.55610046127e-08,nan,nan
2980,1.21133748191e-11,0,1.26808000971e-08,nan,nan,1.55740614419e-08,nan,nan
2984,1.19892465072e-11,0,1.27186759644e-08,nan,nan,1.56476140813e-08,nan,nan
2988,1.18667729824e-11,0,1.26378603331e-08,nan,nan,1.56297108411e-08,nan,nan
2992,1.17459654526e-11,0,1.26981821925e-08,nan,nan,1.57276663653e-08,nan,nan
2996,1.16267584986e-11,0,1.26003134842e-08,nan,nan,1.56882379767e-08,nan,nan
3000,1.15091598912e-11,0,1.26719972512e-08,nan,nan,1.58005130614e-08,nan,nan
3004,1.13931126625e-11,0,1.25680026969e-08,nan,nan,1.57499071358e-08,nan,nan
3008,1.12786212151e-11,0,1.26407704456e-08,nan,nan,1.58664110321e-08,nan,nan
3012,1.11656258342e-11,0,1.25400188883e-08,nan,nan,1.58142285887e-08,nan,nan
3016,1.10541361971e-11,0,1.26057737086e-08,nan,nan,1.59263160609e-08,nan,nan
3020,1.09441014647e-11,0,1.25150322957e-08,nan,nan,1.58802511789e-08,nan,nan
3024,1.08355132239e-11,0,1.25683803634e-08,nan,nan,1.59814061851e-08,nan,nan
3028,1.07283400169e-11,0,1.2491752694e-08,nan,nan,1.59469403373e-08,nan,nan
3032,1.06225656835e-11,0,1.25297723481e-08,nan,nan,1.60328332573e-08,nan,nan
3036,1.05181570962e-11,0,1.2469203126e-08,nan,nan,1.60133948698e-08,nan,nan
3040,1.0415105222e-11,0,1.24908362814e-08,nan,nan,1.60816549565e-08,nan,nan
3044,1.03133756601e-11,0,1.24467390511e-08,nan,nan,1.60788654836e-08,nan,nan
3048,1.02129597584e-11,0,1.24521099181e-08,nan,nan,1.6128783539e-08,nan,nan
3052,1.01138263936e-11,0,1.24239297519e-08,nan,nan,1.61426390827e-08,nan,nan
3056,1.00159590907e-11,0,1.24141139855e-08,nan,nan,1.61752985618e-08,nan,nan
3060,9.9193382942e-12,0,1.23997401113e-08,nan,nan,1.62032236012e-08,nan,nan
3064,9.82394468923e-12,0,1.2379192467e-08,nan,nan,1.62242142396e-08,nan,nan
3068,9.72975490925e-12,0,1.23696083859e-08,nan,nan,1.62556915062e-08,nan,nan
3072,9.63675689428e-12,0,1.23543619405e-08,nan,nan,1.62826901275e-08,nan,nan
3076,9.54492544715e-12,0,1.23266484469e-08,nan,nan,1.62939495195e-08,nan,nan
3080,9.45424544346e-12,0,1.23402260107e-08,nan,nan,1.63499969083e-08,nan,nan
3084,9.36469904078e-12,0,1.22828589302e-08,nan,nan,1.63313622247e-08,nan,nan
3088,9.27626929273e-12,0,1.23158134488e-08,nan,nan,1.64054794141e-08,nan,nan
3092,9.1889349112e-12,0,1.22517532876e-08,nan,nan,1.63795199503e-08,nan,nan
3096,9.10268295872e-12,0,1.22869541254e-08,nan,nan,1.6456957549e-08,nan,nan
3100,9.01749843526e-12,0,1.22185379336e-08,nan,nan,1.64236884952e-08,nan,nan
3104,8.93335900971e-12,0,1.22598863223e-08,nan,nan,1.65095243589e-08,nan,nan
3108,8.85025279475e-12,0,1.21864814134e-08,nan,nan,1.64681126169e-08,nan,nan
3112,8.76816423928e-12,0,1.22308321776e-08,nan,nan,1.65591661797e-08,nan,nan
3116,8.68707511823e-12,0,1.21569709965e-08,nan,nan,1.65144372346e-08,nan,nan
3120,8.60697407443e-12,0,1.21992973578e-08,nan,nan,1.66052009915e-08,nan,nan
3124,8.52784317604e-12,0,1.21303426805e-08,nan,nan,1.65633058485e-08,nan,nan
3128,8.44966928658e-12,0,1.21652272693e-08,nan,nan,1.66474209568e-08,nan,nan
3132,8.37243542613e-12,0,1.21063890859e-08,nan,nan,1.66147426348e-08,nan,nan
3136,8.29613241903e-12,0,1.21290349266e-08,nan,nan,1.66861658761e-08,nan,nan
3140,8.22074275953e-12,0,1.20845065501e-08,nan,nan,1.66682526699e-08,nan,nan
3144,8.14625415115e-12,0,1.20915250027e-08,nan,nan,1.67222821326e-08,nan,nan
3148,8.07265264914e-12,0,1.20637405297e-08,nan,nan,1.67228527998e-08,nan,nan
3152,7.99992412819e-12,0,1.20538026964e-08,nan,nan,1.67570444202e-08,nan,nan
3156,7.92805636842e-12,0,1.20428515783e-08,nan,nan,1.67771500613e-08,nan,nan
3160,7.85704045547e-12,0,1.20171777045e-08,nan,nan,1.679203143e-08,nan,nan
3164,7.78685806709e-12,0,1.20204927371e-08,nan,nan,1.68295476091e-08,nan,nan
3168,7.71750195027e-12,0,1.19830431126e-08,nan,nan,1.68289565704e-08,nan,nan
3172,7.64895522372e-12,0,1.19953905557e-08,nan,nan,1.68784836886e-08,nan,nan
3176,7.58120860282e-12,0,1.19526090751e-08,nan,nan,1.68693552532e-08,nan,nan
3180,7.51425290591e-12,0,1.19664563415e-08,nan,nan,1.69226048452e-08,nan,nan
3184,7.44807375141e-12,0,1.19266417264e-08,nan,nan,1.69142614812e-08,nan,nan
3188,7.38265857774e-12,0,1.19330849718e-08,nan,nan,1.69611000101e-08,nan,nan
3192,7.31799977147e-12,0,1.19055361352e-08,nan,nan,1.69642299436e-08,nan,nan
3196,7.25408531974e-12,0,1.18955304612e-08,nan,nan,1.69941304848e-08,nan,nan
3200,7.19090370736e-12,0,1.18890018874e-08,nan,nan,1.7019037834e-08,nan,nan
3204,7.12844852603e-12,0,1.18541431453e-08,nan,nan,1.70220992334e-08,nan,nan
3208,7.06669839379e-12,0,1.18752220475e-08,nan,nan,1.70767751978e-08,nan,nan
3212,7.00565830774e-12,0,1.18100281475e-08,nan,nan,1.70461748118e-08,nan,nan
3216,6.94530901421e-12,0,1.18640200495e-08,nan,nan,1.71370046996e-08,nan,nan
3220,6.88564051883e-12,0,1.17674869003e-08,nan,nan,1.70709765588e-08,nan,nan
3224,6.8266488345e-12,0,1.18530239403e-08,nan,nan,1.71974045957e-08,nan,nan
3228,6.76831843489e-12,0,1.17211565985e-08,nan,nan,1.70916330718e-08,nan,nan
3232,6.71064295806e-12,0,1.18293307867e-08,nan,nan,1.72443474172e-08,nan,nan
3236,6.65361461073e-12,0,1.16726361521e-08,nan,nan,1.71088502956e-08,nan,nan
3240,6.59722231671e-12,0,1.18137428856e-08,nan,nan,1.72974846255e-08,nan,nan
3244,6.54145702624e-12,0,1.16563579401e-08,nan,nan,1.71581441336e-08,nan,nan
3248,6.48631211447e-12,0,1.18112421703e-08,nan,nan,1.73641500048e-08,nan,nan
3252,6.43177651066e-12,0,1.16308865534e-08,nan,nan,1.72000732264e-08,nan,nan
3256,6.37784287693e-12,0,1.17673173018e-08,nan,nan,1.73882860775e-08,nan,nan
3260,6.32450578234e-12,0,1.15953124203e-08,nan,nan,1.72302712487e-08,nan,nan
3264,6.27175265902e-12,0,1.17417045198e-08,nan,nan,1.74283025311e-08,nan,nan
3268,6.2195771979e-12,0,1.15904131704e-08,nan,nan,1.72919977228e-08,nan,nan
3272,6.16797149068e-12,0,1.17016881776e-08,nan,nan,1.74540770233e-08,nan,nan
3276,6.1169292325e-12,0,1.15612402268e-08,nan,nan,1.73290314709e-08,nan,nan
3280,6.06643912426e-12,0,1.16646097688e-08,nan,nan,1.74805315027e-08,nan,nan
3284,6.01650043721e-12,0,1.15611077864e-08,nan,nan,1.73949870609e-08,nan,nan
3288,5.96709849163e-12,0,1.16262453815e-08,nan,nan,1.75060750974e-08,nan,nan
3292,5.91822963223e-12,0,1.15330657163e-08,nan,nan,1.74325946765e-08,nan,nan
3296,5.86988705193e-12,0,1.15911060178e-08,nan,nan,1.75331574418e-08,nan,nan
3300,5.82206203815e-12,0,1.15292744931e-08,nan,nan,1.74939690833e-08,nan,nan
3304,5.77474908929e-12,0,1.15546352802e-08,nan,nan,1.75594441336e-08,nan,nan
3308,5.72793976965e-12,0,1.14980313875e-08,nan,nan,1.75269552114e-08,nan,nan
3312,5.68163018254e-12,0,1.15311786818e-08,nan,nan,1.75976059997e-08,nan,nan
3316,5.63581074178e-12,0,1.14848134693e-08,nan,nan,1.75776748026e-08,nan,nan
3320,5.5904788743e-12,0,1.14947513623e-08,nan,nan,1.76231855613e-08,nan,nan
3324,5.54562245888e-12,0,1.14553806753e-08,nan,nan,1.7610830417e-08,nan,nan
3328,5.50123934542e-12,0,1.14815070614e-08,nan,nan,1.76714317019e-08,nan,nan
3332,5.45732348344e-12,0,1.14286715866e-08,nan,nan,1.76467558495e-08,nan,nan
3336,5.41386621126e-12,0,1.14469185923e-08,nan,nan,1.76980739554e-08,nan,nan
3340,5.37086593066e-12,0,1.14111579392e-08,nan,nan,1.76907818723e-08,nan,nan
3344,5.32831050616e-12,0,1.14271435807e-08,nan,nan,1.77396857879e-08,nan,nan
3348,5.2861985052e-12,0,1.13772135678e-08,nan,nan,1.7718275073e-08,nan,nan
3352,5.24452633473e-12,0,1.14033895062e-08,nan,nan,1.77765877646e-08,nan,nan
3356,5.20328102806e-12,0,1.13642892645e-08,nan,nan,1.77666553244e-08,nan,nan
3360,5.16246242784e-12,0,1.13655434151e-08,nan,nan,1.7799561886e-08,nan,nan
3364,5.12206610148e-12,0,1.13458123336e-08,nan,nan,1.78090287133e-08,nan,nan
3368,5.08208107031e-12,0,1.13439033324e-08,nan,nan,1.78386087823e-08,nan,nan
3372,5.04251123881e-12,0,1.13203297676e-08,nan,nan,1.78446821926e-08,nan,nan
3376,5.00333976839e-12,0,1.13132553636e-08,nan,nan,1.7868368839e-08,nan,nan
3380,4.96456934141e-12,0,1.13109626672e-08,nan,nan,1.78964794092e-08,nan,nan
3384,4.92619368339e-12,0,1.12755479734e-08,nan,nan,1.78914596613e-08,nan,nan
3388,4.88820913317e-12,0,1.12939689714e-08,nan,nan,1.79405525692e-08,nan,nan
3392,4.85060449279e-12,0,1.1254073569e-08,nan,nan,1.79311081886e-08,nan,nan
3396,4.81338218384e-12,0,1.12650694353e-08,nan,nan,1.79730367831e-08,nan,nan
3400,4.77653368865e-12,0,1.12338776121e-08,nan,nan,1.79723348539e-08,nan,nan
3404,4.74005678799e-12,0,1.12440723049e-08,nan,nan,1.80137510464e-08,nan,nan
3408,4.70394206512e-12,0,1.12054836206e-08,nan,nan,1.8006045491e-08,nan,nan
3412,4.66819299009e-12,0,1.12250548033e-08,nan,nan,1.80567102858e-08,nan,nan
3416,4.63279510524e-12,0,1.11839794592e-08,nan,nan,1.80474618622e-08,nan,nan
3420,4.59775240049e-12,0,1.11945423183e-08,nan,nan,1.80887296142e-08,nan,nan
3424,4.56305627867e-12,0,1.11736258834e-08,nan,nan,1.81007542378e-08,nan,nan
3428,4.52870367462e-12,0,1.11583739364e-08,nan,nan,1.81159966061e-08,nan,nan
3432,4.49469116144e-12,0,1.11627248792e-08,nan,nan,1.81542256854e-08,nan,nan
3436,4.46101413741e-12,0,1.11283072528e-08,nan,nan,1.81504799006e-08,nan,nan
3440,4.42766376452e-12,0,1.11434184184e-08,nan,nan,1.82000926807e-08,nan,nan
3444,4.39464381375e-12,0,1.11073177104e-08,nan,nan,1.81953325835e-08,nan,nan
3448,4.36194773027e-12,0,1.11165746587e-08,nan,nan,1.82393032236e-08,nan,nan
3452,4.32956686735e-12,0,1.10924484984e-08,nan,nan,1.82477897032e-08,nan,nan
3456,4.29750517043e-12,0,1.10860054907e-08,nan,nan,1.82757706698e-08,nan,nan
3460,4.26575370141e-12,0,1.10793326166e-08,nan,nan,1.83036316146e-08,nan,nan
3464,4.23430769745e-12,0,1.10567305399e-08,nan,nan,1.83146662329e-08,nan,nan
3468,4.20316597782e-12,0,1.10623286282e-08,nan,nan,1.83572925218e-08,nan,nan
3472,4.17232860717e-12,0,1.10341951031e-08,nan,nan,1.83616406328e-08,nan,nan
3476,4.14178362209e-12,0,1.10378157544e-08,nan,nan,1.8405163916e-08,nan,nan
3480,4.11153027074e-12,0,1.10184514005e-08,nan,nan,1.84170033374e-08,nan,nan
3484,4.08157342259e-12,0,1.10100546629e-08,nan,nan,1.84514674144e-08,nan,nan
3488,4.05189656506e-12,0,1.10021804617e-08,nan,nan,1.84737254007e-08,nan,nan
3492,4.02250478726e-12,0,1.0986292723e-08,nan,nan,1.85033922569e-08,nan,nan
3496,3.99339106745e-12,0,1.09814194085e-08,nan,nan,1.85281112251e-08,nan,nan
3500,3.9645556231e-12,0,1.09660264773e-08,nan,nan,1.85604175395e-08,nan,nan
3504,3.93599199611e-12,0,1.09596027132e-08,nan,nan,1.85837975538e-08,nan,nan
3508,3.90769792123e-12,0,1.09455894258e-08,nan,nan,1.86189188051e-08,nan,nan
3512,3.87967068772e-12,0,1.09388318937e-08,nan,nan,1.86430135813e-08,nan,nan
3516,3.85190671416e-12,0,1.09245699946e-08,nan,nan,1.86785802293e-08,nan,nan
3520,3.82440547258e-12,0,1.09185822457e-08,nan,nan,1.87052929531e-08,nan,nan
3524,3.79715523504e-12,0,1.09037037963e-08,nan,nan,1.87402891153e-08,nan,nan
3528,3.77016653798e-12,0,1.08982474651e-08,nan,nan,1.87700305653e-08,nan,nan
3532,3.74342589638e-12,0,1.08833748552e-08,nan,nan,1.8804623238e-08,nan,nan
3536,3.71693278572e-12,0,1.08776303283e-08,nan,nan,1.88369869795e-08,nan,nan
3540,3.69068625743e-12,0,1.08636327861e-08,nan,nan,1.88718420737e-08,nan,nan
3544,3.66468454232e-12,0,1.08567734844e-08,nan,nan,1.89061400297e-08,nan,nan
3548,3.6389203101e-12,0,1.08443667334e-08,nan,nan,1.89420424802e-08,nan,nan
3552,3.61339545566e-12,0,1.0835824825e-08,nan,nan,1.89775763319e-08,nan,nan
3556,3.58810319524e-12,0,1.08253965217e-08,nan,nan,1.90152347561e-08,nan,nan
3560,3.56304240056e-12,0,1.08149740725e-08,nan,nan,1.90514424499e-08,nan,nan
3564,3.53821383627e-12,0,1.08065213866e-08,nan,nan,1.90913732628e-08,nan,nan
3568,3.51360947197e-12,0,1.07944116313e-08,nan,nan,1.91279108163e-08,nan,nan
3572,3.48922794825e-12,0,1.07875613955e-08,nan,nan,1.91703897297e-08,nan,nan
3576,3.46507246191e-12,0,1.07742878525e-08,nan,nan,1.92071504738e-08,nan,nan
3580,3.4411342845e-12,0,1.07683945905e-08,nan,nan,1.92522306678e-08,nan,nan
3584,3.41741100732e-12,0,1.07546787521e-08,nan,nan,1.92892985076e-08,nan,nan
3588,3.393903617e-12,0,1.074898306e-08,nan,nan,1.93368784136e-08,nan,nan
3592,3.37060503012e-12,0,1.07355705199e-08,nan,nan,1.93744407734e-08,nan,nan
3596,3.34751849908e-12,0,1.07293790016e-08,nan,nan,1.94243557832e-08,nan,nan
3600,3.32464145511e-12,0,1.07168662711e-08,nan,nan,1.9462617702e-08,nan,nan
3604,3.30196451138e-12,0,1.07097061955e-08,nan,nan,1.95147190554e-08,nan,nan
3608,3.27949274841e-12,0,1.06984129367e-08,nan,nan,1.9553846484e-08,nan,nan
3612,3.2572202163e-12,0,1.06901237137e-08,nan,nan,1.96080346853e-08,nan,nan
3616,3.23514591372e-12,0,1.06800429031e-08,nan,nan,1.96481422958e-08,nan,nan
3620,3.21326713878e-12,0,1.06707833533e-08,nan,nan,1.97043519378e-08,nan,nan
3624,3.19158445982e-12,0,1.06616177591e-08,nan,nan,1.97455381122e-08,nan,nan
3628,3.17008951573e-12,0,1.06517903972e-08,nan,nan,1.98036917872e-08,nan,nan
3632,3.14878732497e-12,0,1.06430603064e-08,nan,nan,1.98460968658e-08,nan,nan
3636,3.12767120528e-12,0,1.06331776822e-08,nan,nan,1.99060492115e-08,nan,nan
3640,3.10674020301e-12,0,1.06243683073e-08,nan,nan,1.99499018266e-08,nan,nan
3644,3.08599150606e-12,0,1.06149028604e-08,nan,nan,2.00114044103e-08,nan,nan
3648,3.06542861673e-12,0,1.06056105772e-08,nan,nan,2.00570364131e-08,nan,nan
3652,3.04504126955e-12,0,1.05968667949e-08,nan,nan,2.01197468998e-08,nan,nan
3656,3.02483141206e-12,0,1.05868986958e-08,nan,nan,2.01675619634e-08,nan,nan
3660,3.00479774667e-12,0,1.05789389359e-08,nan,nan,2.02310943876e-08,nan,nan
3664,2.98493907083e-12,0,1.05683513064e-08,nan,nan,2.02815014967e-08,nan,nan
3668,2.96524991526e-12,0,1.05610036268e-08,nan,nan,2.03455100949e-08,nan,nan
3672,2.94573365533e-12,0,1.05500660658e-08,nan,nan,2.0398839753e-08,nan,nan
3676,2.92638278984e-12,0,1.05429817756e-08,nan,nan,2.04630893373e-08,nan,nan
3680,2.9071976912e-12,0,1.05320780505e-08,nan,nan,2.05195247141e-08,nan,nan
3684,2.88818187212e-12,0,1.05248558642e-08,nan,nan,2.0583955127e-08,nan,nan
3688,2.86932445438e-12,0,1.05143750528e-08,nan,nan,2.06435158953e-08,nan,nan
3692,2.85062955877e-12,0,1.0506668432e-08,nan,nan,2.07082229884e-08,nan,nan
3696,2.83209400584e-12,0,1.04968719909e-08,nan,nan,2.07707655612e-08,nan,nan
3700,2.81371323651e-12,0,1.04885010258e-08,nan,nan,2.08359703834e-08,nan,nan
3704,2.79549452781e-12,0,1.0479480248e-08,nan,nan,2.09012842086e-08,nan,nan
3708,2.77742901545e-12,0,1.04704516062e-08,nan,nan,2.09672434484e-08,nan,nan
3712,2.75951212263e-12,0,1.0462086866e-08,nan,nan,2.10350934675e-08,nan,nan
3716,2.7417463571e-12,0,1.04525930791e-08,nan,nan,2.1102057096e-08,nan,nan
3720,2.72413328199e-12,0,1.044464928e-08,nan,nan,2.11722756383e-08,nan,nan
3724,2.70666994473e-12,0,1.04349496224e-08,nan,nan,2.12403993511e-08,nan,nan
3728,2.68935030605e-12,0,1.04271296805e-08,nan,nan,2.13128806168e-08,nan,nan
3732,2.6721737046e-12,0,1.04175263977e-08,nan,nan,2.1382271156e-08,nan,nan
3736,2.6551448582e-12,0,1.04095608002e-08,nan,nan,2.1456996014e-08,nan,nan
3740,2.63825573754e-12,0,1.04002617213e-08,nan,nan,2.15276426651e-08,nan,nan
3744,2.62150724966e-12,0,1.03919726831e-08,nan,nan,2.16046692474e-08,nan,nan
3748,2.60489581919e-12,0,1.03831319445e-08,nan,nan,2.16765731012e-08,nan,nan
3752,2.58842667888e-12,0,1.03744077254e-08,nan,nan,2.1755889757e-08,nan,nan
3756,2.57209092289e-12,0,1.03660331287e-08,nan,nan,2.18291122007e-08,nan,nan
3760,2.55589078794e-12,0,1.03569779253e-08,nan,nan,2.19106395641e-08,nan,nan
3764,2.53982216819e-12,0,1.03488783684e-08,nan,nan,2.19853785096e-08,nan,nan
3768,2.52388754883e-12,0,1.03397141365e-08,nan,nan,2.20688003545e-08,nan,nan
3772,2.50808492341e-12,0,1.03316339805e-08,nan,nan,2.21455128291e-08,nan,nan
3776,2.49240728866e-12,0,1.03226618065e-08,nan,nan,2.22303410946e-08,nan,nan
3780,2.47686225348e-12,0,1.03142379498e-08,nan,nan,2.23095001874e-08,nan,nan
3784,2.46144274998e-12,0,1.0305824298e-08,nan,nan,2.23953287742e-08,nan,nan
3788,2.44614746732e-12,0,1.02967587898e-08,nan,nan,2.24772972494e-08,nan,nan
3792,2.43097649273e-12,0,1.02890610323e-08,nan,nan,2.25638201587e-08,nan,nan
3796,2.41593254452e-12,0,1.0279324293e-08,nan,nan,2.26488106564e-08,nan,nan
3800,2.40100397652e-12,0,1.02722824384e-08,nan,nan,2.27359722653e-08,nan,nan
3804,2.38620048065e-12,0,1.02619580781e-08,nan,nan,2.28238238775e-08,nan,nan
3808,2.37151498732e-12,0,1.02554660063e-08,nan,nan,2.29119517385e-08,nan,nan
3812,2.35694778264e-12,0,1.02447017399e-08,nan,nan,2.30022079336e-08,nan,nan
3816,2.3424966576e-12,0,1.02385155645e-08,nan,nan,2.30917268422e-08,nan,nan
3820,2.32816419995e-12,0,1.02276517856e-08,nan,nan,2.31840027776e-08,nan,nan
3824,2.31394192896e-12,0,1.02213561234e-08,nan,nan,2.32751508746e-08,nan,nan
3828,2.29983665407e-12,0,1.02107968742e-08,nan,nan,2.33692290762e-08,nan,nan
3832,2.28584350789e-12,0,1.02040616853e-08,nan,nan,2.34621253716e-08,nan,nan
3836,2.27196214283e-12,0,1.01940000545e-08,nan,nan,2.35578009964e-08,nan,nan
3840,2.25818728745e-12,0,1.01867632248e-08,nan,nan,2.36525727579e-08,nan,nan
3844,2.24452348484e-12,0,1.01771468926e-08,nan,nan,2.37496052952e-08,nan,nan
3848,2.23097001543e-12,0,1.01695092403e-08,nan,nan,2.38463523173e-08,nan,nan
3852,2.21752180215e-12,0,1.01602258264e-08,nan,nan,2.39445338489e-08,nan,nan
3856,2.20417852531e-12,0,1.01522544597e-08,nan,nan,2.40432624682e-08,nan,nan
3860,2.19094332271e-12,0,1.01432907539e-08,nan,nan,2.41424330878e-08,nan,nan
3864,2.17781066452e-12,0,1.01349221487e-08,nan,nan,2.42430782529e-08,nan,nan
3868,2.1647751545e-12,0,1.01263979589e-08,nan,nan,2.43430674961e-08,nan,nan
3872,2.15184912874e-12,0,1.0117455432e-08,nan,nan,2.44455514311e-08,nan,nan
3876,2.13902251015e-12,0,1.01095641265e-08,nan,nan,2.4546118169e-08,nan,nan
3880,2.1262936521e-12,0,1.00998482684e-08,nan,nan,2.46503720704e-08,nan,nan
3884,2.11366451999e-12,0,1.00927479864e-08,nan,nan,2.47511909274e-08,nan,nan
3888,2.10113670069e-12,0,1.00821511135e-08,nan,nan,2.48571152661e-08,nan,nan
3892,2.08869766696e-12,0,1.00758640628e-08,nan,nan,2.49578361584e-08,nan,nan
3896,2.07636297229e-12,0,1.00644396673e-08,nan,nan,2.5065187716e-08,nan,nan
3900,2.06412083521e-12,0,1.00588206927e-08,nan,nan,2.51655598221e-08,nan,nan
3904,2.05197170778e-12,0,1.00467770244e-08,nan,nan,2.5273795511e-08,nan,nan
3908,2.03991734497e-12,0,1.00415470325e-08,nan,nan,2.53737741461e-08,nan,nan
3912,2.02795513927e-12,0,1.00292018148e-08,nan,nan,2.54819497668e-08,nan,nan
3916,2.01608368209e-12,0,1.002399834e-08,nan,nan,2.55816916641e-08,nan,nan
3920,2.00430639346e-12,0,1.00117254409e-08,nan,nan,2.56884862575e-08,nan,nan
3924,1.9926151719e-12,0,1.00061597783e-08,nan,nan,2.57882099163e-08,nan,nan
3928,1.9810124069e-12,0,9.99432338393e-09,nan,nan,2.58920592157e-08,nan,nan
3932,1.96950021238e-12,0,9.98805296512e-09,nan,nan,2.59918041048e-08,nan,nan
3936,1.95807938998e-12,0,9.9769339993e-09,nan,nan,2.60910908505e-08,nan,nan
3940,1.94673525024e-12,0,9.96973296451e-09,nan,nan,2.61904281513e-08,nan,nan
3944,1.93548443085e-12,0,9.95947001347e-09,nan,nan,2.62836669572e-08,nan,nan
3948,1.92431722342e-12,0,9.95127132152e-09,nan,nan,2.63814205838e-08,nan,nan
3952,1.91323114665e-12,0,9.94183675187e-09,nan,nan,2.64673544857e-08,nan,nan
3956,1.90223583838e-12,0,9.93273415547e-09,nan,nan,2.6561387904e-08,nan,nan
3960,1.89131367663e-12,0,9.92395297629e-09,nan,nan,2.66389184822e-08,nan,nan
3964,1.88047650419e-12,0,9.91416494201e-09,nan,nan,2.67260321216e-08,nan,nan
3968,1.86972516861e-12,0,9.90576733799e-09,nan,nan,2.67939451086e-08,nan,nan
3972,1.85904753807e-12,0,9.89557357942e-09,nan,nan,2.68698912888e-08,nan,nan
3976,1.84845743671e-12,0,9.88726355579e-09,nan,nan,2.69263736939e-08,nan,nan
3980,1.83793630978e-12,0,9.87693375903e-09,nan,nan,2.6985921982e-08,nan,nan
3984,1.82749852944e-12,0,9.86845622986e-09,nan,nan,2.70278784452e-08,nan,nan
3988,1.81713990467e-12,0,9.85819178166e-09,nan,nan,2.70647909358e-08,nan,nan
3992,1.80685371407e-12,0,9.84938061467e-09,nan,nan,2.7086964071e-08,nan,nan
3996,1.79665009044e-12,0,9.83928178229e-09,nan,nan,2.70936919165e-08,nan,nan
4000,1.78651366155e-12,0,9.83007656291e-09,nan,nan,2.70875541228e-08,nan,nan
4004,1.77645422577e-12,0,9.82014026817e-09,nan,nan,2.70544262796e-08,nan,nan
4008,1.7664743694e-12,0,9.8105724415e-09,nan,nan,2.70067081808e-08,nan,nan
4012,1.75656224566e-12,0,9.80071877137e-09,nan,nan,2.69203087162e-08,nan,nan
4016,1.74672256918e-12,0,9.79087659379e-09,nan,nan,2.68108139129e-08,nan,nan
4020,1.73695790131e-12,0,9.78099138455e-09,nan,nan,2.66510173353e-08,nan,nan
4024,1.7272574314e-12,0,9.77097578929e-09,nan,nan,2.6448906117e-08,nan,nan
4028,1.71764010674e-12,0,9.76095218092e-09,nan,nan,2.61834002627e-08,nan,nan
4032,1.70808157391e-12,0,9.7508391263e-09,nan,nan,2.58401296974e-08,nan,nan
4036,1.69860025379e-12,0,9.74060599976e-09,nan,nan,2.54136945611e-08,nan,nan
4040,1.68917975638e-12,0,9.73042883111e-09,nan,nan,2.48487170854e-08,nan,nan
4044,1.67983148918e-12,0,9.7199585541e-09,nan,nan,2.41608388498e-08,nan,nan
4048,1.67055286285e-12,0,9.709712892e-09,nan,nan,2.32321702812e-08,nan,nan
4052,1.66133757102e-12,0,9.69900643949e-09,nan,nan,2.20891200154e-08,nan,nan
4056,1.65219576849e-12,0,9.68867192185e-09,nan,nan,2.05440527753e-08,nan,nan
4060,1.64310643388e-12,0,9.67773054247e-09,nan,nan,1.85939017123e-08,nan,nan
4064,1.63409149012e-12,0,9.66730056657e-09,nan,nan,1.62700738429e-08,nan,nan
4068,1.62514086895e-12,0,9.65609864092e-09,nan,nan,1.42461602166e-08,nan,nan
4072,1.61625331084e-12,0,9.64560430948e-09,nan,nan,1.88367260797e-08,nan,nan
4076,1.60742789344e-12,0,9.63407405648e-09,nan,nan,3.87948069143e-08,nan,nan
4080,1.59866736212e-12,0,9.6235894621e-09,nan,nan,7.08727326263e-08,nan,nan
4084,1.58996795024e-12,0,9.61162529679e-09,nan,nan,9.7942776304e-08,nan,nan
4088,1.58132710337e-12,0,9.60125099929e-09,nan,nan,1.03860184614e-07,nan,nan
4092,1.57275260821e-12,0,9.58873638113e-09,nan,nan,9.05274535595e-08,nan,nan
4096,1.56423690852e-12,0,9.57856498689e-09,nan,nan,7.54571255172e-08,nan,nan
4100,1.55578152983e-12,0,9.56541505031e-09,nan,nan,6.75511759141e-08,nan,nan
4104,1.5473874871e-12,0,9.55548753823e-09,nan,nan,6.26693186373e-08,nan,nan
4108,1.5390476353e-12,0,9.54168857893e-09,nan,nan,5.94601288732e-08,nan,nan
4112,1.53077157333e-12,0,9.53196227107e-09,nan,nan,5.7310505684e-08,nan,nan
4116,1.52254789137e-12,0,9.51758755172e-09,nan,nan,5.57396966414e-08,nan,nan
4120,1.51438764673e-12,0,9.50794302668e-09,nan,nan,5.4657331813e-08,nan,nan
4124,1.50628247475e-12,0,9.49312582185e-09,nan,nan,5.38478470536e-08,nan,nan
4128,1.4982332832e-12,0,9.48340722484e-09,nan,nan,5.3295033373e-08,nan,nan
4132,1.49024167816e-12,0,9.46830550349e-09,nan,nan,5.29057400624e-08,nan,nan
4136,1.48230275506e-12,0,9.45833599539e-09,nan,nan,5.26616588939e-08,nan,nan
4140,1.47442088245e-12,0,9.44314333579e-09,nan,nan,5.25317110161e-08,nan,nan
4144,1.46659396013e-12,0,9.43268697683e-09,nan,nan,5.24909334654e-08,nan,nan
4148,1.45881918053e-12,0,9.41768437753e-09,nan,nan,5.25347320003e-08,nan,nan
4152,1.4511012313e-12,0,9.40641463838e-09,nan,nan,5.26410056023e-08,nan,nan
4156,1.44343531286e-12,0,9.39195487763e-09,nan,nan,5.28099983397e-08,nan,nan
4160,1.4358210621e-12,0,9.37952784893e-09,nan,nan,5.30301800792e-08,nan,nan
4164,1.42826157428e-12,0,9.36592581518e-09,nan,nan,5.32965382395e-08,nan,nan
4168,1.42075053116e-12,0,9.35208933631e-09,nan,nan,5.36091979119e-08,nan,nan
4172,1.41329440364e-12,0,9.33953753393e-09,nan,nan,5.39575047652e-08,nan,nan
4176,1.40588734396e-12,0,9.32419009964e-09,nan,nan,5.43479322033e-08,nan,nan
4180,1.39852947341e-12,0,9.3127274482e-09,nan,nan,5.47700242158e-08,nan,nan
4184,1.39122594347e-12,0,9.29592194884e-09,nan,nan,5.52283612169e-08,nan,nan
4188,1.38396928854e-12,0,9.28546609427e-09,nan,nan,5.57197660988e-08,nan,nan
4192,1.37676234152e-12,0,9.26734751218e-09,nan,nan,5.62404931482e-08,nan,nan
4196,1.36960524699e-12,0,9.25776033045e-09,nan,nan,5.67981024035e-08,nan,nan
4200,1.36249564757e-12,0,9.23852972938e-09,nan,nan,5.73798263913e-08,nan,nan
4204,1.35543567908e-12,0,9.22962000444e-09,nan,nan,5.80007328927e-08,nan,nan
4208,1.34842007604e-12,0,9.2095485843e-09,nan,nan,5.86456081798e-08,nan,nan
4212,1.34145582006e-12,0,9.20108372101e-09,nan,nan,5.93271499012e-08,nan,nan
4216,1.33453747111e-12,0,9.18045684602e-09,nan,nan,6.00395953956e-08,nan,nan
4220,1.32766061262e-12,0,9.17224628346e-09,nan,nan,6.07803925098e-08,nan,nan
4224,1.3208369352e-12,0,9.15130187863e-09,nan,nan,6.15653790611e-08,nan,nan
4228,1.31405710828e-12,0,9.14319411256e-09,nan,nan,6.23667098307e-08,nan,nan
4232,1.30731835971e-12,0,9.12221301786e-09,nan,nan,6.3228276848e-08,nan,nan
4236,1.3006306875e-12,0,9.11395406725e-09,nan,nan,6.40951297446e-08,nan,nan
4240,1.29398504153e-12,0,9.09339935662e-09,nan,nan,6.50356272518e-08,nan,nan
4244,1.28738202112e-12,0,9.08455852766e-09,nan,nan,6.59770378354e-08,nan,nan
4248,1.28082628237e-12,0,9.06505231249e-09,nan,nan,6.69973501823e-08,nan,nan
4252,1.27431071321e-12,0,9.05514458684e-09,nan,nan,6.80257757473e-08,nan,nan
4256,1.26784072667e-12,0,9.03728681205e-09,nan,nan,6.91266729862e-08,nan,nan
4260,1.26141280629e-12,0,9.02597628864e-09,nan,nan,7.02563489139e-08,nan,nan
4264,1.25502469474e-12,0,9.01016971915e-09,nan,nan,7.14408365312e-08,nan,nan
4268,1.24868536785e-12,0,8.99739580056e-09,nan,nan,7.26855011329e-08,nan,nan
4272,1.24237912675e-12,0,8.98378148982e-09,nan,nan,7.39615544845e-08,nan,nan
4276,1.23612154753e-12,0,8.96976970899e-09,nan,nan,7.53323979175e-08,nan,nan
4280,1.22990223118e-12,0,8.95826504348e-09,nan,nan,7.67151116341e-08,nan,nan
4284,1.22372339086e-12,0,8.94346300156e-09,nan,nan,7.82199817236e-08,nan,nan
4288,1.21758581613e-12,0,8.93384983101e-09,nan,nan,7.97321943586e-08,nan,nan
4292,1.21148728464e-12,0,8.91883432803e-09,nan,nan,8.1376863781e-08,nan,nan
4296,1.20542917671e-12,0,8.91085338888e-09,nan,nan,8.30477468109e-08,nan,nan
4300,1.19941051866e-12,0,8.89624324479e-09,nan,nan,8.48394681941e-08,nan,nan
4304,1.19343344651e-12,0,8.88967458123e-09,nan,nan,8.67012991497e-08,nan,nan
4308,1.18749112129e-12,0,8.87606367236e-09,nan,nan,8.86541045179e-08,nan,nan
4312,1.18158761209e-12,0,8.87078913823e-09,nan,nan,9.07382896655e-08,nan,nan
4316,1.1757262974e-12,0,8.858695048e-09,nan,nan,9.28787524577e-08,nan,nan
4320,1.16989940629e-12,0,8.85474190759e-09,nan,nan,9.52128301815e-08,nan,nan
4324,1.16410892604e-12,0,8.84457126657e-09,nan,nan,9.75845602864e-08,nan,nan
4328,1.15836159789e-12,0,8.84213205408e-09,nan,nan,1.00192144367e-07,nan,nan
4332,1.15264559074e-12,0,8.83417479074e-09,nan,nan,1.02857378817e-07,nan,nan
4336,1.14696983182e-12,0,8.83359645395e-09,nan,nan,1.05762679298e-07,nan,nan
4340,1.14132699754e-12,0,8.82805100341e-09,nan,nan,1.08800104443e-07,nan,nan
4344,1.13572358411e-12,0,8.82979280415e-09,nan,nan,1.12037788851e-07,nan,nan
4348,1.13015364712e-12,0,8.82681084953e-09,nan,nan,1.1553712156e-07,nan,nan
4352,1.12462026208e-12,0,8.83138416797e-09,nan,nan,1.1916697858e-07,nan,nan
4356,1.11912525421e-12,0,8.83112221046e-09,nan,nan,1.23222598417e-07,nan,nan
4360,1.11365798175e-12,0,8.83903030994e-09,nan,nan,1.27347077912e-07,nan,nan
4364,1.10823151972e-12,0,8.84169431536e-09,nan,nan,1.32054799793e-07,nan,nan
4368,1.1028387026e-12,0,8.85338206176e-09,nan,nan,1.36836536576e-07,nan,nan
4372,1.09747770043e-12,0,8.8592518346e-09,nan,nan,1.42299130624e-07,nan,nan
4376,1.0921514132e-12,0,8.87507109917e-09,nan,nan,1.4797559915e-07,nan,nan
4380,1.08686064476e-12,0,8.88450069752e-09,nan,nan,1.54323811716e-07,nan,nan
4384,1.08160253062e-12,0,8.90469715698e-09,nan,nan,1.61217902048e-07,nan,nan
4388,1.0763757914e-12,0,8.91809409767e-09,nan,nan,1.68654860931e-07,nan,nan
4392,1.07118297548e-12,0,8.94281318283e-09,nan,nan,1.77183995957e-07,nan,nan
4396,1.06602356518e-12,0,8.96059830722e-09,nan,nan,1.86063090195e-07,nan,nan
4400,1.0608949385e-12,0,8.98990169533e-09,nan,nan,1.96756404866e-07,nan,nan
4404,1.05580150589e-12,0,9.01245676695e-09,nan,nan,2.07708743811e-07,nan,nan
4408,1.05073632419e-12,0,9.04634423186e-09,nan,nan,2.21254328226e-07,nan,nan
4412,1.04570413103e-12,0,9.0739601809e-09,nan,nan,2.35398552169e-07,nan,nan
4416,1.0407037433e-12,0,9.11239118445e-09,nan,nan,2.52768738724e-07,nan,nan
4420,1.03573402604e-12,0,9.14522499493e-09,nan,nan,2.72081486085e-07,nan,nan
4424,1.03079510484e-12,0,9.1881304774e-09,nan,nan,2.94849167789e-07,nan,nan
4428,1.02588801012e-12,0,9.22617531511e-09,nan,nan,3.22903708414e-07,nan,nan
4432,1.02100956658e-12,0,9.27345626748e-09,nan,nan,3.54057841757e-07,nan,nan
4436,1.01616218029e-12,0,9.31653212018e-09,nan,nan,3.97747006338e-07,nan,nan
4440,1.0113457029e-12,0,9.36804826248e-09,nan,nan,4.44029579947e-07,nan,nan
4444,1.00655646432e-12,0,9.41581446758e-09,nan,nan,5.18448457153e-07,nan,nan
4448,1.00179903175e-12,0,9.47136435839e-09,nan,nan,5.98650699418e-07,nan,nan
4452,9.97071651042e-13,0,9.52334655644e-09,nan,nan,7.45370698762e-07,nan,nan
4456,9.92369708821e-13,0,9.5826431115e-09,nan,nan,9.34642661663e-07,nan,nan
4460,9.87698883649e-13,0,9.63827009886e-09,nan,nan,1.33807734157e-06,nan,nan
4464,9.8305653632e-13,0,9.70091990191e-09,nan,nan,2.50885311014e-06,nan,nan
4468,9.78442771775e-13,0,9.75957184629e-09,nan,nan,3.76456119042e-06,nan,nan
4472,9.73856525349e-13,0,9.82505320654e-09,nan,nan,4.08513334307e-06,nan,nan
4476,9.69300630486e-13,0,9.88612960083e-09,nan,nan,3.20758523219e-06,nan,nan
4480,9.64769634522e-13,0,9.95374471275e-09,nan,nan,1.84820047686e-06,nan,nan
4484,9.60265689077e-13,0,1.00167708472e-08,nan,nan,1.05591858049e-06,nan,nan
4488,9.55791016826e-13,0,1.00855660176e-08,nan,nan,8.37979817267e-07,nan,nan
4492,9.51343429113e-13,0,1.01503039393e-08,nan,nan,6.5132847778e-07,nan,nan
4496,9.46922894177e-13,0,1.02190808481e-08,nan,nan,5.50873654528e-07,nan,nan
4500,9.42527958584e-13,0,1.02853926869e-08,nan,nan,4.70688128541e-07,nan,nan
4504,9.38156994188e-13,0,1.03531880304e-08,nan,nan,4.11788233801e-07,nan,nan
4508,9.33821830042e-13,0,1.04202199647e-08,nan,nan,3.67840608603e-07,nan,nan
4512,9.29501710881e-13,0,1.04874628625e-08,nan,nan,3.29332838719e-07,nan,nan
4516,9.2521471039e-13,0,1.0552611075e-08,nan,nan,3.01332672038e-07,nan,nan
4520,9.20949167044e-13,0,1.06213184918e-08,nan,nan,2.74653526177e-07,nan,nan
4524,9.16712346464e-13,0,1.06819554123e-08,nan,nan,2.54813384496e-07,nan,nan
4528,9.12499331031e-13,0,1.07515268504e-08,nan,nan,2.35643588218e-07,nan,nan
4532,9.08312621748e-13,0,1.08110029667e-08,nan,nan,2.20512569524e-07,nan,nan
4536,9.04148390728e-13,0,1.08732605236e-08,nan,nan,2.06323038786e-07,nan,nan
4540,9.0001173409e-13,0,1.09406744386e-08,nan,nan,1.94244980389e-07,nan,nan
4544,8.95899361615e-13,0,1.09882054774e-08,nan,nan,1.83414273062e-07,nan,nan
4548,8.91808996987e-13,0,1.10636304814e-08,nan,nan,1.7353172791e-07,nan,nan
4552,8.87745903599e-13,0,1.11039633683e-08,nan,nan,1.64987769391e-07,nan,nan
4556,8.83706054595e-13,0,1.11734046158e-08,nan,nan,1.56799899546e-07,nan,nan
4560,8.79688382536e-13,0,1.1221313339e-08,nan,nan,1.49834306032e-07,nan,nan
4564,8.75697191451e-13,0,1.12728980461e-08,nan,nan,1.4300692241e-07,nan,nan
4568,8.7172744603e-13,0,1.13340896648e-08,nan,nan,1.3715376355e-07,nan,nan
4572,8.67781103149e-13,0,1.1368113926e-08,nan,nan,1.31436307278e-07,nan,nan
4576,8.63860522151e-13,0,1.14368493217e-08,nan,nan,1.2639506517e-07,nan,nan
4580,8.59959473556e-13,0,1.14624837647e-08,nan,nan,1.21580606567e-07,nan,nan
4584,8.56084030658e-13,0,1.15278702881e-08,nan,nan,1.17164424686e-07,nan,nan
4588,8.5223043974e-13,0,1.1555814586e-08,nan,nan,1.13073023124e-07,nan,nan
4592,8.48398977868e-13,0,1.16087980875e-08,nan,nan,1.09169788685e-07,nan,nan
4596,8.44590069362e-13,0,1.16454893796e-08,nan,nan,1.05644969154e-07,nan,nan
4600,8.40804362028e-13,0,1.16829068388e-08,nan,nan,1.02186770254e-07,nan,nan
4604,8.3704018278e-13,0,1.17283687525e-08,nan,nan,9.90979836849e-08,nan,nan
4608,8.33296280089e-13,0,1.17532930581e-08,nan,nan,9.60380371437e-08,nan,nan
4612,8.29577090609e-13,0,1.18022851925e-08,nan,nan,9.32838060192e-08,nan,nan
4616,8.25875573819e-13,0,1.18217439477e-08,nan,nan,9.05811300992e-08,nan,nan
4620,8.22199996652e-13,0,1.18666913063e-08,nan,nan,8.80895085379e-08,nan,nan
4624,8.18543793325e-13,0,1.18884566491e-08,nan,nan,8.57012118966e-08,nan,nan
4628,8.14908155437e-13,0,1.19225465718e-08,nan,nan,8.34263683906e-08,nan,nan
4632,8.11292846836e-13,0,1.19524055223e-08,nan,nan,8.13063228947e-08,nan,nan
4636,8.07701532933e-13,0,1.19717488436e-08,nan,nan,7.9221950479e-08,nan,nan
4640,8.04126319417e-13,0,1.2012000858e-08,nan,nan,7.73236241962e-08,nan,nan
4644,8.00576477323e-13,0,1.20164371496e-08,nan,nan,7.5415021782e-08,nan,nan
4648,7.97042391395e-13,0,1.20657329054e-08,nan,nan,7.36958770547e-08,nan,nan
4652,7.93533937559e-13,0,1.20584191626e-08,nan,nan,7.19527547602e-08,nan,nan
4656,7.90040717635e-13,0,1.21126225426e-08,nan,nan,7.03779665135e-08,nan,nan
4660,7.865684936e-13,0,1.20988430559e-08,nan,nan,6.87894735691e-08,nan,nan
4664,7.83118782072e-13,0,1.21524101223e-08,nan,nan,6.7333611237e-08,nan,nan
4668,7.79686281702e-13,0,1.21381138375e-08,nan,nan,6.58861639871e-08,nan,nan
4672,7.76274812675e-13,0,1.2185513347e-08,nan,nan,6.45325626229e-08,nan,nan
4676,7.72879771569e-13,0,1.21760033168e-08,nan,nan,6.32101446924e-08,nan,nan
4680,7.69507386452e-13,0,1.22128470212e-08,nan,nan,6.19485735857e-08,nan,nan
4684,7.66152823656e-13,0,1.22118745785e-08,nan,nan,6.07345420619e-08,nan,nan
4688,7.62816681658e-13,0,1.22355863745e-08,nan,nan,5.95582207833e-08,nan,nan
4692,7.59502255662e-13,0,1.22449259609e-08,nan,nan,5.84374374923e-08,nan,nan
4696,7.56202582009e-13,0,1.22549319213e-08,nan,nan,5.734044378e-08,nan,nan
4700,7.52923217072e-13,0,1.22743955657e-08,nan,nan,5.63007678583e-08,nan,nan
4704,7.49664457475e-13,0,1.22719303063e-08,nan,nan,5.52765375965e-08,nan,nan
4708,7.46420053468e-13,0,1.2299708425e-08,nan,nan,5.43091910329e-08,nan,nan
4712,7.43196171765e-13,0,1.22873726767e-08,nan,nan,5.33502910345e-08,nan,nan
4716,7.39990504097e-13,0,1.23205505769e-08,nan,nan,5.24491318507e-08,nan,nan
4720,7.36802023076e-13,0,1.23017538778e-08,nan,nan,5.15480122428e-08,nan,nan
4724,7.33632844358e-13,0,1.2336872059e-08,nan,nan,5.07081632887e-08,nan,nan
4728,7.30479562905e-13,0,1.23152840468e-08,nan,nan,4.9858324317e-08,nan,nan
4732,7.27344952807e-13,0,1.23488525395e-08,nan,nan,4.90747786898e-08,nan,nan
4736,7.2422730048e-13,0,1.23279453476e-08,nan,nan,4.82717415692e-08,nan,nan
4740,7.21126829788e-13,0,1.23568483604e-08,nan,nan,4.75384672115e-08,nan,nan
4744,7.18044930082e-13,0,1.23395605491e-08,nan,nan,4.67801056476e-08,nan,nan
4748,7.14978969811e-13,0,1.23613226273e-08,nan,nan,4.60899154531e-08,nan,nan
4752,7.11930121452e-13,0,1.23498542423e-08,nan,nan,4.53760229174e-08,nan,nan
4756,7.08898970454e-13,0,1.23627819058e-08,nan,nan,4.47211808791e-08,nan,nan
4760,7.05882859271e-13,0,1.23585143569e-08,nan,nan,4.40524602844e-08,nan,nan
4764,7.02885060928e-13,0,1.236173517e-08,nan,nan,4.34257290386e-08,nan,nan
4768,6.99904594878e-13,0,1.23652418335e-08,nan,nan,4.2802572537e-08,nan,nan
4772,6.96937366721e-13,0,1.23586586702e-08,nan,nan,4.21982739826e-08,nan,nan
4776,6.9398959132e-13,0,1.23697740063e-08,nan,nan,4.16197438642e-08,nan,nan
4780,6.91057152857e-13,0,1.23539679042e-08,nan,nan,4.10344565745e-08,nan,nan
4784,6.88137744763e-13,0,1.23719014777e-08,nan,nan,4.04977840812e-08,nan,nan
4788,6.85240124166e-13,0,1.23480120827e-08,nan,nan,3.99304646784e-08,nan,nan
4792,6.82353379035e-13,0,1.23714858076e-08,nan,nan,3.94311701481e-08,nan,nan
4796,6.79485664182e-13,0,1.23410730696e-08,nan,nan,3.88826866172e-08,nan,nan
4800,6.76632030718e-13,0,1.23684600034e-08,nan,nan,3.84152078437e-08,nan,nan
4804,6.73794590332e-13,0,1.23333557253e-08,nan,nan,3.78874769844e-08,nan,nan
4808,6.70970705245e-13,0,1.23628241482e-08,nan,nan,3.74460614282e-08,nan,nan
4812,6.68165496183e-13,0,1.2324990656e-08,nan,nan,3.69410982908e-08,nan,nan
4816,6.65372906074e-13,0,1.23546538323e-08,nan,nan,3.65206575494e-08,nan,nan
4820,6.62595711053e-13,0,1.23160452143e-08,nan,nan,3.60398148185e-08,nan,nan
4824,6.59836501716e-13,0,1.23440991561e-08,nan,nan,3.5636477219e-08,nan,nan
4828,6.57088040122e-13,0,1.23065211454e-08,nan,nan,3.51800509198e-08,nan,nan
4832,6.54355974475e-13,0,1.23313694098e-08,nan,nan,3.47912990974e-08,nan,nan
4836,6.51640984234e-13,0,1.22963588917e-08,nan,nan,3.43585536949e-08,nan,nan
4840,6.48937412786e-13,0,1.23167286766e-08,nan,nan,3.39829958124e-08,nan,nan
4844,6.46249812131e-13,0,1.22854616032e-08,nan,nan,3.35725095818e-08,nan,nan
4848,6.43576031754e-13,0,1.23004882636e-08,nan,nan,3.32094256259e-08,nan,nan
4852,6.40919062234e-13,0,1.22737104033e-08,nan,nan,3.28195555579e-08,nan,nan
4856,6.38271148051e-13,0,1.22829760335e-08,nan,nan,3.24684146103e-08,nan,nan
4860,6.35643855845e-13,0,1.22609755256e-08,nan,nan,3.20976944203e-08,nan,nan
4864,6.33026316251e-13,0,1.22645125517e-08,nan,nan,3.17578307964e-08,nan,nan
4868,6.30424717943e-13,0,1.22471490669e-08,nan,nan,3.14051732173e-08,nan,nan
4872,6.27833997146e-13,0,1.22454002143e-08,nan,nan,3.10756977307e-08,nan,nan
4876,6.25261357501e-13,0,1.22321728512e-08,nan,nan,3.07403446353e-08,nan,nan
4880,6.22698437109e-13,0,1.22258920514e-08,nan,nan,3.04202582329e-08,nan,nan
4884,6.20152830721e-13,0,1.22160488921e-08,nan,nan,3.01015691101e-08,nan,nan
4888,6.17619332186e-13,0,1.22061526144e-08,nan,nan,2.97899984628e-08,nan,nan
4892,6.1509924381e-13,0,1.21988789906e-08,nan,nan,2.9487251421e-08,nan,nan
4896,6.12588324146e-13,0,1.21862268225e-08,nan,nan,2.91835980397e-08,nan,nan
4900,6.10100978464e-13,0,1.2180924668e-08,nan,nan,2.88959239688e-08,nan,nan
4904,6.07613253184e-13,0,1.21660141539e-08,nan,nan,2.85997883462e-08,nan,nan
4908,6.05151604891e-13,0,1.21625404684e-08,nan,nan,2.83262437231e-08,nan,nan
4912,6.02693782179e-13,0,1.21454828517e-08,nan,nan,2.80374660811e-08,nan,nan
4916,6.00255764077e-13,0,1.21436293924e-08,nan,nan,2.7776546939e-08,nan,nan
4920,5.978215868e-13,0,1.21255675021e-08,nan,nan,2.74964884508e-08,nan,nan
4924,5.95411805985e-13,0,1.2122705015e-08,nan,nan,2.72440415778e-08,nan,nan
4928,5.93002234661e-13,0,1.21082785796e-08,nan,nan,2.69775940186e-08,nan,nan
4932,5.90619364348e-13,0,1.20992675853e-08,nan,nan,2.67273711145e-08,nan,nan
4936,5.8823218651e-13,0,1.20906326683e-08,nan,nan,2.64762622266e-08,nan,nan
4940,5.85875731386e-13,0,1.20815673419e-08,nan,nan,2.62340440322e-08,nan,nan
4944,5.835137779e-13,0,1.20626289663e-08,nan,nan,2.59815497802e-08,nan,nan
4948,5.81180779797e-13,0,1.20731103038e-08,nan,nan,2.57659721154e-08,nan,nan
4952,5.78844461462e-13,0,1.20349562031e-08,nan,nan,2.55037960388e-08,nan,nan
4956,5.76533688456e-13,0,1.2054596121e-08,nan,nan,2.5303094749e-08,nan,nan
4960,5.74223499192e-13,0,1.20187400166e-08,nan,nan,2.50521287984e-08,nan,nan
4964,5.71935893354e-13,0,1.20321617264e-08,nan,nan,2.48516644083e-08,nan,nan
4968,5.69652997385e-13,0,1.20024114455e-08,nan,nan,2.4613954161e-08,nan,nan
4972,5.67383271188e-13,0,1.20107228393e-08,nan,nan,2.44154837772e-08,nan,nan
4976,5.6512642923e-13,0,1.19858419101e-08,nan,nan,2.41885498421e-08,nan,nan
4980,5.62878794398e-13,0,1.19913342981e-08,nan,nan,2.3994692769e-08,nan,nan
4984,5.6065092101e-13,0,1.19677042105e-08,nan,nan,2.37740716075e-08,nan,nan
4988,5.58419584935e-13,0,1.19745822039e-08,nan,nan,2.35888798991e-08,nan,nan
4992,5.56217136532e-13,0,1.1948157469e-08,nan,nan,2.33702338302e-08,nan,nan
4996,5.54008576519e-13,0,1.19600949149e-08,nan,nan,2.3196773208e-08,nan,nan
5000,5.51829518343e-13,0,1.19279116507e-08,nan,nan,2.29772648625e-08,nan,nan
5004,5.49643113241e-13,0,1.1947097122e-08,nan,nan,2.28168460895e-08,nan,nan
5008,5.47484121252e-13,0,1.19079102695e-08,nan,nan,2.25955450922e-08,nan,nan
5012,5.45326150259e-13,0,1.19347733229e-08,nan,nan,2.24477013646e-08,nan,nan
5016,5.4318101036e-13,0,1.18889796851e-08,nan,nan,2.22252589022e-08,nan,nan
5020,5.41052885918e-13,0,1.19224587001e-08,nan,nan,2.20882315226e-08,nan,nan
5024,5.38922682147e-13,0,1.1871672224e-08,nan,nan,2.18662754203e-08,nan,nan
5028,5.3681933956e-13,0,1.1909768289e-08,nan,nan,2.17376879332e-08,nan,nan
5032,5.3471085862e-13,0,1.18562786881e-08,nan,nan,2.15182221645e-08,nan,nan
5036,5.32628701747e-13,0,1.18966051342e-08,nan,nan,2.13956277563e-08,nan,nan
5040,5.30545487349e-13,0,1.18428383193e-08,nan,nan,2.11805535693e-08,nan,nan
5044,5.28474937138e-13,0,1.18830381362e-08,nan,nan,2.1061742817e-08,nan,nan
5048,5.26420628052e-13,0,1.18311793876e-08,nan,nan,2.08526196431e-08,nan,nan
5052,5.24367345198e-13,0,1.18692374745e-08,nan,nan,2.07357713175e-08,nan,nan
5056,5.2233869918e-13,0,1.18210627215e-08,nan,nan,2.05338072401e-08,nan,nan
5060,5.20300483877e-13,0,1.18554565347e-08,nan,nan,2.04174939557e-08,nan,nan
5064,5.18289729609e-13,0,1.18122493421e-08,nan,nan,2.02235844882e-08,nan,nan
5068,5.16283039577e-13,0,1.18419171527e-08,nan,nan,2.01066558826e-08,nan,nan
5072,5.14280435655e-13,0,1.18044655483e-08,nan,nan,1.99214218844e-08,nan,nan
5076,5.12302445144e-13,0,1.18287511308e-08,nan,nan,1.98029431767e-08,nan,nan
5080,5.103174087e-13,0,1.17974711071e-08,nan,nan,1.96268145104e-08,nan,nan
5084,5.08355709002e-13,0,1.18160843693e-08,nan,nan,1.95060983423e-08,nan,nan
5088,5.06397323636e-13,0,1.17911198083e-08,nan,nan,1.93393217702e-08,nan,nan
5092,5.04444231777e-13,0,1.18040139294e-08,nan,nan,1.9215916323e-08,nan,nan
5096,5.02516127842e-13,0,1.17852461469e-08,nan,nan,1.90584525763e-08,nan,nan
5100,5.00581671068e-13,0,1.17925246034e-08,nan,nan,1.89321468448e-08,nan,nan
5104,4.98664590888e-13,0,1.17796456228e-08,nan,nan,1.87836540819e-08,nan,nan
5108,4.96759518687e-13,0,1.17816026656e-08,nan,nan,1.86545758222e-08,nan,nan
5112,4.94851658746e-13,0,1.17741934092e-08,nan,nan,1.85144615476e-08,nan,nan
5116,4.92971133045e-13,0,1.17712957545e-08,nan,nan,1.83830612254e-08,nan,nan
5120,4.91084288401e-13,0,1.1768753491e-08,nan,nan,1.82504448231e-08,nan,nan
5124,4.89212759476e-13,0,1.1761551453e-08,nan,nan,1.81173457516e-08,nan,nan
5128,4.87357819917e-13,0,1.17630700653e-08,nan,nan,1.79911081934e-08,nan,nan
5132,4.85494479193e-13,0,1.17522565245e-08,nan,nan,1.78570732104e-08,nan,nan
5136,4.83659126774e-13,0,1.1756957141e-08,nan,nan,1.77360748276e-08,nan,nan
5140,4.81823361053e-13,0,1.17433999226e-08,nan,nan,1.76019653744e-08,nan,nan
5144,4.79990702064e-13,0,1.17503244525e-08,nan,nan,1.74851103276e-08,nan,nan
5148,4.7818363134e-13,0,1.17348738332e-08,nan,nan,1.73516535358e-08,nan,nan
5152,4.76371048073e-13,0,1.17429412937e-08,nan,nan,1.72378565482e-08,nan,nan
5156,4.74568317271e-13,0,1.17263531597e-08,nan,nan,1.710556741e-08,nan,nan
5160,4.72788360761e-13,0,1.17345957631e-08,nan,nan,1.69939493092e-08,nan,nan
5164,4.71000358103e-13,0,1.17175976787e-08,nan,nan,1.68632551095e-08,nan,nan
5168,4.69225618014e-13,0,1.17253146877e-08,nan,nan,1.67532388652e-08,nan,nan
5172,4.67469436195e-13,0,1.17083698544e-08,nan,nan,1.66243296991e-08,nan,nan
5176,4.65707527064e-13,0,1.17149901575e-08,nan,nan,1.65154259304e-08,nan,nan
5180,4.63960040901e-13,0,1.16980739872e-08,nan,nan,1.63880868093e-08,nan,nan
5184,4.62229398435e-13,0,1.17033052865e-08,nan,nan,1.62799727681e-08,nan,nan
5188,4.60491898179e-13,0,1.16861374016e-08,nan,nan,1.61538448049e-08,nan,nan
5192,4.58772457695e-13,0,1.16902274457e-08,nan,nan,1.60466243636e-08,nan,nan
5196,4.57065426308e-13,0,1.16722786447e-08,nan,nan,1.59212208147e-08,nan,nan
5200,4.55350835682e-13,0,1.16756575213e-08,nan,nan,1.58151130407e-08,nan,nan
5204,4.53658109925e-13,0,1.16558315482e-08,nan,nan,1.56894416755e-08,nan,nan
5208,4.51975514099e-13,0,1.1658852277e-08,nan,nan,1.55845604633e-08,nan,nan
5212,4.50287909436e-13,0,1.16358902177e-08,nan,nan,1.54574322332e-08,nan,nan
5216,4.48615612292e-13,0,1.16392037605e-08,nan,nan,1.53542308506e-08,nan,nan
5220,4.46959273347e-13,0,1.16122081936e-08,nan,nan,1.52247464587e-08,nan,nan
5224,4.45297390775e-13,0,1.16163903161e-08,nan,nan,1.51237329823e-08,nan,nan
5228,4.43645915006e-13,0,1.15843080909e-08,nan,nan,1.49907461025e-08,nan,nan
5232,4.42015847119e-13,0,1.15889740647e-08,nan,nan,1.48915864426e-08,nan,nan
5236,4.40376373365e-13,0,1.15506689963e-08,nan,nan,1.47537322291e-08,nan,nan
5240,4.38750447114e-13,0,1.15550689968e-08,nan,nan,1.46557770238e-08,nan,nan
5244,4.37139761407e-13,0,1.15105188343e-08,nan,nan,1.45127290821e-08,nan,nan
5248,4.35529302352e-13,0,1.15139196244e-08,nan,nan,1.44153999156e-08,nan,nan
5252,4.3392272125e-13,0,1.14635426244e-08,nan,nan,1.42673358614e-08,nan,nan
5256,4.32332581392e-13,0,1.14634575801e-08,nan,nan,1.41682971684e-08,nan,nan
5260,4.30750372983e-13,0,1.14068045695e-08,nan,nan,1.40145810449e-08,nan,nan
5264,4.29166624783e-13,0,1.13991050546e-08,nan,nan,1.39096762501e-08,nan,nan
5268,4.27594232528e-13,0,1.13371243081e-08,nan,nan,1.37510894559e-08,nan,nan
5272,4.26038048245e-13,0,1.13181870539e-08,nan,nan,1.36365403381e-08,nan,nan
5276,4.24478030585e-13,0,1.12542771366e-08,nan,nan,1.34764818632e-08,nan,nan
5280,4.22923885131e-13,0,1.12175474895e-08,nan,nan,1.33456910785e-08,nan,nan
5284,4.21388672736e-13,0,1.11534617109e-08,nan,nan,1.31859192144e-08,nan,nan
5288,4.19857238909e-13,0,1.10853679467e-08,nan,nan,1.30253886275e-08,nan,nan
5292,4.18324228557e-13,0,1.10223780642e-08,nan,nan,1.28664075449e-08,nan,nan
5296,4.16804167896e-13,0,1.09125134653e-08,nan,nan,1.26664028602e-08,nan,nan
5300,4.15295333098e-13,0,1.08486749249e-08,nan,nan,1.25039757341e-08,nan,nan
5304,4.13791439998e-13,0,1.07156404802e-08,nan,nan,1.22863420966e-08,nan,nan
5308,4.12286296431e-13,0,1.05766705921e-08,nan,nan,1.20413386758e-08,nan,nan
5312,4.10798074206e-13,0,1.05634218587e-08,nan,nan,1.19552373758e-08,nan,nan
5316,4.09317734854e-13,0,9.97392815678e-09,nan,nan,1.12472051293e-08,nan,nan
5320,4.07839594603e-13,0,1.06652086712e-08,nan,nan,1.18689333427e-08,nan,nan
5324,4.0636140999e-13,0,8.69936967774e-09,nan,nan,9.81448218782e-09,nan,nan
5328,4.04902476126e-13,0,1.09417187868e-08,nan,nan,1.18713849592e-08,nan,nan
5332,4.03450953869e-13,0,8.71324768781e-09,nan,nan,9.77195631108e-09,nan,nan
5336,4.01995505987e-13,0,8.41974073471e-09,nan,nan,8.77045543406e-09,nan,nan
5340,4.00550072359e-13,0,1.50218694711e-08,nan,nan,1.58576710737e-08,nan,nan
5344,3.99116310997e-13,0,4.99164273702e-09,nan,nan,4.94087625971e-09,nan,nan
5348,3.97691001541e-13,0,1.92329635431e-08,nan,nan,1.9025213683e-08,nan,nan
5352,3.96264680287e-13,0,1.99177883983e-08,nan,nan,2.06343164973e-08,nan,nan
5356,3.94842248405e-13,0,2.71762947017e-08,nan,nan,2.67984085268e-08,nan,nan
5360,3.93435927874e-13,0,5.19154708402e-08,nan,nan,5.13403214575e-08,nan,nan
5364,3.92037338277e-13,0,6.24519385131e-08,nan,nan,6.21913674505e-08,nan,nan
5368,3.90638129307e-13,0,5.8431406229e-08,nan,nan,5.84560446344e-08,nan,nan
5372,3.89243845383e-13,0,4.21259428237e-08,nan,nan,4.23100585274e-08,nan,nan
5376,3.87860054749e-13,0,2.75915734286e-08,nan,nan,2.77508607391e-08,nan,nan
5380,3.86487128755e-13,0,2.12506843081e-08,nan,nan,2.13196060595e-08,nan,nan
5384,3.85113995606e-13,0,1.90975995648e-08,nan,nan,1.90101038626e-08,nan,nan
5388,3.83747435524e-13,0,1.93022187915e-08,nan,nan,1.91527528693e-08,nan,nan
5392,3.82386396477e-13,0,1.76969419078e-08,nan,nan,1.74422656402e-08,nan,nan
5396,3.81035479536e-13,0,1.79089040417e-08,nan,nan,1.75905822073e-08,nan,nan
5400,3.79693387922e-13,0,1.64122597517e-08,nan,nan,1.59919207271e-08,nan,nan
5404,3.78350508049e-13,0,1.70200523571e-08,nan,nan,1.65262073579e-08,nan,nan
5408,3.77015121941e-13,0,1.58019076823e-08,nan,nan,1.52162843008e-08,nan,nan
5412,3.75685815787e-13,0,1.65106648719e-08,nan,nan,1.5846636354e-08,nan,nan
5416,3.74365838612e-13,0,1.54481619522e-08,nan,nan,1.47015987664e-08,nan,nan
5420,3.73052682517e-13,0,1.61107659779e-08,nan,nan,1.52807164283e-08,nan,nan
5424,3.71740905073e-13,0,1.52055044436e-08,nan,nan,1.4299186562e-08,nan,nan
5428,3.70433557137e-13,0,1.57935520103e-08,nan,nan,1.47995853615e-08,nan,nan
5432,3.69137118872e-13,0,1.5056622546e-08,nan,nan,1.39910181171e-08,nan,nan
5436,3.67846768134e-13,0,1.55554733506e-08,nan,nan,1.43997766966e-08,nan,nan
5440,3.66562874885e-13,0,1.49690948996e-08,nan,nan,1.37451643549e-08,nan,nan
5444,3.65280276914e-13,0,1.53682130249e-08,nan,nan,1.40529153941e-08,nan,nan
5448,3.64001803722e-13,0,1.491096545e-08,nan,nan,1.35295342422e-08,nan,nan
5452,3.62734912358e-13,0,1.52177681268e-08,nan,nan,1.37444402204e-08,nan,nan
5456,3.61474431779e-13,0,1.48737326619e-08,nan,nan,1.33353982198e-08,nan,nan
5460,3.60215202396e-13,0,1.51031501725e-08,nan,nan,1.34730804354e-08,nan,nan
5464,3.58966596517e-13,0,1.48534815963e-08,nan,nan,1.31589643132e-08,nan,nan
5468,3.57718196706e-13,0,1.50180695394e-08,nan,nan,1.32324444242e-08,nan,nan
5472,3.56474228524e-13,0,1.48423619253e-08,nan,nan,1.29924483936e-08,nan,nan
5476,3.5524099893e-13,0,1.49552972131e-08,nan,nan,1.30150841618e-08,nan,nan
5480,3.54012891392e-13,0,1.48369277222e-08,nan,nan,1.28323203562e-08,nan,nan
5484,3.52790843385e-13,0,1.49125348412e-08,nan,nan,1.2818511941e-08,nan,nan
5488,3.51573207726e-13,0,1.48373485019e-08,nan,nan,1.26787278168e-08,nan,nan
5492,3.50356129574e-13,0,1.48873843233e-08,nan,nan,1.26402576515e-08,nan,nan
5496,3.49148946541e-13,0,1.48422055904e-08,nan,nan,1.25302462993e-08,nan,nan
5500,3.47945685151e-13,0,1.48758712331e-08,nan,nan,1.24762750567e-08,nan,nan
5504,3.46752923763e-13,0,1.48502622349e-08,nan,nan,1.23855528974e-08,nan,nan
5508,3.45560942611e-13,0,1.48756317694e-08,nan,nan,1.23241169773e-08,nan,nan
5512,3.44373702476e-13,0,1.48621273653e-08,nan,nan,1.22451668855e-08,nan,nan
5516,3.43195469968e-13,0,1.48852600276e-08,nan,nan,1.21823359385e-08,nan,nan
5520,3.42016451059e-13,0,1.48780782279e-08,nan,nan,1.21093112098e-08,nan,nan
5524,3.40844745051e-13,0,1.49026167964e-08,nan,nan,1.204875545e-08,nan,nan
5528,3.39680805603e-13,0,1.48977229507e-08,nan,nan,1.19775294504e-08,nan,nan
5532,3.38521325295e-13,0,1.49259858075e-08,nan,nan,1.19215914085e-08,nan,nan
5536,3.37369223087e-13,0,1.49212859851e-08,nan,nan,1.18499833314e-08,nan,nan
5540,3.36217742071e-13,0,1.49546149009e-08,nan,nan,1.18000196155e-08,nan,nan
5544,3.35072650061e-13,0,1.49490335848e-08,nan,nan,1.17269087656e-08,nan,nan
5548,3.33933130807e-13,0,1.49877017747e-08,nan,nan,1.16831676432e-08,nan,nan
5552,3.32797156226e-13,0,1.49805767451e-08,nan,nan,1.1607893677e-08,nan,nan
5556,3.3166698527e-13,0,1.50244951703e-08,nan,nan,1.15702015607e-08,nan,nan
5560,3.30543335438e-13,0,1.50155420745e-08,nan,nan,1.14925293966e-08,nan,nan
5564,3.29424860401e-13,0,1.50648696917e-08,nan,nan,1.14609164319e-08,nan,nan
5568,3.28309242443e-13,0,1.50537304327e-08,nan,nan,1.13805794594e-08,nan,nan
5572,3.27200512675e-13,0,1.51088587596e-08,nan,nan,1.13552865757e-08,nan,nan
5576,3.26094472354e-13,0,1.50946434072e-08,nan,nan,1.12714986242e-08,nan,nan
5580,3.24994913361e-13,0,1.51563319157e-08,nan,nan,1.12531355322e-08,nan,nan
5584,3.23898508758e-13,0,1.51377322752e-08,nan,nan,1.11646685475e-08,nan,nan
5588,3.22807307656e-13,0,1.52073160665e-08,nan,nan,1.11544536363e-08,nan,nan
5592,3.2171990302e-13,0,1.51827566455e-08,nan,nan,1.10597674177e-08,nan,nan
5596,3.20641488782e-13,0,1.52618875485e-08,nan,nan,1.10592928334e-08,nan,nan
5600,3.19564676797e-13,0,1.52295594181e-08,nan,nan,1.09565571313e-08,nan,nan
5604,3.18492461384e-13,0,1.53198391739e-08,nan,nan,1.09674227117e-08,nan,nan
5608,3.1742670618e-13,0,1.52780303578e-08,nan,nan,1.08548475442e-08,nan,nan
5612,3.16363780556e-13,0,1.53808268608e-08,nan,nan,1.08784645879e-08,nan,nan
5616,3.15307024621e-13,0,1.53283537819e-08,nan,nan,1.07547515417e-08,nan,nan
5620,3.14250395481e-13,0,1.54444962537e-08,nan,nan,1.07920177812e-08,nan,nan
5624,3.13204813778e-13,0,1.53809057073e-08,nan,nan,1.06565910455e-08,nan,nan
5628,3.12157956882e-13,0,1.55103231715e-08,nan,nan,1.07075005398e-08,nan,nan
5632,3.11118594442e-13,0,1.54360606418e-08,nan,nan,1.05606994535e-08,nan,nan
5636,3.10084552203e-13,0,1.55776768592e-08,nan,nan,1.06242126441e-08,nan,nan
5640,3.09053101437e-13,0,1.549426556e-08,nan,nan,1.04674882738e-08,nan,nan
5644,3.08026694374e-13,0,1.56460251904e-08,nan,nan,1.05415478207e-08,nan,nan
5648,3.07006041451e-13,0,1.55560114286e-08,nan,nan,1.03774155085e-08,nan,nan
5652,3.05987346318e-13,0,1.57149111397e-08,nan,nan,1.0458979042e-08,nan,nan
5656,3.04975864523e-13,0,1.56216444132e-08,nan,nan,1.02907901479e-08,nan,nan
5660,3.03965947298e-13,0,1.57839383833e-08,nan,nan,1.03760464473e-08,nan,nan
5664,3.02962022491e-13,0,1.56913566505e-08,nan,nan,1.02077560527e-08,nan,nan
5668,3.01962699093e-13,0,1.5852910644e-08,nan,nan,1.02924973591e-08,nan,nan
5672,3.00964682189e-13,0,1.57652346235e-08,nan,nan,1.01283413989e-08,nan,nan
5676,2.99974292735e-13,0,1.59218488388e-08,nan,nan,1.02083036965e-08,nan,nan
5680,2.98986430003e-13,0,1.58431698605e-08,nan,nan,1.00523735305e-08,nan,nan
5684,2.98002858511e-13,0,1.59909179514e-08,nan,nan,1.0123583819e-08,nan,nan
5688,2.97023589485e-13,0,1.59248335638e-08,nan,nan,9.97945690125e-09,nan,nan
5692,2.9605035299e-13,0,1.60604722946e-08,nan,nan,1.00386407197e-08,nan,nan
5696,2.95079856538e-13,0,1.60097517612e-08,nan,nan,9.90905424539e-09,nan,nan
5700,2.94112988701e-13,0,1.61310926245e-08,nan,nan,9.95399513323e-09,nan,nan
5704,2.93148566312e-13,0,1.60972815612e-08,nan,nan,9.84046919806e-09,nan,nan
5708,2.92190654032e-13,0,1.62035372599e-08,nan,nan,9.87033369647e-09,nan,nan
5712,2.9123679788e-13,0,1.61865397106e-08,nan,nan,9.77277627245e-09,nan,nan
5716,2.90286973737e-13,0,1.62787826891e-08,nan,nan,9.78854689124e-09,nan,nan
5720,2.89341667276e-13,0,1.62764082943e-08,nan,nan,9.70482676447e-09,nan,nan
5724,2.88399180012e-13,0,1.6358027556e-08,nan,nan,9.70972841329e-09,nan,nan
5728,2.87460284457e-13,0,1.6365867376e-08,nan,nan,9.6355899856e-09,nan,nan
5732,2.86522939859e-13,0,1.64416930516e-08,nan,nan,9.63416195276e-09,nan,nan
5736,2.85596425758e-13,0,1.64560165539e-08,nan,nan,9.56618055157e-09,nan,nan
5740,2.8466908837e-13,0,1.65261835552e-08,nan,nan,9.55811717586e-09,nan,nan
5744,2.83746384213e-13,0,1.65532207492e-08,nan,nan,9.50290819938e-09,nan,nan
5748,2.82827845954e-13,0,1.66043369524e-08,nan,nan,9.47451146631e-09,nan,nan
5752,2.81912799839e-13,0,1.6660802888e-08,nan,nan,9.44876821424e-09,nan,nan
5756,2.81001939398e-13,0,1.66821929761e-08,nan,nan,9.38966039559e-09,nan,nan
5760,2.80093381889e-13,0,1.67636839912e-08,nan,nan,9.38847067047e-09,nan,nan
5764,2.79191763916e-13,0,1.67741979877e-08,nan,nan,9.31773817795e-09,nan,nan
5768,2.78289681295e-13,0,1.68606973573e-08,nan,nan,9.32115179885e-09,nan,nan
5772,2.77396745858e-13,0,1.68683421871e-08,nan,nan,9.24648005513e-09,nan,nan
5776,2.76504225305e-13,0,1.69621171172e-08,nan,nan,9.2568672212e-09,nan,nan
5780,2.7561439258e-13,0,1.69655834337e-08,nan,nan,9.17700131632e-09,nan,nan
5784,2.74729218969e-13,0,1.70632220598e-08,nan,nan,9.19080013074e-09,nan,nan
5788,2.73848763382e-13,0,1.70668649278e-08,nan,nan,9.11012269477e-09,nan,nan
5792,2.72971744527e-13,0,1.71649861597e-08,nan,nan,9.12387050312e-09,nan,nan
5796,2.72098532061e-13,0,1.71721939825e-08,nan,nan,9.04578557732e-09,nan,nan
5800,2.712256698e-13,0,1.72672255258e-08,nan,nan,9.05584218104e-09,nan,nan
5804,2.70361678592e-13,0,1.72815128708e-08,nan,nan,8.98384330488e-09,nan,nan
5808,2.69498123828e-13,0,1.73701801385e-08,nan,nan,8.98690307179e-09,nan,nan
5812,2.68639226897e-13,0,1.73946424532e-08,nan,nan,8.9240334908e-09,nan,nan
5816,2.67782054141e-13,0,1.74741954038e-08,nan,nan,8.91733840697e-09,nan,nan
5820,2.66931920529e-13,0,1.75112410525e-08,nan,nan,8.86594256335e-09,nan,nan
5824,2.66079387933e-13,0,1.75797608967e-08,nan,nan,8.84756243239e-09,nan,nan
5828,2.65236545933e-13,0,1.76308432035e-08,nan,nan,8.80904953203e-09,nan,nan
5832,2.64394299846e-13,0,1.76874974066e-08,nan,nan,8.77810503784e-09,nan,nan
5836,2.63556410597e-13,0,1.77528968948e-08,nan,nan,8.75276231733e-09,nan,nan
5840,2.62721855719e-13,0,1.77980932273e-08,nan,nan,8.70955432172e-09,nan,nan
5844,2.61889701306e-13,0,1.78768146548e-08,nan,nan,8.69646108035e-09,nan,nan
5848,2.61060648678e-13,0,1.79122254917e-08,nan,nan,8.64248879725e-09,nan,nan
5852,2.60237806656e-13,0,1.80020630074e-08,nan,nan,8.63957576604e-09,nan,nan
5856,2.59414422745e-13,0,1.80304876384e-08,nan,nan,8.57741754448e-09,nan,nan
5860,2.58597365542e-13,0,1.81282534266e-08,nan,nan,8.58166566881e-09,nan,nan
5864,2.57783413853e-13,0,1.81533058573e-08,nan,nan,8.51470693424e-09,nan,nan
5868,2.56971633205e-13,0,1.82552007426e-08,nan,nan,8.5224710381e-09,nan,nan
5872,2.56163048898e-13,0,1.82808729073e-08,nan,nan,8.45451781137e-09,nan,nan
5876,2.55359451554e-13,0,1.83829635846e-08,nan,nan,8.46195411962e-09,nan,nan
5880,2.54557437944e-13,0,1.84131344821e-08,nan,nan,8.39678716915e-09,nan,nan
5884,2.53757024717e-13,0,1.85118558208e-08,nan,nan,8.40031988198e-09,nan,nan
5888,2.5296656386e-13,0,1.85498106555e-08,nan,nan,8.34123855824e-09,nan,nan
5892,2.52171219226e-13,0,1.86424033797e-08,nan,nan,8.33798849935e-09,nan,nan
5896,2.51383665749e-13,0,1.86904432102e-08,nan,nan,8.28741521662e-09,nan,nan
5900,2.5059955287e-13,0,1.87752691241e-08,nan,nan,8.27553710266e-09,nan,nan
5904,2.49814756219e-13,0,1.88344815341e-08,nan,nan,8.23475336555e-09,nan,nan
5908,2.49038841273e-13,0,1.89111712797e-08,nan,nan,8.21363134953e-09,nan,nan
5912,2.48261325806e-13,0,1.89813825274e-08,nan,nan,8.18267612277e-09,nan,nan
5916,2.47489776311e-13,0,1.90507913871e-08,nan,nan,8.15293892612e-09,nan,nan
5920,2.46717310201e-13,0,1.91306914383e-08,nan,nan,8.13067715788e-09,nan,nan
5924,2.45954542663e-13,0,1.91946896544e-08,nan,nan,8.09404084037e-09,nan,nan
5928,2.4518763526e-13,0,1.92821056918e-08,nan,nan,8.07839527828e-09,nan,nan
5932,2.44429862473e-13,0,1.93432574553e-08,nan,nan,8.03737217016e-09,nan,nan
5936,2.43672102086e-13,0,1.94355168913e-08,nan,nan,8.02567230914e-09,nan,nan
5940,2.42916232801e-13,0,1.94967015897e-08,nan,nan,7.98319208488e-09,nan,nan
5944,2.42166166781e-13,0,1.95910115009e-08,nan,nan,7.97257001285e-09,nan,nan
5948,2.41419633058e-13,0,1.9655051185e-08,nan,nan,7.93157941842e-09,nan,nan
5952,2.40671059072e-13,0,1.97488400806e-08,nan,nan,7.91935041258e-09,nan,nan
5956,2.39931008055e-13,0,1.98181964892e-08,nan,nan,7.88246725734e-09,nan,nan
5960,2.39190969236e-13,0,1.9909374312e-08,nan,nan,7.86643556139e-09,nan,nan
5964,2.38454820277e-13,0,1.99859490927e-08,nan,nan,7.83570812053e-09,nan,nan
5968,2.37721361569e-13,0,2.00730493635e-08,nan,nan,7.81434437936e-09,nan,nan
5972,2.36991141871e-13,0,2.01581007832e-08,nan,nan,7.79114492779e-09,nan,nan
5976,2.36262918647e-13,0,2.02402982776e-08,nan,nan,7.76361575014e-09,nan,nan
5980,2.35538840754e-13,0,2.03344802805e-08,nan,nan,7.74868157242e-09,nan,nan
5984,2.34816649641e-13,0,2.0411499291e-08,nan,nan,7.71474371343e-09,nan,nan
5988,2.34097758769e-13,0,2.05150062727e-08,nan,nan,7.70834559574e-09,nan,nan
5992,2.3338226359e-13,0,2.05869383331e-08,nan,nan,7.66813286114e-09,nan,nan
5996,2.32667838149e-13,0,2.06997191282e-08,nan,nan,7.6703205263e-09,nan,nan
6000,2.31957176298e-13,0,2.07667844109e-08,nan,nan,7.62407488227e-09,nan,nan
6004,2.31250411529e-13,0,2.08887868801e-08,nan,nan,7.63494102144e-09,nan,nan
6008,2.30545797018e-13,0,2.09510925034e-08,nan,nan,7.58276003452e-09,nan,nan
6012,2.29843916822e-13,0,2.10824899528e-08,nan,nan,7.60265736456e-09,nan,nan
6016,2.29143579879e-13,0,2.11398404759e-08,nan,nan,7.54432588432e-09,nan,nan
6020,2.28448897979e-13,0,2.12811747936e-08,nan,nan,7.57396565361e-09,nan,nan
6024,2.27753061913e-13,0,2.13329924104e-08,nan,nan,7.5089286469e-09,nan,nan
6028,2.27062052705e-13,0,2.14851724756e-08,nan,nan,7.5493067163e-09,nan,nan
6032,2.26374379716e-13,0,2.15305883061e-08,nan,nan,7.47682905576e-09,nan,nan
6036,2.25689313658e-13,0,2.16946984121e-08,nan,nan,7.52895576873e-09,nan,nan
6040,2.25006238149e-13,0,2.17328538741e-08,nan,nan,7.44848115828e-09,nan,nan
6044,2.2432527439e-13,0,2.19097499779e-08,nan,nan,7.51292323809e-09,nan,nan
6048,2.23646299064e-13,0,2.19402997828e-08,nan,nan,7.42459229162e-09,nan,nan
6052,2.22973450883e-13,0,2.21300244694e-08,nan,nan,7.50088825925e-09,nan,nan
6056,2.2230065876e-13,0,2.21537735586e-08,nan,nan,7.406120473e-09,nan,nan
6060,2.21629862635e-13,0,2.23549022458e-08,nan,nan,7.49220380439e-09,nan,nan
6064,2.20965552653e-13,0,2.23744276209e-08,nan,nan,7.39418098256e-09,nan,nan
6068,2.20297877225e-13,0,2.25835423487e-08,nan,nan,7.48601157435e-09,nan,nan
6072,2.19636382231e-13,0,2.26035589064e-08,nan,nan,7.38983134315e-09,nan,nan
6076,2.18978261812e-13,0,2.28151185097e-08,nan,nan,7.48148264266e-09,nan,nan
6080,2.1832197665e-13,0,2.28422948786e-08,nan,nan,7.39372700951e-09,nan,nan
6084,2.17666214129e-13,0,2.30491976592e-08,nan,nan,7.47817233779e-09,nan,nan
6088,2.17015454332e-13,0,2.30911601483e-08,nan,nan,7.40570215199e-09,nan,nan
6092,2.16364617786e-13,0,2.32862018102e-08,nan,nan,7.47641799168e-09,nan,nan
6096,2.15720809051e-13,0,2.33496369519e-08,nan,nan,7.42440745839e-09,nan,nan
6100,2.15075425172e-13,0,2.35277846664e-08,nan,nan,7.47760322371e-09,nan,nan
6104,2.1443214981e-13,0,2.36159372086e-08,nan,nan,7.44722602501e-09,nan,nan
6108,2.13795057091e-13,0,2.37768370639e-08,nan,nan,7.48400774449e-09,nan,nan
6112,2.13157139968e-13,0,2.3887317502e-08,nan,nan,7.47076547552e-09,nan,nan
6116,2.1252239173e-13,0,2.40367626671e-08,nan,nan,7.49792527398e-09,nan,nan
6120,2.11892473539e-13,0,2.4161279745e-08,nan,nan,7.49218051819e-09,nan,nan
6124,2.11262475829e-13,0,2.43097785679e-08,nan,nan,7.51992172691e-09,nan,nan
6128,2.1063490382e-13,0,2.44376578372e-08,nan,nan,7.51117952341e-09,nan,nan
6132,2.10008623203e-13,0,2.45947021719e-08,nan,nan,7.54690006253e-09,nan,nan
6136,2.09389729475e-13,0,2.4720408351e-08,nan,nan,7.53138661352e-09,nan,nan
6140,2.08768313369e-13,0,2.48864032442e-08,nan,nan,7.57225463988e-09,nan,nan
6144,2.08151561871e-13,0,2.50160419501e-08,nan,nan,7.55811513436e-09,nan,nan
6148,2.07535639562e-13,0,2.51801266665e-08,nan,nan,7.59079944924e-09,nan,nan
6152,2.06923766881e-13,0,2.53270296155e-08,nan,nan,7.59170166323e-09,nan,nan
6156,2.06311915176e-13,0,2.54783440205e-08,nan,nan,7.60501437268e-09,nan,nan
6160,2.05706217911e-13,0,2.56479791581e-08,nan,nan,7.62494329101e-09,nan,nan
6164,2.050989874e-13,0,2.57885246881e-08,nan,nan,7.62138972293e-09,nan,nan
6168,2.04494436059e-13,0,2.5974017849e-08,nan,nan,7.65236839194e-09,nan,nan
6172,2.0389681234e-13,0,2.61126226265e-08,nan,nan,7.64021724269e-09,nan,nan
6176,2.03294497468e-13,0,2.63073090454e-08,nan,nan,7.67553679802e-09,nan,nan
6180,2.02701538876e-13,0,2.64482191758e-08,nan,nan,7.65812384683e-09,nan,nan
6184,2.02102608289e-13,0,2.66503328648e-08,nan,nan,7.69573945766e-09,nan,nan
6188,2.01514352968e-13,0,2.67951368459e-08,nan,nan,7.67434176984e-09,nan,nan
6192,2.00923823602e-13,0,2.70033856939e-08,nan,nan,7.7122301631e-09,nan,nan
6196,2.00334150149e-13,0,2.71542587626e-08,nan,nan,7.68901168704e-09,nan,nan
6200,1.99752891119e-13,0,2.73666757957e-08,nan,nan,7.72443617792e-09,nan,nan
6204,1.99163831845e-13,0,2.75262991434e-08,nan,nan,7.70204041767e-09,nan,nan
6208,1.98589384106e-13,0,2.77406830421e-08,nan,nan,7.73219927235e-09,nan,nan
6212,1.9800634116e-13,0,2.7911775874e-08,nan,nan,7.71314768151e-09,nan,nan
6216,1.97430799227e-13,0,2.81261413766e-08,nan,nan,7.73567892911e-09,nan,nan
6220,1.96858769424e-13,0,2.83110435445e-08,nan,nan,7.7219467367e-09,nan,nan
6224,1.9628330459e-13,0,2.85240066948e-08,nan,nan,7.73525369143e-09,nan,nan
6228,1.95715250747e-13,0,2.87243309061e-08,nan,nan,7.7280114505e-09,nan,nan
6232,1.95145296215e-13,0,2.89354276993e-08,nan,nan,7.73144331136e-09,nan,nan
6236,1.94581798526e-13,0,2.91517839946e-08,nan,nan,7.73092541636e-09,nan,nan
6240,1.94017946137e-13,0,2.93616925189e-08,nan,nan,7.72483693115e-09,nan,nan
6244,1.93455537185e-13,0,2.95935430795e-08,nan,nan,7.73032843705e-09,nan,nan
6248,1.92898502369e-13,0,2.98041407439e-08,nan,nan,7.7160212315e-09,nan,nan
6252,1.9233576198e-13,0,3.00498545503e-08,nan,nan,7.72596637394e-09,nan,nan
6256,1.9178498031e-13,0,3.02640543571e-08,nan,nan,7.7055109276e-09,nan,nan
6260,1.91232621416e-13,0,3.05211940646e-08,nan,nan,7.71773577976e-09,nan,nan
6264,1.90677605783e-13,0,3.07425521832e-08,nan,nan,7.69369013631e-09,nan,nan
6268,1.90131562276e-13,0,3.10083647097e-08,nan,nan,7.70571405898e-09,nan,nan
6272,1.89583473251e-13,0,3.12405233913e-08,nan,nan,7.68077416962e-09,nan,nan
6276,1.89037482702e-13,0,3.15125383437e-08,nan,nan,7.69016946465e-09,nan,nan
6280,1.8849619784e-13,0,3.17586282104e-08,nan,nan,7.66680070099e-09,nan,nan
6284,1.87953407092e-13,0,3.20352241922e-08,nan,nan,7.67154491849e-09,nan,nan
6288,1.87415205682e-13,0,3.22973792494e-08,nan,nan,7.65165040378e-09,nan,nan
6292,1.86880646453e-13,0,3.25781749301e-08,nan,nan,7.65041477753e-09,nan,nan
6296,1.86343528167e-13,0,3.28572988522e-08,nan,nan,7.63509469205e-09,nan,nan
6300,1.85812281068e-13,0,3.31432601016e-08,nan,nan,7.62742029415e-09,nan,nan
6304,1.85279598848e-13,0,3.34390924988e-08,nan,nan,7.6168633962e-09,nan,nan
6308,1.8474974534e-13,0,3.37322960322e-08,nan,nan,7.60319404208e-09,nan,nan
6312,1.84225301715e-13,0,3.40437533963e-08,nan,nan,7.59671917913e-09,nan,nan
6316,1.83697853113e-13,0,3.43469196293e-08,nan,nan,7.57828419041e-09,nan,nan
6320,1.83174983682e-13,0,3.4672663169e-08,nan,nan,7.57452401041e-09,nan,nan
6324,1.82654512839e-13,0,3.49886086001e-08,nan,nan,7.55309311026e-09,nan,nan
6328,1.82134969904e-13,0,3.53276183229e-08,nan,nan,7.55028656406e-09,nan,nan
6332,1.81617539225e-13,0,3.56587505381e-08,nan,nan,7.52784248243e-09,nan,nan
6336,1.81104016228e-13,0,3.60107319567e-08,nan,nan,7.52418102826e-09,nan,nan
6340,1.80587989654e-13,0,3.63587675172e-08,nan,nan,7.50257041149e-09,nan,nan
6344,1.80077191072e-13,0,3.67242992391e-08,nan,nan,7.49653288152e-09,nan,nan
6348,1.79567479299e-13,0,3.70902829139e-08,nan,nan,7.47716083899e-09,nan,nan
6352,1.79056863003e-13,0,3.74706796696e-08,nan,nan,7.467775403e-09,nan,nan
6356,1.78551816984e-13,0,3.78552653045e-08,nan,nan,7.45140015988e-09,nan,nan
6360,1.78050618011e-13,0,3.82522355384e-08,nan,nan,7.43838594432e-09,nan,nan
6364,1.7754515387e-13,0,3.86560961817e-08,nan,nan,7.42504868451e-09,nan,nan
6368,1.77045626297e-13,0,3.90713533815e-08,nan,nan,7.40881380131e-09,nan,nan
6372,1.76549256109e-13,0,3.94955441143e-08,nan,nan,7.39791140449e-09,nan,nan
6376,1.76049537123e-13,0,3.99305512959e-08,nan,nan,7.37941537698e-09,nan,nan
6380,1.75552683777e-13,0,4.03766718684e-08,nan,nan,7.36989390308e-09,nan,nan
6384,1.75060450936e-13,0,4.08326435978e-08,nan,nan,7.35041157305e-09,nan,nan
6388,1.7457091099e-13,0,4.13027315673e-08,nan,nan,7.34103179054e-09,nan,nan
6392,1.74078696495e-13,0,4.17809061921e-08,nan,nan,7.32187458892e-09,nan,nan
6396,1.73593219737e-13,0,4.22771063475e-08,nan,nan,7.31148946114e-09,nan,nan
6400,1.73107678482e-13,0,4.27791810172e-08,nan,nan,7.2937428768e-09,nan,nan
6404,1.7261981161e-13,0,4.33033422767e-08,nan,nan,7.2815339077e-09,nan,nan
6408,1.72138036568e-13,0,4.38318810307e-08,nan,nan,7.26585834248e-09,nan,nan
6412,1.71658059352e-13,0,4.43852895745e-08,nan,nan,7.25149079222e-09,nan,nan
6416,1.71178664324e-13,0,4.49438972051e-08,nan,nan,7.23801936588e-09,nan,nan
6420,1.70700371701e-13,0,4.55273389755e-08,nan,nan,7.22168676305e-09,nan,nan
6424,1.70226706118e-13,0,4.61204560179e-08,nan,nan,7.21004264877e-09,nan,nan
6428,1.69750967065e-13,0,4.67346973817e-08,nan,nan,7.19238788036e-09,nan,nan
6432,1.69278396976e-13,0,4.73670145332e-08,nan,nan,7.18182034942e-09,nan,nan
6436,1.68806430094e-13,0,4.80136115427e-08,nan,nan,7.16375325995e-09,nan,nan
6440,1.68339740726e-13,0,4.86892853034e-08,nan,nan,7.15335310976e-09,nan,nan
6444,1.67872027154e-13,0,4.93714516915e-08,nan,nan,7.13582005971e-09,nan,nan
6448,1.67410031456e-13,0,5.00934475776e-08,nan,nan,7.12474766455e-09,nan,nan
6452,1.66939812777e-13,0,5.08166246146e-08,nan,nan,7.10852215453e-09,nan,nan
6456,1.6647953814e-13,0,5.1586542097e-08,nan,nan,7.09618513895e-09,nan,nan
6460,1.66020311216e-13,0,5.235837085e-08,nan,nan,7.08173170071e-09,nan,nan
6464,1.65561392614e-13,0,5.31769832465e-08,nan,nan,7.06787548675e-09,nan,nan
6468,1.65103635374e-13,0,5.40065676403e-08,nan,nan,7.05530765437e-09,nan,nan
6472,1.64647741185e-13,0,5.48750710454e-08,nan,nan,7.04001119919e-09,nan,nan
6476,1.64193122677e-13,0,5.57716825323e-08,nan,nan,7.02913871229e-09,nan,nan
6480,1.63741408771e-13,0,5.66933661171e-08,nan,nan,7.01273093396e-09,nan,nan
6484,1.63290695879e-13,0,5.76650057344e-08,nan,nan,7.00317015898e-09,nan,nan
6488,1.62841491179e-13,0,5.86468207653e-08,nan,nan,6.98610689121e-09,nan,nan
6492,1.62395545204e-13,0,5.96992392296e-08,nan,nan,6.97740059453e-09,nan,nan
6496,1.61946638102e-13,0,6.07526522786e-08,nan,nan,6.96016588285e-09,nan,nan
6500,1.61501578706e-13,0,6.18894267844e-08,nan,nan,6.95184918677e-09,nan,nan
6504,1.6105969249e-13,0,6.30300966711e-08,nan,nan,6.93492250196e-09,nan,nan
6508,1.60623176366e-13,0,6.42540745915e-08,nan,nan,6.92653771937e-09,nan,nan
6512,1.60178969109e-13,0,6.55003180632e-08,nan,nan,6.91036894645e-09,nan,nan
6516,1.5973913302e-13,0,6.68162281893e-08,nan,nan,6.90153196407e-09,nan,nan
6520,1.59303464131e-13,0,6.81867370064e-08,nan,nan,6.88642145324e-09,nan,nan
6524,1.58873058732e-13,0,6.96043536082e-08,nan,nan,6.87697497525e-09,nan,nan
6528,1.58436864555e-13,0,7.11158957465e-08,nan,nan,6.86294553373e-09,nan,nan
6532,1.58001846681e-13,0,7.26530081088e-08,nan,nan,6.85298750511e-09,nan,nan
6536,1.57572240292e-13,0,7.43189787143e-08,nan,nan,6.83990339312e-09,nan,nan
6540,1.57148634658e-13,0,7.60032435241e-08,nan,nan,6.82954285344e-09,nan,nan
6544,1.56716879973e-13,0,7.78342684033e-08,nan,nan,6.81737711781e-09,nan,nan
6548,1.56290968075e-13,0,7.97027663283e-08,nan,nan,6.80658543593e-09,nan,nan
6552,1.55864068861e-13,0,8.17105051163e-08,nan,nan,6.7953584761e-09,nan,nan
6556,1.55444916931e-13,0,8.38065752112e-08,nan,nan,6.78420451567e-09,nan,nan
6560,1.55024434581e-13,0,8.60103973188e-08,nan,nan,6.77374480372e-09,nan,nan
6564,1.54602482446e-13,0,8.83792042833e-08,nan,nan,6.76243628301e-09,nan,nan
6568,1.54184189693e-13,0,9.08138921645e-08,nan,nan,6.75261552825e-09,nan,nan
6572,1.53766610082e-13,0,9.34988487881e-08,nan,nan,6.7411280055e-09,nan,nan
6576,1.53351155036e-13,0,9.62219309288e-08,nan,nan,6.73208344847e-09,nan,nan
6580,1.5293796982e-13,0,9.92635640759e-08,nan,nan,6.7202971142e-09,nan,nan
6584,1.52523509253e-13,0,1.02360973505e-07,nan,nan,6.71200305398e-09,nan,nan
6588,1.52114666763e-13,0,1.05801101364e-07,nan,nan,6.70009221396e-09,nan,nan
6592,1.51703533852e-13,0,1.09388643669e-07,nan,nan,6.69233295022e-09,nan,nan
6596,1.51294094185e-13,0,1.13283124113e-07,nan,nan,6.68042717748e-09,nan,nan
6600,1.50887857725e-13,0,1.17503469242e-07,nan,nan,6.67314879522e-09,nan,nan
6604,1.50486004026e-13,0,1.21943752974e-07,nan,nan,6.66135002739e-09,nan,nan
6608,1.50078560079e-13,0,1.26961948079e-07,nan,nan,6.65427335388e-09,nan,nan
6612,1.49673672221e-13,0,1.3210552518e-07,nan,nan,6.64299196233e-09,nan,nan
6616,1.4927429511e-13,0,1.38106688583e-07,nan,nan,6.63573267476e-09,nan,nan
6620,1.48876445401e-13,0,1.44217038104e-07,nan,nan,6.62519698294e-09,nan,nan
6624,1.48474690486e-13,0,1.51415327177e-07,nan,nan,6.61761059314e-09,nan,nan
6628,1.48078996746e-13,0,1.5891024219e-07,nan,nan,6.60801571479e-09,nan,nan
6632,1.47684638659e-13,0,1.67584570499e-07,nan,nan,6.59982357351e-09,nan,nan
6636,1.47288470745e-13,0,1.77097827162e-07,nan,nan,6.59135862661e-09,nan,nan
6640,1.468933509e-13,0,1.87677099897e-07,nan,nan,6.58259290326e-09,nan,nan
6644,1.46505156623e-13,0,2.00148173666e-07,nan,nan,6.57505042235e-09,nan,nan
6648,1.46115757705e-13,0,2.13393586151e-07,nan,nan,6.56590576253e-09,nan,nan
6652,1.45721208064e-13,0,2.30222647204e-07,nan,nan,6.55912263461e-09,nan,nan
6656,1.45338599508e-13,0,2.47610409159e-07,nan,nan,6.54986743579e-09,nan,nan
6660,1.44952747718e-13,0,2.70980325595e-07,nan,nan,6.54337337121e-09,nan,nan
6664,1.44562506301e-13,0,2.95562111716e-07,nan,nan,6.53451940739e-09,nan,nan
6668,1.44181202483e-13,0,3.29204841982e-07,nan,nan,6.5279198264e-09,nan,nan
6672,1.43802262212e-13,0,3.67830408428e-07,nan,nan,6.51977605229e-09,nan,nan
6676,1.43417667764e-13,0,4.19143931941e-07,nan,nan,6.5126909949e-09,nan,nan
6680,1.43038483588e-13,0,4.89577780154e-07,nan,nan,6.50563827667e-09,nan,nan
6684,1.42660771168e-13,0,5.76861843857e-07,nan,nan,6.49786430807e-09,nan,nan
6688,1.42284104928e-13,0,7.40199846909e-07,nan,nan,6.49190237189e-09,nan,nan
6692,1.41904459673e-13,0,9.29277303236e-07,nan,nan,6.48346497325e-09,nan,nan
6696,1.41533482916e-13,0,1.61347698932e-06,nan,nan,6.47853799185e-09,nan,nan
6700,1.41161370346e-13,0,2.8043645974e-06,nan,nan,6.46966719304e-09,nan,nan
6704,1.40785688494e-13,0,3.58336257228e-06,nan,nan,6.46536552444e-09,nan,nan
6708,1.40417300392e-13,0,3.31316668347e-06,nan,nan,6.45645495208e-09,nan,nan
6712,1.4004882093e-13,0,2.21451523306e-06,nan,nan,6.45239835738e-09,nan,nan
6716,1.39677555252e-13,0,1.17801849384e-06,nan,nan,6.4439234461e-09,nan,nan
6720,1.39311446789e-13,0,8.15858564439e-07,nan,nan,6.43960263981e-09,nan,nan
6724,1.38948015822e-13,0,6.49793480134e-07,nan,nan,6.43193321757e-09,nan,nan
6728,1.3857885853e-13,0,5.1963763453e-07,nan,nan,6.42704153044e-09,nan,nan
6732,1.38219733772e-13,0,4.4908333355e-07,nan,nan,6.42047436604e-09,nan,nan
6736,1.37858304433e-13,0,3.83437715264e-07,nan,nan,6.41485176396e-09,nan,nan
6740,1.37492773879e-13,0,3.42622783638e-07,nan,nan,6.40937956308e-09,nan,nan
6744,1.37138654249e-13,0,3.042087556e-07,nan,nan,6.40307494983e-09,nan,nan
6748,1.36777700968e-13,0,2.76699558069e-07,nan,nan,6.39853015976e-09,nan,nan
6752,1.36417680226e-13,0,2.5206786492e-07,nan,nan,6.39184007121e-09,nan,nan
6756,1.3606938429e-13,0,2.31959664276e-07,nan,nan,6.38787852393e-09,nan,nan
6760,1.35706828523e-13,0,2.15001835045e-07,nan,nan,6.38119205899e-09,nan,nan
6764,1.35356310454e-13,0,1.99668575302e-07,nan,nan,6.37737265615e-09,nan,nan
6768,1.35005053341e-13,0,1.87234797206e-07,nan,nan,6.37111120001e-09,nan,nan
6772,1.34651357735e-13,0,1.75287702932e-07,nan,nan,6.36703514204e-09,nan,nan
6776,1.34304473162e-13,0,1.65644546851e-07,nan,nan,6.36154569212e-09,nan,nan
6780,1.33955501511e-13,0,1.56220220292e-07,nan,nan,6.35693743173e-09,nan,nan
6784,1.33603135198e-13,0,1.48391031543e-07,nan,nan,6.35240029734e-09,nan,nan
6788,1.33262339342e-13,0,1.40876186388e-07,nan,nan,6.3471707152e-09,nan,nan
6792,1.32915704733e-13,0,1.34311735384e-07,nan,nan,6.34356954288e-09,nan,nan
6796,1.32568434157e-13,0,1.28234813046e-07,nan,nan,6.33782283009e-09,nan,nan
6800,1.32230408833e-13,0,1.22627966782e-07,nan,nan,6.33496957909e-09,nan,nan
6804,1.31882299311e-13,0,1.1761830122e-07,nan,nan,6.3289504296e-09,nan,nan
6808,1.31546876088e-13,0,1.1279211172e-07,nan,nan,6.3265533456e-09,nan,nan
6812,1.31205899901e-13,0,1.08564552745e-07,nan,nan,6.3205729484e-09,nan,nan
6816,1.30865597022e-13,0,1.0440418923e-07,nan,nan,6.31830776532e-09,nan,nan
6820,1.3053190597e-13,0,1.00750255746e-07,nan,nan,6.31268044184e-09,nan,nan
6824,1.3019035013e-13,0,9.71644501637e-08,nan,nan,6.31024781137e-09,nan,nan
6828,1.29860608674e-13,0,9.39421376195e-08,nan,nan,6.30523431568e-09,nan,nan
6832,1.29525138289e-13,0,9.0845277364e-08,nan,nan,6.30241936776e-09,nan,nan
6836,1.29190482412e-13,0,8.79655197629e-08,nan,nan,6.29816552351e-09,nan,nan
6840,1.2886155631e-13,0,8.5273350677e-08,nan,nan,6.29489520425e-09,nan,nan
6844,1.28528991334e-13,0,8.26842645918e-08,nan,nan,6.29138780029e-09,nan,nan
6848,1.28200469199e-13,0,8.03170758866e-08,nan,nan,6.28775259752e-09,nan,nan
6852,1.27870101203e-13,0,7.79884284767e-08,nan,nan,6.28482563233e-09,nan,nan
6856,1.27544497748e-13,0,7.58766957205e-08,nan,nan,6.28104350755e-09,nan,nan
6860,1.27219534726e-13,0,7.37870598616e-08,nan,nan,6.27844161569e-09,nan,nan
6864,1.26891358774e-13,0,7.18760209086e-08,nan,nan,6.27477398354e-09,nan,nan
6868,1.26570751327e-13,0,7.00042549416e-08,nan,nan,6.2722483368e-09,nan,nan
6872,1.26242857736e-13,0,6.82555643215e-08,nan,nan,6.26890245758e-09,nan,nan
6876,1.25924784924e-13,0,6.65770348058e-08,nan,nan,6.26629934402e-09,nan,nan
6880,1.25604719284e-13,0,6.49671703985e-08,nan,nan,6.26335764066e-09,nan,nan
6884,1.25280010095e-13,0,6.3453968841e-08,nan,nan,6.26066400168e-09,nan,nan
6888,1.24966372126e-13,0,6.19702008362e-08,nan,nan,6.25806849915e-09,nan,nan
6892,1.24644999831e-13,0,6.0593833833e-08,nan,nan,6.25539652431e-09,nan,nan
6896,1.24331008301e-13,0,5.92291742372e-08,nan,nan,6.25299351333e-09,nan,nan
6900,1.24012497761e-13,0,5.79639855711e-08,nan,nan,6.25051147688e-09,nan,nan
6904,1.23701382804e-13,0,5.67125989524e-08,nan,nan,6.24813701423e-09,nan,nan
6908,1.23384272576e-13,0,5.55384648827e-08,nan,nan,6.24597686787e-09,nan,nan
6912,1.23074483339e-13,0,5.43926326535e-08,nan,nan,6.24354548144e-09,nan,nan
6916,1.22762143032e-13,0,5.3296074285e-08,nan,nan,6.24172868612e-09,nan,nan
6920,1.22450383467e-13,0,5.22451571937e-08,nan,nan,6.23928457883e-09,nan,nan
6924,1.22142866281e-13,0,5.12187104435e-08,nan,nan,6.23769981308e-09,nan,nan
6928,1.21830390921e-13,0,5.02498847962e-08,nan,nan,6.23540777141e-09,nan,nan
6932,1.21529833746e-13,0,4.92901623777e-08,nan,nan,6.23384894079e-09,nan,nan
6936,1.21216833303e-13,0,4.83902220776e-08,nan,nan,6.23193304655e-09,nan,nan
6940,1.20916380117e-13,0,4.74954561502e-08,nan,nan,6.23017539718e-09,nan,nan
6944,1.20606029238e-13,0,4.66527912793e-08,nan,nan,6.22883861692e-09,nan,nan
6948,1.20309444488e-13,0,4.58206926005e-08,nan,nan,6.2267138784e-09,nan,nan
6952,1.20000157974e-13,0,4.50266855542e-08,nan,nan,6.22607621781e-09,nan,nan
6956,1.1970548818e-13,0,4.4253213689e-08,nan,nan,6.22351552087e-09,nan,nan
6960,1.19399684175e-13,0,4.35026478231e-08,nan,nan,6.22359128689e-09,nan,nan
6964,1.19102806646e-13,0,4.27818767044e-08,nan,nan,6.22062943004e-09,nan,nan
6968,1.18802586483e-13,0,4.20723699885e-08,nan,nan,6.22133742247e-09,nan,nan
6972,1.18506942226e-13,0,4.13972382213e-08,nan,nan,6.21809401231e-09,nan,nan
6976,1.18206944222e-13,0,4.07280344712e-08,nan,nan,6.21928076228e-09,nan,nan
6980,1.17914569889e-13,0,4.00915337175e-08,nan,nan,6.21593460514e-09,nan,nan
6984,1.17619200498e-13,0,3.94621299711e-08,nan,nan,6.21740222606e-09,nan,nan
6988,1.17324201369e-13,0,3.88584380803e-08,nan,nan,6.21415904279e-09,nan,nan
6992,1.17032256462e-13,0,3.82675043761e-08,nan,nan,6.21570338223e-09,nan,nan
6996,1.16740824879e-13,0,3.76926757321e-08,nan,nan,6.21275305361e-09,nan,nan
7000,1.16448697609e-13,0,3.71375627447e-08,nan,nan,6.21420797783e-09,nan,nan
7004,1.16159059056e-13,0,3.65895961798e-08,nan,nan,6.21168378969e-09,nan,nan
7008,1.15870988843e-13,0,3.6066487625e-08,nan,nan,6.21295362479e-09,nan,nan
7012,1.15581835283e-13,0,3.55448258899e-08,nan,nan,6.21091019072e-09,nan,nan
7016,1.1529517194e-13,0,3.50493712085e-08,nan,nan,6.21198057704e-09,nan,nan
7020,1.15006901091e-13,0,3.45540688392e-08,nan,nan,6.21039407095e-09,nan,nan
7024,1.14725900879e-13,0,3.40821951961e-08,nan,nan,6.21132159029e-09,nan,nan
7028,1.1443655598e-13,0,3.36130772056e-08,nan,nan,6.21010984576e-09,nan,nan
7032,1.14156829497e-13,0,3.31616631018e-08,nan,nan,6.21099393953e-09,nan,nan
7036,1.13869986334e-13,0,3.27177575117e-08,nan,nan,6.21004917826e-09,nan,nan
7040,1.13595022198e-13,0,3.22849496233e-08,nan,nan,6.21099748687e-09,nan,nan
7044,1.13306681879e-13,0,3.18643419074e-08,nan,nan,6.21022029165e-09,nan,nan
7048,1.13032547057e-13,0,3.14494491382e-08,nan,nan,6.21131735339e-09,nan,nan
7052,1.12748899409e-13,0,3.10495431827e-08,nan,nan,6.21064423985e-09,nan,nan
7056,1.1247584786e-13,0,3.06525935089e-08,nan,nan,6.21192979487e-09,nan,nan
7060,1.12192593083e-13,0,3.02706236438e-08,nan,nan,6.21134727232e-09,nan,nan
7064,1.11922348769e-13,0,2.98917765764e-08,nan,nan,6.21280986066e-09,nan,nan
7068,1.11640660166e-13,0,2.95253522342e-08,nan,nan,6.21235325722e-09,nan,nan
7072,1.11370894371e-13,0,2.91643848979e-08,nan,nan,6.21393818664e-09,nan,nan
7076,1.11096241021e-13,0,2.88118707587e-08,nan,nan,6.21367799614e-09,nan,nan
7080,1.10821870735e-13,0,2.84679054237e-08,nan,nan,6.21530616561e-09,nan,nan
7084,1.10551351782e-13,0,2.81285222239e-08,nan,nan,6.21532597558e-09,nan,nan
7088,1.1027957794e-13,0,2.78000567613e-08,nan,nan,6.21691688401e-09,nan,nan
7092,1.10010070458e-13,0,2.74737000518e-08,nan,nan,6.21729049664e-09,nan,nan
7096,1.09738168662e-13,0,2.71588880163e-08,nan,nan,6.21878338915e-09,nan,nan
7100,1.09472941775e-13,0,2.68457573416e-08,nan,nan,6.21955685277e-09,nan,nan
7104,1.0920199423e-13,0,2.65428000717e-08,nan,nan,6.22092476211e-09,nan,nan
7108,1.08938437159e-13,0,2.62429835498e-08,nan,nan,6.2221074649e-09,nan,nan
7112,1.08670900657e-13,0,2.59504759517e-08,nan,nan,6.22336092543e-09,nan,nan
7116,1.08404092597e-13,0,2.56636500454e-08,nan,nan,6.22492649168e-09,nan,nan
7120,1.08142337616e-13,0,2.53807865535e-08,nan,nan,6.22610784267e-09,nan,nan
7124,1.07876788602e-13,0,2.51061402992e-08,nan,nan,6.22800344354e-09,nan,nan
7128,1.07617155068e-13,0,2.48327037692e-08,nan,nan,6.22917565991e-09,nan,nan
7132,1.07350571859e-13,0,2.45690352844e-08,nan,nan,6.23133398515e-09,nan,nan
7136,1.07093817483e-13,0,2.43051724899e-08,nan,nan,6.23256996433e-09,nan,nan
7140,1.06832121682e-13,0,2.40511262527e-08,nan,nan,6.2349171818e-09,nan,nan
7144,1.06572809852e-13,0,2.37970623908e-08,nan,nan,6.23629437781e-09,nan,nan
7148,1.06313891127e-13,0,2.35514218804e-08,nan,nan,6.23875413231e-09,nan,nan
7152,1.06054760336e-13,0,2.33071968934e-08,nan,nan,6.24034686359e-09,nan,nan
7156,1.05800949438e-13,0,2.30691170602e-08,nan,nan,6.24286075769e-09,nan,nan
7160,1.0554336662e-13,0,2.28343907074e-08,nan,nan,6.24469623506e-09,nan,nan
7164,1.0528679144e-13,0,2.26035440978e-08,nan,nan,6.24730124943e-09,nan,nan
7168,1.05035334302e-13,0,2.23774842285e-08,nan,nan,6.2492498669e-09,nan,nan
7172,1.04777177443e-13,0,2.21541002132e-08,nan,nan,6.25219346495e-09,nan,nan
7176,1.04528816613e-13,0,2.19354494826e-08,nan,nan,6.25391189725e-09,nan,nan
7180,1.04273560849e-13,0,2.17200409748e-08,nan,nan,6.25754835483e-09,nan,nan
7184,1.04022562182e-13,0,2.1507680487e-08,nan,nan,6.25885378816e-09,nan,nan
7188,1.03773925825e-13,0,2.13001522228e-08,nan,nan,6.26296110809e-09,nan,nan
7192,1.03521839781e-13,0,2.10941676088e-08,nan,nan,6.26468087175e-09,nan,nan
7196,1.03273549725e-13,0,2.08929800838e-08,nan,nan,6.26784977207e-09,nan,nan
7200,1.03027371866e-13,0,2.06946373034e-08,nan,nan,6.27159047627e-09,nan,nan
7204,1.02775037682e-13,0,2.04982158401e-08,nan,nan,6.27278335341e-09,nan,nan
7208,1.02533056692e-13,0,2.03072178415e-08,nan,nan,6.27816958393e-09,nan,nan
7212,1.02284947641e-13,0,2.01169888356e-08,nan,nan,6.27959766134e-09,nan,nan
7216,1.02039492168e-13,0,1.99299209747e-08,nan,nan,6.2830529071e-09,nan,nan
7220,1.01796765861e-13,0,1.97488903494e-08,nan,nan,6.28835096644e-09,nan,nan
7224,1.0155116668e-13,0,1.95635119588e-08,nan,nan,6.28770695605e-09,nan,nan
7228,1.01309710058e-13,0,1.9391138247e-08,nan,nan,6.29669977565e-09,nan,nan
7232,1.01067447315e-13,0,1.92095976238e-08,nan,nan,6.29432036926e-09,nan,nan
7236,1.00823631972e-13,0,1.90419692966e-08,nan,nan,6.30337722086e-09,nan,nan
7240,1.00586918219e-13,0,1.88678808435e-08,nan,nan,6.30310619556e-09,nan,nan
7244,1.00343752729e-13,0,1.87015324073e-08,nan,nan,6.30898893436e-09,nan,nan
7248,1.00106209239e-13,0,1.85367647037e-08,nan,nan,6.31297554232e-09,nan,nan
7252,9.98675268068e-14,0,1.83707379211e-08,nan,nan,6.31485001824e-09,nan,nan
7256,9.96302675502e-14,0,1.82144525601e-08,nan,nan,6.32262591145e-09,nan,nan
7260,9.93918753808e-14,0,1.80503160873e-08,nan,nan,6.32207434289e-09,nan,nan
7264,9.91578925844e-14,0,1.78997138027e-08,nan,nan,6.33127722434e-09,nan,nan
7268,9.89201415029e-14,0,1.77402766406e-08,nan,nan,6.33106562935e-09,nan,nan
7272,9.86841864281e-14,0,1.75921553175e-08,nan,nan,6.33891924464e-09,nan,nan
7276,9.84544498204e-14,0,1.74398823867e-08,nan,nan,6.34150482282e-09,nan,nan
7280,9.82169225061e-14,0,1.72920433114e-08,nan,nan,6.3461350514e-09,nan,nan
7284,9.79874407229e-14,0,1.71479634872e-08,nan,nan,6.35265400557e-09,nan,nan
7288,9.77545489812e-14,0,1.69999083555e-08,nan,nan,6.35373179349e-09,nan,nan
7292,9.75217894637e-14,0,1.68633304369e-08,nan,nan,6.36374184956e-09,nan,nan
7296,9.72919252756e-14,0,1.67161591229e-08,nan,nan,6.36238854891e-09,nan,nan
7300,9.70642725867e-14,0,1.65850946709e-08,nan,nan,6.37425450874e-09,nan,nan
7304,9.68332165259e-14,0,1.64408438249e-08,nan,nan,6.3724437558e-09,nan,nan
7308,9.6602484427e-14,0,1.63128088756e-08,nan,nan,6.38405920947e-09,nan,nan
7312,9.63803885136e-14,0,1.61735993651e-08,nan,nan,6.38385259015e-09,nan,nan
7316,9.61508500447e-14,0,1.60464326669e-08,nan,nan,6.39337329351e-09,nan,nan
7320,9.59225920903e-14,0,1.59137518612e-08,nan,nan,6.39627696431e-09,nan,nan
7324,9.5698479505e-14,0,1.57861825365e-08,nan,nan,6.4026343803e-09,nan,nan
7328,9.54741725473e-14,0,1.56604936983e-08,nan,nan,6.40924015881e-09,nan,nan
7332,9.52477338811e-14,0,1.55323423328e-08,nan,nan,6.41233800297e-09,nan,nan
7336,9.5027559554e-14,0,1.5413062962e-08,nan,nan,6.4222827596e-09,nan,nan
7340,9.48033851549e-14,0,1.52851023391e-08,nan,nan,6.42289907123e-09,nan,nan
7344,9.45784801724e-14,0,1.51708728027e-08,nan,nan,6.43507717861e-09,nan,nan
7348,9.43596646044e-14,0,1.50444661066e-08,nan,nan,6.43456773776e-09,nan,nan
7352,9.41375098586e-14,0,1.49335656473e-08,nan,nan,6.44748127552e-09,nan,nan
7356,9.3920270179e-14,0,1.48102311267e-08,nan,nan,6.44740387887e-09,nan,nan
7360,9.36970708959e-14,0,1.47009969836e-08,nan,nan,6.4595356349e-09,nan,nan
7364,9.3479132829e-14,0,1.45820286259e-08,nan,nan,6.46129995422e-09,nan,nan
7368,9.32625809346e-14,0,1.44731742114e-08,nan,nan,6.47142363025e-09,nan,nan
7372,9.30412875954e-14,0,1.43593968704e-08,nan,nan,6.47603460796e-09,nan,nan
7376,9.28292032607e-14,0,1.42501780744e-08,nan,nan,6.48341222901e-09,nan,nan
7380,9.26105795473e-14,0,1.41418585321e-08,nan,nan,6.49133620445e-09,nan,nan
7384,9.23946909333e-14,0,1.40320896366e-08,nan,nan,6.4957886533e-09,nan,nan
7388,9.21797375448e-14,0,1.39289805847e-08,nan,nan,6.50694074071e-09,nan,nan
7392,9.19663239487e-14,0,1.38189416056e-08,nan,nan,6.50880838495e-09,nan,nan
7396,9.17531683727e-14,0,1.37204080223e-08,nan,nan,6.52263596395e-09,nan,nan
7400,9.15375271583e-14,0,1.36106995817e-08,nan,nan,6.52266210541e-09,nan,nan
7404,9.13259534575e-14,0,1.35158707679e-08,nan,nan,6.53828641533e-09,nan,nan
7408,9.1116854232e-14,0,1.34072646373e-08,nan,nan,6.53745962401e-09,nan,nan
7412,9.09047002123e-14,0,1.33151707607e-08,nan,nan,6.55383906148e-09,nan,nan
7416,9.06919789301e-14,0,1.32084879914e-08,nan,nan,6.55322965786e-09,nan,nan
7420,9.04843545602e-14,0,1.31181629163e-08,nan,nan,6.56931591044e-09,nan,nan
7424,9.02739207749e-14,0,1.30141899937e-08,nan,nan,6.56993348707e-09,nan,nan
7428,9.00672219653e-14,0,1.29247396254e-08,nan,nan,6.58479883813e-09,nan,nan
7432,8.9856681078e-14,0,1.28241731163e-08,nan,nan,6.58748413788e-09,nan,nan
7436,8.9651312683e-14,0,1.27348205392e-08,nan,nan,6.60040871918e-09,nan,nan
7440,8.94442089597e-14,0,1.26382256972e-08,nan,nan,6.60576553575e-09,nan,nan
7444,8.92383977136e-14,0,1.25483490183e-08,nan,nan,6.61628478801e-09,nan,nan
7448,8.9031634645e-14,0,1.24561225854e-08,nan,nan,6.62465184675e-09,nan,nan
7452,8.88272118498e-14,0,1.23652935741e-08,nan,nan,6.63256916441e-09,nan,nan
7456,8.86227643954e-14,0,1.227762634e-08,nan,nan,6.64402366207e-09,nan,nan
7460,8.84203426088e-14,0,1.21856454575e-08,nan,nan,6.64939407031e-09,nan,nan
7464,8.82171750846e-14,0,1.21024903841e-08,nan,nan,6.66377723914e-09,nan,nan
7468,8.80133085091e-14,0,1.20094087246e-08,nan,nan,6.66687180156e-09,nan,nan
7472,8.78129899774e-14,0,1.19304694851e-08,nan,nan,6.68383040573e-09,nan,nan
7476,8.7610425891e-14,0,1.18365868424e-08,nan,nan,6.68509114279e-09,nan,nan
7480,8.74113357171e-14,0,1.17613376046e-08,nan,nan,6.70412740725e-09,nan,nan
7484,8.72099168015e-14,0,1.16671662159e-08,nan,nan,6.704116688e-09,nan,nan
7488,8.70102495216e-14,0,1.15949040041e-08,nan,nan,6.72463892577e-09,nan,nan
7492,8.68124723156e-14,0,1.15010987572e-08,nan,nan,6.7239872564e-09,nan,nan
7496,8.66140048915e-14,0,1.14310236477e-08,nan,nan,6.74535940618e-09,nan,nan
7500,8.64157383392e-14,0,1.13382933975e-08,nan,nan,6.74471752851e-09,nan,nan
7504,8.62196148733e-14,0,1.12696022259e-08,nan,nan,6.76630665438e-09,nan,nan
7508,8.60222395376e-14,0,1.11786196508e-08,nan,nan,6.76630280936e-09,nan,nan
7512,8.58261576915e-14,0,1.11105899941e-08,nan,nan,6.78751960753e-09,nan,nan
7516,8.56318478014e-14,0,1.10219171851e-08,nan,nan,6.78872112439e-09,nan,nan
7520,8.54358682399e-14,0,1.09539644161e-08,nan,nan,6.80905224022e-09,nan,nan
7524,8.52424506967e-14,0,1.08680112436e-08,nan,nan,6.81193574472e-09,nan,nan
7528,8.50482086333e-14,0,1.0799712732e-08,nan,nan,6.83097005864e-09,nan,nan
7532,8.48554802362e-14,0,1.07167324887e-08,nan,nan,6.83590204269e-09,nan,nan
7536,8.4662870614e-14,0,1.0647818509e-08,nan,nan,6.85334811151e-09,nan,nan
7540,8.44712936662e-14,0,1.05679290343e-08,nan,nan,6.8605716308e-09,nan,nan
7544,8.42796620775e-14,0,1.04982512187e-08,nan,nan,6.87626531634e-09,nan,nan
7548,8.40888048131e-14,0,1.04214664207e-08,nan,nan,6.8858922379e-09,nan,nan
7552,8.38979943775e-14,0,1.03509668037e-08,nan,nan,6.89980113451e-09,nan,nan
7556,8.3708689644e-14,0,1.02772242185e-08,nan,nan,6.91181216022e-09,nan,nan
7560,8.35204419568e-14,0,1.02059164117e-08,nan,nan,6.9240333753e-09,nan,nan
7564,8.33309539097e-14,0,1.01350972511e-08,nan,nan,6.93829501187e-09,nan,nan
7568,8.31436626681e-14,0,1.00630334947e-08,nan,nan,6.94901182324e-09,nan,nan
7572,8.29548304443e-14,0,9.99502381124e-09,nan,nan,6.9653603488e-09,nan,nan
7576,8.27693417836e-14,0,9.92217676209e-09,nan,nan,6.97469418318e-09,nan,nan
7580,8.25801129632e-14,0,9.85704468885e-09,nan,nan,6.99314048642e-09,nan,nan
7584,8.23972819287e-14,0,9.78312006998e-09,nan,nan,7.00095062015e-09,nan,nan
7588,8.2212717019e-14,0,9.72117827426e-09,nan,nan,7.02173009885e-09,nan,nan
7592,8.20248375253e-14,0,9.64593518863e-09,nan,nan,7.02797070705e-09,nan,nan
7596,8.18418126888e-14,0,9.58676418621e-09,nan,nan,7.05053834678e-09,nan,nan
7600,8.16587533567e-14,0,9.51165329547e-09,nan,nan,7.05684721182e-09,nan,nan
7604,8.14753329328e-14,0,9.45246615468e-09,nan,nan,7.0784528472e-09,nan,nan
7608,8.12923907168e-14,0,9.38069925194e-09,nan,nan,7.08783651789e-09,nan,nan
7612,8.11110383097e-14,0,9.31960955825e-09,nan,nan,7.10717587785e-09,nan,nan
7616,8.09282747524e-14,0,9.24952234594e-09,nan,nan,7.11737091639e-09,nan,nan
7620,8.07478624686e-14,0,9.19188031784e-09,nan,nan,7.14020623868e-09,nan,nan
7624,8.05670614308e-14,0,9.11726048091e-09,nan,nan,7.14525569561e-09,nan,nan
7628,8.03869660315e-14,0,9.06551860364e-09,nan,nan,7.17341507014e-09,nan,nan
7632,8.02092334358e-14,0,8.98917286492e-09,nan,nan,7.17676400385e-09,nan,nan
7636,8.00273101837e-14,0,8.93834451558e-09,nan,nan,7.20517645216e-09,nan,nan
7640,7.98508609428e-14,0,8.86331637191e-09,nan,nan,7.20973550764e-09,nan,nan
7644,7.96718783136e-14,0,8.81228889066e-09,nan,nan,7.23744964734e-09,nan,nan
7648,7.94964572387e-14,0,8.73960689144e-09,nan,nan,7.24426610322e-09,nan,nan
7652,7.93169496963e-14,0,8.68712664158e-09,nan,nan,7.27014911782e-09,nan,nan
7656,7.91418075447e-14,0,8.61729721613e-09,nan,nan,7.27964786358e-09,nan,nan
7660,7.89662207368e-14,0,8.56346174997e-09,nan,nan,7.3039444735e-09,nan,nan
7664,7.87894708886e-14,0,8.4960006083e-09,nan,nan,7.31560648658e-09,nan,nan
7668,7.86164373892e-14,0,8.44148263655e-09,nan,nan,7.339096553e-09,nan,nan
7672,7.84405416251e-14,0,8.37547713364e-09,nan,nan,7.35200866005e-09,nan,nan
7676,7.82677344639e-14,0,8.32119318624e-09,nan,nan,7.37567850349e-09,nan,nan
7680,7.80941465628e-14,0,8.25569989642e-09,nan,nan,7.38893152752e-09,nan,nan
7684,7.79211195678e-14,0,8.20242945773e-09,nan,nan,7.41360318663e-09,nan,nan
7688,7.77489686429e-14,0,8.13675757056e-09,nan,nan,7.42656219114e-09,nan,nan
7692,7.75753409826e-14,0,8.08495307501e-09,nan,nan,7.45271363307e-09,nan,nan
7696,7.74060261383e-14,0,8.01878589636e-09,nan,nan,7.46513260119e-09,nan,nan
7700,7.72346692417e-14,0,7.96852670785e-09,nan,nan,7.49285706036e-09,nan,nan
7704,7.706342776e-14,0,7.90189501202e-09,nan,nan,7.50485105185e-09,nan,nan
7708,7.68940486793e-14,0,7.85294927607e-09,nan,nan,7.53391831433e-09,nan,nan
7712,7.6725329177e-14,0,7.78613107074e-09,nan,nan,7.54586284125e-09,nan,nan
7716,7.65558486826e-14,0,7.73808310808e-09,nan,nan,7.57584676563e-09,nan,nan
7720,7.63873008266e-14,0,7.67148496061e-09,nan,nan,7.58825650203e-09,nan,nan
7724,7.62182600579e-14,0,7.62385984937e-09,nan,nan,7.61866712858e-09,nan,nan
7728,7.60525528795e-14,0,7.55789965311e-09,nan,nan,7.63206991048e-09,nan,nan
7732,7.58836053943e-14,0,7.51024659818e-09,nan,nan,7.66245016606e-09,nan,nan
7736,7.57181188101e-14,0,7.44527459078e-09,nan,nan,7.67729126696e-09,nan,nan
7740,7.55512528749e-14,0,7.39722434041e-09,nan,nan,7.70728999741e-09,nan,nan
7744,7.53890942138e-14,0,7.33350083843e-09,nan,nan,7.72389293489e-09,nan,nan
7748,7.52188519477e-14,0,7.28479204092e-09,nan,nan,7.7533068446e-09,nan,nan
7752,7.50569978974e-14,0,7.22248225384e-09,nan,nan,7.77185959305e-09,nan,nan
7756,7.48929799648e-14,0,7.1729442481e-09,nan,nan,7.80062275372e-09,nan,nan
7760,7.47280242397e-14,0,7.11211565206e-09,nan,nan,7.82117560813e-09,nan,nan
7764,7.45645892697e-14,0,7.06165225386e-09,nan,nan,7.84933353151e-09,nan,nan
7768,7.44031464898e-14,0,7.00229713311e-09,nan,nan,7.87183416715e-09,nan,nan
7772,7.42394330928e-14,0,6.95089433776e-09,nan,nan,7.89953122873e-09,nan,nan
7776,7.40781234698e-14,0,6.89294485363e-09,nan,nan,7.92386683088e-09,nan,nan
7780,7.39168664525e-14,0,6.8406613703e-09,nan,nan,7.95131242718e-09,nan,nan
7784,7.37555178957e-14,0,6.78396893958e-09,nan,nan,7.97731811052e-09,nan,nan
7788,7.35948759516e-14,0,6.73092220793e-09,nan,nan,8.00474551762e-09,nan,nan
7792,7.34362105302e-14,0,6.67525667349e-09,nan,nan,8.03222142042e-09,nan,nan
7796,7.32742017067e-14,0,6.62164389175e-09,nan,nan,8.05989183765e-09,nan,nan
7800,7.31162586341e-14,0,6.56672019043e-09,nan,nan,8.08863806379e-09,nan,nan
7804,7.29571987236e-14,0,6.5128173066e-09,nan,nan,8.11684546876e-09,nan,nan
7808,7.27999485769e-14,0,6.45829009078e-09,nan,nan,8.14665081757e-09,nan,nan
7812,7.2640825842e-14,0,6.40440205556e-09,nan,nan,8.17569046197e-09,nan,nan
7816,7.24827019475e-14,0,6.349871951e-09,nan,nan,8.2063107456e-09,nan,nan
7820,7.23278850596e-14,0,6.29631735938e-09,nan,nan,8.23648618237e-09,nan,nan
7824,7.2170345147e-14,0,6.2413982857e-09,nan,nan,8.26768000763e-09,nan,nan
7828,7.20147658177e-14,0,6.188508725e-09,nan,nan,8.29933504172e-09,nan,nan
7832,7.18584006022e-14,0,6.1328567692e-09,nan,nan,8.33087587042e-09,nan,nan
7836,7.17030095142e-14,0,6.080909187e-09,nan,nan,8.36435210401e-09,nan,nan
7840,7.15486565976e-14,0,6.02420058207e-09,nan,nan,8.3959926144e-09,nan,nan
7844,7.13938182235e-14,0,5.9733831292e-09,nan,nan,8.43159044334e-09,nan,nan
7848,7.12401168669e-14,0,5.91536438606e-09,nan,nan,8.46310812021e-09,nan,nan
7852,7.10873151925e-14,0,5.86583022375e-09,nan,nan,8.50112749779e-09,nan,nan
7856,7.093421598e-14,0,5.80636013974e-09,nan,nan,8.53239478867e-09,nan,nan
7860,7.07803571059e-14,0,5.75820294533e-09,nan,nan,8.57310233198e-09,nan,nan
7864,7.06298037981e-14,0,5.69717431817e-09,nan,nan,8.60404030546e-09,nan,nan
7868,7.0477808167e-14,0,5.65036315012e-09,nan,nan,8.64757286134e-09,nan,nan
7872,7.03253308439e-14,0,5.58770055739e-09,nan,nan,8.678153141e-09,nan,nan
7876,7.01737053152e-14,0,5.54216483863e-09,nan,nan,8.72457321364e-09,nan,nan
7880,7.0024592718e-14,0,5.47793041014e-09,nan,nan,8.7549384158e-09,nan,nan
7884,6.987418595e-14,0,5.43359537963e-09,nan,nan,8.80428996153e-09,nan,nan
7888,6.97246991335e-14,0,5.36791666893e-09,nan,nan,8.83470203236e-09,nan,nan
7892,6.95748581573e-14,0,5.32455115442e-09,nan,nan,8.88687532217e-09,nan,nan
7896,6.94279206041e-14,0,5.2575315059e-09,nan,nan,8.91758631437e-09,nan,nan
7900,6.92769347822e-14,0,5.21479305548e-09,nan,nan,8.97234648434e-09,nan,nan
7904,6.91303245536e-14,0,5.14670060044e-09,nan,nan,9.00374827231e-09,nan,nan
7908,6.89819369564e-14,0,5.10431627695e-09,nan,nan,9.06095894157e-09,nan,nan
7912,6.88352988308e-14,0,5.03559230316e-09,nan,nan,9.0936330054e-09,nan,nan
7916,6.86889809277e-14,0,4.99315499936e-09,nan,nan,9.15311313889e-09,nan,nan
7920,6.85410502321e-14,0,4.92411233925e-09,nan,nan,9.18752178879e-09,nan,nan
7924,6.83953003707e-14,0,4.88096331456e-09,nan,nan,9.24885955295e-09,nan,nan
7928,6.82509163369e-14,0,4.81198399644e-09,nan,nan,9.28545987689e-09,nan,nan
7932,6.81045288718e-14,0,4.76765777105e-09,nan,nan,9.34842232383e-09,nan,nan
7936,6.79608106145e-14,0,4.69952243005e-09,nan,nan,9.38806664441e-09,nan,nan
7940,6.78162132879e-14,0,4.65366657127e-09,nan,nan,9.45269765654e-09,nan,nan
7944,6.76718663866e-14,0,4.58687313324e-09,nan,nan,9.49602151412e-09,nan,nan
7948,6.75273543691e-14,0,4.53883253556e-09,nan,nan,9.5622826714e-09,nan,nan
7952,6.73862306988e-14,0,4.47290031375e-09,nan,nan,9.60867138399e-09,nan,nan
7956,6.72412281964e-14,0,4.4235769116e-09,nan,nan,9.67823593002e-09,nan,nan
7960,6.7100459969e-14,0,4.35605495571e-09,nan,nan,9.724723159e-09,nan,nan
7964,6.69578309916e-14,0,4.31242342385e-09,nan,nan,9.8055985572e-09,nan,nan
7968,6.68164909028e-14,0,4.23237743591e-09,nan,nan,9.8417509294e-09,nan,nan
7972,6.66736452818e-14,0,4.21356485696e-09,nan,nan,9.95210294702e-09,nan,nan
7976,6.65356048974e-14,0,4.09219344705e-09,nan,nan,9.95594261582e-09,nan,nan
7980,6.63922469401e-14,0,4.12817312741e-09,nan,nan,1.01119675169e-08,nan,nan
7984,6.62534752713e-14,0,3.95214377919e-09,nan,nan,1.00970059856e-08,nan,nan
7988,6.61139635286e-14,0,3.99615462228e-09,nan,nan,1.02104581798e-08,nan,nan
7992,6.5974862614e-14,0,3.97036328845e-09,nan,nan,1.04216238901e-08,nan,nan
7996,6.58366802012e-14,0,3.59133802382e-09,nan,nan,1.00640683751e-08,nan,nan
8000,6.56954268032e-14,0,4.34423025952e-09,nan,nan,1.10228488741e-08,nan,nan
8004,6.55591558569e-14,0,3.06843792644e-09,nan,nan,1.00402072811e-08,nan,nan
8008,6.54194135346e-14,0,4.22211593751e-09,nan,nan,1.07964586042e-08,nan,nan
8012,6.52839232617e-14,0,4.62960986891e-09,nan,nan,1.1971568267e-08,nan,nan
8016,6.51479633992e-14,0,1.57041431463e-09,nan,nan,8.67448581176e-09,nan,nan
8020,6.50078520696e-14,0,6.16154253805e-09,nan,nan,1.31179690872e-08,nan,nan
8024,6.4873740974e-14,0,5.37061459641e-09,nan,nan,1.29217626938e-08,nan,nan
8028,6.47383315767e-14,0,8.73031320646e-10,nan,nan,7.90728184328e-09,nan,nan
8032,6.46016291291e-14,0,6.79036084568e-09,nan,nan,1.41468197243e-08,nan,nan
8036,6.44661323601e-14,0,9.1239444619e-09,nan,nan,1.71162637322e-08,nan,nan
8040,6.4331278525e-14,0,9.02455804506e-09,nan,nan,1.33743542696e-08,nan,nan
8044,6.41980014971e-14,0,8.14998971581e-09,nan,nan,5.01646294023e-09,nan,nan
8048,6.40619775601e-14,0,7.06605980947e-09,nan,nan,3.79094440484e-09,nan,nan
8052,6.39301780147e-14,0,6.00955583124e-09,nan,nan,8.55719842428e-09,nan,nan
8056,6.37953645602e-14,0,4.96073524937e-09,nan,nan,1.08553582304e-08,nan,nan
8060,6.3663855518e-14,0,3.50189308028e-09,nan,nan,1.09723706964e-08,nan,nan
8064,6.35289840037e-14,0,3.1795179126e-09,nan,nan,1.08956659881e-08,nan,nan
8068,6.33992825017e-14,0,2.82866470107e-09,nan,nan,1.09721183832e-08,nan,nan
8072,6.32658344539e-14,0,2.94508071699e-09,nan,nan,1.1111952375e-08,nan,nan
8076,6.3133805087e-14,0,2.73318201475e-09,nan,nan,1.14047689169e-08,nan,nan
8080,6.30025330755e-14,0,2.70040671154e-09,nan,nan,1.14210132746e-08,nan,nan
8084,6.28727977366e-14,0,2.56610973422e-09,nan,nan,1.17044337015e-08,nan,nan
8088,6.27419349341e-14,0,2.49209160546e-09,nan,nan,1.16613978444e-08,nan,nan
8092,6.26107986811e-14,0,2.44980424021e-09,nan,nan,1.19689700949e-08,nan,nan
8096,6.2482150418e-14,0,2.34651100859e-09,nan,nan,1.19275296013e-08,nan,nan
8100,6.23521843093e-14,0,2.35636719204e-09,nan,nan,1.2238497325e-08,nan,nan
8104,6.22228461642e-14,0,2.22762073381e-09,nan,nan,1.22115682442e-08,nan,nan
8108,6.20938533475e-14,0,2.2725655991e-09,nan,nan,1.25049482454e-08,nan,nan
8112,6.19653120201e-14,0,2.13694552492e-09,nan,nan,1.25046180628e-08,nan,nan
8116,6.18379877083e-14,0,2.21174769862e-09,nan,nan,1.27749465335e-08,nan,nan
8120,6.17097493269e-14,0,2.08292991431e-09,nan,nan,1.28120947412e-08,nan,nan
8124,6.15822615256e-14,0,2.18202636283e-09,nan,nan,1.30587994062e-08,nan,nan
8128,6.14555260525e-14,0,2.06698063165e-09,nan,nan,1.31367388973e-08,nan,nan
8132,6.13289472643e-14,0,2.18780202212e-09,nan,nan,1.33598859265e-08,nan,nan
8136,6.12015143481e-14,0,2.09358135487e-09,nan,nan,1.34778064127e-08,nan,nan
8140,6.10761653445e-14,0,2.23730979547e-09,nan,nan,1.3680716192e-08,nan,nan
8144,6.09506550441e-14,0,2.16981852453e-09,nan,nan,1.38374335821e-08,nan,nan
8148,6.08248295799e-14,0,2.33708550945e-09,nan,nan,1.40259825102e-08,nan,nan
8152,6.06999178174e-14,0,2.2994528697e-09,nan,nan,1.42193046758e-08,nan,nan
8156,6.0574924571e-14,0,2.49015975746e-09,nan,nan,1.43995681011e-08,nan,nan
8160,6.04499544031e-14,0,2.48470794629e-09,nan,nan,1.46262891434e-08,nan,nan
8164,6.03278649451e-14,0,2.69932692235e-09,nan,nan,1.4804603718e-08,nan,nan
8168,6.02030834477e-14,0,2.72781741953e-09,nan,nan,1.506201731e-08,nan,nan
8172,6.00784529887e-14,0,2.96684654268e-09,nan,nan,1.52453678792e-08,nan,nan
8176,5.99574834905e-14,0,3.03002063168e-09,nan,nan,1.55316592863e-08,nan,nan
8180,5.98336665249e-14,0,3.29426418285e-09,nan,nan,1.57269211818e-08,nan,nan
8184,5.97107472327e-14,0,3.39293280544e-09,nan,nan,1.60409933558e-08,nan,nan
8188,5.9588631459e-14,0,3.68428991014e-09,nan,nan,1.62546261815e-08,nan,nan
8192,5.94680923034e-14,0,3.82013457799e-09,nan,nan,1.65966837798e-08,nan,nan
8196,5.93459553188e-14,0,4.1413253577e-09,nan,nan,1.68350735345e-08,nan,nan
8200,5.92244959569e-14,0,4.31712370429e-09,nan,nan,1.72071549875e-08,nan,nan
8204,5.91036083136e-14,0,4.67148686423e-09,nan,nan,1.74766359151e-08,nan,nan
8208,5.89848775119e-14,0,4.89181273419e-09,nan,nan,1.78826340371e-08,nan,nan
8212,5.88634046735e-14,0,5.28373797121e-09,nan,nan,1.81895727912e-08,nan,nan
8216,5.87417180637e-14,0,5.5555497294e-09,nan,nan,1.86354172604e-08,nan,nan
8220,5.86237856122e-14,0,5.9909343827e-09,nan,nan,1.89869103818e-08,nan,nan
8224,5.85067061129e-14,0,6.32363313653e-09,nan,nan,1.94808958407e-08,nan,nan
8228,5.83835560461e-14,0,6.81071201355e-09,nan,nan,1.98856971954e-08,nan,nan
8232,5.82680328564e-14,0,7.2163063092e-09,nan,nan,2.04385939251e-08,nan,nan
8236,5.81482901392e-14,0,7.76733235513e-09,nan,nan,2.0908194034e-08,nan,nan
8240,5.80321047542e-14,0,8.2609389929e-09,nan,nan,2.15335523907e-08,nan,nan
8244,5.79128764675e-14,0,8.89444502851e-09,nan,nan,2.20838360937e-08,nan,nan
8248,5.77954883779e-14,0,9.49525253268e-09,nan,nan,2.27990022457e-08,nan,nan
8252,5.76777659903e-14,0,1.02389305666e-08,nan,nan,2.34525290617e-08,nan,nan
8256,5.75636356999e-14,0,1.09725125784e-08,nan,nan,2.42805919924e-08,nan,nan
8260,5.74448767426e-14,0,1.18672480676e-08,nan,nan,2.50695324183e-08,nan,nan
8264,5.73287268842e-14,0,1.27704256096e-08,nan,nan,2.60429122427e-08,nan,nan
8268,5.72147295249e-14,0,1.38761942564e-08,nan,nan,2.70133967661e-08,nan,nan
8272,5.7098527645e-14,0,1.50062497109e-08,nan,nan,2.81806175668e-08,nan,nan
8276,5.69831157029e-14,0,1.6411885494e-08,nan,nan,2.94000892599e-08,nan,nan
8280,5.68666612758e-14,0,1.78643554637e-08,nan,nan,3.08385419106e-08,nan,nan
8284,5.67537420018e-14,0,1.97065375903e-08,nan,nan,3.2409620258e-08,nan,nan
8288,5.66391342919e-14,0,2.16513933131e-08,nan,nan,3.42509125444e-08,nan,nan
8292,5.65252489694e-14,0,2.41557085719e-08,nan,nan,3.63407532546e-08,nan,nan
8296,5.64107533458e-14,0,2.69170407319e-08,nan,nan,3.88260821443e-08,nan,nan
8300,5.62968372239e-14,0,3.04962864846e-08,nan,nan,4.17357323585e-08,nan,nan
8304,5.61870724357e-14,0,3.47526270857e-08,nan,nan,4.53538487897e-08,nan,nan
8308,5.60714295617e-14,0,4.02781453311e-08,nan,nan,4.97070214085e-08,nan,nan
8312,5.59580585981e-14,0,4.76772661012e-08,nan,nan,5.56134943557e-08,nan,nan
8316,5.58475101948e-14,0,5.74139580914e-08,nan,nan,6.30002689344e-08,nan,nan
8320,5.57351588236e-14,0,7.31651054268e-08,nan,nan,7.4772144226e-08,nan,nan
8324,5.56233011573e-14,0,9.55262928192e-08,nan,nan,9.09940738903e-08,nan,nan
8328,5.55130371437e-14,0,1.49057159077e-07,nan,nan,1.28506992133e-07,nan,nan
8332,5.54000089522e-14,0,2.3975686377e-07,nan,nan,1.89651836395e-07,nan,nan
8336,5.52904191347e-14,0,3.08252069996e-07,nan,nan,2.27374056838e-07,nan,nan
8340,5.51794807392e-14,0,3.01206473307e-07,nan,nan,2.0432253788e-07,nan,nan
8344,5.50703435233e-14,0,2.25223098188e-07,nan,nan,1.34359784783e-07,nan,nan
8348,5.4958672379e-14,0,1.41316929871e-07,nan,nan,6.96619283085e-08,nan,nan
8352,5.48498358078e-14,0,9.9093536424e-08,nan,nan,4.61758667836e-08,nan,nan
8356,5.47399985567e-14,0,7.93172538295e-08,nan,nan,4.28394832044e-08,nan,nan
8360,5.46316570882e-14,0,6.51338447214e-08,nan,nan,4.9840575704e-08,nan,nan
8364,5.45225394636e-14,0,5.63352318625e-08,nan,nan,6.10790360354e-08,nan,nan
8368,5.44145250035e-14,0,4.93125210455e-08,nan,nan,7.08896165523e-08,nan,nan
8372,5.43068319184e-14,0,4.42487538429e-08,nan,nan,7.56372535801e-08,nan,nan
8376,5.41961230032e-14,0,4.01081558175e-08,nan,nan,7.35070010571e-08,nan,nan
8380,5.40909309176e-14,0,3.67811712051e-08,nan,nan,6.6850710624e-08,nan,nan
8384,5.39810795891e-14,0,3.40700424891e-08,nan,nan,5.84552257607e-08,nan,nan
8388,5.38764467722e-14,0,3.17088903948e-08,nan,nan,5.06765003768e-08,nan,nan
8392,5.37699305843e-14,0,2.9796756431e-08,nan,nan,4.40371260955e-08,nan,nan
8396,5.36601792247e-14,0,2.80386820061e-08,nan,nan,3.86124618142e-08,nan,nan
8400,5.35574374171e-14,0,2.66090599931e-08,nan,nan,3.41393863663e-08,nan,nan
8404,5.34486034932e-14,0,2.52586056829e-08,nan,nan,3.04483549826e-08,nan,nan
8408,5.33448512234e-14,0,2.41373957883e-08,nan,nan,2.73436020065e-08,nan,nan
8412,5.32382407796e-14,0,2.30769752385e-08,nan,nan,2.47180670297e-08,nan,nan
8416,5.31324219632e-14,0,2.21654039862e-08,nan,nan,2.24531687618e-08,nan,nan
8420,5.30288978646e-14,0,2.13139046561e-08,nan,nan,2.05025696517e-08,nan,nan
8424,5.29239456413e-14,0,2.0558445555e-08,nan,nan,1.87732092137e-08,nan,nan
8428,5.28185716923e-14,0,1.98557484618e-08,nan,nan,1.72745949396e-08,nan,nan
8432,5.27157773536e-14,0,1.92224435535e-08,nan,nan,1.59069603922e-08,nan,nan
8436,5.26104850579e-14,0,1.86317513088e-08,nan,nan,1.47193737767e-08,nan,nan
8440,5.25077169035e-14,0,1.80914651493e-08,nan,nan,1.36134863326e-08,nan,nan
8444,5.24037036245e-14,0,1.75881081168e-08,nan,nan,1.26478964436e-08,nan,nan
8448,5.2301437465e-14,0,1.71235008051e-08,nan,nan,1.17355770679e-08,nan,nan
8452,5.21976333288e-14,0,1.6686432585e-08,nan,nan,1.09364285047e-08,nan,nan
8456,5.20965809659e-14,0,1.62837207313e-08,nan,nan,1.01732103072e-08,nan,nan
8460,5.19934727717e-14,0,1.5900063145e-08,nan,nan,9.50156555097e-09,nan,nan
8464,5.18905252197e-14,0,1.5547731611e-08,nan,nan,8.85643606162e-09,nan,nan
8468,5.1789615875e-14,0,1.52080074546e-08,nan,nan,8.28644585912e-09,nan,nan
8472,5.16886849268e-14,0,1.48965078679e-08,nan,nan,7.7375099439e-09,nan,nan
8476,5.15854194196e-14,0,1.45942775683e-08,nan,nan,7.25138409512e-09,nan,nan
8480,5.14873642265e-14,0,1.43156998332e-08,nan,nan,6.78301173971e-09,nan,nan
8484,5.13845134517e-14,0,1.40461431455e-08,nan,nan,6.36877173012e-09,nan,nan
8488,5.12839022472e-14,0,1.37941136746e-08,nan,nan,5.97007810656e-09,nan,nan
8492,5.11840927554e-14,0,1.35533341617e-08,nan,nan,5.61988674693e-09,nan,nan
8496,5.1084119332e-14,0,1.33229430738e-08,nan,nan,5.28370529268e-09,nan,nan
8500,5.09846765802e-14,0,1.31075146248e-08,nan,nan,4.99280139861e-09,nan,nan
8504,5.0884528254e-14,0,1.28951375192e-08,nan,nan,4.71494151678e-09,nan,nan
8508,5.07866581572e-14,0,1.27019037227e-08,nan,nan,4.48082385552e-09,nan,nan
8512,5.0688071299e-14,0,1.2504945811e-08,nan,nan,4.25930514681e-09,nan,nan
8516,5.05859587103e-14,0,1.23309800367e-08,nan,nan,4.08088280221e-09,nan,nan
8520,5.04897427715e-14,0,1.21475866035e-08,nan,nan,3.91494850334e-09,nan,nan
8524,5.0391725867e-14,0,1.19902260176e-08,nan,nan,3.79146627605e-09,nan,nan
8528,5.029313697e-14,0,1.18190210522e-08,nan,nan,3.68033497201e-09,nan,nan
8532,5.01947828066e-14,0,1.16759090593e-08,nan,nan,3.61012023555e-09,nan,nan
8536,5.00991608227e-14,0,1.1515812847e-08,nan,nan,3.55172973741e-09,nan,nan
8540,5.0000634022e-14,0,1.13849104875e-08,nan,nan,3.53114538282e-09,nan,nan
8544,4.99040416973e-14,0,1.12350483341e-08,nan,nan,3.52139750329e-09,nan,nan
8548,4.98068481509e-14,0,1.11145934184e-08,nan,nan,3.54454571057e-09,nan,nan
8552,4.97115365065e-14,0,1.0974269656e-08,nan,nan,3.57748385643e-09,nan,nan
8556,4.96128778948e-14,0,1.08626941073e-08,nan,nan,3.63689416479e-09,nan,nan
8560,4.9517314638e-14,0,1.07313973682e-08,nan,nan,3.70566391377e-09,nan,nan
8564,4.94245303479e-14,0,1.06272452171e-08,nan,nan,3.79351577771e-09,nan,nan
8568,4.93263885289e-14,0,1.050465353e-08,nan,nan,3.89144677021e-09,nan,nan
8572,4.92310305057e-14,0,1.04065374689e-08,nan,nan,4.00066045017e-09,nan,nan
8576,4.91375439352e-14,0,1.0292494227e-08,nan,nan,4.12195542456e-09,nan,nan
8580,4.90411261108e-14,0,1.01991019462e-08,nan,nan,4.24681605505e-09,nan,nan
8584,4.89454946285e-14,0,1.00935508167e-08,nan,nan,4.38675205929e-09,nan,nan
8588,4.88550993024e-14,0,1.00036963325e-08,nan,nan,4.52309600036e-09,nan,nan
8592,4.87578660871e-14,0,9.9065838196e-09,nan,nan,4.67791191813e-09,nan,nan
8596,4.86646206283e-14,0,9.8192883266e-09,nan,nan,4.82303488489e-09,nan,nan
8600,4.85720105714e-14,0,9.7304526486e-09,nan,nan,4.98972082448e-09,nan,nan
8604,4.84756587992e-14,0,9.64502608082e-09,nan,nan,5.14213682924e-09,nan,nan
8608,4.83849023945e-14,0,9.56410154772e-09,nan,nan,5.31826736235e-09,nan,nan
8612,4.82938122098e-14,0,9.48019508982e-09,nan,nan,5.47739982758e-09,nan,nan
8616,4.81960125157e-14,0,9.40656410499e-09,nan,nan,5.6610620949e-09,nan,nan
8620,4.81072598807e-14,0,9.32417661487e-09,nan,nan,5.82691900835e-09,nan,nan
8624,4.80149638937e-14,0,9.25698083459e-09,nan,nan,6.01672193913e-09,nan,nan
8628,4.79194549098e-14,0,9.17641250784e-09,nan,nan,6.1895933955e-09,nan,nan
8632,4.78315356992e-14,0,9.11461397777e-09,nan,nan,6.38470979758e-09,nan,nan
8636,4.77401184266e-14,0,9.03637222202e-09,nan,nan,6.56493406357e-09,nan,nan
8640,4.76451838907e-14,0,8.97884895656e-09,nan,nan,6.76511660963e-09,nan,nan
8644,4.75568827527e-14,0,8.90353116891e-09,nan,nan,6.95296003572e-09,nan,nan
8648,4.74651650675e-14,0,8.84918410176e-09,nan,nan,7.15848489592e-09,nan,nan
8652,4.73735742257e-14,0,8.77736835326e-09,nan,nan,7.35415317179e-09,nan,nan
8656,4.72864673323e-14,0,8.72521275107e-09,nan,nan,7.56567269019e-09,nan,nan
8660,4.71924364602e-14,0,8.65737676197e-09,nan,nan,7.76943922815e-09,nan,nan
8664,4.7102986227e-14,0,8.60659826929e-09,nan,nan,7.98776433588e-09,nan,nan
8668,4.70154002579e-14,0,8.54308047573e-09,nan,nan,8.2001682981e-09,nan,nan
8672,4.69240821797e-14,0,8.49304712546e-09,nan,nan,8.42604179262e-09,nan,nan
8676,4.68355843003e-14,0,8.4340520575e-09,nan,nan,8.6480780222e-09,nan,nan
8680,4.67463401473e-14,0,8.3842864871e-09,nan,nan,8.88201519002e-09,nan,nan
8684,4.66564583578e-14,0,8.32992142832e-09,nan,nan,9.1152334488e-09,nan,nan
8688,4.65699203716e-14,0,8.28004754033e-09,nan,nan,9.35749940526e-09,nan,nan
8692,4.64771592115e-14,0,8.23037383814e-09,nan,nan,9.60395551555e-09,nan,nan
8696,4.63939519683e-14,0,8.1800613516e-09,nan,nan,9.85471710141e-09,nan,nan
8700,4.63044904356e-14,0,8.13514045151e-09,nan,nan,1.01167688141e-08,nan,nan
8704,4.62147874606e-14,0,8.08407098993e-09,nan,nan,1.0376399705e-08,nan,nan
8708,4.61298126348e-14,0,8.04398230657e-09,nan,nan,1.0656396417e-08,nan,nan
8712,4.60385679074e-14,0,7.99185243215e-09,nan,nan,1.09258557841e-08,nan,nan
8716,4.59555139668e-14,0,7.956663293e-09,nan,nan,1.12258216716e-08,nan,nan
8720,4.58675611824e-14,0,7.9032373738e-09,nan,nan,1.15069919262e-08,nan,nan
8724,4.57787604088e-14,0,7.87291649843e-09,nan,nan,1.18284253866e-08,nan,nan
8728,4.56953918035e-14,0,7.81813635941e-09,nan,nan,1.21242982688e-08,nan,nan
8732,4.56046957317e-14,0,7.79241444393e-09,nan,nan,1.24681858178e-08,nan,nan
8736,4.55238887959e-14,0,7.73656039949e-09,nan,nan,1.27828296372e-08,nan,nan
8740,4.54335178457e-14,0,7.71475667269e-09,nan,nan,1.31499073306e-08,nan,nan
8744,4.53513103261e-14,0,7.65863247766e-09,nan,nan,1.34882261926e-08,nan,nan
8748,4.52644662676e-14,0,7.63948314267e-09,nan,nan,1.38794437389e-08,nan,nan
8752,4.51778786516e-14,0,7.58455447257e-09,nan,nan,1.42468292895e-08,nan,nan
8756,4.50952674244e-14,0,7.56610813958e-09,nan,nan,1.46639132518e-08,nan,nan
8760,4.50077156379e-14,0,7.51450809208e-09,nan,nan,1.50659219735e-08,nan,nan
8764,4.49251352662e-14,0,7.49422871471e-09,nan,nan,1.55118953094e-08,nan,nan
8768,4.48396703567e-14,0,7.44852132142e-09,nan,nan,1.59540483115e-08,nan,nan
8772,4.47574671506e-14,0,7.42372140936e-09,nan,nan,1.64336468676e-08,nan,nan
8776,4.46713468288e-14,0,7.3862728978e-09,nan,nan,1.69214082274e-08,nan,nan
8780,4.45860582566e-14,0,7.35494767276e-09,nan,nan,1.74414558024e-08,nan,nan
8784,4.45071261235e-14,0,7.32690032389e-09,nan,nan,1.79803505609e-08,nan,nan
8788,4.44187070102e-14,0,7.28885948311e-09,nan,nan,1.85501587645e-08,nan,nan
8792,4.43400864213e-14,0,7.26902607385e-09,nan,nan,1.91460619538e-08,nan,nan
8796,4.42533776539e-14,0,7.22675163943e-09,nan,nan,1.9777695486e-08,nan,nan
8800,4.4172998573e-14,0,7.21129835239e-09,nan,nan,2.04377547094e-08,nan,nan
8804,4.40883487793e-14,0,7.16939778308e-09,nan,nan,2.1145466826e-08,nan,nan
8808,4.40078500607e-14,0,7.15349814297e-09,nan,nan,2.1880639077e-08,nan,nan
8812,4.39240635794e-14,0,7.11593713107e-09,nan,nan,2.26787344005e-08,nan,nan
8816,4.38438444445e-14,0,7.09722912466e-09,nan,nan,2.35081002152e-08,nan,nan
8820,4.37601762509e-14,0,7.06410426118e-09,nan,nan,2.4408742642e-08,nan,nan
8824,4.36804956466e-14,0,7.0444531941e-09,nan,nan,2.53623844885e-08,nan,nan
8828,4.35988911067e-14,0,7.01271966034e-09,nan,nan,2.63784170478e-08,nan,nan
8832,4.35154048073e-14,0,6.99488219455e-09,nan,nan,2.74943303199e-08,nan,nan
8836,4.34360696581e-14,0,6.96307724186e-09,nan,nan,2.86492669312e-08,nan,nan
8840,4.33537013455e-14,0,6.9467560269e-09,nan,nan,2.99675927109e-08,nan,nan
8844,4.3276177978e-14,0,6.91629375688e-09,nan,nan,3.13057723961e-08,nan,nan
8848,4.31936989899e-14,0,6.89978208869e-09,nan,nan,3.28691933052e-08,nan,nan
8852,4.31154169088e-14,0,6.87188961432e-09,nan,nan,3.44625196907e-08,nan,nan
8856,4.30313920798e-14,0,6.85446561785e-09,nan,nan,3.63222589872e-08,nan,nan
8860,4.29548506662e-14,0,6.82948249707e-09,nan,nan,3.82800216331e-08,nan,nan
8864,4.28744313601e-14,0,6.81089292068e-09,nan,nan,4.05062486615e-08,nan,nan
8868,4.27934681038e-14,0,6.78896421447e-09,nan,nan,4.29896184666e-08,nan,nan
8872,4.2717160128e-14,0,6.76909479671e-09,nan,nan,4.56949071861e-08,nan,nan
8876,4.26345154492e-14,0,6.7502249114e-09,nan,nan,4.8937504279e-08,nan,nan
8880,4.25593838155e-14,0,6.72909870126e-09,nan,nan,5.23255195377e-08,nan,nan
8884,4.24785043008e-14,0,6.71316701299e-09,nan,nan,5.66701792937e-08,nan,nan
8888,4.24010455759e-14,0,6.69093269451e-09,nan,nan,6.11354338167e-08,nan,nan
8892,4.23211112007e-14,0,6.6776991527e-09,nan,nan,6.71121770128e-08,nan,nan
8896,4.22452857959e-14,0,6.65461994163e-09,nan,nan,7.34608042424e-08,nan,nan
8900,4.21645263332e-14,0,6.64374581158e-09,nan,nan,8.1975318519e-08,nan,nan
8904,4.20874333785e-14,0,6.62016903988e-09,nan,nan,9.19880307553e-08,nan,nan
8908,4.20126669552e-14,0,6.61125557274e-09,nan,nan,1.0484587499e-07,nan,nan
8912,4.19325015042e-14,0,6.58756350973e-09,nan,nan,1.23056505854e-07,nan,nan
8916,4.18560314907e-14,0,6.58021063791e-09,nan,nan,1.44765931702e-07,nan,nan
8920,4.17790869797e-14,0,6.55675555167e-09,nan,nan,1.86392351625e-07,nan,nan
8924,4.17021224812e-14,0,6.55062587517e-09,nan,nan,2.33394237364e-07,nan,nan
8928,4.16250561735e-14,0,6.52767908174e-09,nan,nan,3.99572231715e-07,nan,nan
8932,4.15496597449e-14,0,6.52252143868e-09,nan,nan,7.06402379668e-07,nan,nan
8936,4.14721504039e-14,0,6.50028557136e-09,nan,nan,9.21098355809e-07,nan,nan
8940,4.13989773694e-14,0,6.49588810327e-09,nan,nan,8.68432822083e-07,nan,nan
8944,4.13180165431e-14,0,6.47455996574e-09,nan,nan,5.91758492113e-07,nan,nan
8948,4.1246823029e-14,0,6.470703639e-09,nan,nan,3.16640998524e-07,nan,nan
8952,4.1166792848e-14,0,6.45047080221e-09,nan,nan,2.15412232857e-07,nan,nan
8956,4.10982183213e-14,0,6.44699756955e-09,nan,nan,1.72542137857e-07,nan,nan
8960,4.101473411e-14,0,6.42792554224e-09,nan,nan,1.37698183499e-07,nan,nan
8964,4.09478005317e-14,0,6.42483593368e-09,nan,nan,1.19279710219e-07,nan,nan
8968,4.08653111098e-14,0,6.40685993081e-09,nan,nan,1.02044977298e-07,nan,nan
8972,4.07968670256e-14,0,6.40418474095e-09,nan,nan,9.13028806696e-08,nan,nan
8976,4.07192905832e-14,0,6.38735258345e-09,nan,nan,8.13251433538e-08,nan,nan
8980,4.0645274714e-14,0,6.38489637892e-09,nan,nan,7.40654282801e-08,nan,nan
8984,4.0572127924e-14,0,6.3695015064e-09,nan,nan,6.76978593447e-08,nan,nan
8988,4.04950975878e-14,0,6.36692173368e-09,nan,nan,6.23997567419e-08,nan,nan
8992,4.04267215246e-14,0,6.35324210388e-09,nan,nan,5.80163177818e-08,nan,nan
8996,4.03478341785e-14,0,6.35033735623e-09,nan,nan,5.39926939082e-08,nan,nan
9000,4.02779536955e-14,0,6.33850679723e-09,nan,nan,5.07689100398e-08,nan,nan
9004,4.02034768708e-14,0,6.33510338355e-09,nan,nan,4.76492301775e-08,nan,nan
9008,4.01282124554e-14,0,6.32536589461e-09,nan,nan,4.51386810524e-08,nan,nan
9012,4.00611169846e-14,0,6.3211475532e-09,nan,nan,4.26888499889e-08,nan,nan
9016,3.99813438632e-14,0,6.31377205635e-09,nan,nan,4.06436997573e-08,nan,nan
9020,3.99140966383e-14,0,6.30857872599e-09,nan,nan,3.8696783151e-08,nan,nan
9024,3.98376314973e-14,0,6.30358601446e-09,nan,nan,3.69789519358e-08,nan,nan
9028,3.97681689967e-14,0,6.29742910706e-09,nan,nan,3.54076428249e-08,nan,nan
9032,3.96950862172e-14,0,6.29483228978e-09,nan,nan,3.39400530391e-08,nan,nan
9036,3.96234412913e-14,0,6.28765425067e-09,nan,nan,3.26455494265e-08,nan,nan
9040,3.95537340484e-14,0,6.28743260347e-09,nan,nan,3.13832724357e-08,nan,nan
9044,3.94768984196e-14,0,6.27939399025e-09,nan,nan,3.02908675695e-08,nan,nan
9048,3.94099111368e-14,0,6.28123609537e-09,nan,nan,2.92037454053e-08,nan,nan
9052,3.93387291185e-14,0,6.27266988112e-09,nan,nan,2.82597456889e-08,nan,nan
9056,3.92632591265e-14,0,6.27626222582e-09,nan,nan,2.73233148311e-08,nan,nan
9060,3.92000506771e-14,0,6.26748145364e-09,nan,nan,2.64914454019e-08,nan,nan
9064,3.91221944137e-14,0,6.27238390578e-09,nan,nan,2.56827622364e-08,nan,nan
9068,3.905411907e-14,0,6.2639449996e-09,nan,nan,2.49404430112e-08,nan,nan
9072,3.89848833241e-14,0,6.26955429636e-09,nan,nan,2.42371830016e-08,nan,nan
9076,3.89118785268e-14,0,6.26198226727e-09,nan,nan,2.35710054636e-08,nan,nan
9080,3.88461404667e-14,0,6.26779855359e-09,nan,nan,2.29526434229e-08,nan,nan
9084,3.87733186586e-14,0,6.26162838123e-09,nan,nan,2.23543714281e-08,nan,nan
9088,3.87012456308e-14,0,6.26704453707e-09,nan,nan,2.18032914804e-08,nan,nan
9092,3.86380346563e-14,0,6.26281750694e-09,nan,nan,2.12667805402e-08,nan,nan
9096,3.85616652942e-14,0,6.26740500129e-09,nan,nan,2.07694597383e-08,nan,nan
9100,3.84977490146e-14,0,6.2654551248e-09,nan,nan,2.02884723784e-08,nan,nan
9104,3.84276331091e-14,0,6.26886575474e-09,nan,nan,1.98355663395e-08,nan,nan
9108,3.83540688329e-14,0,6.26948309899e-09,nan,nan,1.94032325165e-08,nan,nan
9112,3.82915322021e-14,0,6.27155528687e-09,nan,nan,1.89889947484e-08,nan,nan
9116,3.82218686522e-14,0,6.27473761521e-09,nan,nan,1.85977992694e-08,nan,nan
9120,3.81490113469e-14,0,6.27551442596e-09,nan,nan,1.82189680815e-08,nan,nan
9124,3.8086113611e-14,0,6.28116039493e-09,nan,nan,1.78617013949e-08,nan,nan
9128,3.80131177466e-14,0,6.28085143648e-09,nan,nan,1.75161083524e-08,nan,nan
9132,3.79467259975e-14,0,6.28859039331e-09,nan,nan,1.71865467215e-08,nan,nan
9136,3.78839802578e-14,0,6.28760506067e-09,nan,nan,1.68720879993e-08,nan,nan
9140,3.78079791924e-14,0,6.29699186525e-09,nan,nan,1.65657324103e-08,nan,nan
9144,3.77463708321e-14,0,6.29584042202e-09,nan,nan,1.62796258882e-08,nan,nan
9148,3.76784127272e-14,0,6.30626144062e-09,nan,nan,1.5993716979e-08,nan,nan
9152,3.76075948836e-14,0,6.30553773596e-09,nan,nan,1.57324384999e-08,nan,nan
9156,3.75446233633e-14,0,6.31640830518e-09,nan,nan,1.54657865367e-08,nan,nan
9160,3.7477372818e-14,0,6.31670450185e-09,nan,nan,1.52253386057e-08,nan,nan
9164,3.74062973516e-14,0,6.32741893609e-09,nan,nan,1.49776082364e-08,nan,nan
9168,3.73424406141e-14,0,6.3292449377e-09,nan,nan,1.47540671314e-08,nan,nan
9172,3.72800243387e-14,0,6.33933699517e-09,nan,nan,1.45251893344e-08,nan,nan
9176,3.720706582e-14,0,6.34310650061e-09,nan,nan,1.4315276917e-08,nan,nan
9180,3.71454897174e-14,0,6.35223738851e-09,nan,nan,1.41048121315e-08,nan,nan
9184,3.70794170136e-14,0,6.35816511889e-09,nan,nan,1.39061993877e-08,nan,nan
9188,3.70095549856e-14,0,6.36617180904e-09,nan,nan,1.37130600688e-08,nan,nan
9192,3.69470280346e-14,0,6.37430734246e-09,nan,nan,1.35245041179e-08,nan,nan
9196,3.68844723769e-14,0,6.38123131042e-09,nan,nan,1.33469599963e-08,nan,nan
9200,3.68138370874e-14,0,6.39143106215e-09,nan,nan,1.31680952287e-08,nan,nan
9204,3.67482743056e-14,0,6.3974846251e-09,nan,nan,1.30039780161e-08,nan,nan
9208,3.66887330886e-14,0,6.40942556975e-09,nan,nan,1.2834969938e-08,nan,nan
9212,3.66198306894e-14,0,6.4149836055e-09,nan,nan,1.26820316721e-08,nan,nan
9216,3.655459699e-14,0,6.42820447906e-09,nan,nan,1.252319396e-08,nan,nan
9220,3.64933656736e-14,0,6.43375980197e-09,nan,nan,1.23794334773e-08,nan,nan
9224,3.64270071475e-14,0,6.44770947053e-09,nan,nan,1.2230901927e-08,nan,nan
9228,3.63610141546e-14,0,6.45380349285e-09,nan,nan,1.20947870084e-08,nan,nan
9232,3.6298819401e-14,0,6.46791805288e-09,nan,nan,1.19563405924e-08,nan,nan
9236,3.62357409997e-14,0,6.47505925981e-09,nan,nan,1.18268843295e-08,nan,nan
9240,3.61685571677e-14,0,6.48884541941e-09,nan,nan,1.16979257486e-08,nan,nan
9244,3.61073326436e-14,0,6.49743074484e-09,nan,nan,1.15746129217e-08,nan,nan
9248,3.6044426503e-14,0,6.51053207485e-09,nan,nan,1.14542810403e-08,nan,nan
9252,3.59805521013e-14,0,6.52079170415e-09,nan,nan,1.13368946062e-08,nan,nan
9256,3.59133936908e-14,0,6.53302854854e-09,nan,nan,1.1224240343e-08,nan,nan
9260,3.58548993397e-14,0,6.54499778795e-09,nan,nan,1.11126676745e-08,nan,nan
9264,3.5790607021e-14,0,6.55638080764e-09,nan,nan,1.10068115906e-08,nan,nan
9268,3.57289313487e-14,0,6.56989803936e-09,nan,nan,1.09009023625e-08,nan,nan
9272,3.56622075541e-14,0,6.58061400439e-09,nan,nan,1.08011212609e-08,nan,nan
9276,3.56037288745e-14,0,6.59534685326e-09,nan,nan,1.07006305926e-08,nan,nan
9280,3.5540700404e-14,0,6.60571565734e-09,nan,nan,1.06063610794e-08,nan,nan
9284,3.54770741703e-14,0,6.62121356256e-09,nan,nan,1.05109709836e-08,nan,nan
9288,3.54143986499e-14,0,6.63162204917e-09,nan,nan,1.04217505098e-08,nan,nan
9292,3.53555120807e-14,0,6.6473867127e-09,nan,nan,1.0331134634e-08,nan,nan
9296,3.5291740776e-14,0,6.65821012023e-09,nan,nan,1.02465208615e-08,nan,nan
9300,3.52287883044e-14,0,6.67377110213e-09,nan,nan,1.01604072628e-08,nan,nan
9304,3.51671691213e-14,0,6.68529543112e-09,nan,nan,1.00799193431e-08,nan,nan
9308,3.51089585891e-14,0,6.7002770549e-09,nan,nan,9.99811470945e-09,nan,nan
9312,3.50454467925e-14,0,6.71263600885e-09,nan,nan,9.9212248459e-09,nan,nan
9316,3.49843516227e-14,0,6.72680302913e-09,nan,nan,9.84358545501e-09,nan,nan
9320,3.49215677096e-14,0,6.73994075581e-09,nan,nan,9.76976352161e-09,nan,nan
9324,3.48639581669e-14,0,6.75321340243e-09,nan,nan,9.69612336682e-09,nan,nan
9328,3.48043833795e-14,0,6.76687958675e-09,nan,nan,9.62491217277e-09,nan,nan
9332,3.47376123079e-14,0,6.77931405769e-09,nan,nan,9.5549971134e-09,nan,nan
9336,3.4681569013e-14,0,6.79309189989e-09,nan,nan,9.48608046849e-09,nan,nan
9340,3.46209253625e-14,0,6.80482955552e-09,nan,nan,9.41944331071e-09,nan,nan
9344,3.456257438e-14,0,6.81819009862e-09,nan,nan,9.35267120352e-09,nan,nan
9348,3.44986069909e-14,0,6.82938539127e-09,nan,nan,9.28868197541e-09,nan,nan
9352,3.44388243993e-14,0,6.84175550825e-09,nan,nan,9.22404237259e-09,nan,nan
9356,3.43794593302e-14,0,6.85249682223e-09,nan,nan,9.16194981526e-09,nan,nan
9360,3.43242012942e-14,0,6.86332629077e-09,nan,nan,9.0994813525e-09,nan,nan
9364,3.42615748365e-14,0,6.8735639925e-09,nan,nan,9.03850957816e-09,nan,nan
9368,3.42002911658e-14,0,6.88237924528e-09,nan,nan,8.97817191849e-09,nan,nan
9372,3.41412800262e-14,0,6.89187271684e-09,nan,nan,8.91762971654e-09,nan,nan
9376,3.40852328858e-14,0,6.89830715925e-09,nan,nan,8.85919135429e-09,nan,nan
9380,3.40256422428e-14,0,6.9066006342e-09,nan,nan,8.7985632822e-09,nan,nan
9384,3.39662664657e-14,0,6.91039341386e-09,nan,nan,8.74153456357e-09,nan,nan
9388,3.39054559863e-14,0,6.91682746687e-09,nan,nan,8.68051614672e-09,nan,nan
9392,3.38481959259e-14,0,6.91778908291e-09,nan,nan,8.62414422487e-09,nan,nan
9396,3.37900774721e-14,0,6.92154574258e-09,nan,nan,8.56261014282e-09,nan,nan
9400,3.37326232825e-14,0,6.91950002258e-09,nan,nan,8.50594221001e-09,nan,nan
9404,3.36746953187e-14,0,6.9196693562e-09,nan,nan,8.44385581477e-09,nan,nan
9408,3.36136085082e-14,0,6.91438773747e-09,nan,nan,8.38585590609e-09,nan,nan
9412,3.35576513449e-14,0,6.910042476e-09,nan,nan,8.32314868896e-09,nan,nan
9416,3.34994818673e-14,0,6.90118476609e-09,nan,nan,8.26283315376e-09,nan,nan
9420,3.34430234115e-14,0,6.89145267939e-09,nan,nan,8.19929501844e-09,nan,nan
9424,3.33852410729e-14,0,6.87852756805e-09,nan,nan,8.13584807822e-09,nan,nan
9428,3.33265652601e-14,0,6.86265024459e-09,nan,nan,8.07106271491e-09,nan,nan
9432,3.32695317086e-14,0,6.84500875986e-09,nan,nan,8.00390652313e-09,nan,nan
9436,3.32100552062e-14,0,6.82237845612e-09,nan,nan,7.93725085271e-09,nan,nan
9440,3.31576234332e-14,0,6.79924538303e-09,nan,nan,7.86605936471e-09,nan,nan
9444,3.31008131855e-14,0,6.76942127162e-09,nan,nan,7.79676997115e-09,nan,nan
9448,3.3041399727e-14,0,6.73996061191e-09,nan,nan,7.72143318315e-09,nan,nan
9452,3.29851794362e-14,0,6.70266936375e-09,nan,nan,7.64872187091e-09,nan,nan
9456,3.29261352653e-14,0,6.66607638497e-09,nan,nan,7.56928491513e-09,nan,nan
9460,3.2874704372e-14,0,6.62120334843e-09,nan,nan,7.49247143005e-09,nan,nan
9464,3.28150067236e-14,0,6.57680931711e-09,nan,nan,7.40907630979e-09,nan,nan
9468,3.27600165496e-14,0,6.52439027936e-09,nan,nan,7.32770672579e-09,nan,nan
9472,3.27065642691e-14,0,6.47176261493e-09,nan,nan,7.24055793049e-09,nan,nan
9476,3.26457450559e-14,0,6.41198234793e-09,nan,nan,7.15448288702e-09,nan,nan
9480,3.25926153369e-14,0,6.35100592685e-09,nan,nan,7.06384768293e-09,nan,nan
9484,3.25360538544e-14,0,6.2842049937e-09,nan,nan,6.97324866855e-09,nan,nan
9488,3.24807748194e-14,0,6.21513156467e-09,nan,nan,6.87948531996e-09,nan,nan
9492,3.24275581372e-14,0,6.1418199265e-09,nan,nan,6.78485383827e-09,nan,nan
9496,3.23694488312e-14,0,6.0652787823e-09,nan,nan,6.68844962216e-09,nan,nan
9500,3.23165431215e-14,0,5.98614906759e-09,nan,nan,6.5905329494e-09,nan,nan
9504,3.22599459304e-14,0,5.90311940837e-09,nan,nan,6.49213039108e-09,nan,nan
9508,3.2204603034e-14,0,5.81905182469e-09,nan,nan,6.39186288332e-09,nan,nan
9512,3.21499441829e-14,0,5.73080213834e-09,nan,nan,6.29225671708e-09,nan,nan
9516,3.20951013994e-14,0,5.64285338691e-09,nan,nan,6.19069192942e-09,nan,nan
9520,3.20422129957e-14,0,5.55085899842e-09,nan,nan,6.09079185964e-09,nan,nan
9524,3.19882813242e-14,0,5.46023121756e-09,nan,nan,5.98904334483e-09,nan,nan
9528,3.19319962037e-14,0,5.36608189319e-09,nan,nan,5.88980945678e-09,nan,nan
9532,3.18787140154e-14,0,5.27407332673e-09,nan,nan,5.78900084284e-09,nan,nan
9536,3.18251177449e-14,0,5.17938203229e-09,nan,nan,5.6913686417e-09,nan,nan
9540,3.17691956462e-14,0,5.08732546122e-09,nan,nan,5.5925882201e-09,nan,nan
9544,3.17154767204e-14,0,4.99364587776e-09,nan,nan,5.49740233662e-09,nan,nan
9548,3.16632267824e-14,0,4.90284463938e-09,nan,nan,5.4016572736e-09,nan,nan
9552,3.16098252023e-14,0,4.81160196778e-09,nan,nan,5.30962856879e-09,nan,nan
9556,3.15554771693e-14,0,4.72327291584e-09,nan,nan,5.21779702928e-09,nan,nan
9560,3.15032063625e-14,0,4.63570994421e-09,nan,nan,5.12948846325e-09,nan,nan
9564,3.14501843742e-14,0,4.55093975222e-09,nan,nan,5.04227401439e-09,nan,nan
9568,3.13947314767e-14,0,4.46807944487e-09,nan,nan,4.95811057101e-09,nan,nan
9572,3.13436306368e-14,0,4.38779566264e-09,nan,nan,4.87600749093e-09,nan,nan
9576,3.12898470976e-14,0,4.31042177178e-09,nan,nan,4.79629813809e-09,nan,nan
9580,3.12373251074e-14,0,4.23537627076e-09,nan,nan,4.71957707821e-09,nan,nan
9584,3.11839354625e-14,0,4.1640328329e-09,nan,nan,4.64453575651e-09,nan,nan
9588,3.11325284761e-14,0,4.09479385216e-09,nan,nan,4.57325486423e-09,nan,nan
9592,3.10784500101e-14,0,4.02980145452e-09,nan,nan,4.50301255951e-09,nan,nan
9596,3.1028933065e-14,0,3.96675267646e-09,nan,nan,4.43705133399e-09,nan,nan
9600,3.09751701861e-14,0,3.90823554917e-09,nan,nan,4.37165937684e-09,nan,nan
9604,3.09236198346e-14,0,3.85158392948e-09,nan,nan,4.31076517585e-09,nan,nan
9608,3.08706128287e-14,0,3.79949990626e-09,nan,nan,4.2501957003e-09,nan,nan
9612,3.08208299519e-14,0,3.74929404255e-09,nan,nan,4.19403098818e-09,nan,nan
9616,3.07678588317e-14,0,3.70346226867e-09,nan,nan,4.13818025976e-09,nan,nan
9620,3.07150526623e-14,0,3.6596183458e-09,nan,nan,4.0863634914e-09,nan,nan
9624,3.06628570091e-14,0,3.61974626924e-09,nan,nan,4.03505856127e-09,nan,nan
9628,3.06138898105e-14,0,3.58207337438e-09,nan,nan,3.98719818404e-09,nan,nan
9632,3.05626118427e-14,0,3.54778848952e-09,nan,nan,3.94020359781e-09,nan,nan
9636,3.05100461855e-14,0,3.51600599739e-09,nan,nan,3.89592652727e-09,nan,nan
9640,3.04599191101e-14,0,3.4868935817e-09,nan,nan,3.85295033141e-09,nan,nan
9644,3.04071715367e-14,0,3.46064103969e-09,nan,nan,3.81192282773e-09,nan,nan
9648,3.03576847983e-14,0,3.43628128434e-09,nan,nan,3.77262566423e-09,nan,nan
9652,3.03076442089e-14,0,3.41512777033e-09,nan,nan,3.73456266696e-09,nan,nan
9656,3.02561834725e-14,0,3.39512385053e-09,nan,nan,3.69857291096e-09,nan,nan
9660,3.02051136214e-14,0,3.37858243286e-09,nan,nan,3.66323594792e-09,nan,nan
9664,3.01557615084e-14,0,3.36257602202e-09,nan,nan,3.63016868377e-09,nan,nan
9668,3.01056516362e-14,0,3.35012377521e-09,nan,nan,3.59735728156e-09,nan,nan
9672,3.0054611358e-14,0,3.33779886723e-09,nan,nan,3.56683263582e-09,nan,nan
9676,3.00052907983e-14,0,3.32890083024e-09,nan,nan,3.53637393417e-09,nan,nan
9680,2.99541863884e-14,0,3.31997762281e-09,nan,nan,3.50803246969e-09,nan,nan
9684,2.99062479336e-14,0,3.3141134879e-09,nan,nan,3.47977066348e-09,nan,nan
9688,2.98546778804e-14,0,3.30833450031e-09,nan,nan,3.4532860672e-09,nan,nan
9692,2.98056301745e-14,0,3.30502610309e-09,nan,nan,3.42707168462e-09,nan,nan
9696,2.97555465028e-14,0,3.30213806913e-09,nan,nan,3.40216158283e-09,nan,nan
9700,2.97059633288e-14,0,3.30097414819e-09,nan,nan,3.37784082325e-09,nan,nan
9704,2.96591264962e-14,0,3.30071053453e-09,nan,nan,3.35427578402e-09,nan,nan
9708,2.96065949813e-14,0,3.3013645201e-09,nan,nan,3.33168090973e-09,nan,nan
9712,2.95596125863e-14,0,3.30343383262e-09,nan,nan,3.30929060211e-09,nan,nan
9716,2.9508923104e-14,0,3.30567090001e-09,nan,nan,3.28823315767e-09,nan,nan
9720,2.94619719768e-14,0,3.3097548435e-09,nan,nan,3.26690798699e-09,nan,nan
9724,2.94118021854e-14,0,3.31342587263e-09,nan,nan,3.24717703239e-09,nan,nan
9728,2.93633699393e-14,0,3.31918915694e-09,nan,nan,3.22686350453e-09,nan,nan
9732,2.93149256039e-14,0,3.32421181483e-09,nan,nan,3.20823073911e-09,nan,nan
9736,2.92671755675e-14,0,3.33132235715e-09,nan,nan,3.18891921337e-09,nan,nan
9740,2.92175867615e-14,0,3.33765294823e-09,nan,nan,3.17115197144e-09,nan,nan
9744,2.91695707728e-14,0,3.34580783332e-09,nan,nan,3.152856564e-09,nan,nan
9748,2.91217716956e-14,0,3.35341036589e-09,nan,nan,3.13573811662e-09,nan,nan
9752,2.90737358662e-14,0,3.36236071176e-09,nan,nan,3.11847072692e-09,nan,nan
9756,2.90256871049e-14,0,3.37118019702e-09,nan,nan,3.10182451188e-09,nan,nan
9760,2.89777302473e-14,0,3.38074883939e-09,nan,nan,3.08556818304e-09,nan,nan
9764,2.8929390176e-14,0,3.39069382469e-09,nan,nan,3.06927915685e-09,nan,nan
9768,2.8882209335e-14,0,3.40078263754e-09,nan,nan,3.05396857601e-09,nan,nan
9772,2.88361942309e-14,0,3.41171913727e-09,nan,nan,3.03799378792e-09,nan,nan
9776,2.87858982807e-14,0,3.42230482956e-09,nan,nan,3.02350971735e-09,nan,nan
9780,2.87401152106e-14,0,3.43406246052e-09,nan,nan,3.00787365843e-09,nan,nan
9784,2.86927879243e-14,0,3.44518021472e-09,nan,nan,2.99405289118e-09,nan,nan
9788,2.86456250208e-14,0,3.4575705432e-09,nan,nan,2.97882892626e-09,nan,nan
9792,2.85994656282e-14,0,3.46928691014e-09,nan,nan,2.96548615768e-09,nan,nan
9796,2.85509666417e-14,0,3.48213061613e-09,nan,nan,2.95076883507e-09,nan,nan
9800,2.85050152992e-14,0,3.49451161306e-09,nan,nan,2.93772511948e-09,nan,nan
9804,2.84577398016e-14,0,3.50766652191e-09,nan,nan,2.92359890938e-09,nan,nan
9808,2.84104444145e-14,0,3.520749686e-09,nan,nan,2.91071083024e-09,nan,nan
9812,2.83656441595e-14,0,3.53413122964e-09,nan,nan,2.89722192975e-09,nan,nan
9816,2.83174764496e-14,0,3.54790848994e-09,nan,nan,2.88440405579e-09,nan,nan
9820,2.82731282937e-14,0,3.56149777337e-09,nan,nan,2.87154284101e-09,nan,nan
9824,2.82254362465e-14,0,3.57591220189e-09,nan,nan,2.85877656468e-09,nan,nan
9828,2.81795510323e-14,0,3.58975018204e-09,nan,nan,2.84647571577e-09,nan,nan
9832,2.81324895437e-14,0,3.60470669542e-09,nan,nan,2.83380199796e-09,nan,nan
9836,2.80888322721e-14,0,3.6188757284e-09,nan,nan,2.8219502118e-09,nan,nan
9840,2.80417428333e-14,0,3.63426254166e-09,nan,nan,2.80944857842e-09,nan,nan
9844,2.79965295189e-14,0,3.64886031694e-09,nan,nan,2.79791569755e-09,nan,nan
9848,2.79497545145e-14,0,3.66457471964e-09,nan,nan,2.78567506426e-09,nan,nan
9852,2.79035498302e-14,0,3.67968791341e-09,nan,nan,2.7743416762e-09,nan,nan
9856,2.785825941e-14,0,3.69565906363e-09,nan,nan,2.76243097941e-09,nan,nan
9860,2.7815216604e-14,0,3.71134342166e-09,nan,nan,2.75121408077e-09,nan,nan
9864,2.77687315397e-14,0,3.72754619108e-09,nan,nan,2.73966090921e-09,nan,nan
9868,2.77243053278e-14,0,3.7438176395e-09,nan,nan,2.72852837181e-09,nan,nan
9872,2.76781606442e-14,0,3.76027451573e-09,nan,nan,2.71731140402e-09,nan,nan
9876,2.76324656434e-14,0,3.77711242026e-09,nan,nan,2.70628106908e-09,nan,nan
9880,2.75887189698e-14,0,3.79388431592e-09,nan,nan,2.69533836879e-09,nan,nan
9884,2.75433915556e-14,0,3.81124450073e-09,nan,nan,2.68446220782e-09,nan,nan
9888,2.74984826654e-14,0,3.82841383747e-09,nan,nan,2.67371230264e-09,nan,nan
9892,2.74549681984e-14,0,3.84624716488e-09,nan,nan,2.66305125776e-09,nan,nan
9896,2.74095867699e-14,0,3.86389800243e-09,nan,nan,2.65241951677e-09,nan,nan
9900,2.73662571331e-14,0,3.88216935584e-09,nan,nan,2.64201747732e-09,nan,nan
9904,2.73202450544e-14,0,3.90037002756e-09,nan,nan,2.63145903272e-09,nan,nan
9908,2.72770575812e-14,0,3.91907249086e-09,nan,nan,2.6213242233e-09,nan,nan
9912,2.72332087344e-14,0,3.93786527806e-09,nan,nan,2.61083629338e-09,nan,nan
9916,2.71871015216e-14,0,3.95702567687e-09,nan,nan,2.60093558854e-09,nan,nan
9920,2.71469237559e-14,0,3.97642604788e-09,nan,nan,2.59055580371e-09,nan,nan
9924,2.70988760754e-14,0,3.9961006541e-09,nan,nan,2.58082306874e-09,nan,nan
9928,2.70571029978e-14,0,4.01610586943e-09,nan,nan,2.57061487112e-09,nan,nan
9932,2.70136084227e-14,0,4.0363681693e-09,nan,nan,2.56097013351e-09,nan,nan
9936,2.69697485034e-14,0,4.05697220563e-09,nan,nan,2.55100026368e-09,nan,nan
9940,2.69262093285e-14,0,4.07789684969e-09,nan,nan,2.54137334682e-09,nan,nan
9944,2.68829694787e-14,0,4.09910669945e-09,nan,nan,2.53168870541e-09,nan,nan
9948,2.68396880282e-14,0,4.12075476293e-09,nan,nan,2.52203977764e-09,nan,nan
9952,2.67962449036e-14,0,4.14260290103e-09,nan,nan,2.51265084667e-09,nan,nan
9956,2.6752457682e-14,0,4.1650131159e-09,nan,nan,2.50298150676e-09,nan,nan
9960,2.67102691054e-14,0,4.18756225572e-09,nan,nan,2.49385731238e-09,nan,nan
9964,2.66674523153e-14,0,4.21075104314e-09,nan,nan,2.48420899675e-09,nan,nan
9968,2.66248873299e-14,0,4.23408978068e-09,nan,nan,2.47528490475e-09,nan,nan
9972,2.65815928799e-14,0,4.25806040321e-09,nan,nan,2.46572540869e-09,nan,nan
9976,2.65382239753e-14,0,4.28229133903e-09,nan,nan,2.45692100309e-09,nan,nan
9980,2.6496728378e-14,0,4.30704976899e-09,nan,nan,2.44752352881e-09,nan,nan
9984,2.64535729946e-14,0,4.3322736966e-09,nan,nan,2.43876477781e-09,nan,nan
9988,2.64118001191e-14,0,4.35784594061e-09,nan,nan,2.42958614392e-09,nan,nan
9992,2.63679700933e-14,0,4.38414606386e-09,nan,nan,2.42082494282e-09,nan,nan
9996,2.6326939023e-14,0,4.41059083299e-09,nan,nan,2.41188966777e-09,nan,nan
10000,2.62845132339e-14,0,4.43802209816e-09,nan,nan,2.40311485248e-09,nan,nan
10004,2.62429299715e-14,0,4.46543612223e-09,nan,nan,2.39440974029e-09,nan,nan
10008,2.61995670821e-14,0,4.49402511392e-09,nan,nan,2.38564649958e-09,nan,nan
10012,2.61591866076e-14,0,4.52254030792e-09,nan,nan,2.37712692468e-09,nan,nan
10016,2.6116444695e-14,0,4.55229569818e-09,nan,nan,2.36842532832e-09,nan,nan
10020,2.60764576764e-14,0,4.58206712967e-09,nan,nan,2.36003073475e-09,nan,nan
10024,2.60331081908e-14,0,4.61299669153e-09,nan,nan,2.35144748143e-09,nan,nan
10028,2.59924357652e-14,0,4.64418435984e-09,nan,nan,2.34312080505e-09,nan,nan
10032,2.59493357661e-14,0,4.67631478546e-09,nan,nan,2.33470017834e-09,nan,nan
10036,2.590982895e-14,0,4.70906534098e-09,nan,nan,2.32640493589e-09,nan,nan
10040,2.58681801765e-14,0,4.74246028517e-09,nan,nan,2.31816490125e-09,nan,nan
10044,2.582636542e-14,0,4.77689394838e-09,nan,nan,2.30989480238e-09,nan,nan
10048,2.57847118715e-14,0,4.81166532482e-09,nan,nan,2.30182228044e-09,nan,nan
10052,2.57455641296e-14,0,4.84787134314e-09,nan,nan,2.2936007907e-09,nan,nan
10056,2.57029557154e-14,0,4.88418079485e-09,nan,nan,2.28565708412e-09,nan,nan
10060,2.56635447809e-14,0,4.92222287109e-09,nan,nan,2.27752752528e-09,nan,nan
10064,2.56217308094e-14,0,4.96027343299e-09,nan,nan,2.2696617541e-09,nan,nan
10068,2.5582000888e-14,0,5.00020428865e-09,nan,nan,2.26167139745e-09,nan,nan
10072,2.55392963065e-14,0,5.0402249805e-09,nan,nan,2.25383749953e-09,nan,nan
10076,2.54995378539e-14,0,5.08210679432e-09,nan,nan,2.24602080705e-09,nan,nan
10080,2.5460179918e-14,0,5.12433454145e-09,nan,nan,2.23819271019e-09,nan,nan
10084,2.54198482417e-14,0,5.1682603717e-09,nan,nan,2.23055893979e-09,nan,nan
10088,2.5379668014e-14,0,5.21292411189e-09,nan,nan,2.22273920177e-09,nan,nan
10092,2.53379603421e-14,0,5.25903522486e-09,nan,nan,2.21526813689e-09,nan,nan
10096,2.52986289392e-14,0,5.30634633835e-09,nan,nan,2.20748747141e-09,nan,nan
10100,2.52597007974e-14,0,5.35484178922e-09,nan,nan,2.20013454016e-09,nan,nan
10104,2.52183108575e-14,0,5.40499349898e-09,nan,nan,2.19244247152e-09,nan,nan
10108,2.51781499073e-14,0,5.45613086596e-09,nan,nan,2.18515164512e-09,nan,nan
10112,2.51401556396e-14,0,5.50930711792e-09,nan,nan,2.17760104135e-09,nan,nan
10116,2.5099649892e-14,0,5.56339578911e-09,nan,nan,2.17032156886e-09,nan,nan
10120,2.50592830064e-14,0,5.61978792388e-09,nan,nan,2.16295180203e-09,nan,nan
10124,2.50217251675e-14,0,5.67717813733e-09,nan,nan,2.15565401748e-09,nan,nan
10128,2.49789051122e-14,0,5.73700531078e-09,nan,nan,2.14847755891e-09,nan,nan
10132,2.49412759411e-14,0,5.79807613309e-09,nan,nan,2.14116261774e-09,nan,nan
10136,2.49040622115e-14,0,5.86160543295e-09,nan,nan,2.13415927952e-09,nan,nan
10140,2.48630555577e-14,0,5.92675657727e-09,nan,nan,2.1268607835e-09,nan,nan
10144,2.48229952056e-14,0,5.99431954184e-09,nan,nan,2.1199812384e-09,nan,nan
10148,2.47854773809e-14,0,6.06396839251e-09,nan,nan,2.11275629619e-09,nan,nan
10152,2.47443230578e-14,0,6.1359728547e-09,nan,nan,2.10593445209e-09,nan,nan
10156,2.47084368078e-14,0,6.2105614795e-09,nan,nan,2.09884935618e-09,nan,nan
10160,2.4667718034e-14,0,6.28749844423e-09,nan,nan,2.09201976707e-09,nan,nan
10164,2.46296080281e-14,0,6.36750516432e-09,nan,nan,2.08512935624e-09,nan,nan
10168,2.45909840992e-14,0,6.44995396265e-09,nan,nan,2.07824689238e-09,nan,nan
10172,2.45519554905e-14,0,6.53591488112e-09,nan,nan,2.07157995827e-09,nan,nan
10176,2.45134899768e-14,0,6.62454330288e-09,nan,nan,2.06463108473e-09,nan,nan
10180,2.44760285734e-14,0,6.7170732337e-09,nan,nan,2.05817832529e-09,nan,nan
10184,2.44365165461e-14,0,6.8126467561e-09,nan,nan,2.05119129235e-09,nan,nan
10188,2.43990034803e-14,0,6.91246528608e-09,nan,nan,2.04490555142e-09,nan,nan
10192,2.43601017358e-14,0,7.01584831221e-09,nan,nan,2.03793708965e-09,nan,nan
10196,2.43236993473e-14,0,7.12381502226e-09,nan,nan,2.03175064134e-09,nan,nan
10200,2.4284562578e-14,0,7.23599138292e-09,nan,nan,2.02487463128e-09,nan,nan
10204,2.42452706851e-14,0,7.35312742144e-09,nan,nan,2.01870787962e-09,nan,nan
10208,2.42097058671e-14,0,7.47522680962e-09,nan,nan,2.01199521253e-09,nan,nan
10212,2.41701369181e-14,0,7.60276541017e-09,nan,nan,2.00579444324e-09,nan,nan
10216,2.41338551752e-14,0,7.73607883342e-09,nan,nan,1.99927166281e-09,nan,nan
10220,2.40955506082e-14,0,7.87550747066e-09,nan,nan,1.99303069716e-09,nan,nan
10224,2.40564005264e-14,0,8.02155718096e-09,nan,nan,1.98668693276e-09,nan,nan
10228,2.40206552112e-14,0,8.1746359177e-09,nan,nan,1.98042788742e-09,nan,nan
10232,2.39841721313e-14,0,8.33524975032e-09,nan,nan,1.97421984034e-09,nan,nan
10236,2.39444373695e-14,0,8.5040937779e-09,nan,nan,1.96801215721e-09,nan,nan
10240,2.39092510765e-14,0,8.68146043275e-09,nan,nan,1.96184113273e-09,nan,nan
10244,2.3870329397e-14,0,8.86862890173e-09,nan,nan,1.95579257311e-09,nan,nan
10248,2.38351993159e-14,0,9.06545396055e-09,nan,nan,1.94956771746e-09,nan,nan
10252,2.37977094415e-14,0,9.27398009019e-09,nan,nan,1.94371921093e-09,nan,nan
10256,2.37603415831e-14,0,9.49371185548e-09,nan,nan,1.93746128954e-09,nan,nan
10260,2.37221071497e-14,0,9.72722412832e-09,nan,nan,1.93173378829e-09,nan,nan
10264,2.36861951145e-14,0,9.974201719e-09,nan,nan,1.92555083792e-09,nan,nan
10268,2.36507018219e-14,0,1.02372453305e-08,nan,nan,1.91983787207e-09,nan,nan
10272,2.36132385966e-14,0,1.05168237418e-08,nan,nan,1.91380294119e-09,nan,nan
10276,2.35766496067e-14,0,1.08152812295e-08,nan,nan,1.90807560339e-09,nan,nan
10280,2.3538647043e-14,0,1.11341356377e-08,nan,nan,1.90217288801e-09,nan,nan
10284,2.35038844786e-14,0,1.14756637925e-08,nan,nan,1.89647337046e-09,nan,nan
10288,2.346811421e-14,0,1.18423667486e-08,nan,nan,1.89065103317e-09,nan,nan
10292,2.34301033473e-14,0,1.22369517276e-08,nan,nan,1.88502015786e-09,nan,nan
10296,2.33962105931e-14,0,1.26628106786e-08,nan,nan,1.87925584287e-09,nan,nan
10300,2.3357206325e-14,0,1.31236395147e-08,nan,nan,1.87369191324e-09,nan,nan
10304,2.33237750154e-14,0,1.36238601579e-08,nan,nan,1.86800431168e-09,nan,nan
10308,2.32847776999e-14,0,1.41687193168e-08,nan,nan,1.86247613902e-09,nan,nan
10312,2.32507331103e-14,0,1.47641462936e-08,nan,nan,1.85689767542e-09,nan,nan
10316,2.32149694735e-14,0,1.54176432325e-08,nan,nan,1.85137541188e-09,nan,nan
10320,2.31799444615e-14,0,1.6137542544e-08,nan,nan,1.84592601542e-09,nan,nan
10324,2.31412540438e-14,0,1.69346930213e-08,nan,nan,1.84039861606e-09,nan,nan
10328,2.31092709555e-14,0,1.78213478362e-08,nan,nan,1.83507765968e-09,nan,nan
10332,2.30724883298e-14,0,1.88135417206e-08,nan,nan,1.82955309785e-09,nan,nan
10336,2.3035805558e-14,0,1.99300386649e-08,nan,nan,1.824344458e-09,nan,nan
10340,2.30004383239e-14,0,2.11952950268e-08,nan,nan,1.8188419043e-09,nan,nan
10344,2.29657868926e-14,0,2.26391416964e-08,nan,nan,1.8137226892e-09,nan,nan
10348,2.29312499785e-14,0,2.43003520214e-08,nan,nan,1.8082641016e-09,nan,nan
10352,2.28941587443e-14,0,2.62280400596e-08,nan,nan,1.803212133e-09,nan,nan
10356,2.28609477514e-14,0,2.8486099262e-08,nan,nan,1.79781586583e-09,nan,nan
10360,2.28255449255e-14,0,3.11573394471e-08,nan,nan,1.79281489425e-09,nan,nan
10364,2.27894631451e-14,0,3.43484182075e-08,nan,nan,1.78749164519e-09,nan,nan
10368,2.27546898353e-14,0,3.81942796377e-08,nan,nan,1.78253427891e-09,nan,nan
10372,2.2719636994e-14,0,4.28523022933e-08,nan,nan,1.77728538203e-09,nan,nan
10376,2.2686302734e-14,0,4.84725349864e-08,nan,nan,1.77237354995e-09,nan,nan
10380,2.26507230842e-14,0,5.50896172236e-08,nan,nan,1.76719173143e-09,nan,nan
10384,2.26167603784e-14,0,6.23739859823e-08,nan,nan,1.76233468038e-09,nan,nan
10388,2.25813798677e-14,0,6.9260470946e-08,nan,nan,1.7572071514e-09,nan,nan
10392,2.25461913788e-14,0,7.39304501172e-08,nan,nan,1.75241747823e-09,nan,nan
10396,2.2511303085e-14,0,7.46761171955e-08,nan,nan,1.74733059098e-09,nan,nan
10400,2.24797832011e-14,0,7.11217128392e-08,nan,nan,1.74261926923e-09,nan,nan
10404,2.24442606588e-14,0,6.45322418936e-08,nan,nan,1.7375634633e-09,nan,nan
10408,2.24095763164e-14,0,5.68612797612e-08,nan,nan,1.73293519443e-09,nan,nan
10412,2.23745913253e-14,0,4.95725658014e-08,nan,nan,1.72790894572e-09,nan,nan
10416,2.23415403444e-14,0,4.32782130704e-08,nan,nan,1.72335916508e-09,nan,nan
10420,2.23068322315e-14,0,3.80486556285e-08,nan,nan,1.71837087496e-09,nan,nan
10424,2.22735660748e-14,0,3.37481174269e-08,nan,nan,1.71388519193e-09,nan,nan
10428,2.22396737653e-14,0,3.02023551639e-08,nan,nan,1.7089524298e-09,nan,nan
10432,2.22062377032e-14,0,2.72548952985e-08,nan,nan,1.7045086015e-09,nan,nan
10436,2.2170976948e-14,0,2.47801760993e-08,nan,nan,1.69965496002e-09,nan,nan
10440,2.21362484492e-14,0,2.26805665272e-08,nan,nan,1.6952268985e-09,nan,nan
10444,2.21060668363e-14,0,2.08814447912e-08,nan,nan,1.69047742793e-09,nan,nan
10448,2.2072532371e-14,0,1.93253406288e-08,nan,nan,1.68604010312e-09,nan,nan
10452,2.20362942636e-14,0,1.7967951032e-08,nan,nan,1.68141651182e-09,nan,nan
10456,2.20035416889e-14,0,1.67747152054e-08,nan,nan,1.67695035002e-09,nan,nan
10460,2.19698970128e-14,0,1.57183051969e-08,nan,nan,1.6724671757e-09,nan,nan
10464,2.19384470307e-14,0,1.47772168232e-08,nan,nan,1.66796097699e-09,nan,nan
10468,2.19049440949e-14,0,1.39337377755e-08,nan,nan,1.66362366216e-09,nan,nan
10472,2.18700445439e-14,0,1.31741109833e-08,nan,nan,1.65907560162e-09,nan,nan
10476,2.1836888508e-14,0,1.24862054883e-08,nan,nan,1.65488055133e-09,nan,nan
10480,2.18041379792e-14,0,1.18611127675e-08,nan,nan,1.65029718083e-09,nan,nan
10484,2.17728560949e-14,0,1.12900189457e-08,nan,nan,1.64623327357e-09,nan,nan
10488,2.17396126773e-14,0,1.07672145966e-08,nan,nan,1.64162748915e-09,nan,nan
10492,2.17055441645e-14,0,1.02859030184e-08,nan,nan,1.63767883411e-09,nan,nan
10496,2.16719059515e-14,0,9.84256882913e-09,nan,nan,1.63306754833e-09,nan,nan
10500,2.16413806925e-14,0,9.43168429999e-09,nan,nan,1.62921508877e-09,nan,nan
10504,2.16092231381e-14,0,9.05125716733e-09,nan,nan,1.62461592281e-09,nan,nan
10508,2.15729284299e-14,0,8.69661193873e-09,nan,nan,1.62083966901e-09,nan,nan
10512,2.15430839772e-14,0,8.36678786243e-09,nan,nan,1.61627290137e-09,nan,nan
10516,2.15112150044e-14,0,8.05775521617e-09,nan,nan,1.61255500771e-09,nan,nan
10520,2.14783477739e-14,0,7.76920762972e-09,nan,nan,1.60803825472e-09,nan,nan
10524,2.14453492218e-14,0,7.497680406e-09,nan,nan,1.60435541328e-09,nan,nan
10528,2.14125949779e-14,0,7.24321467989e-09,nan,nan,1.59990598242e-09,nan,nan
10532,2.13811752333e-14,0,7.00288968208e-09,nan,nan,1.59624491592e-09,nan,nan
10536,2.1350058735e-14,0,6.77686939587e-09,nan,nan,1.59188378563e-09,nan,nan
10540,2.1314977766e-14,0,6.56278853993e-09,nan,nan,1.58822070487e-09,nan,nan
10544,2.12861768524e-14,0,6.36075948239e-09,nan,nan,1.58395674455e-09,nan,nan
10548,2.12513507093e-14,0,6.16894950181e-09,nan,nan,1.58028458449e-09,nan,nan
10552,2.12230252258e-14,0,5.98732777687e-09,nan,nan,1.57613802514e-09,nan,nan
10556,2.11879032618e-14,0,5.81458564567e-09,nan,nan,1.57243752708e-09,nan,nan
10560,2.11568715792e-14,0,5.65048718699e-09,nan,nan,1.56840392555e-09,nan,nan
10564,2.11262167327e-14,0,5.49416976449e-09,nan,nan,1.56468552191e-09,nan,nan
10568,2.10953968864e-14,0,5.34521339378e-09,nan,nan,1.56077349925e-09,nan,nan
10572,2.10607986362e-14,0,5.20316511956e-09,nan,nan,1.55702042998e-09,nan,nan
10576,2.10303226347e-14,0,5.06739778185e-09,nan,nan,1.55321957601e-09,nan,nan
10580,2.1001713563e-14,0,4.93778393366e-09,nan,nan,1.54946424664e-09,nan,nan
10584,2.09672491976e-14,0,4.81357503214e-09,nan,nan,1.54575842004e-09,nan,nan
10588,2.09356168164e-14,0,4.69490858498e-09,nan,nan,1.54198381487e-09,nan,nan
10592,2.09061496015e-14,0,4.58085771994e-09,nan,nan,1.53838711487e-09,nan,nan
10596,2.08751398398e-14,0,4.47184718534e-09,nan,nan,1.53461664016e-09,nan,nan
10600,2.08421134698e-14,0,4.36682085036e-09,nan,nan,1.53108138723e-09,nan,nan
10604,2.08112667194e-14,0,4.26637441151e-09,nan,nan,1.52733623347e-09,nan,nan
10608,2.07825635305e-14,0,4.16933801561e-09,nan,nan,1.52388595212e-09,nan,nan
10612,2.07494711727e-14,0,4.07656727056e-09,nan,nan,1.52013371684e-09,nan,nan
10616,2.07190652192e-14,0,3.98667290459e-09,nan,nan,1.51675581772e-09,nan,nan
10620,2.06880165526e-14,0,3.9007155918e-09,nan,nan,1.51306203873e-09,nan,nan
10624,2.06590223289e-14,0,3.81729793121e-09,nan,nan,1.50968069124e-09,nan,nan
10628,2.06246375831e-14,0,3.73743028282e-09,nan,nan,1.50607852553e-09,nan,nan
10632,2.05960420582e-14,0,3.6598391867e-09,nan,nan,1.50270792991e-09,nan,nan
10636,2.05676597201e-14,0,3.58546768377e-09,nan,nan,1.4991797476e-09,nan,nan
10640,2.0532994033e-14,0,3.51319452346e-09,nan,nan,1.49578443829e-09,nan,nan
10644,2.0504824592e-14,0,3.44367479087e-09,nan,nan,1.49243537628e-09,nan,nan
10648,2.0473721145e-14,0,3.37638159476e-09,nan,nan,1.48887525591e-09,nan,nan
10652,2.04434006375e-14,0,3.31113618492e-09,nan,nan,1.48581439469e-09,nan,nan
10656,2.04129215396e-14,0,3.2484270455e-09,nan,nan,1.48205998148e-09,nan,nan
10660,2.03844077767e-14,0,3.18710569715e-09,nan,nan,1.47922738103e-09,nan,nan
10664,2.03525856696e-14,0,3.12848945038e-09,nan,nan,1.4753944396e-09,nan,nan
10668,2.03212741435e-14,0,3.07085085457e-09,nan,nan,1.47266858374e-09,nan,nan
10672,2.02938386597e-14,0,3.01590842468e-09,nan,nan,1.46884247548e-09,nan,nan
10676,2.0262654198e-14,0,2.96166917519e-09,nan,nan,1.46618837165e-09,nan,nan
10680,2.02310243075e-14,0,2.91010573186e-09,nan,nan,1.46236190883e-09,nan,nan
10684,2.02043283339e-14,0,2.85896423188e-09,nan,nan,1.45980272798e-09,nan,nan
10688,2.01725394366e-14,0,2.81052131749e-09,nan,nan,1.45596058057e-09,nan,nan
10692,2.01417747268e-14,0,2.76223931307e-09,nan,nan,1.4534875076e-09,nan,nan
10696,2.01146264668e-14,0,2.71663510872e-09,nan,nan,1.44966674149e-09,nan,nan
10700,2.00838783904e-14,0,2.6710497505e-09,nan,nan,1.44721889853e-09,nan,nan
10704,2.00532860262e-14,0,2.62799477336e-09,nan,nan,1.44349305947e-09,nan,nan
10708,2.00257341453e-14,0,2.58497969736e-09,nan,nan,1.44099161847e-09,nan,nan
10712,1.99932140936e-14,0,2.54420882658e-09,nan,nan,1.43743592218e-09,nan,nan
10716,1.9964333717e-14,0,2.50364322089e-09,nan,nan,1.43481282781e-09,nan,nan
10720,1.9938235497e-14,0,2.46492846282e-09,nan,nan,1.43148703164e-09,nan,nan
10724,1.9905566836e-14,0,2.42668964693e-09,nan,nan,1.42869191777e-09,nan,nan
10728,1.98781870211e-14,0,2.38983961619e-09,nan,nan,1.42563598757e-09,nan,nan
10732,1.98497296158e-14,0,2.353802239e-09,nan,nan,1.42263761377e-09,nan,nan
10736,1.9816234467e-14,0,2.31865919776e-09,nan,nan,1.41987012567e-09,nan,nan
10740,1.97910031727e-14,0,2.28469014988e-09,nan,nan,1.41666242575e-09,nan,nan
10744,1.9761603282e-14,0,2.25113067463e-09,nan,nan,1.41417630692e-09,nan,nan
10748,1.9730371012e-14,0,2.21908483902e-09,nan,nan,1.41078283691e-09,nan,nan
10752,1.97048171486e-14,0,2.1870239055e-09,nan,nan,1.40853902548e-09,nan,nan
10756,1.96725599514e-14,0,2.15674275046e-09,nan,nan,1.40501294492e-09,nan,nan
10760,1.96458772705e-14,0,2.12613207671e-09,nan,nan,1.4029412267e-09,nan,nan
10764,1.96167842929e-14,0,2.09744177719e-09,nan,nan,1.39936426153e-09,nan,nan
10768,1.95855046041e-14,0,2.06826072707e-09,nan,nan,1.39737313485e-09,nan,nan
10772,1.95612662849e-14,0,2.04097699699e-09,nan,nan,1.39384731659e-09,nan,nan
10776,1.95290648708e-14,0,2.01322518911e-09,nan,nan,1.391833341e-09,nan,nan
10780,1.95013974893e-14,0,1.98716859629e-09,nan,nan,1.38846232151e-09,nan,nan
10784,1.94762237132e-14,0,1.96085529839e-09,nan,nan,1.38632247558e-09,nan,nan
10788,1.94426127326e-14,0,1.93586295473e-09,nan,nan,1.38319667027e-09,nan,nan
10792,1.94175269787e-14,0,1.91098445558e-09,nan,nan,1.38085161901e-09,nan,nan
10796,1.93878918398e-14,0,1.8869182213e-09,nan,nan,1.37803795655e-09,nan,nan
10800,1.93586633096e-14,0,1.86344148714e-09,nan,nan,1.37544836158e-09,nan,nan
10804,1.9333344564e-14,0,1.84020926891e-09,nan,nan,1.37296902673e-09,nan,nan
10808,1.93009517029e-14,0,1.81807087938e-09,nan,nan,1.37013601754e-09,nan,nan
10812,1.92763799967e-14,0,1.79564155889e-09,nan,nan,1.3679546936e-09,nan,nan
10816,1.92477445648e-14,0,1.77473406195e-09,nan,nan,1.36493134627e-09,nan,nan
10820,1.92195776963e-14,0,1.75312142532e-09,nan,nan,1.36297027669e-09,nan,nan
10824,1.91910379434e-14,0,1.733279752e-09,nan,nan,1.35987235949e-09,nan,nan
10828,1.91621338711e-14,0,1.71253683846e-09,nan,nan,1.3580198268e-09,nan,nan
10832,1.91368279928e-14,0,1.69357434008e-09,nan,nan,1.35498756068e-09,nan,nan
10836,1.91055531086e-14,0,1.67380802671e-09,nan,nan,1.3530841e-09,nan,nan
10840,1.9082155751e-14,0,1.65554989228e-09,nan,nan,1.35024477966e-09,nan,nan
10844,1.90510436557e-14,0,1.63686460843e-09,nan,nan,1.34813777562e-09,nan,nan
10848,1.90242621257e-14,0,1.61910849323e-09,nan,nan,1.34564331056e-09,nan,nan
10852,1.89979879425e-14,0,1.60151493257e-09,nan,nan,1.34328232266e-09,nan,nan
10856,1.89680189872e-14,0,1.58407713622e-09,nan,nan,1.34127112641e-09,nan,nan
10860,1.89436946338e-14,0,1.56760307269e-09,nan,nan,1.33860327428e-09,nan,nan
10864,1.89117171919e-14,0,1.5505595175e-09,nan,nan,1.33695529268e-09,nan,nan
10868,1.88891074632e-14,0,1.53530010662e-09,nan,nan,1.33384779574e-09,nan,nan
10872,1.88594093847e-14,0,1.51863437207e-09,nan,nan,1.33250419152e-09,nan,nan
10876,1.8831683265e-14,0,1.50394839107e-09,nan,nan,1.32955124147e-09,nan,nan
10880,1.880647552e-14,0,1.48713767861e-09,nan,nan,1.32902530863e-09,nan,nan
10884,1.87760875989e-14,0,1.47297844763e-09,nan,nan,1.32634492043e-09,nan,nan
10888,1.87528664682e-14,0,1.45794335943e-09,nan,nan,1.32472260269e-09,nan,nan
10892,1.87215302743e-14,0,1.44569641137e-09,nan,nan,1.32067444877e-09,nan,nan
10896,1.86983304973e-14,0,1.42982384948e-09,nan,nan,1.32009998094e-09,nan,nan
10900,1.86680029811e-14,0,1.40973575865e-09,nan,nan,1.32435589647e-09,nan,nan
10904,1.86449035118e-14,0,1.38495905217e-09,nan,nan,1.33404366435e-09,nan,nan
10908,1.86140630176e-14,0,1.36673893557e-09,nan,nan,1.33918433557e-09,nan,nan
10912,1.85916430978e-14,0,1.36662139755e-09,nan,nan,1.32710184145e-09,nan,nan
10916,1.85594695735e-14,0,1.37932128656e-09,nan,nan,1.30084108664e-09,nan,nan
10920,1.85375281131e-14,0,1.38504576993e-09,nan,nan,1.2779405975e-09,nan,nan
10924,1.85077150525e-14,0,1.36371247861e-09,nan,nan,1.28260473698e-09,nan,nan
10928,1.84828853025e-14,0,1.331821961e-09,nan,nan,1.30049670241e-09,nan,nan
10932,1.84548422651e-14,0,1.31437408374e-09,nan,nan,1.30653863425e-09,nan,nan
10936,1.84303335844e-14,0,1.31988138366e-09,nan,nan,1.28878712235e-09,nan,nan
10940,1.84019126517e-14,0,1.31464216255e-09,nan,nan,1.2791880018e-09,nan,nan
10944,1.83768942779e-14,0,1.29005856118e-09,nan,nan,1.29010158454e-09,nan,nan
10948,1.83503342623e-14,0,1.27040943998e-09,nan,nan,1.29887106006e-09,nan,nan
10952,1.83218164559e-14,0,1.27371013969e-09,nan,nan,1.28479999134e-09,nan,nan
10956,1.82977203491e-14,0,1.2719527683e-09,nan,nan,1.27272537642e-09,nan,nan
10960,1.82719851904e-14,0,1.24729748806e-09,nan,nan,1.28467359117e-09,nan,nan
10964,1.82430874883e-14,0,1.23305313887e-09,nan,nan,1.28925699127e-09,nan,nan
10968,1.82206594996e-14,0,1.23679919285e-09,nan,nan,1.27491057889e-09,nan,nan
10972,1.81911428541e-14,0,1.23059892563e-09,nan,nan,1.26808427577e-09,nan,nan
10976,1.81673502436e-14,0,1.20524859532e-09,nan,nan,1.2824246617e-09,nan,nan
10980,1.8140765603e-14,0,1.20241747976e-09,nan,nan,1.27697129927e-09,nan,nan
10984,1.81138977667e-14,0,1.20462082388e-09,nan,nan,1.26295419938e-09,nan,nan
10988,1.80893988765e-14,0,1.18642594004e-09,nan,nan,1.26982256837e-09,nan,nan
10992,1.80631740926e-14,0,1.17219376518e-09,nan,nan,1.27540879316e-09,nan,nan
10996,1.80368070956e-14,0,1.17733087705e-09,nan,nan,1.26122887951e-09,nan,nan
11000,1.8011476396e-14,0,1.16688199056e-09,nan,nan,1.25960398336e-09,nan,nan
11004,1.79856226598e-14,0,1.14693759078e-09,nan,nan,1.27147149728e-09,nan,nan
11008,1.79599641061e-14,0,1.15307222961e-09,nan,nan,1.25705087784e-09,nan,nan
11012,1.79348105258e-14,0,1.14393692632e-09,nan,nan,1.25503528165e-09,nan,nan
11016,1.79077055432e-14,0,1.1272175802e-09,nan,nan,1.26360373926e-09,nan,nan
11020,1.78833424836e-14,0,1.12857123744e-09,nan,nan,1.25468137622e-09,nan,nan
11024,1.7859843978e-14,0,1.12393124715e-09,nan,nan,1.24899720735e-09,nan,nan
11028,1.78314979412e-14,0,1.10605833699e-09,nan,nan,1.25881483048e-09,nan,nan
11032,1.78071262248e-14,0,1.10897135402e-09,nan,nan,1.24927390142e-09,nan,nan
11036,1.77810439739e-14,0,1.10336066288e-09,nan,nan,1.24440423279e-09,nan,nan
11040,1.77583683273e-14,0,1.08547467698e-09,nan,nan,1.25574142614e-09,nan,nan
11044,1.77295446805e-14,0,1.09416331828e-09,nan,nan,1.2398536577e-09,nan,nan
11048,1.77061391235e-14,0,1.07863570057e-09,nan,nan,1.24563264325e-09,nan,nan
11052,1.76824215509e-14,0,1.07248547701e-09,nan,nan,1.24680496511e-09,nan,nan
11056,1.76539179356e-14,0,1.07500596359e-09,nan,nan,1.23536748001e-09,nan,nan
11060,1.76342599124e-14,0,1.05829716083e-09,nan,nan,1.24501875683e-09,nan,nan
11064,1.76040247679e-14,0,1.06130891155e-09,nan,nan,1.23609391958e-09,nan,nan
11068,1.75801668876e-14,0,1.05265273753e-09,nan,nan,1.23630391747e-09,nan,nan
11072,1.7556297919e-14,0,1.04573528793e-09,nan,nan,1.23781626843e-09,nan,nan
11076,1.75315734552e-14,0,1.04497791653e-09,nan,nan,1.23126232886e-09,nan,nan
11080,1.75066133381e-14,0,1.03534936595e-09,nan,nan,1.23450585827e-09,nan,nan
11084,1.74807800663e-14,0,1.03363613771e-09,nan,nan,1.23022976419e-09,nan,nan
11088,1.7458014272e-14,0,1.02763374302e-09,nan,nan,1.22960355916e-09,nan,nan
11092,1.74304056982e-14,0,1.02262023063e-09,nan,nan,1.22888140922e-09,nan,nan
11096,1.74100380656e-14,0,1.01925105691e-09,nan,nan,1.22621157954e-09,nan,nan
11100,1.73822873991e-14,0,1.01353082859e-09,nan,nan,1.2260388045e-09,nan,nan
11104,1.735810581e-14,0,1.01016340707e-09,nan,nan,1.22395485619e-09,nan,nan
11108,1.73336750825e-14,0,1.00547429342e-09,nan,nan,1.22281718128e-09,nan,nan
11112,1.7309168151e-14,0,1.00142687246e-09,nan,nan,1.22170246209e-09,nan,nan
11116,1.72858094624e-14,0,9.97628336918e-10,nan,nan,1.21996423195e-09,nan,nan
11120,1.72619735245e-14,0,9.93422237592e-10,nan,nan,1.21916478256e-09,nan,nan
11124,1.72354559521e-14,0,9.89930886063e-10,nan,nan,1.21743481221e-09,nan,nan
11128,1.72120215084e-14,0,9.85991804425e-10,nan,nan,1.21654602838e-09,nan,nan
11132,1.71894218258e-14,0,9.8256992494e-10,nan,nan,1.21500563097e-09,nan,nan
11136,1.71623473108e-14,0,9.78957645981e-10,nan,nan,1.21400854402e-09,nan,nan
11140,1.71406333604e-14,0,9.75632148311e-10,nan,nan,1.21259257548e-09,nan,nan
11144,1.71154523681e-14,0,9.72270373163e-10,nan,nan,1.21157344035e-09,nan,nan
11148,1.70909044699e-14,0,9.69101664196e-10,nan,nan,1.21021228773e-09,nan,nan
11152,1.70679653563e-14,0,9.65941998771e-10,nan,nan,1.20921085014e-09,nan,nan
11156,1.704360432e-14,0,9.62942351478e-10,nan,nan,1.20789162988e-09,nan,nan
11160,1.701873413e-14,0,9.5998217913e-10,nan,nan,1.20690137398e-09,nan,nan
11164,1.69977897815e-14,0,9.5713199777e-10,nan,nan,1.20563942566e-09,nan,nan
11168,1.69713736135e-14,0,9.54384779097e-10,nan,nan,1.20464345502e-09,nan,nan
11172,1.69481433678e-14,0,9.51660763382e-10,nan,nan,1.20345285e-09,nan,nan
11176,1.69240408412e-14,0,9.49136600807e-10,nan,nan,1.20244217494e-09,nan,nan
11180,1.69017510826e-14,0,9.4652379902e-10,nan,nan,1.20132580325e-09,nan,nan
11184,1.68779249001e-14,0,9.44223923912e-10,nan,nan,1.20030230933e-09,nan,nan
11188,1.68523783865e-14,0,9.41716631397e-10,nan,nan,1.19925307574e-09,nan,nan
11192,1.6829936834e-14,0,9.39633467312e-10,nan,nan,1.19822760067e-09,nan,nan
11196,1.68065009956e-14,0,9.37234122955e-10,nan,nan,1.19723134171e-09,nan,nan
11200,1.67823355473e-14,0,9.35352818634e-10,nan,nan,1.19622059142e-09,nan,nan
11204,1.6761034222e-14,0,9.33071210935e-10,nan,nan,1.19525844895e-09,nan,nan
11208,1.67350918528e-14,0,9.31371056509e-10,nan,nan,1.19428193679e-09,nan,nan
11212,1.6713954012e-14,0,9.2922246139e-10,nan,nan,1.19333356113e-09,nan,nan
11216,1.66894486293e-14,0,9.27678633012e-10,nan,nan,1.19241061046e-09,nan,nan
11220,1.66654850081e-14,0,9.25680989695e-10,nan,nan,1.19145792443e-09,nan,nan
11224,1.66438516174e-14,0,9.24267742856e-10,nan,nan,1.19060408007e-09,nan,nan
11228,1.66195750158e-14,0,9.22438481589e-10,nan,nan,1.18963445908e-09,nan,nan
11232,1.65970520014e-14,0,9.21132973994e-10,nan,nan,1.18885819044e-09,nan,nan
11236,1.65722371454e-14,0,9.19485476302e-10,nan,nan,1.18786684422e-09,nan,nan
11240,1.65513092961e-14,0,9.18270766215e-10,nan,nan,1.18716803755e-09,nan,nan
11244,1.65290507219e-14,0,9.16811466811e-10,nan,nan,1.18615897153e-09,nan,nan
11248,1.65023943871e-14,0,9.15678345072e-10,nan,nan,1.18552932834e-09,nan,nan
11252,1.64825374981e-14,0,9.14405864006e-10,nan,nan,1.18451397383e-09,nan,nan
11256,1.64591297786e-14,0,9.13353043544e-10,nan,nan,1.1839390721e-09,nan,nan
11260,1.643632892e-14,0,9.12259335151e-10,nan,nan,1.18293305963e-09,nan,nan
11264,1.64122399544e-14,0,9.11291382166e-10,nan,nan,1.18239607815e-09,nan,nan
11268,1.63915071294e-14,0,9.10364365833e-10,nan,nan,1.18141525637e-09,nan,nan
11272,1.63667516622e-14,0,9.09488166829e-10,nan,nan,1.180901387e-09,nan,nan
11276,1.63456906667e-14,0,9.0871540962e-10,nan,nan,1.17995774611e-09,nan,nan
11280,1.63211421904e-14,0,9.07936644581e-10,nan,nan,1.17945776825e-09,nan,nan
11284,1.63012597764e-14,0,9.07308791809e-10,nan,nan,1.17855640251e-09,nan,nan
11288,1.6276205526e-14,0,9.06629237992e-10,nan,nan,1.17806848724e-09,nan,nan
11292,1.62552506179e-14,0,9.06141875633e-10,nan,nan,1.17720713762e-09,nan,nan
11296,1.62319090852e-14,0,9.05558282997e-10,nan,nan,1.17673580248e-09,nan,nan
11300,1.62109953602e-14,0,9.05212214789e-10,nan,nan,1.1759075263e-09,nan,nan
11304,1.61855188797e-14,0,9.04716793326e-10,nan,nan,1.17545946984e-09,nan,nan
11308,1.61669687931e-14,0,9.04516095724e-10,nan,nan,1.17465834693e-09,nan,nan
11312,1.61415859211e-14,0,9.04099076428e-10,nan,nan,1.17423726713e-09,nan,nan
11316,1.61201730376e-14,0,9.0404779422e-10,nan,nan,1.17346239231e-09,nan,nan
11320,1.60985491738e-14,0,9.03705365937e-10,nan,nan,1.17306409596e-09,nan,nan
11324,1.60761274941e-14,0,9.03798866625e-10,nan,nan,1.17231983146e-09,nan,nan
11328,1.60535825369e-14,0,9.03538063138e-10,nan,nan,1.17193766965e-09,nan,nan
11332,1.60327484817e-14,0,9.03751557615e-10,nan,nan,1.17123583899e-09,nan,nan
11336,1.60087394272e-14,0,9.03600646725e-10,nan,nan,1.17085785169e-09,nan,nan
11340,1.5987850038e-14,0,9.03901498527e-10,nan,nan,1.17020896478e-09,nan,nan
11344,1.596641225e-14,0,9.03896124324e-10,nan,nan,1.16981074902e-09,nan,nan
11348,1.59440331958e-14,0,9.0424377126e-10,nan,nan,1.16924942177e-09,nan,nan
11352,1.59197217044e-14,0,9.04401536203e-10,nan,nan,1.16880011044e-09,nan,nan
11356,1.59009989341e-14,0,9.0478954458e-10,nan,nan,1.16835688562e-09,nan,nan
11360,1.58780816416e-14,0,9.05120098757e-10,nan,nan,1.1678186258e-09,nan,nan
11364,1.58563644444e-14,0,9.05531559812e-10,nan,nan,1.16751139949e-09,nan,nan
11368,1.58350766921e-14,0,9.06037195655e-10,nan,nan,1.16691059042e-09,nan,nan
11372,1.5812059123e-14,0,9.06463896981e-10,nan,nan,1.16668439678e-09,nan,nan
11376,1.5791728788e-14,0,9.07172759175e-10,nan,nan,1.16607172938e-09,nan,nan
11380,1.57687080042e-14,0,9.0758313711e-10,nan,nan,1.16587704902e-09,nan,nan
11384,1.57488102052e-14,0,9.08476393004e-10,nan,nan,1.16531248585e-09,nan,nan
11388,1.5726085687e-14,0,9.0893895954e-10,nan,nan,1.16509778549e-09,nan,nan
11392,1.57045814167e-14,0,9.09936106655e-10,nan,nan,1.16458938101e-09,nan,nan
11396,1.56832856403e-14,0,9.10505353654e-10,nan,nan,1.16437646519e-09,nan,nan
11400,1.56619497039e-14,0,9.11559961116e-10,nan,nan,1.16392570093e-09,nan,nan
11404,1.56404382433e-14,0,9.12286397532e-10,nan,nan,1.16366092098e-09,nan,nan
11408,1.56200710233e-14,0,9.13357278264e-10,nan,nan,1.16333023137e-09,nan,nan
11412,1.559606544e-14,0,9.14233202491e-10,nan,nan,1.16300449572e-09,nan,nan
11416,1.55771555868e-14,0,9.15368446168e-10,nan,nan,1.16273721157e-09,nan,nan
11420,1.55559252714e-14,0,9.16346969453e-10,nan,nan,1.16241744478e-09,nan,nan
11424,1.55336618531e-14,0,9.17549973058e-10,nan,nan,1.16219135762e-09,nan,nan
11428,1.55128740977e-14,0,9.18649404996e-10,nan,nan,1.16185304017e-09,nan,nan
11432,1.54914939325e-14,0,9.19927934097e-10,nan,nan,1.16168699765e-09,nan,nan
11436,1.54697513286e-14,0,9.21083192509e-10,nan,nan,1.16135798016e-09,nan,nan
11440,1.54510479147e-14,0,9.22520789986e-10,nan,nan,1.16118799641e-09,nan,nan
11444,1.54279554215e-14,0,9.23692710403e-10,nan,nan,1.16090762477e-09,nan,nan
11448,1.54071344272e-14,0,9.25240067739e-10,nan,nan,1.16076929472e-09,nan,nan
11452,1.53861548214e-14,0,9.26541645229e-10,nan,nan,1.16042906849e-09,nan,nan
11456,1.53660337271e-14,0,9.28080061233e-10,nan,nan,1.16043824158e-09,nan,nan
11460,1.53442618598e-14,0,9.29574346901e-10,nan,nan,1.15999169022e-09,nan,nan
11464,1.53255705538e-14,0,9.31115157558e-10,nan,nan,1.16008764546e-09,nan,nan
11468,1.53016197937e-14,0,9.32724411526e-10,nan,nan,1.15966941995e-09,nan,nan
11472,1.528346802e-14,0,9.34377333889e-10,nan,nan,1.15971367601e-09,nan,nan
11476,1.52605509611e-14,0,9.35994888465e-10,nan,nan,1.15940548321e-09,nan,nan
11480,1.52404716811e-14,0,9.37823540467e-10,nan,nan,1.15938270935e-09,nan,nan
11484,1.52201889299e-14,0,9.39444333442e-10,nan,nan,1.15915701827e-09,nan,nan
11488,1.52010744985e-14,0,9.41405559158e-10,nan,nan,1.15910769372e-09,nan,nan
11492,1.5177523593e-14,0,9.43079444453e-10,nan,nan,1.15892173594e-09,nan,nan
11496,1.51587991888e-14,0,9.45146261073e-10,nan,nan,1.15888299584e-09,nan,nan
11500,1.51389106344e-14,0,9.46872062103e-10,nan,nan,1.15871501432e-09,nan,nan
11504,1.51166899349e-14,0,9.49051994514e-10,nan,nan,1.15868362077e-09,nan,nan
11508,1.50970838453e-14,0,9.50825604696e-10,nan,nan,1.15854910151e-09,nan,nan
11512,1.50768061839e-14,0,9.53120543469e-10,nan,nan,1.15851845954e-09,nan,nan
11516,1.50559655857e-14,0,9.54937132187e-10,nan,nan,1.15840386845e-09,nan,nan
11520,1.50354280522e-14,0,9.57341422855e-10,nan,nan,1.15839479816e-09,nan,nan
11524,1.50160357814e-14,0,9.59224692992e-10,nan,nan,1.15828203712e-09,nan,nan
11528,1.49961836301e-14,0,9.61702535457e-10,nan,nan,1.15831300955e-09,nan,nan
11532,1.49744320096e-14,0,9.63682707916e-10,nan,nan,1.15817434702e-09,nan,nan
11536,1.49547615479e-14,0,9.66208559183e-10,nan,nan,1.15827363995e-09,nan,nan
11540,1.49352168861e-14,0,9.68313762692e-10,nan,nan,1.1580915789e-09,nan,nan
11544,1.49139413582e-14,0,9.7085651678e-10,nan,nan,1.15826664555e-09,nan,nan
11548,1.48953196539e-14,0,9.73107019558e-10,nan,nan,1.15803276841e-09,nan,nan
11552,1.48740323204e-14,0,9.75657402713e-10,nan,nan,1.15828992697e-09,nan,nan
11556,1.48551194475e-14,0,9.78058896436e-10,nan,nan,1.15800908471e-09,nan,nan
11560,1.48338345351e-14,0,9.80612835507e-10,nan,nan,1.15833308579e-09,nan,nan
11564,1.48154611678e-14,0,9.83157192836e-10,nan,nan,1.15802137611e-09,nan,nan
11568,1.47940572466e-14,0,9.85733330073e-10,nan,nan,1.15839311747e-09,nan,nan
11572,1.47749030877e-14,0,9.88398592141e-10,nan,nan,1.15807893957e-09,nan,nan
11576,1.47559300586e-14,0,9.91021235345e-10,nan,nan,1.15846503097e-09,nan,nan
11580,1.47331971578e-14,0,9.93774323582e-10,nan,nan,1.15817927198e-09,nan,nan
11584,1.4715160787e-14,0,9.964793408e-10,nan,nan,1.15854879067e-09,nan,nan
11588,1.46981249326e-14,0,9.99287380253e-10,nan,nan,1.1583245135e-09,nan,nan
11592,1.46747088524e-14,0,1.00210597402e-09,nan,nan,1.15864982537e-09,nan,nan
11596,1.46571918835e-14,0,1.00493843321e-09,nan,nan,1.15850736551e-09,nan,nan
11600,1.46361339463e-14,0,1.00789302371e-09,nan,nan,1.15877313873e-09,nan,nan
11604,1.46167418526e-14,0,1.01073550817e-09,nan,nan,1.15872107865e-09,nan,nan
11608,1.45963737466e-14,0,1.01383366297e-09,nan,nan,1.15892991772e-09,nan,nan
11612,1.45806849458e-14,0,1.01668789534e-09,nan,nan,1.15895890603e-09,nan,nan
11616,1.45568001839e-14,0,1.01991755217e-09,nan,nan,1.15912846402e-09,nan,nan
11620,1.45396310671e-14,0,1.02280295319e-09,nan,nan,1.15921411819e-09,nan,nan
11624,1.45191402059e-14,0,1.02613708371e-09,nan,nan,1.15937526137e-09,nan,nan
11628,1.45002624093e-14,0,1.02908659976e-09,nan,nan,1.15948518023e-09,nan,nan
11632,1.4481548521e-14,0,1.03248894885e-09,nan,nan,1.15967349335e-09,nan,nan
11636,1.44617177662e-14,0,1.0355397443e-09,nan,nan,1.15977516861e-09,nan,nan
11640,1.44412521654e-14,0,1.03897449234e-09,nan,nan,1.16002148774e-09,nan,nan
11644,1.44233762613e-14,0,1.04215811449e-09,nan,nan,1.16009191973e-09,nan,nan
11648,1.44037117966e-14,0,1.04560021872e-09,nan,nan,1.16041416407e-09,nan,nan
11652,1.43859257825e-14,0,1.0489332962e-09,nan,nan,1.16044694491e-09,nan,nan
11656,1.43637874292e-14,0,1.05237608769e-09,nan,nan,1.16084489992e-09,nan,nan
11660,1.43469167608e-14,0,1.05585475096e-09,nan,nan,1.16085287064e-09,nan,nan
11664,1.43267609878e-14,0,1.05931279614e-09,nan,nan,1.16130819403e-09,nan,nan
11668,1.43091836588e-14,0,1.06291287473e-09,nan,nan,1.16132072994e-09,nan,nan
11672,1.42876027583e-14,0,1.06641865054e-09,nan,nan,1.16180246939e-09,nan,nan
11676,1.42713430477e-14,0,1.07010204928e-09,nan,nan,1.16185762846e-09,nan,nan
11680,1.42514422257e-14,0,1.07369685223e-09,nan,nan,1.16233200197e-09,nan,nan
11684,1.42314501912e-14,0,1.07742278898e-09,nan,nan,1.16246554903e-09,nan,nan
11688,1.42133312848e-14,0,1.08114414462e-09,nan,nan,1.1629073577e-09,nan,nan
11692,1.41943970479e-14,0,1.0848821529e-09,nan,nan,1.1631418932e-09,nan,nan
11696,1.41763928816e-14,0,1.08875141975e-09,nan,nan,1.16354403732e-09,nan,nan
11700,1.41565433723e-14,0,1.09249204231e-09,nan,nan,1.16388181924e-09,nan,nan
11704,1.41387626369e-14,0,1.09650641424e-09,nan,nan,1.16425951802e-09,nan,nan
11708,1.41190594161e-14,0,1.10026567422e-09,nan,nan,1.16468183427e-09,nan,nan
11712,1.4099886784e-14,0,1.10439787623e-09,nan,nan,1.16506948505e-09,nan,nan
11716,1.40821306726e-14,0,1.10821315173e-09,nan,nan,1.16554359827e-09,nan,nan
11720,1.40641574799e-14,0,1.11241989558e-09,nan,nan,1.16598450615e-09,nan,nan
11724,1.40460205862e-14,0,1.11633761619e-09,nan,nan,1.16647662945e-09,nan,nan
11728,1.40251125347e-14,0,1.12057478043e-09,nan,nan,1.16700849642e-09,nan,nan
11732,1.40074882462e-14,0,1.12463362291e-09,nan,nan,1.16749871704e-09,nan,nan
11736,1.3990544597e-14,0,1.12887316342e-09,nan,nan,1.16813984008e-09,nan,nan
11740,1.39691901914e-14,0,1.13308884664e-09,nan,nan,1.16863334214e-09,nan,nan
11744,1.395370827e-14,0,1.13733066774e-09,nan,nan,1.16937539157e-09,nan,nan
11748,1.39325476382e-14,0,1.14168867772e-09,nan,nan,1.16990481469e-09,nan,nan
11752,1.39160923233e-14,0,1.14596208051e-09,nan,nan,1.17071635876e-09,nan,nan
11756,1.38970786328e-14,0,1.15042283501e-09,nan,nan,1.17133213493e-09,nan,nan
11760,1.38780365564e-14,0,1.1547752268e-09,nan,nan,1.17217361739e-09,nan,nan
11764,1.38620672903e-14,0,1.15929034668e-09,nan,nan,1.17292529883e-09,nan,nan
11768,1.38427786211e-14,0,1.1637666823e-09,nan,nan,1.17377043778e-09,nan,nan
11772,1.38233850445e-14,0,1.1683023937e-09,nan,nan,1.174684759e-09,nan,nan
11776,1.38058667117e-14,0,1.17292267099e-09,nan,nan,1.17553904354e-09,nan,nan
11780,1.37881350774e-14,0,1.1774777277e-09,nan,nan,1.17660813939e-09,nan,nan
11784,1.37694485428e-14,0,1.18222441338e-09,nan,nan,1.17751407593e-09,nan,nan
11788,1.37514911257e-14,0,1.18683667032e-09,nan,nan,1.17869701148e-09,nan,nan
11792,1.37333743069e-14,0,1.19165833368e-09,nan,nan,1.17972259902e-09,nan,nan
11796,1.37159108011e-14,0,1.19638727641e-09,nan,nan,1.18096881772e-09,nan,nan
11800,1.3697624534e-14,0,1.20122622859e-09,nan,nan,1.1821775797e-09,nan,nan
11804,1.36796275096e-14,0,1.20612346498e-09,nan,nan,1.1834554051e-09,nan,nan
11808,1.36604434558e-14,0,1.21094393054e-09,nan,nan,1.1848810722e-09,nan,nan
11812,1.3644290958e-14,0,1.21602298247e-09,nan,nan,1.18620384576e-09,nan,nan
11816,1.36268303655e-14,0,1.22084222449e-09,nan,nan,1.18782596083e-09,nan,nan
11820,1.36073863239e-14,0,1.22605931181e-09,nan,nan,1.18926129701e-09,nan,nan
11824,1.35907785006e-14,0,1.23094076077e-09,nan,nan,1.19102309809e-09,nan,nan
11828,1.35713659811e-14,0,1.23622660869e-09,nan,nan,1.19265304016e-09,nan,nan
11832,1.35551560992e-14,0,1.24124044972e-09,nan,nan,1.19450408129e-09,nan,nan
11836,1.35369578763e-14,0,1.24653209622e-09,nan,nan,1.19639328977e-09,nan,nan
11840,1.35193509974e-14,0,1.25172785342e-09,nan,nan,1.19831627868e-09,nan,nan
11844,1.35009707478e-14,0,1.25700689519e-09,nan,nan,1.20047565916e-09,nan,nan
11848,1.34843547733e-14,0,1.26236085957e-09,nan,nan,1.20253206314e-09,nan,nan
11852,1.34669910389e-14,0,1.2676974311e-09,nan,nan,1.20488990197e-09,nan,nan
11856,1.34482086851e-14,0,1.27311437873e-09,nan,nan,1.20719767149e-09,nan,nan
11860,1.34301551104e-14,0,1.2785990362e-09,nan,nan,1.20968532052e-09,nan,nan
11864,1.3414814934e-14,0,1.28402877297e-09,nan,nan,1.21229713136e-09,nan,nan
11868,1.33963256559e-14,0,1.28965826504e-09,nan,nan,1.21495237846e-09,nan,nan
11872,1.33779597681e-14,0,1.29515386308e-09,nan,nan,1.21781981555e-09,nan,nan
11876,1.33617528762e-14,0,1.30085383651e-09,nan,nan,1.22074074742e-09,nan,nan
11880,1.33441551008e-14,0,1.30648413804e-09,nan,nan,1.22381598195e-09,nan,nan
11884,1.33266807229e-14,0,1.31221666855e-09,nan,nan,1.22705333961e-09,nan,nan
11888,1.3309073374e-14,0,1.3179858235e-09,nan,nan,1.23035815768e-09,nan,nan
11892,1.32914427937e-14,0,1.32377609731e-09,nan,nan,1.23390443218e-09,nan,nan
11896,1.32759162418e-14,0,1.32964909474e-09,nan,nan,1.23749240289e-09,nan,nan
11900,1.32572442359e-14,0,1.33553024105e-09,nan,nan,1.24134141464e-09,nan,nan
11904,1.3239405165e-14,0,1.34148926214e-09,nan,nan,1.24524511508e-09,nan,nan
11908,1.32225897373e-14,0,1.347465674e-09,nan,nan,1.24942028975e-09,nan,nan
11912,1.32070123837e-14,0,1.35351988658e-09,nan,nan,1.25365067888e-09,nan,nan
11916,1.31894489036e-14,0,1.35957937169e-09,nan,nan,1.25818627881e-09,nan,nan
11920,1.31710643319e-14,0,1.36574192834e-09,nan,nan,1.26275833885e-09,nan,nan
11924,1.31530892843e-14,0,1.37187860242e-09,nan,nan,1.26767793105e-09,nan,nan
11928,1.31385866915e-14,0,1.37815091903e-09,nan,nan,1.27262235369e-09,nan,nan
11932,1.31207504725e-14,0,1.38437157208e-09,nan,nan,1.27793764543e-09,nan,nan
11936,1.31035129328e-14,0,1.39074478852e-09,nan,nan,1.28329437178e-09,nan,nan
11940,1.30857121626e-14,0,1.39706280975e-09,nan,nan,1.28901541728e-09,nan,nan
11944,1.30711708011e-14,0,1.40352528916e-09,nan,nan,1.29482320364e-09,nan,nan
11948,1.30519750157e-14,0,1.40995390233e-09,nan,nan,1.30096703553e-09,nan,nan
11952,1.30361533267e-14,0,1.41649636997e-09,nan,nan,1.30725763646e-09,nan,nan
11956,1.30192941385e-14,0,1.42304517102e-09,nan,nan,1.31385149952e-09,nan,nan
11960,1.30018051519e-14,0,1.42966287348e-09,nan,nan,1.3206487593e-09,nan,nan
11964,1.29854661103e-14,0,1.43633651072e-09,nan,nan,1.32772939253e-09,nan,nan
11968,1.29685960667e-14,0,1.44302998922e-09,nan,nan,1.33505145298e-09,nan,nan
11972,1.29521378245e-14,0,1.44982784426e-09,nan,nan,1.34266183866e-09,nan,nan
11976,1.29355663219e-14,0,1.45660276439e-09,nan,nan,1.35052547477e-09,nan,nan
11980,1.29185030737e-14,0,1.46351973174e-09,nan,nan,1.35870995885e-09,nan,nan
11984,1.29022349769e-14,0,1.4703854545e-09,nan,nan,1.3671361367e-09,nan,nan
11988,1.28849361818e-14,0,1.47741397577e-09,nan,nan,1.37593522106e-09,nan,nan
11992,1.28698987453e-14,0,1.48438102544e-09,nan,nan,1.38495416874e-09,nan,nan
11996,1.28512860242e-14,0,1.49151389997e-09,nan,nan,1.39440075944e-09,nan,nan
12000,1.28351033402e-14,0,1.4985911567e-09,nan,nan,1.40405437987e-09,nan,nan
12004,1.28190092771e-14,0,1.50582408994e-09,nan,nan,1.41417309863e-09,nan,nan
12008,1.28026237467e-14,0,1.51301677407e-09,nan,nan,1.42451350724e-09,nan,nan
12012,1.27876545063e-14,0,1.52034966005e-09,nan,nan,1.43532403341e-09,nan,nan
12016,1.27700008059e-14,0,1.52765888596e-09,nan,nan,1.44640870142e-09,nan,nan
12020,1.27525381376e-14,0,1.53509538637e-09,nan,nan,1.457932507e-09,nan,nan
12024,1.27370228271e-14,0,1.54251937376e-09,nan,nan,1.46981744353e-09,nan,nan
12028,1.27206013486e-14,0,1.55006508873e-09,nan,nan,1.48208543067e-09,nan,nan
12032,1.27044259387e-14,0,1.55760143244e-09,nan,nan,1.49481870732e-09,nan,nan
12036,1.26901528022e-14,0,1.56526142557e-09,nan,nan,1.50787679983e-09,nan,nan
12040,1.26700727405e-14,0,1.57290955154e-09,nan,nan,1.52149538772e-09,nan,nan
12044,1.26556533374e-14,0,1.58068610509e-09,nan,nan,1.53540573639e-09,nan,nan
12048,1.26397087002e-14,0,1.58844910171e-09,nan,nan,1.54993767685e-09,nan,nan
12052,1.26240869999e-14,0,1.59634048141e-09,nan,nan,1.56477451092e-09,nan,nan
12056,1.2605722399e-14,0,1.60422561299e-09,nan,nan,1.5802461953e-09,nan,nan
12060,1.25921393839e-14,0,1.61222640443e-09,nan,nan,1.5960875102e-09,nan,nan
12064,1.25750197827e-14,0,1.62024389599e-09,nan,nan,1.61253364604e-09,nan,nan
12068,1.25588950988e-14,0,1.62834703883e-09,nan,nan,1.62945191002e-09,nan,nan
12072,1.25424067311e-14,0,1.63650736254e-09,nan,nan,1.64692461163e-09,nan,nan
12076,1.25270926279e-14,0,1.64470728884e-09,nan,nan,1.66498034718e-09,nan,nan
12080,1.25112791889e-14,0,1.65301794284e-09,nan,nan,1.6835540239e-09,nan,nan
12084,1.24942599404e-14,0,1.66131353903e-09,nan,nan,1.70279513244e-09,nan,nan
12088,1.24788371866e-14,0,1.66977672104e-09,nan,nan,1.7225652496e-09,nan,nan
12092,1.24637013142e-14,0,1.67817271934e-09,nan,nan,1.74303284269e-09,nan,nan
12096,1.24464837017e-14,0,1.6867850629e-09,nan,nan,1.76410876223e-09,nan,nan
12100,1.24318939654e-14,0,1.69529109031e-09,nan,nan,1.78584793889e-09,nan,nan
12104,1.24152741706e-14,0,1.70404577466e-09,nan,nan,1.80834230784e-09,nan,nan
12108,1.23995213744e-14,0,1.71267330035e-09,nan,nan,1.83141456281e-09,nan,nan
12112,1.23852724142e-14,0,1.72156376278e-09,nan,nan,1.85543330468e-09,nan,nan
12116,1.23670862983e-14,0,1.73032213014e-09,nan,nan,1.87992656246e-09,nan,nan
12120,1.23523797505e-14,0,1.73934585727e-09,nan,nan,1.90556366161e-09,nan,nan
12124,1.23374230328e-14,0,1.74823908031e-09,nan,nan,1.93159651978e-09,nan,nan
12128,1.23204494834e-14,0,1.75739984834e-09,nan,nan,1.95893622634e-09,nan,nan
12132,1.23059679425e-14,0,1.76642561778e-09,nan,nan,1.98665482178e-09,nan,nan
12136,1.22892148049e-14,0,1.77573312602e-09,nan,nan,2.01578126723e-09,nan,nan
12140,1.22751155162e-14,0,1.78488454225e-09,nan,nan,2.04534986645e-09,nan,nan
12144,1.2258795005e-14,0,1.79435150493e-09,nan,nan,2.07636150645e-09,nan,nan
12148,1.22421524029e-14,0,1.80362083104e-09,nan,nan,2.10795058848e-09,nan,nan
12152,1.2227895489e-14,0,1.81325880099e-09,nan,nan,2.14097523492e-09,nan,nan
12156,1.22127957383e-14,0,1.82264158785e-09,nan,nan,2.17475233205e-09,nan,nan
12160,1.21962917611e-14,0,1.83245735108e-09,nan,nan,2.20995808064e-09,nan,nan
12164,1.2182781976e-14,0,1.84195518664e-09,nan,nan,2.2460861693e-09,nan,nan
12168,1.21647797369e-14,0,1.85194911685e-09,nan,nan,2.28368444671e-09,nan,nan
12172,1.21496271946e-14,0,1.8615700917e-09,nan,nan,2.32233023504e-09,nan,nan
12176,1.21352854494e-14,0,1.8717368077e-09,nan,nan,2.36256985059e-09,nan,nan
12180,1.21200417378e-14,0,1.88149386746e-09,nan,nan,2.40392067396e-09,nan,nan
12184,1.21059982501e-14,0,1.89182469993e-09,nan,nan,2.44707593706e-09,nan,nan
12188,1.20872554855e-14,0,1.90173258114e-09,nan,nan,2.49136059752e-09,nan,nan
12192,1.20743272487e-14,0,1.91221904869e-09,nan,nan,2.53772038771e-09,nan,nan
12196,1.20593097675e-14,0,1.92229065685e-09,nan,nan,2.58522779887e-09,nan,nan
12200,1.20430836469e-14,0,1.93292793348e-09,nan,nan,2.63509320753e-09,nan,nan
12204,1.20297529196e-14,0,1.94317136726e-09,nan,nan,2.68618385065e-09,nan,nan
12208,1.20108505608e-14,0,1.95396041603e-09,nan,nan,2.73987867916e-09,nan,nan
12212,1.19990803336e-14,0,1.96437797181e-09,nan,nan,2.7949866513e-09,nan,nan
12216,1.1983205968e-14,0,1.97532529748e-09,nan,nan,2.85287948197e-09,nan,nan
12220,1.19680734508e-14,0,1.98591492545e-09,nan,nan,2.91250551557e-09,nan,nan
12224,1.19521348132e-14,0,1.9970301546e-09,nan,nan,2.97503683343e-09,nan,nan
12228,1.19388863488e-14,0,2.00778852232e-09,nan,nan,3.0397374579e-09,nan,nan
12232,1.19217694963e-14,0,2.01908101267e-09,nan,nan,3.10745101999e-09,nan,nan
12236,1.1907800515e-14,0,2.03000694883e-09,nan,nan,3.17784545847e-09,nan,nan
12240,1.18922065915e-14,0,2.04148256505e-09,nan,nan,3.25142912629e-09,nan,nan
12244,1.18794241128e-14,0,2.05257985808e-09,nan,nan,3.32822454542e-09,nan,nan
12248,1.18617970639e-14,0,2.06423882132e-09,nan,nan,3.40853031539e-09,nan,nan
12252,1.18485251916e-14,0,2.07551760153e-09,nan,nan,3.49254999891e-09,nan,nan
12256,1.18330822025e-14,0,2.08735392929e-09,nan,nan,3.58060422985e-09,nan,nan
12260,1.18185800981e-14,0,2.09883036611e-09,nan,nan,3.67284607173e-09,nan,nan
12264,1.18033064323e-14,0,2.11083316062e-09,nan,nan,3.76987285691e-09,nan,nan
12268,1.17894708576e-14,0,2.12252704069e-09,nan,nan,3.87158958458e-09,nan,nan
12272,1.17740382387e-14,0,2.13468421934e-09,nan,nan,3.97904535241e-09,nan,nan
12276,1.17588767119e-14,0,2.14661400494e-09,nan,nan,4.09183479217e-09,nan,nan
12280,1.1744752731e-14,0,2.15891802123e-09,nan,nan,4.21147070097e-09,nan,nan
12284,1.17300872822e-14,0,2.171095132e-09,nan,nan,4.33737707611e-09,nan,nan
12288,1.17147342784e-14,0,2.18354774342e-09,nan,nan,4.47135204631e-09,nan,nan
12292,1.17003660823e-14,0,2.1959736102e-09,nan,nan,4.61298549945e-09,nan,nan
12296,1.16872575783e-14,0,2.20858652089e-09,nan,nan,4.76404863718e-09,nan,nan
12300,1.16696762179e-14,0,2.22125436023e-09,nan,nan,4.92474229293e-09,nan,nan
12304,1.16582139237e-14,0,2.23404536152e-09,nan,nan,5.09649903959e-09,nan,nan
12308,1.16421566316e-14,0,2.24694555137e-09,nan,nan,5.28054171961e-09,nan,nan
12312,1.16267577043e-14,0,2.25993232377e-09,nan,nan,5.47782427101e-09,nan,nan
12316,1.16146878669e-14,0,2.27305875256e-09,nan,nan,5.69083225423e-09,nan,nan
12320,1.15976494034e-14,0,2.28625300839e-09,nan,nan,5.92022000185e-09,nan,nan
12324,1.15858404322e-14,0,2.29960796121e-09,nan,nan,6.16974460769e-09,nan,nan
12328,1.15678547742e-14,0,2.31301197136e-09,nan,nan,6.44032777277e-09,nan,nan
12332,1.1555988767e-14,0,2.32660789034e-09,nan,nan,6.73684159544e-09,nan,nan
12336,1.15417834805e-14,0,2.34021464057e-09,nan,nan,7.06139643673e-09,nan,nan
12340,1.15269436737e-14,0,2.35407200841e-09,nan,nan,7.41987292939e-09,nan,nan
12344,1.15128064852e-14,0,2.36786918698e-09,nan,nan,7.81673465523e-09,nan,nan
12348,1.14971887984e-14,0,2.38201100549e-09,nan,nan,8.25915609391e-09,nan,nan
12352,1.1483391896e-14,0,2.39598763436e-09,nan,nan,8.75524407337e-09,nan,nan
12356,1.14697871616e-14,0,2.41043231071e-09,nan,nan,9.31452454329e-09,nan,nan
12360,1.14559985144e-14,0,2.42458567587e-09,nan,nan,9.95007330718e-09,nan,nan
12364,1.14415092828e-14,0,2.43934096419e-09,nan,nan,1.06757212113e-08,nan,nan
12368,1.14258236039e-14,0,2.45368119896e-09,nan,nan,1.15103986179e-08,nan,nan
12372,1.14133988142e-14,0,2.46874161177e-09,nan,nan,1.24736017274e-08,nan,nan
12376,1.13984205406e-14,0,2.48329202455e-09,nan,nan,1.3586818616e-08,nan,nan
12380,1.13841490095e-14,0,2.49864090396e-09,nan,nan,1.48662181154e-08,nan,nan
12384,1.13710353342e-14,0,2.51343368187e-09,nan,nan,1.63077316024e-08,nan,nan
12388,1.13563031483e-14,0,2.52904936237e-09,nan,nan,1.78630785276e-08,nan,nan
12392,1.13416823449e-14,0,2.54411812674e-09,nan,nan,1.93884172724e-08,nan,nan
12396,1.1329315303e-14,0,2.55998199681e-09,nan,nan,2.0621148138e-08,nan,nan
12400,1.13127020942e-14,0,2.57535391321e-09,nan,nan,2.12131387867e-08,nan,nan
12404,1.13007704914e-14,0,2.59145743251e-09,nan,nan,2.09010796481e-08,nan,nan
12408,1.12855374644e-14,0,2.60714779921e-09,nan,nan,1.96718607745e-08,nan,nan
12412,1.12727456212e-14,0,2.62349574653e-09,nan,nan,1.77863725268e-08,nan,nan
12416,1.12582186627e-14,0,2.63950731105e-09,nan,nan,1.56274602705e-08,nan,nan
12420,1.12456235446e-14,0,2.65611582393e-09,nan,nan,1.35020054633e-08,nan,nan
12424,1.12295632924e-14,0,2.67244321466e-09,nan,nan,1.15788899015e-08,nan,nan
12428,1.12177139188e-14,0,2.68933345326e-09,nan,nan,9.90350203523e-09,nan,nan
12432,1.12012497403e-14,0,2.70597076655e-09,nan,nan,8.46717716433e-09,nan,nan
12436,1.11903611169e-14,0,2.72316090571e-09,nan,nan,7.23652992325e-09,nan,nan
12440,1.11755560377e-14,0,2.74010939502e-09,nan,nan,6.17456389596e-09,nan,nan
12444,1.11614786827e-14,0,2.7576079484e-09,nan,nan,5.25196759364e-09,nan,nan
12448,1.11477746499e-14,0,2.77488114164e-09,nan,nan,4.43740414937e-09,nan,nan
12452,1.11339457485e-14,0,2.79268392524e-09,nan,nan,3.71474682335e-09,nan,nan
12456,1.111953186e-14,0,2.81030827971e-09,nan,nan,3.06060668754e-09,nan,nan
12460,1.11079321431e-14,0,2.82840041812e-09,nan,nan,2.46684877185e-09,nan,nan
12464,1.10924765322e-14,0,2.84641068591e-09,nan,nan,1.91765627873e-09,nan,nan
12468,1.10798572002e-14,0,2.86477367175e-09,nan,nan,1.40686966392e-09,nan,nan
12472,1.10654540734e-14,0,2.88320397495e-09,nan,nan,9.26954228732e-10,nan,nan
12476,1.10522067243e-14,0,2.90182572124e-09,nan,nan,4.70578440162e-10,nan,nan
12480,1.1038906365e-14,0,2.92069941107e-09,nan,nan,8.26543086189e-11,nan,nan
12484,1.10255746238e-14,0,2.93958348161e-09,nan,nan,4.0962279294e-10,nan,nan
12488,1.10105187198e-14,0,2.95890589007e-09,nan,nan,8.1960863235e-10,nan,nan
12492,1.09996638182e-14,0,2.97807595817e-09,nan,nan,1.23168744493e-09,nan,nan
12496,1.0983109081e-14,0,2.99783333875e-09,nan,nan,1.63606915444e-09,nan,nan
12500,1.09712907487e-14,0,3.01733067077e-09,nan,nan,2.04559129995e-09,nan,nan
12504,1.09583712619e-14,0,3.03749621548e-09,nan,nan,2.45561230506e-09,nan,nan
12508,1.0944754527e-14,0,3.05737075294e-09,nan,nan,2.87225442641e-09,nan,nan
12512,1.09302761727e-14,0,3.07791567076e-09,nan,nan,3.30060840951e-09,nan,nan
12516,1.09178859211e-14,0,3.09821391447e-09,nan,nan,3.73498944613e-09,nan,nan
12520,1.09039647467e-14,0,3.11911944576e-09,nan,nan,4.19394678902e-09,nan,nan
12524,1.08908589776e-14,0,3.13987377562e-09,nan,nan,4.6588583187e-09,nan,nan
12528,1.08783679808e-14,0,3.16113950996e-09,nan,nan,5.16057714689e-09,nan,nan
12532,1.08630443882e-14,0,3.18236316525e-09,nan,nan,5.67249949071e-09,nan,nan
12536,1.08516720706e-14,0,3.2040083118e-09,nan,nan,6.23000549494e-09,nan,nan
12540,1.08377009018e-14,0,3.22569813251e-09,nan,nan,6.81050667349e-09,nan,nan
12544,1.08248754736e-14,0,3.24775508206e-09,nan,nan,7.43978239397e-09,nan,nan
12548,1.08115999804e-14,0,3.26990109274e-09,nan,nan,8.11685318851e-09,nan,nan
12552,1.07981962815e-14,0,3.29240371533e-09,nan,nan,8.84059025102e-09,nan,nan
12556,1.07850733455e-14,0,3.31500182985e-09,nan,nan,9.65025744256e-09,nan,nan
12560,1.07714247238e-14,0,3.33797319335e-09,nan,nan,1.05039754799e-08,nan,nan
12564,1.07584345061e-14,0,3.36103584594e-09,nan,nan,1.14930905203e-08,nan,nan
12568,1.07461463262e-14,0,3.38448050482e-09,nan,nan,1.25348781876e-08,nan,nan
12572,1.0732022091e-14,0,3.40804059616e-09,nan,nan,1.3767134794e-08,nan,nan
12576,1.07210250482e-14,0,3.43194503868e-09,nan,nan,1.50938186896e-08,nan,nan
12580,1.07069569509e-14,0,3.45605107036e-09,nan,nan,1.66635569775e-08,nan,nan
12584,1.06926159157e-14,0,3.48039279579e-09,nan,nan,1.84400719026e-08,nan,nan
12588,1.06802072533e-14,0,3.50509648671e-09,nan,nan,2.05045292743e-08,nan,nan
12592,1.06672310789e-14,0,3.52985870591e-09,nan,nan,2.30240372885e-08,nan,nan
12596,1.06545696493e-14,0,3.55519946633e-09,nan,nan,2.5882480347e-08,nan,nan
12600,1.06420471995e-14,0,3.58038603142e-09,nan,nan,2.97085316042e-08,nan,nan
12604,1.06284921433e-14,0,3.6063781892e-09,nan,nan,3.40201950847e-08,nan,nan
12608,1.0617219578e-14,0,3.63202299716e-09,nan,nan,4.03913560306e-08,nan,nan
12612,1.06033796921e-14,0,3.6586509043e-09,nan,nan,4.79174488327e-08,nan,nan
12616,1.05890015299e-14,0,3.68481782293e-09,nan,nan,6.02619381239e-08,nan,nan
12620,1.05769250828e-14,0,3.71204120479e-09,nan,nan,7.75716382081e-08,nan,nan
12624,1.05639582294e-14,0,3.73881392345e-09,nan,nan,1.1101994522e-07,nan,nan
12628,1.05530187087e-14,0,3.76658219621e-09,nan,nan,1.97135040781e-07,nan,nan
12632,1.05385150688e-14,0,3.79404702432e-09,nan,nan,2.94860156577e-07,nan,nan
12636,1.0526722399e-14,0,3.82231812296e-09,nan,nan,3.2860648418e-07,nan,nan
12640,1.05130414574e-14,0,3.85054525357e-09,nan,nan,2.71806866752e-07,nan,nan
12644,1.0500934091e-14,0,3.87930287021e-09,nan,nan,1.71767843006e-07,nan,nan
12648,1.04888321511e-14,0,3.90833222549e-09,nan,nan,1.05461277417e-07,nan,nan
12652,1.04745565311e-14,0,3.93759580908e-09,nan,nan,8.26206977609e-08,nan,nan
12656,1.04630940196e-14,0,3.96743220994e-09,nan,nan,6.64148362674e-08,nan,nan
12660,1.04508964498e-14,0,3.99725634302e-09,nan,nan,5.659739911e-08,nan,nan
12664,1.04365641255e-14,0,4.02787583717e-09,nan,nan,4.94126122053e-08,nan,nan
12668,1.04256828788e-14,0,4.05833888943e-09,nan,nan,4.39041668161e-08,nan,nan
12672,1.04111425868e-14,0,4.08970445659e-09,nan,nan,3.98580516855e-08,nan,nan
12676,1.04019517496e-14,0,4.12089005819e-09,nan,nan,3.63585452429e-08,nan,nan
12680,1.03866808556e-14,0,4.15297145165e-09,nan,nan,3.37389515823e-08,nan,nan
12684,1.03750939948e-14,0,4.18494938916e-09,nan,nan,3.13546833589e-08,nan,nan
12688,1.03622589174e-14,0,4.21773974139e-09,nan,nan,2.94953053724e-08,nan,nan
12692,1.03487482326e-14,0,4.25055375807e-09,nan,nan,2.77939286359e-08,nan,nan
12696,1.03387247394e-14,0,4.28407644924e-09,nan,nan,2.63905941671e-08,nan,nan
12700,1.03233186907e-14,0,4.31774371629e-09,nan,nan,2.51312492216e-08,nan,nan
12704,1.03142913712e-14,0,4.35204685089e-09,nan,nan,2.40299130457e-08,nan,nan
12708,1.02995551807e-14,0,4.38656878487e-09,nan,nan,2.30660965335e-08,nan,nan
12712,1.02889087813e-14,0,4.42171074761e-09,nan,nan,2.21816896314e-08,nan,nan
12716,1.02749139637e-14,0,4.45709009726e-09,nan,nan,2.14200694536e-08,nan,nan
12720,1.02631816563e-14,0,4.49312233776e-09,nan,nan,2.07008890575e-08,nan,nan
12724,1.02514152704e-14,0,4.52937786138e-09,nan,nan,2.00810945196e-08,nan,nan
12728,1.02375108512e-14,0,4.56633426735e-09,nan,nan,1.9491980725e-08,nan,nan
12732,1.02274129036e-14,0,4.60350767266e-09,nan,nan,1.89751676435e-08,nan,nan
12736,1.02134456561e-14,0,4.64140355009e-09,nan,nan,1.8489539317e-08,nan,nan
12740,1.020262619e-14,0,4.67955231103e-09,nan,nan,1.80510764336e-08,nan,nan
12744,1.01894670014e-14,0,4.71839814363e-09,nan,nan,1.76474638229e-08,nan,nan
12748,1.01770649511e-14,0,4.75758090464e-09,nan,nan,1.7271844969e-08,nan,nan
12752,1.01651271631e-14,0,4.79739784184e-09,nan,nan,1.69326508722e-08,nan,nan
12756,1.01530742234e-14,0,4.83765435323e-09,nan,nan,1.66098394828e-08,nan,nan
12760,1.01418587071e-14,0,4.87849687129e-09,nan,nan,1.6320999506e-08,nan,nan
12764,1.01280355215e-14,0,4.91983445394e-09,nan,nan,1.6043858018e-08,nan,nan
12768,1.01167926888e-14,0,4.96178841571e-09,nan,nan,1.57946882249e-08,nan,nan
12772,1.01058967648e-14,0,5.00419151498e-09,nan,nan,1.55573314064e-08,nan,nan
12776,1.00912294908e-14,0,5.0473691217e-09,nan,nan,1.53402032379e-08,nan,nan
12780,1.00808027085e-14,0,5.09080488093e-09,nan,nan,1.51371713416e-08,nan,nan
12784,1.00681079395e-14,0,5.13532101051e-09,nan,nan,1.4946966278e-08,nan,nan
12788,1.00580161473e-14,0,5.17978832527e-09,nan,nan,1.47729849357e-08,nan,nan
12792,1.00441383194e-14,0,5.22570734321e-09,nan,nan,1.46064058557e-08,nan,nan
12796,1.003168177e-14,0,5.27126384937e-09,nan,nan,1.44565517064e-08,nan,nan
12800,1.00207076744e-14,0,5.31860747796e-09,nan,nan,1.43113446642e-08,nan,nan
12804,1.00107408959e-14,0,5.36535287733e-09,nan,nan,1.41813619035e-08,nan,nan
12808,9.99451505903e-15,0,5.41409357055e-09,nan,nan,1.40556756356e-08,nan,nan
12812,9.98616902262e-15,0,5.46220233389e-09,nan,nan,1.39421571168e-08,nan,nan
12816,9.97265385184e-15,0,5.51224282756e-09,nan,nan,1.38341351891e-08,nan,nan
12820,9.96189053384e-15,0,5.56192557041e-09,nan,nan,1.37345906234e-08,nan,nan
12824,9.94816307811e-15,0,5.61321164655e-09,nan,nan,1.3642104333e-08,nan,nan
12828,9.93913679455e-15,0,5.66456798095e-09,nan,nan,1.35549237755e-08,nan,nan
12832,9.92323100364e-15,0,5.71720033731e-09,nan,nan,1.3475553537e-08,nan,nan
12836,9.91625299266e-15,0,5.77020131492e-09,nan,nan,1.33996976427e-08,nan,nan
12840,9.90064362238e-15,0,5.82434952221e-09,nan,nan,1.33310326686e-08,nan,nan
12844,9.89212981619e-15,0,5.87898546946e-09,nan,nan,1.32655382103e-08,nan,nan
12848,9.87866755992e-15,0,5.93474807441e-09,nan,nan,1.32055131778e-08,nan,nan
12852,9.86607903051e-15,0,5.99110298888e-09,nan,nan,1.314914718e-08,nan,nan
12856,9.85436640888e-15,0,6.04852166071e-09,nan,nan,1.30961275212e-08,nan,nan
12860,9.84552237426e-15,0,6.10669039171e-09,nan,nan,1.30473256338e-08,nan,nan
12864,9.83034136599e-15,0,6.16585890571e-09,nan,nan,1.29999674549e-08,nan,nan
12868,9.82261529664e-15,0,6.22585994913e-09,nan,nan,1.29569252615e-08,nan,nan
12872,9.80714580392e-15,0,6.28696033415e-09,nan,nan,1.29139827788e-08,nan,nan
12876,9.79836750616e-15,0,6.34875965623e-09,nan,nan,1.28747611618e-08,nan,nan
12880,9.78449366829e-15,0,6.41199241721e-09,nan,nan,1.28349265448e-08,nan,nan
12884,9.77427824686e-15,0,6.47559648881e-09,nan,nan,1.27975409086e-08,nan,nan
12888,9.76225817231e-15,0,6.54109047112e-09,nan,nan,1.27593172606e-08,nan,nan
12892,9.75152955903e-15,0,6.60661536764e-09,nan,nan,1.27218167827e-08,nan,nan
12896,9.73901993699e-15,0,6.67439178452e-09,nan,nan,1.26834351902e-08,nan,nan
12900,9.72805614848e-15,0,6.74206569629e-09,nan,nan,1.26439565703e-08,nan,nan
12904,9.71682122936e-15,0,6.81206779429e-09,nan,nan,1.26033765186e-08,nan,nan
12908,9.7037880518e-15,0,6.88217896833e-09,nan,nan,1.25601544731e-08,nan,nan
12912,9.69512043405e-15,0,6.95434071422e-09,nan,nan,1.25151738152e-08,nan,nan
12916,9.6797664248e-15,0,7.02716274999e-09,nan,nan,1.24665213597e-08,nan,nan
12920,9.67429187119e-15,0,7.10148359799e-09,nan,nan,1.24149807572e-08,nan,nan
12924,9.65696773291e-15,0,7.17720897114e-09,nan,nan,1.23592845963e-08,nan,nan
12928,9.64919642648e-15,0,7.25380748525e-09,nan,nan,1.22993183723e-08,nan,nan
12932,9.63447615136e-15,0,7.33251344451e-09,nan,nan,1.22351028006e-08,nan,nan
12936,9.6275991046e-15,0,7.41164084572e-09,nan,nan,1.21653808502e-08,nan,nan
12940,9.6139969828e-15,0,7.49330161235e-09,nan,nan,1.20914717044e-08,nan,nan
12944,9.60195732255e-15,0,7.57530816203e-09,nan,nan,1.20113903364e-08,nan,nan
12948,9.59178111881e-15,0,7.65985238441e-09,nan,nan,1.19271669819e-08,nan,nan
12952,9.57891038286e-15,0,7.74511520174e-09,nan,nan,1.18369667882e-08,nan,nan
12956,9.5707812297e-15,0,7.83251062031e-09,nan,nan,1.17426420448e-08,nan,nan
12960,9.55607123277e-15,0,7.92134692581e-09,nan,nan,1.16434474046e-08,nan,nan
12964,9.54738626243e-15,0,8.01168194913e-09,nan,nan,1.15402837139e-08,nan,nan
12968,9.53502669958e-15,0,8.10428089117e-09,nan,nan,1.14340671901e-08,nan,nan
12972,9.5236950006e-15,0,8.19781171048e-09,nan,nan,1.13244393897e-08,nan,nan
12976,9.51413439342e-15,0,8.29421636367e-09,nan,nan,1.12139176342e-08,nan,nan
12980,9.50086215669e-15,0,8.39136074717e-09,nan,nan,1.1101173669e-08,nan,nan
12984,9.4922474433e-15,0,8.49151772656e-09,nan,nan,1.0989644781e-08,nan,nan
12988,9.47668225806e-15,0,8.59279229548e-09,nan,nan,1.08777783013e-08,nan,nan
12992,9.47034505484e-15,0,8.69664691208e-09,nan,nan,1.07689046658e-08,nan,nan
12996,9.45830401776e-15,0,8.80254671913e-09,nan,nan,1.06620986802e-08,nan,nan
13000,9.44453641649e-15,0,8.91014296955e-09,nan,nan,1.05596399064e-08,nan,nan
13004,9.43668778864e-15,0,9.02102843905e-09,nan,nan,1.04618011583e-08,nan,nan
13008,9.42324309072e-15,0,9.13261485635e-09,nan,nan,1.03693485001e-08,nan,nan
13012,9.41317118583e-15,0,9.24866445404e-09,nan,nan,1.0283754043e-08,nan,nan
13016,9.40233706193e-15,0,9.36473326476e-09,nan,nan,1.02044784052e-08,nan,nan
13020,9.39072627757e-15,0,9.4859521635e-09,nan,nan,1.01335736515e-08,nan,nan
13024,9.38300011416e-15,0,9.60718239342e-09,nan,nan,1.00700041353e-08,nan,nan
13028,9.3662543228e-15,0,9.73349203517e-09,nan,nan,1.00153760754e-08,nan,nan
13032,9.36010155952e-15,0,9.86062704624e-09,nan,nan,9.96925054955e-09,nan,nan
13036,9.34758453067e-15,0,9.99201621808e-09,nan,nan,9.93175048889e-09,nan,nan
13040,9.33644724533e-15,0,1.01257131872e-08,nan,nan,9.90396245809e-09,nan,nan
13044,9.32619513501e-15,0,1.02623936838e-08,nan,nan,9.88390995339e-09,nan,nan
13048,9.31398304131e-15,0,1.04030991555e-08,nan,nan,9.87455189083e-09,nan,nan
13052,9.30479952523e-15,0,1.05456033699e-08,nan,nan,9.87192663175e-09,nan,nan
13056,9.29459265739e-15,0,1.0693509723e-08,nan,nan,9.88041625633e-09,nan,nan
13060,9.27973818896e-15,0,1.084268509e-08,nan,nan,9.89499379909e-09,nan,nan
13064,9.27470390853e-15,0,1.0997800127e-08,nan,nan,9.92029818915e-09,nan,nan
13068,9.25974387186e-15,0,1.11546912219e-08,nan,nan,9.95172137852e-09,nan,nan
13072,9.24921498698e-15,0,1.1317012232e-08,nan,nan,9.99263107837e-09,nan,nan
13076,9.24137669315e-15,0,1.14826645695e-08,nan,nan,1.0040402084e-08,nan,nan
13080,9.22764779119e-15,0,1.16524048788e-08,nan,nan,1.00957944689e-08,nan,nan
13084,9.21650881015e-15,0,1.18276606435e-08,nan,nan,1.01592344549e-08,nan,nan
13088,9.21033659857e-15,0,1.20054447297e-08,nan,nan,1.02282828082e-08,nan,nan
13092,9.19401329711e-15,0,1.21908096276e-08,nan,nan,1.03065216596e-08,nan,nan
13096,9.18709333188e-15,0,1.23777522183e-08,nan,nan,1.03888024006e-08,nan,nan
13100,9.1757860134e-15,0,1.25734099943e-08,nan,nan,1.04808333211e-08,nan,nan
13104,9.16346618734e-15,0,1.27710435507e-08,nan,nan,1.05762956476e-08,nan,nan
13108,9.15572757813e-15,0,1.29770370369e-08,nan,nan,1.06811204823e-08,nan,nan
13112,9.14381057832e-15,0,1.31870667107e-08,nan,nan,1.07899632763e-08,nan,nan
13116,9.13070412916e-15,0,1.34035950331e-08,nan,nan,1.09068149083e-08,nan,nan
13120,9.12476599818e-15,0,1.36276042808e-08,nan,nan,1.10292703051e-08,nan,nan
13124,9.11028220557e-15,0,1.385539301e-08,nan,nan,1.11578063297e-08,nan,nan
13128,9.10110092921e-15,0,1.40945578834e-08,nan,nan,1.12939741577e-08,nan,nan
13132,9.09084589199e-15,0,1.43350565809e-08,nan,nan,1.14344735217e-08,nan,nan
13136,9.08235661098e-15,0,1.4590035942e-08,nan,nan,1.15842296297e-08,nan,nan
13140,9.06825277226e-15,0,1.48455189514e-08,nan,nan,1.17375426367e-08,nan,nan
13144,9.05905944907e-15,0,1.51165849921e-08,nan,nan,1.1900619186e-08,nan,nan
13148,9.04999868754e-15,0,1.53898501902e-08,nan,nan,1.20681013924e-08,nan,nan
13152,9.03691566868e-15,0,1.56772813295e-08,nan,nan,1.22443064705e-08,nan,nan
13156,9.02835515613e-15,0,1.59713319717e-08,nan,nan,1.24274364297e-08,nan,nan
13160,9.01877490053e-15,0,1.62759254676e-08,nan,nan,1.26170338422e-08,nan,nan
13164,9.0053620495e-15,0,1.65933677147e-08,nan,nan,1.28172042074e-08,nan,nan
13168,8.99933327563e-15,0,1.69170545581e-08,nan,nan,1.30211551019e-08,nan,nan
13172,8.98616616002e-15,0,1.7259842084e-08,nan,nan,1.32393406139e-08,nan,nan
13176,8.97481503537e-15,0,1.76058546651e-08,nan,nan,1.34596460435e-08,nan,nan
13180,8.96554474056e-15,0,1.79752161792e-08,nan,nan,1.36963995182e-08,nan,nan
13184,8.95752411015e-15,0,1.83482146976e-08,nan,nan,1.39358687323e-08,nan,nan
13188,8.94576235929e-15,0,1.87449660664e-08,nan,nan,1.41916624654e-08,nan,nan
13192,8.9321746497e-15,0,1.91504223616e-08,nan,nan,1.44537483805e-08,nan,nan
13196,8.92621975482e-15,0,1.95759800897e-08,nan,nan,1.47292739684e-08,nan,nan
13200,8.91503099514e-15,0,2.00194131184e-08,nan,nan,1.50176045554e-08,nan,nan
13204,8.90183111265e-15,0,2.04765992379e-08,nan,nan,1.53146412928e-08,nan,nan
13208,8.8958776399e-15,0,2.09630218159e-08,nan,nan,1.56322969493e-08,nan,nan
13212,8.88422966363e-15,0,2.14569940829e-08,nan,nan,1.59543024998e-08,nan,nan
13216,8.87370755871e-15,0,2.19902425093e-08,nan,nan,1.6303760068e-08,nan,nan
13220,8.86284035847e-15,0,2.2529195976e-08,nan,nan,1.66559420325e-08,nan,nan
13224,8.85400494799e-15,0,2.31121470339e-08,nan,nan,1.70392347363e-08,nan,nan
13228,8.84240252757e-15,0,2.37068639017e-08,nan,nan,1.74286417795e-08,nan,nan
13232,8.83242704088e-15,0,2.4342813362e-08,nan,nan,1.78477543331e-08,nan,nan
13236,8.82326573823e-15,0,2.50055855104e-08,nan,nan,1.82828408352e-08,nan,nan
13240,8.81429627853e-15,0,2.57000213683e-08,nan,nan,1.8741010175e-08,nan,nan
13244,8.80215362158e-15,0,2.64435611463e-08,nan,nan,1.92304874657e-08,nan,nan
13248,8.79212216033e-15,0,2.7206162192e-08,nan,nan,1.97339913576e-08,nan,nan
13252,8.78298136886e-15,0,2.80425261494e-08,nan,nan,2.02858410388e-08,nan,nan
13256,8.77398800694e-15,0,2.88892737945e-08,nan,nan,2.08453938142e-08,nan,nan
13260,8.76115252275e-15,0,2.98293360934e-08,nan,nan,2.14667327034e-08,nan,nan
13264,8.75235949712e-15,0,3.07839690665e-08,nan,nan,2.20981762522e-08,nan,nan
13268,8.74268757645e-15,0,3.18385017989e-08,nan,nan,2.27961886407e-08,nan,nan
13272,8.7347240644e-15,0,3.29325836954e-08,nan,nan,2.35204513662e-08,nan,nan
13276,8.72043587324e-15,0,3.4115671043e-08,nan,nan,2.43046272043e-08,nan,nan
13280,8.71241541844e-15,0,3.5387248905e-08,nan,nan,2.51469319093e-08,nan,nan
13284,8.70509089318e-15,0,3.67221174825e-08,nan,nan,2.60328334284e-08,nan,nan
13288,8.69125758823e-15,0,3.82136813271e-08,nan,nan,2.702143327e-08,nan,nan
13292,8.6849350668e-15,0,3.97405334877e-08,nan,nan,2.80358620005e-08,nan,nan
13296,8.66918476541e-15,0,4.14976729187e-08,nan,nan,2.92011674322e-08,nan,nan
13300,8.66620699697e-15,0,4.32828074692e-08,nan,nan,3.03882429744e-08,nan,nan
13304,8.65387175287e-15,0,4.53557925227e-08,nan,nan,3.17638615289e-08,nan,nan
13308,8.6422291972e-15,0,4.75013119123e-08,nan,nan,3.31915033568e-08,nan,nan
13312,8.63254320188e-15,0,4.99529044254e-08,nan,nan,3.48194343872e-08,nan,nan
13316,8.6251195194e-15,0,5.26069597444e-08,nan,nan,3.65862087386e-08,nan,nan
13320,8.61526891178e-15,0,5.55312970812e-08,nan,nan,3.85294175399e-08,nan,nan
13324,8.60554379254e-15,0,5.89005219381e-08,nan,nan,4.07728505047e-08,nan,nan
13328,8.59192675544e-15,0,6.24607145916e-08,nan,nan,4.31402972391e-08,nan,nan
13332,8.58556872494e-15,0,6.68300477043e-08,nan,nan,4.60501225162e-08,nan,nan
13336,8.57520399379e-15,0,7.13287655159e-08,nan,nan,4.90437712485e-08,nan,nan
13340,8.56619650291e-15,0,7.7101657204e-08,nan,nan,5.28887838044e-08,nan,nan
13344,8.55521627065e-15,0,8.31170758473e-08,nan,nan,5.68941905383e-08,nan,nan
13348,8.54593670339e-15,0,9.09086264122e-08,nan,nan,6.20843862198e-08,nan,nan
13352,8.53535356471e-15,0,9.95818637906e-08,nan,nan,6.78622813701e-08,nan,nan
13356,8.52704569215e-15,0,1.10454877956e-07,nan,nan,7.51062379091e-08,nan,nan
13360,8.51782589671e-15,0,1.24195690039e-07,nan,nan,8.42629652584e-08,nan,nan
13364,8.50759732278e-15,0,1.40335231768e-07,nan,nan,9.50174990109e-08,nan,nan
13368,8.49577545737e-15,0,1.64958941304e-07,nan,nan,1.11429686948e-07,nan,nan
13372,8.48960972456e-15,0,1.92051144962e-07,nan,nan,1.29485425801e-07,nan,nan
13376,8.47776651787e-15,0,2.45710046492e-07,nan,nan,1.65254567809e-07,nan,nan
13380,8.47004985376e-15,0,3.05614128445e-07,nan,nan,2.05181224002e-07,nan,nan
13384,8.45876465284e-15,0,4.91858210794e-07,nan,nan,3.29343832799e-07,nan,nan
13388,8.44963203524e-15,0,8.98062973521e-07,nan,nan,5.99973536171e-07,nan,nan
13392,8.44074026884e-15,0,1.23362481441e-06,nan,nan,8.22926233037e-07,nan,nan
13396,8.42991396021e-15,0,1.22528980501e-06,nan,nan,8.16276828774e-07,nan,nan
13400,8.4217250221e-15,0,8.8007564866e-07,nan,nan,5.854302849e-07,nan,nan
13404,8.41257861808e-15,0,4.79835665938e-07,nan,nan,3.18471205278e-07,nan,nan
13408,8.40270039124e-15,0,3.05319933514e-07,nan,nan,2.02133199552e-07,nan,nan
13412,8.39150563218e-15,0,2.46081003018e-07,nan,nan,1.62641515541e-07,nan,nan
13416,8.38295969277e-15,0,1.93672934018e-07,nan,nan,1.27706636558e-07,nan,nan
13420,8.37469619986e-15,0,1.67189771613e-07,nan,nan,1.1005417759e-07,nan,nan
13424,8.36539037231e-15,0,1.42753832177e-07,nan,nan,9.37682997671e-08,nan,nan
13428,8.35419844142e-15,0,1.27020047112e-07,nan,nan,8.32814338828e-08,nan,nan
13432,8.347009371e-15,0,1.13293332894e-07,nan,nan,7.41357591994e-08,nan,nan
13436,8.33570210712e-15,0,1.02663917259e-07,nan,nan,6.70512304303e-08,nan,nan
13440,8.32481587343e-15,0,9.39923941625e-08,nan,nan,6.12759898666e-08,nan,nan
13444,8.31859439262e-15,0,8.63316897829e-08,nan,nan,5.6170702879e-08,nan,nan
13448,8.30935635962e-15,0,8.03340972793e-08,nan,nan,5.21780022842e-08,nan,nan
13452,8.29913965008e-15,0,7.4621028239e-08,nan,nan,4.83716699136e-08,nan,nan
13456,8.28990190569e-15,0,7.01543872956e-08,nan,nan,4.53984783249e-08,nan,nan
13460,8.27904422267e-15,0,6.58058692797e-08,nan,nan,4.25021904079e-08,nan,nan
13464,8.27166901575e-15,0,6.22833385519e-08,nan,nan,4.01571888169e-08,nan,nan
13468,8.26107601767e-15,0,5.89164137318e-08,nan,nan,3.79178226062e-08,nan,nan
13472,8.2525384356e-15,0,5.60262219668e-08,nan,nan,3.59951925287e-08,nan,nan
13476,8.24384471326e-15,0,5.3369987096e-08,nan,nan,3.42303539101e-08,nan,nan
13480,8.23497960939e-15,0,5.09488480126e-08,nan,nan,3.26134670721e-08,nan,nan
13484,8.22422713469e-15,0,4.88064807871e-08,nan,nan,3.11859815921e-08,nan,nan
13488,8.21597078386e-15,0,4.6749323592e-08,nan,nan,2.98206648693e-08,nan,nan
13492,8.2047394293e-15,0,4.49492039503e-08,nan,nan,2.86581869355e-08,nan,nan
13496,8.19847990615e-15,0,4.3174591617e-08,nan,nan,2.75232633767e-08,nan,nan
13500,8.18793065942e-15,0,4.16403287171e-08,nan,nan,2.65305485685e-08,nan,nan
13504,8.17779964013e-15,0,4.01768248293e-08,nan,nan,2.55182646332e-08,nan,nan
13508,8.17035336087e-15,0,3.88979990168e-08,nan,nan,2.45924591308e-08,nan,nan
13512,8.1618485677e-15,0,3.76542765415e-08,nan,nan,2.37230969559e-08,nan,nan
13516,8.15156944496e-15,0,3.64609816887e-08,nan,nan,2.29639503418e-08,nan,nan
13520,8.14200876912e-15,0,3.53384875769e-08,nan,nan,2.22687845083e-08,nan,nan
13524,8.13401614002e-15,0,3.43005316149e-08,nan,nan,2.15651764255e-08,nan,nan
13528,8.12384214863e-15,0,3.33746370665e-08,nan,nan,2.09076197821e-08,nan,nan
13532,8.11481245619e-15,0,3.2437485668e-08,nan,nan,2.02902643122e-08,nan,nan
13536,8.10606806623e-15,0,3.1564858634e-08,nan,nan,1.97613672195e-08,nan,nan
13540,8.09725363125e-15,0,3.07377603681e-08,nan,nan,1.92031750982e-08,nan,nan
13544,8.08775928549e-15,0,3.00042261481e-08,nan,nan,1.86768234879e-08,nan,nan
13548,8.07966349234e-15,0,2.92577472033e-08,nan,nan,1.81912009694e-08,nan,nan
13552,8.07075922657e-15,0,2.85429387994e-08,nan,nan,1.7759676269e-08,nan,nan
13556,8.06104176761e-15,0,2.78957934299e-08,nan,nan,1.73087966422e-08,nan,nan
13560,8.05293024817e-15,0,2.72830401337e-08,nan,nan,1.68718264219e-08,nan,nan
13564,8.04221491778e-15,0,2.66701214175e-08,nan,nan,1.65009964371e-08,nan,nan
13568,8.03547200222e-15,0,2.60835582893e-08,nan,nan,1.61245011453e-08,nan,nan
13572,8.02467561778e-15,0,2.55688196294e-08,nan,nan,1.57491042883e-08,nan,nan
13576,8.01622471948e-15,0,2.50361879375e-08,nan,nan,1.54004923101e-08,nan,nan
13580,8.00759535571e-15,0,2.45235277602e-08,nan,nan,1.50986911799e-08,nan,nan
13584,7.99901381562e-15,0,2.40597338179e-08,nan,nan,1.47578165912e-08,nan,nan
13588,7.9890572434e-15,0,2.36097609041e-08,nan,nan,1.44554272183e-08,nan,nan
13592,7.9817147728e-15,0,2.31479029221e-08,nan,nan,1.41838173134e-08,nan,nan
13596,7.97148398406e-15,0,2.27393484993e-08,nan,nan,1.38921245207e-08,nan,nan
13600,7.9641806262e-15,0,2.23429218546e-08,nan,nan,1.36189037592e-08,nan,nan
13604,7.95573481698e-15,0,2.19319889382e-08,nan,nan,1.33769193951e-08,nan,nan
13608,7.94427850577e-15,0,2.15697790125e-08,nan,nan,1.31238777747e-08,nan,nan
13612,7.93563906966e-15,0,2.12142658736e-08,nan,nan,1.28713442335e-08,nan,nan
13616,7.92967342629e-15,0,2.08478677311e-08,nan,nan,1.26683713099e-08,nan,nan
13620,7.91919008059e-15,0,2.05266903157e-08,nan,nan,1.24243810569e-08,nan,nan
13624,7.91118624967e-15,0,2.02030369722e-08,nan,nan,1.22169131861e-08,nan,nan
13628,7.90165064113e-15,0,1.98743989671e-08,nan,nan,1.2021826954e-08,nan,nan
13632,7.89288685121e-15,0,1.9593777603e-08,nan,nan,1.18032168133e-08,nan,nan
13636,7.88362340833e-15,0,1.92847720513e-08,nan,nan,1.16275329055e-08,nan,nan
13640,7.87658735428e-15,0,1.90073800934e-08,nan,nan,1.1434022293e-08,nan,nan
13644,7.86779612437e-15,0,1.87396819552e-08,nan,nan,1.12517465642e-08,nan,nan
13648,7.85657126908e-15,0,1.84625047359e-08,nan,nan,1.10850566704e-08,nan,nan
13652,7.85066536996e-15,0,1.821884496e-08,nan,nan,1.09084680619e-08,nan,nan
13656,7.84055495296e-15,0,1.79605486472e-08,nan,nan,1.07494167536e-08,nan,nan
13660,7.83286384303e-15,0,1.77243296037e-08,nan,nan,1.05905542224e-08,nan,nan
13664,7.82365796616e-15,0,1.74894237345e-08,nan,nan,1.04340379449e-08,nan,nan
13668,7.81397798352e-15,0,1.72610722503e-08,nan,nan,1.0288782172e-08,nan,nan
13672,7.80698036805e-15,0,1.7042791332e-08,nan,nan,1.01405364181e-08,nan,nan
13676,7.79839017746e-15,0,1.68266825141e-08,nan,nan,1.00019229058e-08,nan,nan
13680,7.78934417672e-15,0,1.66202979375e-08,nan,nan,9.86492227173e-09,nan,nan
13684,7.77922827402e-15,0,1.64167194866e-08,nan,nan,9.73127418188e-09,nan,nan
13688,7.77346432794e-15,0,1.62214144576e-08,nan,nan,9.60385937075e-09,nan,nan
13692,7.76473306264e-15,0,1.602867797e-08,nan,nan,9.47642119109e-09,nan,nan
13696,7.75394258389e-15,0,1.58441335195e-08,nan,nan,9.35609073263e-09,nan,nan
13700,7.74648951272e-15,0,1.56612956569e-08,nan,nan,9.23576700792e-09,nan,nan
13704,7.73736776338e-15,0,1.54863454712e-08,nan,nan,9.12106520695e-09,nan,nan
13708,7.73062253893e-15,0,1.531326415e-08,nan,nan,9.00780620831e-09,nan,nan
13712,7.72107673768e-15,0,1.5146542631e-08,nan,nan,8.89811427643e-09,nan,nan
13716,7.71287528413e-15,0,1.49830204251e-08,nan,nan,8.79141138352e-09,nan,nan
13720,7.70444502972e-15,0,1.48236396969e-08,nan,nan,8.68645464736e-09,nan,nan
13724,7.69552408237e-15,0,1.46690231745e-08,nan,nan,8.58566387901e-09,nan,nan
13728,7.68692092486e-15,0,1.45166611003e-08,nan,nan,8.48533238326e-09,nan,nan
13732,7.67939940765e-15,0,1.43699451599e-08,nan,nan,8.38975138984e-09,nan,nan
13736,7.67040441528e-15,0,1.42246052196e-08,nan,nan,8.29404534667e-09,nan,nan
13740,7.66161197798e-15,0,1.40847114321e-08,nan,nan,8.20296911374e-09,nan,nan
13744,7.65303346407e-15,0,1.39464390466e-08,nan,nan,8.11190927323e-09,nan,nan
13748,7.64681221029e-15,0,1.38124595456e-08,nan,nan,8.02473080009e-09,nan,nan
13752,7.63507332936e-15,0,1.36811339614e-08,nan,nan,7.93824827837e-09,nan,nan
13756,7.63092630496e-15,0,1.35524703661e-08,nan,nan,7.85454889669e-09,nan,nan
13760,7.62032434838e-15,0,1.34277107832e-08,nan,nan,7.77241616139e-09,nan,nan
13764,7.61049499096e-15,0,1.33040964966e-08,nan,nan,7.69199016691e-09,nan,nan
13768,7.60425078989e-15,0,1.31852865009e-08,nan,nan,7.61382593186e-09,nan,nan
13772,7.59413517746e-15,0,1.30667054546e-08,nan,nan,7.53663294511e-09,nan,nan
13776,7.58867480032e-15,0,1.29531082619e-08,nan,nan,7.461973723e-09,nan,nan
13780,7.57927367545e-15,0,1.28396482749e-08,nan,nan,7.38804633879e-09,nan,nan
13784,7.56882999067e-15,0,1.27305619572e-08,nan,nan,7.31644723733e-09,nan,nan
13788,7.56283528034e-15,0,1.2622258602e-08,nan,nan,7.24579099459e-09,nan,nan
13792,7.55397902659e-15,0,1.25171503721e-08,nan,nan,7.17691039708e-09,nan,nan
13796,7.54655935804e-15,0,1.24138709402e-08,nan,nan,7.10942973415e-09,nan,nan
13800,7.53614751288e-15,0,1.2312440742e-08,nan,nan,7.04306714012e-09,nan,nan
13804,7.52995447033e-15,0,1.22138472494e-08,nan,nan,6.9785444387e-09,nan,nan
13808,7.52209445167e-15,0,1.21160214693e-08,nan,nan,6.91463453918e-09,nan,nan
13812,7.51202617456e-15,0,1.20216336083e-08,nan,nan,6.85277349532e-09,nan,nan
13816,7.50477415777e-15,0,1.19274917992e-08,nan,nan,6.79133842178e-09,nan,nan
13820,7.49705136154e-15,0,1.18367836299e-08,nan,nan,6.73182527159e-09,nan,nan
13824,7.48918740359e-15,0,1.17464245308e-08,nan,nan,6.67288965231e-09,nan,nan
13828,7.47984974474e-15,0,1.16589282113e-08,nan,nan,6.6154553896e-09,nan,nan
13832,7.47242692948e-15,0,1.15723617854e-08,nan,nan,6.55898264782e-09,nan,nan
13836,7.4629674042e-15,0,1.14877590251e-08,nan,nan,6.50345549543e-09,nan,nan
13840,7.45681713911e-15,0,1.14048507814e-08,nan,nan,6.44932022642e-09,nan,nan
13844,7.44858075881e-15,0,1.13230041265e-08,nan,nan,6.3956374871e-09,nan,nan
13848,7.43914577048e-15,0,1.12434769262e-08,nan,nan,6.3436339101e-09,nan,nan
13852,7.43146958938e-15,0,1.11643958791e-08,nan,nan,6.29181313656e-09,nan,nan
13856,7.42367632266e-15,0,1.10878850124e-08,nan,nan,6.24169551289e-09,nan,nan
13860,7.41638263939e-15,0,1.10116476022e-08,nan,nan,6.1917817079e-09,nan,nan
13864,7.40721191992e-15,0,1.09377856062e-08,nan,nan,6.14331926509e-09,nan,nan
13868,7.40029996088e-15,0,1.08644484375e-08,nan,nan,6.09532978364e-09,nan,nan
13872,7.39181291484e-15,0,1.07929470689e-08,nan,nan,6.04835367801e-09,nan,nan
13876,7.38276984246e-15,0,1.07224761454e-08,nan,nan,6.00224126053e-09,nan,nan
13880,7.37524378734e-15,0,1.06531757218e-08,nan,nan,5.95666662757e-09,nan,nan
13884,7.36883956641e-15,0,1.05854192086e-08,nan,nan,5.91231258773e-09,nan,nan
13888,7.36000189134e-15,0,1.05182905282e-08,nan,nan,5.86812900384e-09,nan,nan
13892,7.35151494564e-15,0,1.04529990127e-08,nan,nan,5.82536564478e-09,nan,nan
13896,7.34333803393e-15,0,1.03881009143e-08,nan,nan,5.78260272164e-09,nan,nan
13900,7.33616696763e-15,0,1.03249822292e-08,nan,nan,5.74125515245e-09,nan,nan
13904,7.32817597866e-15,0,1.02623936653e-08,nan,nan,5.6999385683e-09,nan,nan
13908,7.31946851423e-15,0,1.02011845889e-08,nan,nan,5.65986359474e-09,nan,nan
13912,7.31245877606e-15,0,1.01409416411e-08,nan,nan,5.61997508253e-09,nan,nan
13916,7.30376807325e-15,0,1.00814638759e-08,nan,nan,5.58108848016e-09,nan,nan
13920,7.29815538039e-15,0,1.00235054906e-08,nan,nan,5.54256200124e-09,nan,nan
13924,7.28689707468e-15,0,9.96568601697e-09,nan,nan,5.50484447791e-09,nan,nan
13928,7.28206202159e-15,0,9.90985997169e-09,nan,nan,5.46756318694e-09,nan,nan
13932,7.27124866052e-15,0,9.85373996854e-09,nan,nan,5.43101745745e-09,nan,nan
13936,7.26693381061e-15,0,9.79981768004e-09,nan,nan,5.39485851853e-09,nan,nan
13940,7.25590387985e-15,0,9.74547291216e-09,nan,nan,5.35950991776e-09,nan,nan
13944,7.24895363241e-15,0,9.69320534387e-09,nan,nan,5.32437373806e-09,nan,nan
13948,7.24237991678e-15,0,9.64074421738e-09,nan,nan,5.29018197621e-09,nan,nan
13952,7.23410612079e-15,0,9.58992178762e-09,nan,nan,5.25601731503e-09,nan,nan
13956,7.22711342e-15,0,9.53935877707e-09,nan,nan,5.22293506058e-09,nan,nan
13960,7.21654743244e-15,0,9.48984982057e-09,nan,nan,5.18974326684e-09,nan,nan
13964,7.21062094948e-15,0,9.44116919155e-09,nan,nan,5.15762925572e-09,nan,nan
13968,7.20266207955e-15,0,9.3929289073e-09,nan,nan,5.12545750005e-09,nan,nan
13972,7.19563428306e-15,0,9.34596610118e-09,nan,nan,5.09422042407e-09,nan,nan
13976,7.18793048117e-15,0,9.2990665274e-09,nan,nan,5.06307715434e-09,nan,nan
13980,7.17914866602e-15,0,9.25365964187e-09,nan,nan,5.03259089173e-09,nan,nan
13984,7.17235947195e-15,0,9.20814474421e-09,nan,nan,5.00252379602e-09,nan,nan
13988,7.16385441644e-15,0,9.16408945892e-09,nan,nan,4.97273845579e-09,nan,nan
13992,7.15629975782e-15,0,9.12009473459e-09,nan,nan,4.94364347103e-09,nan,nan
13996,7.14874008798e-15,0,9.07719766283e-09,nan,nan,4.91459878166e-09,nan,nan
14000,7.14108382156e-15,0,9.03470515964e-09,nan,nan,4.88642093693e-09,nan,nan
14004,7.13490375979e-15,0,8.99296712919e-09,nan,nan,4.85807351178e-09,nan,nan
14008,7.12560191503e-15,0,8.95188162915e-09,nan,nan,4.83074399113e-09,nan,nan
14012,7.1186852169e-15,0,8.91126459934e-09,nan,nan,4.80317756447e-09,nan,nan
14016,7.1111789015e-15,0,8.87152774384e-09,nan,nan,4.77652663657e-09,nan,nan
14020,7.10224259139e-15,0,8.83208634843e-09,nan,nan,4.749779103e-09,nan,nan
14024,7.09544574152e-15,0,8.79345319475e-09,nan,nan,4.72382174145e-09,nan,nan
14028,7.08718095397e-15,0,8.75538439429e-09,nan,nan,4.69775795837e-09,nan,nan
14032,7.08100459988e-15,0,8.71765565569e-09,nan,nan,4.67253390825e-09,nan,nan
14036,7.07385443265e-15,0,8.68092499403e-09,nan,nan,4.64717038765e-09,nan,nan
14040,7.06519986269e-15,0,8.64420643148e-09,nan,nan,4.62250334133e-09,nan,nan
14044,7.05795626303e-15,0,8.60856421056e-09,nan,nan,4.59799612929e-09,nan,nan
14048,7.05020632736e-15,0,8.57300905874e-09,nan,nan,4.57373628091e-09,nan,nan
14052,7.04236778278e-15,0,8.53831479514e-09,nan,nan,4.55007370255e-09,nan,nan
14056,7.03436084774e-15,0,8.50390838485e-09,nan,nan,4.52629308515e-09,nan,nan
14060,7.02928231065e-15,0,8.47016141492e-09,nan,nan,4.50329190884e-09,nan,nan
14064,7.0198689987e-15,0,8.43683417798e-09,nan,nan,4.48013321346e-09,nan,nan
14068,7.01233918702e-15,0,8.40401756911e-09,nan,nan,4.45764242791e-09,nan,nan
14072,7.00511023041e-15,0,8.37175358724e-09,nan,nan,4.43515857476e-09,nan,nan
14076,6.9982822192e-15,0,8.33981071246e-09,nan,nan,4.4131297425e-09,nan,nan
14080,6.99112544898e-15,0,8.30860026041e-09,nan,nan,4.39129643649e-09,nan,nan
14084,6.98284265305e-15,0,8.2775106305e-09,nan,nan,4.36972568553e-09,nan,nan
14088,6.9747120844e-15,0,8.24728686958e-09,nan,nan,4.34850458625e-09,nan,nan
14092,6.96816245698e-15,0,8.21709369052e-09,nan,nan,4.32738875259e-09,nan,nan
14096,6.96109532922e-15,0,8.18774317117e-09,nan,nan,4.30674579068e-09,nan,nan
14100,6.9544522287e-15,0,8.15851550675e-09,nan,nan,4.28608242233e-09,nan,nan
14104,6.94519210284e-15,0,8.12992752449e-09,nan,nan,4.26598050674e-09,nan,nan
14108,6.93806590067e-15,0,8.1017119563e-09,nan,nan,4.24577340488e-09,nan,nan
14112,6.9321579016e-15,0,8.07381774723e-09,nan,nan,4.2261724579e-09,nan,nan
14116,6.9246032636e-15,0,8.04661113394e-09,nan,nan,4.20642619305e-09,nan,nan
14120,6.91531030883e-15,0,8.01939904372e-09,nan,nan,4.18729106116e-09,nan,nan
14124,6.90966411716e-15,0,7.9931440328e-09,nan,nan,4.16800360656e-09,nan,nan
14128,6.90280270552e-15,0,7.96665456899e-09,nan,nan,4.14930848735e-09,nan,nan
14132,6.89247904848e-15,0,7.9412524735e-09,nan,nan,4.13047062126e-09,nan,nan
14136,6.88913876903e-15,0,7.91555847021e-09,nan,nan,4.11219598805e-09,nan,nan
14140,6.88038896552e-15,0,7.89089446119e-09,nan,nan,4.09379683467e-09,nan,nan
14144,6.87290120771e-15,0,7.86607216065e-09,nan,nan,4.07592258772e-09,nan,nan
14148,6.86454887947e-15,0,7.84204558589e-09,nan,nan,4.05795612152e-09,nan,nan
14152,6.85826642829e-15,0,7.81814514362e-09,nan,nan,4.04045646279e-09,nan,nan
14156,6.85058512552e-15,0,7.79469554037e-09,nan,nan,4.0229242877e-09,nan,nan
14160,6.84507252925e-15,0,7.77172047231e-09,nan,nan,4.00576775413e-09,nan,nan
14164,6.83658560731e-15,0,7.7488408206e-09,nan,nan,3.98867608799e-09,nan,nan
14168,6.82796877867e-15,0,7.72674306705e-09,nan,nan,3.97183116932e-09,nan,nan
14172,6.82260091683e-15,0,7.70447609331e-09,nan,nan,3.95518305017e-09,nan,nan
14176,6.81420520463e-15,0,7.68316788489e-09,nan,nan,3.93862712964e-09,nan,nan
14180,6.80807318269e-15,0,7.66158705637e-09,nan,nan,3.92241324963e-09,nan,nan
14184,6.80129504565e-15,0,7.64096516542e-09,nan,nan,3.90614080963e-09,nan,nan
14188,6.79442476447e-15,0,7.62014712123e-09,nan,nan,3.89033328586e-09,nan,nan
14192,6.78562187449e-15,0,7.60012125198e-09,nan,nan,3.87435916001e-09,nan,nan
14196,6.7787004534e-15,0,7.58011886859e-09,nan,nan,3.85891178387e-09,nan,nan
14200,6.77120041547e-15,0,7.56063495471e-09,nan,nan,3.84326695646e-09,nan,nan
14204,6.76643430093e-15,0,7.54145948862e-09,nan,nan,3.8281231547e-09,nan,nan
14208,6.75719757564e-15,0,7.52251081193e-09,nan,nan,3.81284346891e-09,nan,nan
14212,6.7503396375e-15,0,7.50412820812e-09,nan,nan,3.79795005066e-09,nan,nan
14216,6.74418606998e-15,0,7.48575158938e-09,nan,nan,3.7830611365e-09,nan,nan
14220,6.73532263844e-15,0,7.468093254e-09,nan,nan,3.76838324699e-09,nan,nan
14224,6.72941861568e-15,0,7.45035240863e-09,nan,nan,3.75388700387e-09,nan,nan
14228,6.72271224923e-15,0,7.43333616581e-09,nan,nan,3.73941868737e-09,nan,nan
14232,6.71482413197e-15,0,7.41629817149e-09,nan,nan,3.72528676722e-09,nan,nan
14236,6.70900944873e-15,0,7.39985232203e-09,nan,nan,3.71105252864e-09,nan,nan
14240,6.70053900495e-15,0,7.38356490177e-09,nan,nan,3.69723016439e-09,nan,nan
14244,6.69519039897e-15,0,7.36764789708e-09,nan,nan,3.68327576989e-09,nan,nan
14248,6.68547691526e-15,0,7.35212437356e-09,nan,nan,3.6696957377e-09,nan,nan
14252,6.68162585095e-15,0,7.33673441737e-09,nan,nan,3.65607042686e-09,nan,nan
14256,6.673202433e-15,0,7.32195031825e-09,nan,nan,3.64267312304e-09,nan,nan
14260,6.66412314386e-15,0,7.30712259589e-09,nan,nan,3.62940892007e-09,nan,nan
14264,6.66086761992e-15,0,7.29302421777e-09,nan,nan,3.61616174087e-09,nan,nan
14268,6.65148249538e-15,0,7.27881729993e-09,nan,nan,3.60325724254e-09,nan,nan
14272,6.64449742423e-15,0,7.26533913043e-09,nan,nan,3.5901659115e-09,nan,nan
14276,6.63894155925e-15,0,7.25181512136e-09,nan,nan,3.57758109366e-09,nan,nan
14280,6.63227233527e-15,0,7.23890067161e-09,nan,nan,3.56468783095e-09,nan,nan
14284,6.62421017409e-15,0,7.226105163e-09,nan,nan,3.55235302661e-09,nan,nan
14288,6.61750404037e-15,0,7.21372501169e-09,nan,nan,3.53972087671e-09,nan,nan
14292,6.60883591578e-15,0,7.20167274541e-09,nan,nan,3.52755798092e-09,nan,nan
14296,6.60463670862e-15,0,7.18983444526e-09,nan,nan,3.51524583079e-09,nan,nan
14300,6.59763447002e-15,0,7.17850496795e-09,nan,nan,3.50319478771e-09,nan,nan
14304,6.58798311233e-15,0,7.16725160017e-09,nan,nan,3.4912318433e-09,nan,nan
14308,6.58400208018e-15,0,7.15659662549e-09,nan,nan,3.47927253083e-09,nan,nan
14312,6.57766798347e-15,0,7.14599386056e-09,nan,nan,3.4676423958e-09,nan,nan
14316,6.56696359955e-15,0,7.13595498034e-09,nan,nan,3.45580259553e-09,nan,nan
14320,6.5632208777e-15,0,7.12606982025e-09,nan,nan,3.44444456881e-09,nan,nan
14324,6.5555101118e-15,0,7.11660204962e-09,nan,nan,3.43278907921e-09,nan,nan
14328,6.54734523538e-15,0,7.10747953173e-09,nan,nan,3.42161794048e-09,nan,nan
14332,6.54255879713e-15,0,7.09857340549e-09,nan,nan,3.41022123511e-09,nan,nan
14336,6.53577197269e-15,0,7.09021877878e-09,nan,nan,3.39915954959e-09,nan,nan
14340,6.5298904082e-15,0,7.08191216008e-09,nan,nan,3.38807219039e-09,nan,nan
14344,6.52046841033e-15,0,7.07428704244e-09,nan,nan,3.37708165976e-09,nan,nan
14348,6.51328560575e-15,0,7.06666053758e-09,nan,nan,3.366304079e-09,nan,nan
14352,6.50936309888e-15,0,7.05969702556e-09,nan,nan,3.35540271554e-09,nan,nan
14356,6.5005154576e-15,0,7.05284919231e-09,nan,nan,3.3448809695e-09,nan,nan
14360,6.49516022884e-15,0,7.04648272031e-09,nan,nan,3.33413411569e-09,nan,nan
14364,6.48813945692e-15,0,7.04049463377e-09,nan,nan,3.32377964116e-09,nan,nan
14368,6.48116066653e-15,0,7.03470203865e-09,nan,nan,3.31326939892e-09,nan,nan
14372,6.47282795598e-15,0,7.0296001048e-09,nan,nan,3.30300108235e-09,nan,nan
14376,6.4684178088e-15,0,7.02443169257e-09,nan,nan,3.29277908775e-09,nan,nan
14380,6.4586609193e-15,0,7.02017433864e-09,nan,nan,3.28256366758e-09,nan,nan
14384,6.4568103777e-15,0,7.01574691541e-09,nan,nan,3.27262317483e-09,nan,nan
14388,6.44710834756e-15,0,7.01224109753e-09,nan,nan,3.26249428728e-09,nan,nan
14392,6.43962182296e-15,0,7.00870649538e-09,nan,nan,3.25276021688e-09,nan,nan
14396,6.43549317626e-15,0,7.00585309567e-09,nan,nan,3.24280627871e-09,nan,nan
14400,6.42581337163e-15,0,7.0033310173e-09,nan,nan,3.23318100235e-09,nan,nan
14404,6.4219976527e-15,0,7.00111252247e-09,nan,nan,3.22347607495e-09,nan,nan
14408,6.41438080993e-15,0,6.99963806184e-09,nan,nan,3.21390311607e-09,nan,nan
14412,6.40737100691e-15,0,6.99813902094e-09,nan,nan,3.20446805573e-09,nan,nan
14416,6.40029927314e-15,0,6.99765699335e-09,nan,nan,3.19495402848e-09,nan,nan
14420,6.39378993312e-15,0,6.99705626387e-09,nan,nan,3.18573215939e-09,nan,nan
14424,6.38705630843e-15,0,6.99743010298e-09,nan,nan,3.17637116926e-09,nan,nan
14428,6.38350417959e-15,0,6.99795692943e-09,nan,nan,3.16723723715e-09,nan,nan
14432,6.37413193876e-15,0,6.99908666875e-09,nan,nan,3.15813343297e-09,nan,nan
14436,6.36621196694e-15,0,7.00085554568e-09,nan,nan,3.14903474488e-09,nan,nan
14440,6.36152368125e-15,0,7.00283321526e-09,nan,nan,3.14015442429e-09,nan,nan
14444,6.3564840152e-15,0,7.00577758484e-09,nan,nan,3.13118795679e-09,nan,nan
14448,6.34772779466e-15,0,7.00882765854e-09,nan,nan,3.12239994198e-09,nan,nan
14452,6.34027693045e-15,0,7.01285769582e-09,nan,nan,3.11366997165e-09,nan,nan
14456,6.33578598533e-15,0,7.01715631723e-09,nan,nan,3.10492216419e-09,nan,nan
14460,6.32817018007e-15,0,7.02228872148e-09,nan,nan,3.0964087943e-09,nan,nan
14464,6.32353694123e-15,0,7.02792958208e-09,nan,nan,3.0877660058e-09,nan,nan
14468,6.31535009243e-15,0,7.03424422345e-09,nan,nan,3.07937995224e-09,nan,nan
14472,6.30720280161e-15,0,7.04132222945e-09,nan,nan,3.070916617e-09,nan,nan
14476,6.3037611277e-15,0,7.04889665913e-09,nan,nan,3.06260676258e-09,nan,nan
14480,6.29662631495e-15,0,7.05753199815e-09,nan,nan,3.05433762064e-09,nan,nan
14484,6.28966202457e-15,0,7.06646746808e-09,nan,nan,3.04610950856e-09,nan,nan
14488,6.2821361538e-15,0,7.07675428023e-09,nan,nan,3.0380114892e-09,nan,nan
14492,6.27633396275e-15,0,7.0872306005e-09,nan,nan,3.02988672028e-09,nan,nan
14496,6.27139747395e-15,0,7.09920723029e-09,nan,nan,3.02193762171e-09,nan,nan
14500,6.26415498881e-15,0,7.11148545232e-09,nan,nan,3.01392910279e-09,nan,nan
14504,6.25694126676e-15,0,7.12516891895e-09,nan,nan,3.00611616648e-09,nan,nan
14508,6.25041139178e-15,0,7.13954254137e-09,nan,nan,2.9982311594e-09,nan,nan
14512,6.24450866756e-15,0,7.15499603537e-09,nan,nan,2.9905433165e-09,nan,nan
14516,6.23873171947e-15,0,7.17173256248e-09,nan,nan,2.98279007995e-09,nan,nan
14520,6.23075197155e-15,0,7.1891240889e-09,nan,nan,2.97521538676e-09,nan,nan
14524,6.22617894227e-15,0,7.20842830659e-09,nan,nan,2.96760136468e-09,nan,nan
14528,6.21995545591e-15,0,7.22805936223e-09,nan,nan,2.96013163624e-09,nan,nan
14532,6.21136250673e-15,0,7.25007210499e-09,nan,nan,2.9526581185e-09,nan,nan
14536,6.20595485677e-15,0,7.27237109315e-09,nan,nan,2.94529313144e-09,nan,nan
14540,6.19965862959e-15,0,7.29720719863e-09,nan,nan,2.93795329389e-09,nan,nan
14544,6.19598874553e-15,0,7.32269059074e-09,nan,nan,2.93070013827e-09,nan,nan
14548,6.18558769733e-15,0,7.35050960414e-09,nan,nan,2.9234819746e-09,nan,nan
14552,6.17952111796e-15,0,7.37972243496e-09,nan,nan,2.91635043708e-09,nan,nan
14556,6.17632995749e-15,0,7.41081342577e-09,nan,nan,2.9092422499e-09,nan,nan
14560,6.16886685271e-15,0,7.44427051707e-09,nan,nan,2.90223921263e-09,nan,nan
14564,6.16076629522e-15,0,7.47912464852e-09,nan,nan,2.89523466754e-09,nan,nan
14568,6.15493391504e-15,0,7.51727999796e-09,nan,nan,2.88836009347e-09,nan,nan
14572,6.15153956741e-15,0,7.55662661638e-09,nan,nan,2.88146082532e-09,nan,nan
14576,6.14348786346e-15,0,7.59989502326e-09,nan,nan,2.87470668294e-09,nan,nan
14580,6.13350162053e-15,0,7.64468834648e-09,nan,nan,2.86792179015e-09,nan,nan
14584,6.13282088273e-15,0,7.69352847218e-09,nan,nan,2.86127399349e-09,nan,nan
14588,6.12492133567e-15,0,7.74488832986e-09,nan,nan,2.85461690865e-09,nan,nan
14592,6.11574601337e-15,0,7.7999342398e-09,nan,nan,2.84805930399e-09,nan,nan
14596,6.11319422711e-15,0,7.85906206048e-09,nan,nan,2.8415433175e-09,nan,nan
14600,6.10648522008e-15,0,7.92127045762e-09,nan,nan,2.83506221328e-09,nan,nan
14604,6.0984605375e-15,0,7.98937739196e-09,nan,nan,2.82869622475e-09,nan,nan
14608,6.09292866411e-15,0,8.06014931332e-09,nan,nan,2.82228400445e-09,nan,nan
14612,6.08858605647e-15,0,8.13844113462e-09,nan,nan,2.81606978547e-09,nan,nan
14616,6.0801527709e-15,0,8.21968257325e-09,nan,nan,2.80972662098e-09,nan,nan
14620,6.07408880349e-15,0,8.30943827472e-09,nan,nan,2.80365818301e-09,nan,nan
14624,6.06900799933e-15,0,8.40354073527e-09,nan,nan,2.79739160005e-09,nan,nan
14628,6.06214332594e-15,0,8.50629582254e-09,nan,nan,2.79145654243e-09,nan,nan
14632,6.05495190341e-15,0,8.61604129993e-09,nan,nan,2.78527929397e-09,nan,nan
14636,6.05185712425e-15,0,8.7338503863e-09,nan,nan,2.77946147718e-09,nan,nan
14640,6.04211353537e-15,0,8.86227384946e-09,nan,nan,2.77338855059e-09,nan,nan
14644,6.03718820899e-15,0,8.99799557708e-09,nan,nan,2.76767120342e-09,nan,nan
14648,6.03453874687e-15,0,9.14826775545e-09,nan,nan,2.76171679064e-09,nan,nan
14652,6.02447381381e-15,0,9.30580047462e-09,nan,nan,2.75608528539e-09,nan,nan
14656,6.01800944788e-15,0,9.48121296455e-09,nan,nan,2.75026033482e-09,nan,nan
14660,6.01516727622e-15,0,9.66561363328e-09,nan,nan,2.744704208e-09,nan,nan
14664,6.00583084726e-15,0,9.86974168037e-09,nan,nan,2.73901484834e-09,nan,nan
14668,6.00090387396e-15,0,1.00871795199e-08,nan,nan,2.73352894477e-09,nan,nan
14672,5.99584444926e-15,0,1.03242605326e-08,nan,nan,2.72797576467e-09,nan,nan
14676,5.98834691588e-15,0,1.05817948937e-08,nan,nan,2.72256056334e-09,nan,nan
14680,5.98299480235e-15,0,1.08573089525e-08,nan,nan,2.71713862188e-09,nan,nan
14684,5.97726108009e-15,0,1.11625507098e-08,nan,nan,2.71179988073e-09,nan,nan
14688,5.97022433512e-15,0,1.14839507724e-08,nan,nan,2.70649936648e-09,nan,nan
14692,5.96494687472e-15,0,1.18447749507e-08,nan,nan,2.70124717112e-09,nan,nan
14696,5.95923323275e-15,0,1.22223059424e-08,nan,nan,2.69605465947e-09,nan,nan
14700,5.95219189652e-15,0,1.26469147579e-08,nan,nan,2.69090188145e-09,nan,nan
14704,5.94703960721e-15,0,1.30944808565e-08,nan,nan,2.68580213842e-09,nan,nan
14708,5.94049326579e-15,0,1.35922438793e-08,nan,nan,2.6807623689e-09,nan,nan
14712,5.9338484221e-15,0,1.41283387032e-08,nan,nan,2.6757405989e-09,nan,nan
14716,5.93029608058e-15,0,1.47119599866e-08,nan,nan,2.67082577577e-09,nan,nan
14720,5.9217543733e-15,0,1.53608214174e-08,nan,nan,2.66587004065e-09,nan,nan
14724,5.91641850411e-15,0,1.60505714373e-08,nan,nan,2.66108812049e-09,nan,nan
14728,5.91172079405e-15,0,1.68440911318e-08,nan,nan,2.65619146594e-09,nan,nan
14732,5.90460396731e-15,0,1.76752759433e-08,nan,nan,2.65154462154e-09,nan,nan
14736,5.89909597787e-15,0,1.86570131365e-08,nan,nan,2.64670639411e-09,nan,nan
14740,5.89338159345e-15,0,1.96929513902e-08,nan,nan,2.64219026885e-09,nan,nan
14744,5.88584946622e-15,0,2.09273819762e-08,nan,nan,2.63741621354e-09,nan,nan
14748,5.88133535199e-15,0,2.22830473292e-08,nan,nan,2.63302050038e-09,nan,nan
14752,5.87419124163e-15,0,2.38774922724e-08,nan,nan,2.62832161974e-09,nan,nan
14756,5.87170613489e-15,0,2.57672074947e-08,nan,nan,2.62403158299e-09,nan,nan
14760,5.86145133027e-15,0,2.7926445307e-08,nan,nan,2.61942248775e-09,nan,nan
14764,5.85670956941e-15,0,3.07755893671e-08,nan,nan,2.61522043441e-09,nan,nan
14768,5.85401277533e-15,0,3.39543076472e-08,nan,nan,2.61071818499e-09,nan,nan
14772,5.84404125393e-15,0,3.87186031818e-08,nan,nan,2.60658442447e-09,nan,nan
14776,5.84125657811e-15,0,4.414832246e-08,nan,nan,2.60220736102e-09,nan,nan
14780,5.83297058929e-15,0,5.35324802192e-08,nan,nan,2.59812231124e-09,nan,nan
14784,5.82859011434e-15,0,6.59249216874e-08,nan,nan,2.59388634675e-09,nan,nan
14788,5.82272787722e-15,0,9.24552158274e-08,nan,nan,2.58983602581e-09,nan,nan
14792,5.81436819494e-15,0,1.59148189358e-07,nan,nan,2.58574795918e-09,nan,nan
14796,5.81187745771e-15,0,2.26761401741e-07,nan,nan,2.58173035881e-09,nan,nan
14800,5.80446705375e-15,0,2.39409762356e-07,nan,nan,2.57778378173e-09,nan,nan
14804,5.79982079964e-15,0,1.85872701682e-07,nan,nan,2.57380913721e-09,nan,nan
14808,5.79309059686e-15,0,1.08408974725e-07,nan,nan,2.56998840681e-09,nan,nan
14812,5.78676311635e-15,0,6.26868827058e-08,nan,nan,2.56607210749e-09,nan,nan
14816,5.78188687065e-15,0,4.77978589789e-08,nan,nan,2.562360296e-09,nan,nan
14820,5.77588497863e-15,0,3.6295716216e-08,nan,nan,2.55851635634e-09,nan,nan
14824,5.77049643832e-15,0,2.97100789408e-08,nan,nan,2.55489897676e-09,nan,nan
14828,5.76229147325e-15,0,2.46016981779e-08,nan,nan,2.55113918535e-09,nan,nan
14832,5.76044802775e-15,0,2.08291695505e-08,nan,nan,2.5476031714e-09,nan,nan
14836,5.75200295324e-15,0,1.79732115867e-08,nan,nan,2.54393876066e-09,nan,nan
14840,5.74746182369e-15,0,1.55385849519e-08,nan,nan,2.54047105191e-09,nan,nan
14844,5.74020622351e-15,0,1.37073882002e-08,nan,nan,2.53691340273e-09,nan,nan
14848,5.73601608755e-15,0,1.20304775277e-08,nan,nan,2.53350101048e-09,nan,nan
14852,5.73075384946e-15,0,1.07410348102e-08,nan,nan,2.53006083722e-09,nan,nan
14856,5.72204346448e-15,0,9.53741755635e-09,nan,nan,2.52669248033e-09,nan,nan
14860,5.72038504053e-15,0,8.56822797782e-09,nan,nan,2.52337737177e-09,nan,nan
14864,5.71097193937e-15,0,7.67673988743e-09,nan,nan,2.52004667485e-09,nan,nan
14868,5.70830475468e-15,0,6.91611955926e-09,nan,nan,2.51685748557e-09,nan,nan
14872,5.70088344534e-15,0,6.23666076635e-09,nan,nan,2.51356633379e-09,nan,nan
14876,5.69556761394e-15,0,5.6239992393e-09,nan,nan,2.51049482865e-09,nan,nan
14880,5.69049859014e-15,0,5.09124935814e-09,nan,nan,2.50725409367e-09,nan,nan
14884,5.68270288908e-15,0,4.59088123636e-09,nan,nan,2.50428423427e-09,nan,nan
14888,5.67949916532e-15,0,4.16148624736e-09,nan,nan,2.50111059445e-09,nan,nan
14892,5.67293699459e-15,0,3.75014176923e-09,nan,nan,2.49822313712e-09,nan,nan
14896,5.66754396808e-15,0,3.39551862175e-09,nan,nan,2.49513373545e-09,nan,nan
14900,5.66153028837e-15,0,3.05627158393e-09,nan,nan,2.49231151511e-09,nan,nan
14904,5.65550596422e-15,0,2.75803321989e-09,nan,nan,2.4893193917e-09,nan,nan
14908,5.65121091205e-15,0,2.47763876014e-09,nan,nan,2.48655075018e-09,nan,nan
14912,5.64407162573e-15,0,2.22443952832e-09,nan,nan,2.48366282816e-09,nan,nan
14916,5.6393084936e-15,0,1.9924526101e-09,nan,nan,2.48094222209e-09,nan,nan
14920,5.6350916581e-15,0,1.77778619276e-09,nan,nan,2.47815994202e-09,nan,nan
14924,5.62725254913e-15,0,1.58656721218e-09,nan,nan,2.47548627485e-09,nan,nan
14928,5.622641045e-15,0,1.40739777545e-09,nan,nan,2.4728079569e-09,nan,nan
14932,5.61570860083e-15,0,1.25256966824e-09,nan,nan,2.47018186178e-09,nan,nan
14936,5.61230001579e-15,0,1.1088316611e-09,nan,nan,2.46760550847e-09,nan,nan
14940,5.60488937351e-15,0,9.89980473826e-10,nan,nan,2.46502678952e-09,nan,nan
14944,5.60074725728e-15,0,8.8475054705e-10,nan,nan,2.4625521795e-09,nan,nan
14948,5.59450539277e-15,0,8.05629913141e-10,nan,nan,2.46001831717e-09,nan,nan
14952,5.58965674022e-15,0,7.44287303571e-10,nan,nan,2.45764775423e-09,nan,nan
14956,5.58214872858e-15,0,7.09607889054e-10,nan,nan,2.45515390848e-09,nan,nan
14960,5.5790450396e-15,0,6.94140576987e-10,nan,nan,2.45289153038e-09,nan,nan
14964,5.57316932886e-15,0,7.01060534202e-10,nan,nan,2.4504318833e-09,nan,nan
14968,5.56685004731e-15,0,7.22874490233e-10,nan,nan,2.4482818423e-09,nan,nan
14972,5.56194224992e-15,0,7.58353083413e-10,nan,nan,2.44585172859e-09,nan,nan
14976,5.55476956957e-15,0,8.02638275225e-10,nan,nan,2.44381587403e-09,nan,nan
14980,5.55152285653e-15,0,8.52580739209e-10,nan,nan,2.44141406707e-09,nan,nan
14984,5.54343726675e-15,0,9.07390901812e-10,nan,nan,2.43948984165e-09,nan,nan
14988,5.54110238696e-15,0,9.62707260537e-10,nan,nan,2.43712037843e-09,nan,nan
14992,5.53335950511e-15,0,1.02100901654e-09,nan,nan,2.43529944731e-09,nan,nan
14996,5.52965979801e-15,0,1.07708757461e-09,nan,nan,2.43297248621e-09,nan,nan
15000,5.52233554832e-15,0,1.13513815144e-09,nan,nan,2.43124042952e-09,nan,nan
15004,5.51852454876e-15,0,1.1899264843e-09,nan,nan,2.42897191515e-09,nan,nan
15008,5.51065126831e-15,0,1.24579028997e-09,nan,nan,2.42730917118e-09,nan,nan
15012,5.50833392904e-15,0,1.29846866202e-09,nan,nan,2.4251193127e-09,nan,nan
15016,5.50196149378e-15,0,1.35121835975e-09,nan,nan,2.42350329043e-09,nan,nan
15020,5.49501652457e-15,0,1.40148184628e-09,nan,nan,2.42141398865e-09,nan,nan
15024,5.49087706255e-15,0,1.45080163007e-09,nan,nan,2.41982201645e-09,nan,nan
15028,5.48476747485e-15,0,1.49851607285e-09,nan,nan,2.41785361588e-09,nan,nan
15032,5.48021104895e-15,0,1.54447319339e-09,nan,nan,2.41626628057e-09,nan,nan
15036,5.4751408995e-15,0,1.58954348024e-09,nan,nan,2.41443426811e-09,nan,nan
15040,5.46989839935e-15,0,1.63241939503e-09,nan,nan,2.41283853961e-09,nan,nan
15044,5.46239805528e-15,0,1.67477169291e-09,nan,nan,2.41115083875e-09,nan,nan
15048,5.45866481431e-15,0,1.71492294864e-09,nan,nan,2.40954224611e-09,nan,nan
15052,5.45166911421e-15,0,1.75453630838e-09,nan,nan,2.40799770645e-09,nan,nan
15056,5.4480197333e-15,0,1.79229005297e-09,nan,nan,2.40638100764e-09,nan,nan
15060,5.44339787192e-15,0,1.8292326762e-09,nan,nan,2.40496958092e-09,nan,nan
15064,5.4355311574e-15,0,1.86482720386e-09,nan,nan,2.40335770787e-09,nan,nan
15068,5.43271359739e-15,0,1.89926938454e-09,nan,nan,2.40206239923e-09,nan,nan
15072,5.42561458191e-15,0,1.93284142938e-09,nan,nan,2.40047378063e-09,nan,nan
15076,5.42203512342e-15,0,1.96503522326e-09,nan,nan,2.39927394249e-09,nan,nan
15080,5.41540886302e-15,0,1.99664481937e-09,nan,nan,2.39772875559e-09,nan,nan
15084,5.41025195117e-15,0,2.02687786637e-09,nan,nan,2.39660397983e-09,nan,nan
15088,5.40397244734e-15,0,2.05655425757e-09,nan,nan,2.39512031061e-09,nan,nan
15092,5.3998094145e-15,0,2.08509607628e-09,nan,nan,2.39405396547e-09,nan,nan
15096,5.39704363588e-15,0,2.11288549573e-09,nan,nan,2.39264489777e-09,nan,nan
15100,5.38690296391e-15,0,2.13994539926e-09,nan,nan,2.39162627806e-09,nan,nan
15104,5.3844921407e-15,0,2.16594377298e-09,nan,nan,2.39029866875e-09,nan,nan
15108,5.37821472735e-15,0,2.19165239182e-09,nan,nan,2.38932319225e-09,nan,nan
15112,5.37316725901e-15,0,2.21601300303e-09,nan,nan,2.38807830821e-09,nan,nan
15116,5.3690539862e-15,0,2.24042973658e-09,nan,nan,2.3871463081e-09,nan,nan
15120,5.36210127322e-15,0,2.26334534199e-09,nan,nan,2.38598110847e-09,nan,nan
15124,5.3575336759e-15,0,2.28648670787e-09,nan,nan,2.38509730051e-09,nan,nan
15128,5.35349945749e-15,0,2.30815379058e-09,nan,nan,2.38400351599e-09,nan,nan
15132,5.34661987959e-15,0,2.33003355042e-09,nan,nan,2.38317983968e-09,nan,nan
15136,5.3413508254e-15,0,2.35061206819e-09,nan,nan,2.38213949286e-09,nan,nan
15140,5.3380614066e-15,0,2.371278663e-09,nan,nan,2.38139926994e-09,nan,nan
15144,5.33067552972e-15,0,2.3908675065e-09,nan,nan,2.38038465668e-09,nan,nan
15148,5.32717345684e-15,0,2.41041363726e-09,nan,nan,2.37975302589e-09,nan,nan
15152,5.32030044993e-15,0,2.42906884049e-09,nan,nan,2.37875140495e-09,nan,nan
15156,5.31573271173e-15,0,2.44758835534e-09,nan,nan,2.37821388729e-09,nan,nan
15160,5.3117567288e-15,0,2.46538825423e-09,nan,nan,2.37727841866e-09,nan,nan
15164,5.30506659998e-15,0,2.48291213467e-09,nan,nan,2.37674070893e-09,nan,nan
15168,5.30098459545e-15,0,2.49998523813e-09,nan,nan,2.37598714318e-09,nan,nan
15172,5.29578251451e-15,0,2.51652903781e-09,nan,nan,2.37535632388e-09,nan,nan
15176,5.28891354733e-15,0,2.53290930884e-09,nan,nan,2.37479016241e-09,nan,nan
15180,5.28534954581e-15,0,2.54869059227e-09,nan,nan,2.37420532343e-09,nan,nan
15184,5.28162338257e-15,0,2.56412121973e-09,nan,nan,2.37353001521e-09,nan,nan
15188,5.27326470018e-15,0,2.57959872664e-09,nan,nan,2.37337698715e-09,nan,nan
15192,5.27005252593e-15,0,2.59377950696e-09,nan,nan,2.3722672862e-09,nan,nan
15196,5.26369378603e-15,0,2.6091165691e-09,nan,nan,2.37262818768e-09,nan,nan
15200,5.25960620223e-15,0,2.62235462461e-09,nan,nan,2.37136406056e-09,nan,nan
15204,5.25655329329e-15,0,2.63697939835e-09,nan,nan,2.37162886272e-09,nan,nan
15208,5.24679054537e-15,0,2.65009911381e-09,nan,nan,2.37095005678e-09,nan,nan
15212,5.24539889192e-15,0,2.66338395068e-09,nan,nan,2.37052974274e-09,nan,nan
15216,5.23933456522e-15,0,2.67674031487e-09,nan,nan,2.37065945437e-09,nan,nan
15220,5.23288551187e-15,0,2.68882958299e-09,nan,nan,2.36974016551e-09,nan,nan
15224,5.22800830764e-15,0,2.70204055546e-09,nan,nan,2.3701999043e-09,nan,nan
15228,5.22513293349e-15,0,2.71354668647e-09,nan,nan,2.36937661498e-09,nan,nan
15232,5.21982546888e-15,0,2.72606516631e-09,nan,nan,2.36959477558e-09,nan,nan
15236,5.21087301837e-15,0,2.73752475057e-09,nan,nan,2.36933353352e-09,nan,nan
15240,5.21110140103e-15,0,2.7490173143e-09,nan,nan,2.36900345201e-09,nan,nan
15244,5.20222314874e-15,0,2.76063907877e-09,nan,nan,2.36941252905e-09,nan,nan
15248,5.19998827568e-15,0,2.77116164178e-09,nan,nan,2.36863400649e-09,nan,nan
15252,5.19276818292e-15,0,2.78276281691e-09,nan,nan,2.36943525472e-09,nan,nan
15256,5.18910574159e-15,0,2.79269167889e-09,nan,nan,2.36860993361e-09,nan,nan
15260,5.18333023696e-15,0,2.80387287636e-09,nan,nan,2.36934237001e-09,nan,nan
15264,5.17804209671e-15,0,2.81367743262e-09,nan,nan,2.36892773125e-09,nan,nan
15268,5.17414177942e-15,0,2.8240611416e-09,nan,nan,2.36919534301e-09,nan,nan
15272,5.16934149907e-15,0,2.83407988824e-09,nan,nan,2.3694815602e-09,nan,nan
15276,5.1620035867e-15,0,2.84349487621e-09,nan,nan,2.36912815566e-09,nan,nan
15280,5.15921663746e-15,0,2.85380960083e-09,nan,nan,2.37012812411e-09,nan,nan
15284,5.15306729156e-15,0,2.86235209376e-09,nan,nan,2.36927813884e-09,nan,nan
15288,5.14886758176e-15,0,2.87279094189e-09,nan,nan,2.37075159502e-09,nan,nan
15292,5.14385288702e-15,0,2.88076659754e-09,nan,nan,2.36973138993e-09,nan,nan
15296,5.13977089768e-15,0,2.89100514373e-09,nan,nan,2.37130341521e-09,nan,nan
15300,5.13265750641e-15,0,2.89880063462e-09,nan,nan,2.37049931634e-09,nan,nan
15304,5.12848817522e-15,0,2.90850184304e-09,nan,nan,2.3718089695e-09,nan,nan
15308,5.1249098136e-15,0,2.91644814005e-09,nan,nan,2.37152696808e-09,nan,nan
15312,5.11774469002e-15,0,2.92538366641e-09,nan,nan,2.37234733258e-09,nan,nan
15316,5.11499433876e-15,0,2.93365953965e-09,nan,nan,2.37272211143e-09,nan,nan
15320,5.10886055743e-15,0,2.94177599088e-09,nan,nan,2.37301730241e-09,nan,nan
15324,5.10485654659e-15,0,2.95037462464e-09,nan,nan,2.3739903661e-09,nan,nan
15328,5.09854863338e-15,0,2.95779533651e-09,nan,nan,2.37390402573e-09,nan,nan
15332,5.09493082931e-15,0,2.96655157714e-09,nan,nan,2.37526419417e-09,nan,nan
15336,5.08869690281e-15,0,2.97352616152e-09,nan,nan,2.37505639971e-09,nan,nan
15340,5.08582137155e-15,0,2.98218446251e-09,nan,nan,2.37651841641e-09,nan,nan
15344,5.07939862422e-15,0,2.9890103209e-09,nan,nan,2.37647909072e-09,nan,nan
15348,5.07426318069e-15,0,2.99730695922e-09,nan,nan,2.37777075351e-09,nan,nan
15352,5.07149128548e-15,0,3.00424925058e-09,nan,nan,2.37813809853e-09,nan,nan
15356,5.06300786868e-15,0,3.01198490906e-09,nan,nan,2.37907093549e-09,nan,nan
15360,5.06188363001e-15,0,3.01921587034e-09,nan,nan,2.37997560063e-09,nan,nan
15364,5.05374368774e-15,0,3.02630213529e-09,nan,nan,2.38048385385e-09,nan,nan
15368,5.05234335926e-15,0,3.03387099345e-09,nan,nan,2.38192797877e-09,nan,nan
15372,5.04489855973e-15,0,3.04034395278e-09,nan,nan,2.38207194141e-09,nan,nan
15376,5.0413956215e-15,0,3.04817927417e-09,nan,nan,2.38394172679e-09,nan,nan
15380,5.03628421942e-15,0,3.05418268188e-09,nan,nan,2.38388130195e-09,nan,nan
15384,5.03090444748e-15,0,3.06212157413e-09,nan,nan,2.38598431803e-09,nan,nan
15388,5.02634337765e-15,0,3.06786821806e-09,nan,nan,2.38593424093e-09,nan,nan
15392,5.02210042473e-15,0,3.07570178987e-09,nan,nan,2.38804864716e-09,nan,nan
15396,5.01603059569e-15,0,3.08142444408e-09,nan,nan,2.38822814392e-09,nan,nan
15400,5.01349372478e-15,0,3.08894745655e-09,nan,nan,2.39015111487e-09,nan,nan
15404,5.00625481937e-15,0,3.09485118526e-09,nan,nan,2.39073950694e-09,nan,nan
15408,5.00233128928e-15,0,3.10190539295e-09,nan,nan,2.39232539297e-09,nan,nan
15412,4.99844363574e-15,0,3.10813080106e-09,nan,nan,2.39343162821e-09,nan,nan
15416,4.9921649636e-15,0,3.11463421591e-09,nan,nan,2.39461424622e-09,nan,nan
15420,4.99047016238e-15,0,3.121237128e-09,nan,nan,2.39626349469e-09,nan,nan
15424,4.98203657083e-15,0,3.12719518709e-09,nan,nan,2.39706092834e-09,nan,nan
15428,4.97753401753e-15,0,3.13414435394e-09,nan,nan,2.39919758597e-09,nan,nan
15432,4.97530182047e-15,0,3.13964352854e-09,nan,nan,2.39970186523e-09,nan,nan
15436,4.9699699306e-15,0,3.14683463509e-09,nan,nan,2.40220584931e-09,nan,nan
15440,4.96184418426e-15,0,3.15202230077e-09,nan,nan,2.4025621082e-09,nan,nan
15444,4.96189474951e-15,0,3.15930330282e-09,nan,nan,2.40527331803e-09,nan,nan
15448,4.95410159925e-15,0,3.16435923497e-09,nan,nan,2.40565338288e-09,nan,nan
15452,4.95029972079e-15,0,3.17156049279e-09,nan,nan,2.40839873176e-09,nan,nan
15456,4.94545983244e-15,0,3.17666637939e-09,nan,nan,2.40897421487e-09,nan,nan
15460,4.94041548093e-15,0,3.18362972762e-09,nan,nan,2.41159293717e-09,nan,nan
15464,4.93775840455e-15,0,3.18894273698e-09,nan,nan,2.41251225538e-09,nan,nan
15468,4.93173156001e-15,0,3.19554468981e-09,nan,nan,2.41487624857e-09,nan,nan
15472,4.92580862859e-15,0,3.20117877972e-09,nan,nan,2.41624793087e-09,nan,nan
15476,4.92218506276e-15,0,3.20734459357e-09,nan,nan,2.41827481734e-09,nan,nan
15480,4.91682008853e-15,0,3.21336106711e-09,nan,nan,2.42015800122e-09,nan,nan
15484,4.91265338069e-15,0,3.21906921843e-09,nan,nan,2.4218165749e-09,nan,nan
15488,4.909529187e-15,0,3.22547656515e-09,nan,nan,2.42421902557e-09,nan,nan
15492,4.90331699031e-15,0,3.23075528861e-09,nan,nan,2.42552809092e-09,nan,nan
15496,4.89929793743e-15,0,3.23751627735e-09,nan,nan,2.42841069669e-09,nan,nan
15500,4.89265851852e-15,0,3.24243419279e-09,nan,nan,2.42943222707e-09,nan,nan
15504,4.89049139916e-15,0,3.24947700559e-09,nan,nan,2.43271792674e-09,nan,nan
15508,4.88439603689e-15,0,3.25413047453e-09,nan,nan,2.433546048e-09,nan,nan
15512,4.88030604702e-15,0,3.26136161983e-09,nan,nan,2.43713182394e-09,nan,nan
15516,4.87643863578e-15,0,3.26586176175e-09,nan,nan,2.43787989135e-09,nan,nan
15520,4.87010161097e-15,0,3.27317903824e-09,nan,nan,2.44165044706e-09,nan,nan
15524,4.86726363751e-15,0,3.27764000501e-09,nan,nan,2.44243786194e-09,nan,nan
15528,4.86107460837e-15,0,3.28494313105e-09,nan,nan,2.4462782497e-09,nan,nan
15532,4.85734704165e-15,0,3.28947319233e-09,nan,nan,2.44721918977e-09,nan,nan
15536,4.853699033e-15,0,3.29666958583e-09,nan,nan,2.45102303509e-09,nan,nan
15540,4.84705290911e-15,0,3.30136854263e-09,nan,nan,2.45222144961e-09,nan,nan
15544,4.84376988015e-15,0,3.30837239328e-09,nan,nan,2.45589221479e-09,nan,nan
15548,4.83882604979e-15,0,3.3133353895e-09,nan,nan,2.4574436316e-09,nan,nan
15552,4.83478543742e-15,0,3.32006588498e-09,nan,nan,2.46089467516e-09,nan,nan
15556,4.82890511827e-15,0,3.32537612768e-09,nan,nan,2.46287730591e-09,nan,nan
15560,4.82547987326e-15,0,3.3317836053e-09,nan,nan,2.46605914192e-09,nan,nan
15564,4.82033202998e-15,0,3.33745803281e-09,nan,nan,2.46847972329e-09,nan,nan
15568,4.81570749462e-15,0,3.34360319841e-09,nan,nan,2.4714563378e-09,nan,nan
15572,4.81345299502e-15,0,3.34951428621e-09,nan,nan,2.47417895103e-09,nan,nan
15576,4.8056540098e-15,0,3.3555904332e-09,nan,nan,2.47713840878e-09,nan,nan
15580,4.80268190413e-15,0,3.36157571094e-09,nan,nan,2.48000772042e-09,nan,nan
15584,4.79869840352e-15,0,3.36761826371e-09,nan,nan,2.48296259035e-09,nan,nan
15588,4.79330067439e-15,0,3.37390329422e-09,nan,nan,2.48622151756e-09,nan,nan
15592,4.78846452939e-15,0,3.37943586305e-09,nan,nan,2.48868211911e-09,nan,nan
15596,4.78462644037e-15,0,3.38659435695e-09,nan,nan,2.49288669134e-09,nan,nan
15600,4.77932100499e-15,0,3.39131707688e-09,nan,nan,2.49459060993e-09,nan,nan
15604,4.77631003326e-15,0,3.39905029239e-09,nan,nan,2.49938694965e-09,nan,nan
15608,4.7702502457e-15,0,3.40393913672e-09,nan,nan,2.5013384841e-09,nan,nan
15612,4.76694510388e-15,0,3.41102688517e-09,nan,nan,2.50551793542e-09,nan,nan
15616,4.76346264184e-15,0,3.41688088251e-09,nan,nan,2.50845363564e-09,nan,nan
15620,4.75510816786e-15,0,3.42340448486e-09,nan,nan,2.51216103321e-09,nan,nan
15624,4.75354430902e-15,0,3.42951779225e-09,nan,nan,2.51534025306e-09,nan,nan
15628,4.75013629828e-15,0,3.43612711563e-09,nan,nan,2.51920882189e-09,nan,nan
15632,4.74388207847e-15,0,3.44236694925e-09,nan,nan,2.52252320166e-09,nan,nan
15636,4.73734185381e-15,0,3.4489578125e-09,nan,nan,2.5264346339e-09,nan,nan
15640,4.73672391093e-15,0,3.45520637492e-09,nan,nan,2.52976392977e-09,nan,nan
15644,4.73010678847e-15,0,3.46211915912e-09,nan,nan,2.53403815815e-09,nan,nan
15648,4.72670304581e-15,0,3.46825269944e-09,nan,nan,2.53729012047e-09,nan,nan
15652,4.72199572179e-15,0,3.47533043855e-09,nan,nan,2.54173843354e-09,nan,nan
15656,4.71848982447e-15,0,3.48151957763e-09,nan,nan,2.54509628951e-09,nan,nan
15660,4.71237284586e-15,0,3.48867756553e-09,nan,nan,2.5496153381e-09,nan,nan
15664,4.70944526397e-15,0,3.49509723104e-09,nan,nan,2.5532664127e-09,nan,nan
15668,4.70340339116e-15,0,3.50211638336e-09,nan,nan,2.55762647162e-09,nan,nan
15672,4.70012804398e-15,0,3.50895278217e-09,nan,nan,2.56175466964e-09,nan,nan
15676,4.69540751308e-15,0,3.51569454349e-09,nan,nan,2.56581619716e-09,nan,nan
15680,4.68945384233e-15,0,3.52307692366e-09,nan,nan,2.57054166921e-09,nan,nan
15684,4.68896282224e-15,0,3.52947082616e-09,nan,nan,2.57424017829e-09,nan,nan
15688,4.68185158292e-15,0,3.53743384147e-09,nan,nan,2.57958372067e-09,nan,nan
15692,4.67690255308e-15,0,3.54350148299e-09,nan,nan,2.58294887731e-09,nan,nan
15696,4.6738821482e-15,0,3.55199737113e-09,nan,nan,2.58884850946e-09,nan,nan
15700,4.67036989121e-15,0,3.55783289832e-09,nan,nan,2.59198124419e-09,nan,nan
15704,4.66483753627e-15,0,3.56675637015e-09,nan,nan,2.59831994885e-09,nan,nan
15708,4.66038889061e-15,0,3.5724946905e-09,nan,nan,2.60135852516e-09,nan,nan
15712,4.6559666111e-15,0,3.58171924419e-09,nan,nan,2.60800176002e-09,nan,nan
15716,4.65159892842e-15,0,3.5875006989e-09,nan,nan,2.611086226e-09,nan,nan
15720,4.64708395036e-15,0,3.59690994766e-09,nan,nan,2.61791280745e-09,nan,nan
15724,4.64268073657e-15,0,3.60285088188e-09,nan,nan,2.62115657603e-09,nan,nan
15728,4.63990716417e-15,0,3.61236144816e-09,nan,nan,2.62807997971e-09,nan,nan
15732,4.634270905e-15,0,3.61853897909e-09,nan,nan,2.63155622246e-09,nan,nan
15736,4.62874041312e-15,0,3.62811218671e-09,nan,nan,2.63853460282e-09,nan,nan
15740,4.62801783652e-15,0,3.63456070911e-09,nan,nan,2.64227438553e-09,nan,nan
15744,4.62129440019e-15,0,3.64419979197e-09,nan,nan,2.64930665183e-09,nan,nan
15748,4.61671931535e-15,0,3.65091562138e-09,nan,nan,2.65330438594e-09,nan,nan
15752,4.61348113248e-15,0,3.66065433434e-09,nan,nan,2.66041831971e-09,nan,nan
15756,4.60799901078e-15,0,3.66760959431e-09,nan,nan,2.66464544325e-09,nan,nan
15760,4.60524974266e-15,0,3.67749952781e-09,nan,nan,2.67188540342e-09,nan,nan
15764,4.59967000168e-15,0,3.68465947315e-09,nan,nan,2.67630703887e-09,nan,nan
15768,4.59582252787e-15,0,3.69475472244e-09,nan,nan,2.68371972008e-09,nan,nan
15772,4.59141445457e-15,0,3.7020898482e-09,nan,nan,2.68830587084e-09,nan,nan
15776,4.58703299056e-15,0,3.71243201357e-09,nan,nan,2.69592619129e-09,nan,nan
15780,4.58383665725e-15,0,3.71992766812e-09,nan,nan,2.70066035011e-09,nan,nan
15784,4.57845395498e-15,0,3.73053984401e-09,nan,nan,2.7085058364e-09,nan,nan
15788,4.57457279015e-15,0,3.7382047124e-09,nan,nan,2.71339315125e-09,nan,nan
15792,4.56998023037e-15,0,3.74909068499e-09,nan,nan,2.72146332663e-09,nan,nan
15796,4.56759210668e-15,0,3.7569559281e-09,nan,nan,2.7265302186e-09,nan,nan
15800,4.56013748821e-15,0,3.76809851371e-09,nan,nan,2.73480454418e-09,nan,nan
15804,4.55837462343e-15,0,3.77621095662e-09,nan,nan,2.74009233654e-09,nan,nan
15808,4.55403578251e-15,0,3.78757727883e-09,nan,nan,2.74853449303e-09,nan,nan
15812,4.54873821298e-15,0,3.79599695001e-09,nan,nan,2.75409738953e-09,nan,nan
15816,4.54563028102e-15,0,3.80754972301e-09,nan,nan,2.76266609433e-09,nan,nan
15820,4.53981467832e-15,0,3.81634443891e-09,nan,nan,2.7685664669e-09,nan,nan
15824,4.5359821157e-15,0,3.82804563994e-09,nan,nan,2.77721929439e-09,nan,nan
15828,4.53333741264e-15,0,3.83727898301e-09,nan,nan,2.78351559764e-09,nan,nan
15832,4.52784808772e-15,0,3.84909204275e-09,nan,nan,2.79221108298e-09,nan,nan
15836,4.52474966795e-15,0,3.85882055533e-09,nan,nan,2.79895410295e-09,nan,nan
15840,4.51963654291e-15,0,3.87072098236e-09,nan,nan,2.80766274134e-09,nan,nan
15844,4.51591563925e-15,0,3.88099725844e-09,nan,nan,2.8148983347e-09,nan,nan
15848,4.51060398993e-15,0,3.89297493121e-09,nan,nan,2.82360605269e-09,nan,nan
15852,4.50769806794e-15,0,3.90383955254e-09,nan,nan,2.8313669735e-09,nan,nan
15856,4.50368182488e-15,0,3.91589060628e-09,nan,nan,2.84006716878e-09,nan,nan
15860,4.49895784393e-15,0,3.92736891844e-09,nan,nan,2.84836899337e-09,nan,nan
15864,4.49465915598e-15,0,3.9395014157e-09,nan,nan,2.8570674016e-09,nan,nan
15868,4.49045650119e-15,0,3.95161576547e-09,nan,nan,2.86592097225e-09,nan,nan
15872,4.48716477711e-15,0,3.96385662857e-09,nan,nan,2.87464279168e-09,nan,nan
15876,4.4826207045e-15,0,3.97662371762e-09,nan,nan,2.88405320252e-09,nan,nan
15880,4.47791341875e-15,0,3.98900462365e-09,nan,nan,2.89282868354e-09,nan,nan
15884,4.47495136323e-15,0,4.00242272882e-09,nan,nan,2.90278262768e-09,nan,nan
15888,4.4691138754e-15,0,4.01497932998e-09,nan,nan,2.91164419725e-09,nan,nan
15892,4.46662794957e-15,0,4.02904198884e-09,nan,nan,2.92212330675e-09,nan,nan
15896,4.46125108246e-15,0,4.04183512724e-09,nan,nan,2.93112642541e-09,nan,nan
15900,4.45810085071e-15,0,4.0565382426e-09,nan,nan,2.94211656232e-09,nan,nan
15904,4.45423017597e-15,0,4.06964250096e-09,nan,nan,2.95132925139e-09,nan,nan
15908,4.44945470897e-15,0,4.08495968473e-09,nan,nan,2.96279706745e-09,nan,nan
15912,4.44654992049e-15,0,4.09843563048e-09,nan,nan,2.97226922311e-09,nan,nan
15916,4.43954910612e-15,0,4.11434598753e-09,nan,nan,2.98418884163e-09,nan,nan
15920,4.43851323795e-15,0,4.12823015717e-09,nan,nan,2.99393938756e-09,nan,nan
15924,4.43163081999e-15,0,4.14482863781e-09,nan,nan,3.00640444784e-09,nan,nan
15928,4.43047362098e-15,0,4.15902434374e-09,nan,nan,3.01631856643e-09,nan,nan
15932,4.42477170161e-15,0,4.17663826634e-09,nan,nan,3.02965191599e-09,nan,nan
15936,4.42168453934e-15,0,4.19071111553e-09,nan,nan,3.03929805262e-09,nan,nan
15940,4.41762505975e-15,0,4.20992178942e-09,nan,nan,3.05402932548e-09,nan,nan
15944,4.41208699501e-15,0,4.22337661403e-09,nan,nan,3.06299031508e-09,nan,nan
15948,4.40848586152e-15,0,4.24424277389e-09,nan,nan,3.07900802288e-09,nan,nan
15952,4.40556394699e-15,0,4.25842420725e-09,nan,nan,3.08883170047e-09,nan,nan
15956,4.40178158511e-15,0,4.27745522802e-09,nan,nan,3.10241963523e-09,nan,nan
15960,4.39571426492e-15,0,4.29920534698e-09,nan,nan,3.12000511735e-09,nan,nan
15964,4.3931965573e-15,0,4.30660603692e-09,nan,nan,3.12171397791e-09,nan,nan
15968,4.3880549744e-15,0,4.34571194879e-09,nan,nan,3.15572866248e-09,nan,nan
15972,4.3858315847e-15,0,4.33901006049e-09,nan,nan,3.14514021704e-09,nan,nan
15976,4.38049723521e-15,0,4.37929155332e-09,nan,nan,3.176718155e-09,nan,nan
15980,4.3776569224e-15,0,4.40492388629e-09,nan,nan,3.20221157606e-09,nan,nan
15984,4.3715628164e-15,0,4.37147805518e-09,nan,nan,3.15759778701e-09,nan,nan
15988,4.36977483173e-15,0,4.50396741336e-09,nan,nan,3.28657369346e-09,nan,nan
15992,4.36462137123e-15,0,4.386138616e-09,nan,nan,3.16887867218e-09,nan,nan
15996,4.36042822021e-15,0,4.50000962236e-09,nan,nan,3.26170128812e-09,nan,nan
16000,4.3563947081e-15,0,4.57803889463e-09,nan,nan,3.35393284313e-09,nan,nan
16004,4.35327517044e-15,0,4.35843757064e-09,nan,nan,3.11465188772e-09,nan,nan
16008,4.35006008868e-15,0,4.70936434143e-09,nan,nan,3.45238849885e-09,nan,nan
16012,4.34350040779e-15,0,4.55913878287e-09,nan,nan,3.32665986495e-09,nan,nan
16016,4.34177093309e-15,0,4.43073144777e-09,nan,nan,3.15830135471e-09,nan,nan
16020,4.33655873771e-15,0,4.83431351331e-09,nan,nan,3.56054767172e-09,nan,nan
16024,4.33353975947e-15,0,4.64348380689e-09,nan,nan,3.3921144432e-09,nan,nan
16028,4.32880330116e-15,0,4.46494888107e-09,nan,nan,3.17916022247e-09,nan,nan
16032,4.3253147982e-15,0,4.83170050257e-09,nan,nan,3.52610601119e-09,nan,nan
16036,4.32218989091e-15,0,4.96128866197e-09,nan,nan,3.68422065332e-09,nan,nan
16040,4.31722357581e-15,0,4.53373335921e-09,nan,nan,3.25679899862e-09,nan,nan
16044,4.31341106224e-15,0,4.65695456879e-09,nan,nan,3.32676368291e-09,nan,nan
16048,4.30811566266e-15,0,5.15937420553e-09,nan,nan,3.83472314596e-09,nan,nan
16052,4.30586343497e-15,0,5.12738835824e-09,nan,nan,3.85830123345e-09,nan,nan
16056,4.30286938663e-15,0,4.48262297841e-09,nan,nan,3.25283377505e-09,nan,nan
16060,4.29682493305e-15,0,3.97128508934e-09,nan,nan,2.65617774383e-09,nan,nan
16064,4.29409627286e-15,0,4.20056942898e-09,nan,nan,2.80971270596e-09,nan,nan
16068,4.28997601163e-15,0,4.66920895915e-09,nan,nan,3.25867715699e-09,nan,nan
16072,4.28614971116e-15,0,4.9886686323e-09,nan,nan,3.57754284577e-09,nan,nan
16076,4.28155315685e-15,0,5.04307714055e-09,nan,nan,3.63332959019e-09,nan,nan
16080,4.2792502909e-15,0,5.06241222571e-09,nan,nan,3.64720928283e-09,nan,nan
16084,4.27420845152e-15,0,5.05873151222e-09,nan,nan,3.63410974365e-09,nan,nan
16088,4.2709370553e-15,0,5.11869176097e-09,nan,nan,3.6815036913e-09,nan,nan
16092,4.26646763974e-15,0,5.15469585192e-09,nan,nan,3.70794963703e-09,nan,nan
16096,4.26205072871e-15,0,5.208224406e-09,nan,nan,3.74873898696e-09,nan,nan
16100,4.25919966191e-15,0,5.24357561996e-09,nan,nan,3.77397969225e-09,nan,nan
16104,4.25565617217e-15,0,5.28651468981e-09,nan,nan,3.80260361809e-09,nan,nan
16108,4.25129598621e-15,0,5.33266244799e-09,nan,nan,3.83718255665e-09,nan,nan
16112,4.24736757142e-15,0,5.3733463211e-09,nan,nan,3.86259622049e-09,nan,nan
16116,4.24334283765e-15,0,5.42942070853e-09,nan,nan,3.90580489826e-09,nan,nan
16120,4.23920907158e-15,0,5.46757903195e-09,nan,nan,3.92806016837e-09,nan,nan
16124,4.23626395212e-15,0,5.53009605028e-09,nan,nan,3.97616791448e-09,nan,nan
16128,4.23276993995e-15,0,5.56787589677e-09,nan,nan,3.99733690528e-09,nan,nan
16132,4.22790862497e-15,0,5.63546708828e-09,nan,nan,4.04876982019e-09,nan,nan
16136,4.22363517124e-15,0,5.67601695315e-09,nan,nan,4.07190903759e-09,nan,nan
16140,4.22204272362e-15,0,5.74734241997e-09,nan,nan,4.12527038064e-09,nan,nan
16144,4.21617382387e-15,0,5.79282861107e-09,nan,nan,4.15240035984e-09,nan,nan
16148,4.21250517099e-15,0,5.86642795831e-09,nan,nan,4.20618802748e-09,nan,nan
16152,4.2093496538e-15,0,5.91845195042e-09,nan,nan,4.23865771733e-09,nan,nan
16156,4.20646471178e-15,0,5.99364514689e-09,nan,nan,4.29212843842e-09,nan,nan
16160,4.20168511046e-15,0,6.05365320808e-09,nan,nan,4.33108333346e-09,nan,nan
16164,4.19615352876e-15,0,6.13050913067e-09,nan,nan,4.38424193669e-09,nan,nan
16168,4.19516557471e-15,0,6.19948411653e-09,nan,nan,4.43035294384e-09,nan,nan
16172,4.18977299343e-15,0,6.27845531899e-09,nan,nan,4.48355708796e-09,nan,nan
16176,4.18724689749e-15,0,6.35692249501e-09,nan,nan,4.53701145356e-09,nan,nan
16180,4.18268319471e-15,0,6.43890507862e-09,nan,nan,4.59099680689e-09,nan,nan
16184,4.17796225129e-15,0,6.52725818145e-09,nan,nan,4.65182365346e-09,nan,nan
16188,4.17711270591e-15,0,6.61361877908e-09,nan,nan,4.70772966621e-09,nan,nan
16192,4.17021119224e-15,0,6.71221983994e-09,nan,nan,4.77590751835e-09,nan,nan
16196,4.1679208191e-15,0,6.80459892739e-09,nan,nan,4.83507534196e-09,nan,nan
16200,4.16420476674e-15,0,6.91380951321e-09,nan,nan,4.91054783584e-09,nan,nan
16204,4.1600247864e-15,0,7.01404848592e-09,nan,nan,4.97442831176e-09,nan,nan
16208,4.1560938376e-15,0,7.13441282815e-09,nan,nan,5.05726547252e-09,nan,nan
16212,4.15291609585e-15,0,7.24459925289e-09,nan,nan,5.12745229247e-09,nan,nan
16216,4.15018948704e-15,0,7.37699036295e-09,nan,nan,5.21798063255e-09,nan,nan
16220,4.14335215056e-15,0,7.4994358939e-09,nan,nan,5.29617583463e-09,nan,nan
16224,4.14336777804e-15,0,7.64511189961e-09,nan,nan,5.39500909183e-09,nan,nan
16228,4.13601530289e-15,0,7.78235636299e-09,nan,nan,5.48300089219e-09,nan,nan
16232,4.13487825492e-15,0,7.94307460898e-09,nan,nan,5.59111632197e-09,nan,nan
16236,4.13202723827e-15,0,8.09799946535e-09,nan,nan,5.69085862568e-09,nan,nan
16240,4.12556711627e-15,0,8.27617143825e-09,nan,nan,5.80970842114e-09,nan,nan
16244,4.12356783201e-15,0,8.45213483649e-09,nan,nan,5.92341450066e-09,nan,nan
16248,4.11931557853e-15,0,8.65095802063e-09,nan,nan,6.05499997048e-09,nan,nan
16252,4.11514068893e-15,0,8.85195347689e-09,nan,nan,6.18524029318e-09,nan,nan
16256,4.11253547504e-15,0,9.0755956958e-09,nan,nan,6.33221394069e-09,nan,nan
16260,4.10822593027e-15,0,9.30651741348e-09,nan,nan,6.48209483564e-09,nan,nan
16264,4.10435864339e-15,0,9.56040612866e-09,nan,nan,6.64793948183e-09,nan,nan
16268,4.10201585574e-15,0,9.82741782783e-09,nan,nan,6.82135286188e-09,nan,nan
16272,4.09675184156e-15,0,1.01186181891e-08,nan,nan,7.01061036241e-09,nan,nan
16276,4.0929848252e-15,0,1.04296298539e-08,nan,nan,7.21253984335e-09,nan,nan
16280,4.09072088417e-15,0,1.07673705555e-08,nan,nan,7.43112674956e-09,nan,nan
16284,4.08597738445e-15,0,1.11327174238e-08,nan,nan,7.66807916946e-09,nan,nan
16288,4.08268789804e-15,0,1.15291704813e-08,nan,nan,7.92376981002e-09,nan,nan
16292,4.07927605265e-15,0,1.19625797582e-08,nan,nan,8.20438745392e-09,nan,nan
16296,4.07630268874e-15,0,1.24339621355e-08,nan,nan,8.50749743812e-09,nan,nan
16300,4.07168428687e-15,0,1.29538690148e-08,nan,nan,8.84337260603e-09,nan,nan
16304,4.0678490375e-15,0,1.35219366173e-08,nan,nan,9.20767195362e-09,nan,nan
16308,4.06520746792e-15,0,1.4153210139e-08,nan,nan,9.61439282869e-09,nan,nan
16312,4.05953332726e-15,0,1.48471387129e-08,nan,nan,1.00582344256e-08,nan,nan
16316,4.05762815449e-15,0,1.56230378909e-08,nan,nan,1.05565292474e-08,nan,nan
16320,4.05438788425e-15,0,1.64811663609e-08,nan,nan,1.11038180227e-08,nan,nan
16324,4.04956958109e-15,0,1.74443676417e-08,nan,nan,1.1719996708e-08,nan,nan
16328,4.04643545255e-15,0,1.85134991919e-08,nan,nan,1.2399439142e-08,nan,nan
16332,4.04284930941e-15,0,1.97118308296e-08,nan,nan,1.31622304717e-08,nan,nan
16336,4.04041661004e-15,0,2.10361135002e-08,nan,nan,1.399962144e-08,nan,nan
16340,4.03556994413e-15,0,2.24989629823e-08,nan,nan,1.49242686658e-08,nan,nan
16344,4.03090812451e-15,0,2.40750023804e-08,nan,nan,1.5912750198e-08,nan,nan
16348,4.02923167494e-15,0,2.57349485352e-08,nan,nan,1.69497391807e-08,nan,nan
16352,4.02500897544e-15,0,2.73879263219e-08,nan,nan,1.79696832745e-08,nan,nan
16356,4.02137581386e-15,0,2.89110555982e-08,nan,nan,1.88964609171e-08,nan,nan
16360,4.01692807536e-15,0,3.01148461169e-08,nan,nan,1.96032457832e-08,nan,nan
16364,4.01521819789e-15,0,3.08089777082e-08,nan,nan,1.99724963254e-08,nan,nan
16368,4.01093636021e-15,0,3.08340018809e-08,nan,nan,1.99021927157e-08,nan,nan
16372,4.00709562481e-15,0,3.01483238573e-08,nan,nan,1.93734175e-08,nan,nan
16376,4.00323176546e-15,0,2.88331111453e-08,nan,nan,1.84423220521e-08,nan,nan
16380,3.99950472786e-15,0,2.70730743119e-08,nan,nan,1.72333963015e-08,nan,nan
16384,3.99720938852e-15,0,2.50784642707e-08,nan,nan,1.5883359417e-08,nan,nan
16388,3.99233354032e-15,0,2.30331997255e-08,nan,nan,1.4511394115e-08,nan,nan
16392,3.99095556408e-15,0,2.10598529301e-08,nan,nan,1.31948710538e-08,nan,nan
16396,3.98573480923e-15,0,1.92306086512e-08,nan,nan,1.19793455637e-08,nan,nan
16400,3.98129349358e-15,0,1.75693015687e-08,nan,nan,1.08777202413e-08,nan,nan
16404,3.97821154439e-15,0,1.60845593931e-08,nan,nan,9.89519164489e-09,nan,nan
16408,3.97662548451e-15,0,1.47606181843e-08,nan,nan,9.01938873447e-09,nan,nan
16412,3.97156608917e-15,0,1.35873929321e-08,nan,nan,8.24369878876e-09,nan,nan
16416,3.96822573699e-15,0,1.25434255103e-08,nan,nan,7.55330437652e-09,nan,nan
16420,3.96406147662e-15,0,1.16153616217e-08,nan,nan,6.93870245873e-09,nan,nan
16424,3.96271968256e-15,0,1.07858008015e-08,nan,nan,6.38908129418e-09,nan,nan
16428,3.95696068456e-15,0,1.00440316193e-08,nan,nan,5.89610334868e-09,nan,nan
16432,3.95412804507e-15,0,9.37560155299e-09,nan,nan,5.45132852489e-09,nan,nan
16436,3.95126345695e-15,0,8.77422805026e-09,nan,nan,5.04924764142e-09,nan,nan
16440,3.94786475424e-15,0,8.22801990347e-09,nan,nan,4.68349701538e-09,nan,nan
16444,3.94297058323e-15,0,7.73336502213e-09,nan,nan,4.34973627802e-09,nan,nan
16448,3.94084131151e-15,0,7.28047011777e-09,nan,nan,4.04376773552e-09,nan,nan
16452,3.93645115167e-15,0,6.86839807803e-09,nan,nan,3.76236360476e-09,nan,nan
16456,3.93370590465e-15,0,6.48802258526e-09,nan,nan,3.50246726577e-09,nan,nan
16460,3.92976092594e-15,0,6.14049114862e-09,nan,nan,3.26144267327e-09,nan,nan
16464,3.92716259631e-15,0,5.81727147371e-09,nan,nan,3.03773417806e-09,nan,nan
16468,3.92196554495e-15,0,5.52113120086e-09,nan,nan,2.82868600834e-09,nan,nan
16472,3.91923071713e-15,0,5.24367442934e-09,nan,nan,2.63417463637e-09,nan,nan
16476,3.91713011373e-15,0,4.98890380746e-09,nan,nan,2.45112390704e-09,nan,nan
16480,3.91307664832e-15,0,4.74857965301e-09,nan,nan,2.28117872617e-09,nan,nan
16484,3.90942745374e-15,0,4.5275864538e-09,nan,nan,2.12048163411e-09,nan,nan
16488,3.90526260657e-15,0,4.31781542659e-09,nan,nan,1.97264130032e-09,nan,nan
16492,3.90265627543e-15,0,4.12471636186e-09,nan,nan,1.83284208046e-09,nan,nan
16496,3.89829657978e-15,0,3.94037760338e-09,nan,nan,1.70682995486e-09,nan,nan
16500,3.89602892881e-15,0,3.77057071406e-09,nan,nan,1.58882451171e-09,nan,nan
16504,3.89213850362e-15,0,3.60763978323e-09,nan,nan,1.48668476566e-09,nan,nan
16508,3.88833123805e-15,0,3.45748760269e-09,nan,nan,1.39372538088e-09,nan,nan
16512,3.88540459227e-15,0,3.31275839863e-09,nan,nan,1.31952888074e-09,nan,nan
16516,3.8821387222e-15,0,3.17935678501e-09,nan,nan,1.25641176087e-09,nan,nan
16520,3.87957627133e-15,0,3.05024735792e-09,nan,nan,1.21466048364e-09,nan,nan
16524,3.87263632557e-15,0,2.93125792742e-09,nan,nan,1.18520357831e-09,nan,nan
16528,3.87427814932e-15,0,2.8156681798e-09,nan,nan,1.17754439446e-09,nan,nan
16532,3.86651154198e-15,0,2.70919178523e-09,nan,nan,1.18106830509e-09,nan,nan
16536,3.86572887696e-15,0,2.60539785681e-09,nan,nan,1.2035876988e-09,nan,nan
16540,3.86138337839e-15,0,2.50987949535e-09,nan,nan,1.23381840402e-09,nan,nan
16544,3.85793284813e-15,0,2.41645560932e-09,nan,nan,1.27815658628e-09,nan,nan
16548,3.85383388048e-15,0,2.33061300831e-09,nan,nan,1.32604236938e-09,nan,nan
16552,3.8532405858e-15,0,2.24637236238e-09,nan,nan,1.38308270575e-09,nan,nan
16556,3.84724179993e-15,0,2.16914092127e-09,nan,nan,1.44028722964e-09,nan,nan
16560,3.84481408042e-15,0,2.09308919225e-09,nan,nan,1.50276520955e-09,nan,nan
16564,3.84195294584e-15,0,2.02357886502e-09,nan,nan,1.56323581756e-09,nan,nan
16568,3.83647146069e-15,0,1.95487750615e-09,nan,nan,1.62635630177e-09,nan,nan
16572,3.8351869464e-15,0,1.8923394365e-09,nan,nan,1.68631850592e-09,nan,nan
16576,3.83105426209e-15,0,1.83027675599e-09,nan,nan,1.74735937777e-09,nan,nan
16580,3.82758366449e-15,0,1.77407689664e-09,nan,nan,1.80476339742e-09,nan,nan
16584,3.82526931028e-15,0,1.71804449386e-09,nan,nan,1.86245538576e-09,nan,nan
16588,3.82172717445e-15,0,1.66764187718e-09,nan,nan,1.91640490302e-09,nan,nan
16592,3.81735127969e-15,0,1.61711538253e-09,nan,nan,1.97039031578e-09,nan,nan
16596,3.81494598634e-15,0,1.57204421995e-09,nan,nan,2.02070694892e-09,nan,nan
16600,3.81084399893e-15,0,1.52656793539e-09,nan,nan,2.07113975471e-09,nan,nan
16604,3.80716718755e-15,0,1.48642251986e-09,nan,nan,2.1180639882e-09,nan,nan
16608,3.80622514878e-15,0,1.44559675762e-09,nan,nan,2.16534007579e-09,nan,nan
16612,3.79972692699e-15,0,1.41001797878e-09,nan,nan,2.20933600888e-09,nan,nan
16616,3.79977265449e-15,0,1.37348838688e-09,nan,nan,2.25392963306e-09,nan,nan
16620,3.794127915e-15,0,1.34215197884e-09,nan,nan,2.29555916384e-09,nan,nan
16624,3.79128317615e-15,0,1.30960102148e-09,nan,nan,2.33793849946e-09,nan,nan
16628,3.7876625051e-15,0,1.2822079359e-09,nan,nan,2.37777877004e-09,nan,nan
16632,3.78468839769e-15,0,1.25334796332e-09,nan,nan,2.41837563465e-09,nan,nan
16636,3.78142966345e-15,0,1.22961642385e-09,nan,nan,2.45696472144e-09,nan,nan
16640,3.77832642663e-15,0,1.20418340979e-09,nan,nan,2.49617578989e-09,nan,nan
16644,3.77480935928e-15,0,1.18384261397e-09,nan,nan,2.53397916145e-09,nan,nan
16648,3.77327323157e-15,0,1.16159066835e-09,nan,nan,2.57217860138e-09,nan,nan
16652,3.76619352584e-15,0,1.14437677964e-09,nan,nan,2.60957383593e-09,nan,nan
16656,3.76670907124e-15,0,1.12507370616e-09,nan,nan,2.64712335869e-09,nan,nan
16660,3.7614257257e-15,0,1.11072810556e-09,nan,nan,2.68440320662e-09,nan,nan
16664,3.7577781576e-15,0,1.09415155666e-09,nan,nan,2.72165273147e-09,nan,nan
16668,3.75567516954e-15,0,1.08242084397e-09,nan,nan,2.75904460893e-09,nan,nan
16672,3.75209409007e-15,0,1.06835493488e-09,nan,nan,2.79632262773e-09,nan,nan
16676,3.74973690649e-15,0,1.05899253686e-09,nan,nan,2.83401839456e-09,nan,nan
16680,3.7450233271e-15,0,1.04722540792e-09,nan,nan,2.87161662137e-09,nan,nan
16684,3.7412391565e-15,0,1.03999426098e-09,nan,nan,2.90980374859e-09,nan,nan
16688,3.74013339438e-15,0,1.03031689537e-09,nan,nan,2.94796440175e-09,nan,nan
16692,3.73705759079e-15,0,1.02499183027e-09,nan,nan,2.98684881866e-09,nan,nan
16696,3.73186352124e-15,0,1.0171985484e-09,nan,nan,3.02576259523e-09,nan,nan
16700,3.72835228105e-15,0,1.0135671337e-09,nan,nan,3.06557567745e-09,nan,nan
16704,3.72698373107e-15,0,1.00745872576e-09,nan,nan,3.10539515743e-09,nan,nan
16708,3.72273273691e-15,0,1.00531970531e-09,nan,nan,3.14638360801e-09,nan,nan
16712,3.71924344884e-15,0,1.00070969925e-09,nan,nan,3.18725130024e-09,nan,nan
16716,3.71673257099e-15,0,9.99868277912e-10,nan,nan,3.22965615791e-09,nan,nan
16720,3.71380027086e-15,0,9.96591592237e-10,nan,nan,3.27173858448e-09,nan,nan
16724,3.71016244088e-15,0,9.96852216968e-10,nan,nan,3.31577510125e-09,nan,nan
16728,3.70646900288e-15,0,9.94773994201e-10,nan,nan,3.35928779944e-09,nan,nan
16732,3.70429992848e-15,0,9.95934511136e-10,nan,nan,3.40514111827e-09,nan,nan
16736,3.69928409246e-15,0,9.94953731051e-10,nan,nan,3.4503490711e-09,nan,nan
16740,3.6989512158e-15,0,9.96809062816e-10,nan,nan,3.49819937217e-09,nan,nan
16744,3.69321226294e-15,0,9.96846037967e-10,nan,nan,3.54538472249e-09,nan,nan
16748,3.69191730688e-15,0,9.99214327499e-10,nan,nan,3.59546502879e-09,nan,nan
16752,3.68602276887e-15,0,1.00016728276e-09,nan,nan,3.64487038276e-09,nan,nan
16756,3.68585758531e-15,0,1.0029520658e-09,nan,nan,3.69753743521e-09,nan,nan
16760,3.68097630847e-15,0,1.00461550604e-09,nan,nan,3.74932085731e-09,nan,nan
16764,3.67855673483e-15,0,1.00789830345e-09,nan,nan,3.80508648605e-09,nan,nan
16768,3.67536095581e-15,0,1.00987268846e-09,nan,nan,3.85935546725e-09,nan,nan
16772,3.67097264983e-15,0,1.01397217371e-09,nan,nan,3.91880354027e-09,nan,nan
16776,3.66913316349e-15,0,1.01566957699e-09,nan,nan,3.97579137188e-09,nan,nan
16780,3.66641638727e-15,0,1.02102593068e-09,nan,nan,4.03935456266e-09,nan,nan
16784,3.66180154129e-15,0,1.02192359153e-09,nan,nan,4.09969179384e-09,nan,nan
16788,3.65997972555e-15,0,1.02870093376e-09,nan,nan,4.16744418441e-09,nan,nan
16792,3.65630198394e-15,0,1.02882790903e-09,nan,nan,4.23225873965e-09,nan,nan
16796,3.65147723516e-15,0,1.0364533216e-09,nan,nan,4.30406929275e-09,nan,nan
16800,3.65159765179e-15,0,1.03665384237e-09,nan,nan,4.37460953225e-09,nan,nan
16804,3.64557696759e-15,0,1.04391543184e-09,nan,nan,4.45076558158e-09,nan,nan
16808,3.64384570436e-15,0,1.04530403259e-09,nan,nan,4.52779666974e-09,nan,nan
16812,3.64070187424e-15,0,1.0512471769e-09,nan,nan,4.60943721048e-09,nan,nan
16816,3.63768415877e-15,0,1.05423460987e-09,nan,nan,4.69331541866e-09,nan,nan
16820,3.63368907422e-15,0,1.05883516055e-09,nan,nan,4.78191346591e-09,nan,nan
16824,3.63203808993e-15,0,1.06304220978e-09,nan,nan,4.87349364154e-09,nan,nan
16828,3.62739650659e-15,0,1.06669278289e-09,nan,nan,4.97010384128e-09,nan,nan
16832,3.62547827814e-15,0,1.07175558624e-09,nan,nan,5.07114454851e-09,nan,nan
16836,3.62096812672e-15,0,1.07461219945e-09,nan,nan,5.17670431049e-09,nan,nan
16840,3.61925014306e-15,0,1.08038523594e-09,nan,nan,5.28932726774e-09,nan,nan
16844,3.61592759622e-15,0,1.08256394721e-09,nan,nan,5.40538201166e-09,nan,nan
16848,3.6132073316e-15,0,1.08882476283e-09,nan,nan,5.53180865592e-09,nan,nan
16852,3.60837273645e-15,0,1.09052280753e-09,nan,nan,5.66077235273e-09,nan,nan
16856,3.60697312912e-15,0,1.09704972175e-09,nan,nan,5.80339687348e-09,nan,nan
16860,3.60403345048e-15,0,1.09842609878e-09,nan,nan,5.94888830227e-09,nan,nan
16864,3.5978340821e-15,0,1.10503141302e-09,nan,nan,6.11030768571e-09,nan,nan
16868,3.59987304772e-15,0,1.10623778575e-09,nan,nan,6.27749847958e-09,nan,nan
16872,3.59217704871e-15,0,1.11275009155e-09,nan,nan,6.46091289299e-09,nan,nan
16876,3.59168382145e-15,0,1.11391359787e-09,nan,nan,6.65672818414e-09,nan,nan
16880,3.58749558655e-15,0,1.1201949351e-09,nan,nan,6.8667824383e-09,nan,nan
16884,3.58555452168e-15,0,1.12141727715e-09,nan,nan,7.10009427217e-09,nan,nan
16888,3.58151574064e-15,0,1.12735876909e-09,nan,nan,7.34431408468e-09,nan,nan
16892,3.58020153604e-15,0,1.12871549061e-09,nan,nan,7.62624081028e-09,nan,nan
16896,3.57430547869e-15,0,1.13423772269e-09,nan,nan,7.9172459014e-09,nan,nan
16900,3.57296156544e-15,0,1.13578019659e-09,nan,nan,8.26192657872e-09,nan,nan
16904,3.56909255106e-15,0,1.14082980116e-09,nan,nan,8.62076469235e-09,nan,nan
16908,3.56684249256e-15,0,1.14258816228e-09,nan,nan,9.04735293171e-09,nan,nan
16912,3.56471541824e-15,0,1.14713404545e-09,nan,nan,9.50879741759e-09,nan,nan
16916,3.55966485709e-15,0,1.14912094775e-09,nan,nan,1.00462849118e-08,nan,nan
16920,3.55899982685e-15,0,1.15314998728e-09,nan,nan,1.06682009852e-08,nan,nan
16924,3.55138835201e-15,0,1.15536454748e-09,nan,nan,1.1366797103e-08,nan,nan
16928,3.55352383852e-15,0,1.15887745906e-09,nan,nan,1.22490353044e-08,nan,nan
16932,3.54763796721e-15,0,1.16130897192e-09,nan,nan,1.32080557087e-08,nan,nan
16936,3.54489555102e-15,0,1.16431663372e-09,nan,nan,1.45365599496e-08,nan,nan
16940,3.5451423532e-15,0,1.1669475993e-09,nan,nan,1.59811449052e-08,nan,nan
16944,3.53753978636e-15,0,1.16946813573e-09,nan,nan,1.81509659977e-08,nan,nan
16948,3.53701496566e-15,0,1.17227645076e-09,nan,nan,2.06937526887e-08,nan,nan
16952,3.53344383636e-15,0,1.17433330493e-09,nan,nan,2.47528708112e-08,nan,nan
16956,3.53008764028e-15,0,1.17729358866e-09,nan,nan,3.07076974595e-08,nan,nan
16960,3.5279040602e-15,0,1.17891449164e-09,nan,nan,4.09350772463e-08,nan,nan
16964,3.52306248085e-15,0,1.18199858831e-09,nan,nan,7.16191792029e-08,nan,nan
16968,3.5230055268e-15,0,1.18321516127e-09,nan,nan,1.08748660518e-07,nan,nan
16972,3.51694649236e-15,0,1.18639211882e-09,nan,nan,1.21827315357e-07,nan,nan
16976,3.51689497867e-15,0,1.18723985454e-09,nan,nan,9.97115528749e-08,nan,nan
16980,3.51166924846e-15,0,1.19047579645e-09,nan,nan,6.0039576439e-08,nan,nan
16984,3.51081334468e-15,0,1.19099405455e-09,nan,nan,3.29513863951e-08,nan,nan
16988,3.5066777662e-15,0,1.19425225733e-09,nan,nan,2.46010732905e-08,nan,nan
16992,3.501581021e-15,0,1.1944838239e-09,nan,nan,1.87102826763e-08,nan,nan
16996,3.50266636592e-15,0,1.19772536798e-09,nan,nan,1.51172132342e-08,nan,nan
17000,3.49642493067e-15,0,1.19771520931e-09,nan,nan,1.25822260092e-08,nan,nan
17004,3.49513922252e-15,0,1.2009006687e-09,nan,nan,1.05661839307e-08,nan,nan
17008,3.49233501544e-15,0,1.20069360219e-09,nan,nan,9.14564241083e-09,nan,nan
17012,3.4865039962e-15,0,1.20378587709e-09,nan,nan,7.86624050503e-09,nan,nan
17016,3.48898773622e-15,0,1.20342330935e-09,nan,nan,6.93904690612e-09,nan,nan
17020,3.48137749657e-15,0,1.20639089171e-09,nan,nan,6.0674017143e-09,nan,nan
17024,3.4798375656e-15,0,1.20590771761e-09,nan,nan,5.39970004344e-09,nan,nan
17028,3.47863617517e-15,0,1.20872706962e-09,nan,nan,4.77583580172e-09,nan,nan
17032,3.47277881906e-15,0,1.20815007087e-09,nan,nan,4.2635857472e-09,nan,nan
17036,3.47185585566e-15,0,1.21080639606e-09,nan,nan,3.79841514451e-09,nan,nan
17040,3.46849699038e-15,0,1.21015395566e-09,nan,nan,3.38990244299e-09,nan,nan
17044,3.4646798157e-15,0,1.21264141861e-09,nan,nan,3.02972666188e-09,nan,nan
17048,3.46154934895e-15,0,1.21192280472e-09,nan,nan,2.69667865105e-09,nan,nan
17052,3.46100101364e-15,0,1.21424577263e-09,nan,nan,2.40796633763e-09,nan,nan
17056,3.45596516072e-15,0,1.21345946159e-09,nan,nan,2.13329980465e-09,nan,nan
17060,3.45481081188e-15,0,1.21563385137e-09,nan,nan,1.8951515037e-09,nan,nan
17064,3.45050184239e-15,0,1.21476735054e-09,nan,nan,1.66753594113e-09,nan,nan
17068,3.44579077845e-15,0,1.21681881398e-09,nan,nan,1.46753571068e-09,nan,nan
17072,3.44700807354e-15,0,1.21585281597e-09,nan,nan,1.27926927995e-09,nan,nan
17076,3.442381637e-15,0,1.2178103068e-09,nan,nan,1.11128035538e-09,nan,nan
17080,3.43841488599e-15,0,1.21672656487e-09,nan,nan,9.58227119453e-10,nan,nan
17084,3.43725615847e-15,0,1.2186139784e-09,nan,nan,8.22005255652e-10,nan,nan
17088,3.43379323708e-15,0,1.21740292732e-09,nan,nan,7.05558512104e-10,nan,nan
17092,3.42860740157e-15,0,1.21923319966e-09,nan,nan,6.08787243888e-10,nan,nan
17096,3.42862497481e-15,0,1.21789747395e-09,nan,nan,5.39579482247e-10,nan,nan
17100,3.42505218587e-15,0,1.21967159917e-09,nan,nan,4.98834359192e-10,nan,nan
17104,3.42154778769e-15,0,1.21822461415e-09,nan,nan,4.9093809052e-10,nan,nan
17108,3.41940201054e-15,0,1.21993478745e-09,nan,nan,5.11642124469e-10,nan,nan
17112,3.41710525545e-15,0,1.21839655709e-09,nan,nan,5.545749294e-10,nan,nan
17116,3.41085720582e-15,0,1.22003055139e-09,nan,nan,6.12946680994e-10,nan,nan
17120,3.41277240108e-15,0,1.21842380908e-09,nan,nan,6.79970758916e-10,nan,nan
17124,3.40841371108e-15,0,1.219967854e-09,nan,nan,7.52879108092e-10,nan,nan
17128,3.40121793603e-15,0,1.21831633606e-09,nan,nan,8.27649360289e-10,nan,nan
17132,3.404518184e-15,0,1.2197556422e-09,nan,nan,9.04492562075e-10,nan,nan
17136,3.39969998235e-15,0,1.21808438177e-09,nan,nan,9.80153820705e-10,nan,nan
17140,3.39449923952e-15,0,1.21940240402e-09,nan,nan,1.05693304654e-09,nan,nan
17144,3.39496019775e-15,0,1.21773839928e-09,nan,nan,1.13082109744e-09,nan,nan
17148,3.39041566117e-15,0,1.21891668814e-09,nan,nan,1.20606836258e-09,nan,nan
17152,3.386568438e-15,0,1.21728817296e-09,nan,nan,1.2772738583e-09,nan,nan
17156,3.3845571431e-15,0,1.21830810618e-09,nan,nan,1.3504390363e-09,nan,nan
17160,3.38371844141e-15,0,1.21674175293e-09,nan,nan,1.41884191151e-09,nan,nan
17164,3.37882093156e-15,0,1.2175881446e-09,nan,nan,1.48970861674e-09,nan,nan
17168,3.37518121815e-15,0,1.21610493539e-09,nan,nan,1.55554600272e-09,nan,nan
17172,3.37559513761e-15,0,1.2167702542e-09,nan,nan,1.62403900171e-09,nan,nan
17176,3.3697378425e-15,0,1.21538162904e-09,nan,nan,1.68767569186e-09,nan,nan
17180,3.36789069982e-15,0,1.21586901832e-09,nan,nan,1.75381349841e-09,nan,nan
17184,3.36470210356e-15,0,1.21457501331e-09,nan,nan,1.81561138494e-09,nan,nan
17188,3.3642105972e-15,0,1.21489864385e-09,nan,nan,1.8795022899e-09,nan,nan
17192,3.35831941348e-15,0,1.21368915527e-09,nan,nan,1.93975523125e-09,nan,nan
17196,3.35747050355e-15,0,1.21387129787e-09,nan,nan,2.00159300693e-09,nan,nan
17200,3.35442599818e-15,0,1.21273053853e-09,nan,nan,2.06050950958e-09,nan,nan
17204,3.35120772671e-15,0,1.2127958699e-09,nan,nan,2.12055379441e-09,nan,nan
17208,3.34696488511e-15,0,1.21170883255e-09,nan,nan,2.178271035e-09,nan,nan
17212,3.34575089584e-15,0,1.2116777241e-09,nan,nan,2.23681448752e-09,nan,nan
17216,3.34405101119e-15,0,1.21063645937e-09,nan,nan,2.29342760491e-09,nan,nan
17220,3.34009789499e-15,0,1.21051970219e-09,nan,nan,2.35076018605e-09,nan,nan
17224,3.33595925511e-15,0,1.20952709286e-09,nan,nan,2.40635365291e-09,nan,nan
17228,3.33484437775e-15,0,1.20932392428e-09,nan,nan,2.46273405466e-09,nan,nan
17232,3.33314304438e-15,0,1.20839377807e-09,nan,nan,2.51740646866e-09,nan,nan
17236,3.32868840143e-15,0,1.20809353619e-09,nan,nan,2.57304543423e-09,nan,nan
17240,3.32611363685e-15,0,1.20724737802e-09,nan,nan,2.6269235359e-09,nan,nan
17244,3.3214109274e-15,0,1.20683392519e-09,nan,nan,2.68197895974e-09,nan,nan
17248,3.32296096425e-15,0,1.20609566393e-09,nan,nan,2.73522031934e-09,nan,nan
17252,3.31790230298e-15,0,1.20555325981e-09,nan,nan,2.78980170294e-09,nan,nan
17256,3.31497522609e-15,0,1.20494319666e-09,nan,nan,2.84258852576e-09,nan,nan
17260,3.31142077833e-15,0,1.20426216512e-09,nan,nan,2.89676777836e-09,nan,nan
17264,3.31175300723e-15,0,1.20379204887e-09,nan,nan,2.94929584815e-09,nan,nan
17268,3.30661444443e-15,0,1.2029726344e-09,nan,nan,3.00312177376e-09,nan,nan
17272,3.30358321558e-15,0,1.20264307845e-09,nan,nan,3.05558770897e-09,nan,nan
17276,3.3003053264e-15,0,1.20169665452e-09,nan,nan,3.10910207898e-09,nan,nan
17280,3.30075610489e-15,0,1.2014972935e-09,nan,nan,3.16169020718e-09,nan,nan
17284,3.29632291029e-15,0,1.2004449549e-09,nan,nan,3.21494356045e-09,nan,nan
17288,3.29219475056e-15,0,1.20035693682e-09,nan,nan,3.26781307208e-09,nan,nan
17292,3.29094247566e-15,0,1.19922612831e-09,nan,nan,3.32087849084e-09,nan,nan
17296,3.28668411689e-15,0,1.19922609216e-09,nan,nan,3.37415262527e-09,nan,nan
17300,3.28731528801e-15,0,1.19804627326e-09,nan,nan,3.42713552598e-09,nan,nan
17304,3.2814082502e-15,0,1.19811077359e-09,nan,nan,3.48089598583e-09,nan,nan
17308,3.27983617766e-15,0,1.19690917142e-09,nan,nan,3.5339373594e-09,nan,nan
17312,3.27688788192e-15,0,1.19701853119e-09,nan,nan,3.58822726911e-09,nan,nan
17316,3.27417472426e-15,0,1.1958168839e-09,nan,nan,3.64149777932e-09,nan,nan
17320,3.27236791538e-15,0,1.19595768914e-09,nan,nan,3.69633474669e-09,nan,nan
17324,3.2693549104e-15,0,1.19477060415e-09,nan,nan,3.75001886053e-09,nan,nan
17328,3.26535438668e-15,0,1.19493642823e-09,nan,nan,3.80541656459e-09,nan,nan
17332,3.2636598749e-15,0,1.19377158019e-09,nan,nan,3.85968950917e-09,nan,nan
17336,3.26236991322e-15,0,1.19396193079e-09,nan,nan,3.9156827983e-09,nan,nan
17340,3.25759977961e-15,0,1.19282188768e-09,nan,nan,3.9706871576e-09,nan,nan
17344,3.25439271842e-15,0,1.1930397534e-09,nan,nan,4.02735315778e-09,nan,nan
17348,3.25379374437e-15,0,1.19192488284e-09,nan,nan,4.08318401427e-09,nan,nan
17352,3.24865396841e-15,0,1.19217355299e-09,nan,nan,4.14065132296e-09,nan,nan
17356,3.24931789914e-15,0,1.19108527794e-09,nan,nan,4.1973572702e-09,nan,nan
17360,3.24552977561e-15,0,1.19136521424e-09,nan,nan,4.25579780496e-09,nan,nan
17364,3.24056655174e-15,0,1.19030885882e-09,nan,nan,4.3134000349e-09,nan,nan
17368,3.23996112264e-15,0,1.19061530711e-09,nan,nan,4.37300346898e-09,nan,nan
17372,3.23579607443e-15,0,1.18960191409e-09,nan,nan,4.43152801199e-09,nan,nan
17376,3.23560205629e-15,0,1.1899237512e-09,nan,nan,4.49246529276e-09,nan,nan
17380,3.2305296992e-15,0,1.18897050422e-09,nan,nan,4.55197831723e-09,nan,nan
17384,3.23068642481e-15,0,1.18929058061e-09,nan,nan,4.61436962726e-09,nan,nan
17388,3.22638426686e-15,0,1.18841971485e-09,nan,nan,4.67500738507e-09,nan,nan
17392,3.22205534491e-15,0,1.18871667173e-09,nan,nan,4.73890993783e-09,nan,nan
17396,3.22025616214e-15,0,1.18795305246e-09,nan,nan,4.80088555486e-09,nan,nan
17400,3.21872000475e-15,0,1.18820419039e-09,nan,nan,4.86630010805e-09,nan,nan
17404,3.21655508014e-15,0,1.18757224741e-09,nan,nan,4.9298780394e-09,nan,nan
17408,3.21207405667e-15,0,1.18775647832e-09,nan,nan,4.99678138672e-09,nan,nan
17412,3.21211133138e-15,0,1.18727768368e-09,nan,nan,5.06223342323e-09,nan,nan
17416,3.20724859443e-15,0,1.18737742907e-09,nan,nan,5.13063095084e-09,nan,nan
17420,3.20540078853e-15,0,1.18706905408e-09,nan,nan,5.19818739847e-09,nan,nan
17424,3.20012009328e-15,0,1.18707113973e-09,nan,nan,5.26816621449e-09,nan,nan
17428,3.20121340694e-15,0,1.18694520193e-09,nan,nan,5.33798400064e-09,nan,nan
17432,3.19836997509e-15,0,1.18684262951e-09,nan,nan,5.4097416047e-09,nan,nan
17436,3.1941768519e-15,0,1.18690313742e-09,nan,nan,5.48189384442e-09,nan,nan
17440,3.19281478501e-15,0,1.18669848262e-09,nan,nan,5.55571409917e-09,nan,nan
17444,3.18809655284e-15,0,1.18693847519e-09,nan,nan,5.63021024359e-09,nan,nan
17448,3.18658788398e-15,0,1.18664496995e-09,nan,nan,5.70642130628e-09,nan,nan
17452,3.18603400098e-15,0,1.18704857182e-09,nan,nan,5.78327713197e-09,nan,nan
17456,3.18012914194e-15,0,1.18668466455e-09,nan,nan,5.86220026333e-09,nan,nan
17460,3.18023326896e-15,0,1.18723482375e-09,nan,nan,5.9415059733e-09,nan,nan
17464,3.17672137115e-15,0,1.18681629368e-09,nan,nan,6.02338934541e-09,nan,nan
17468,3.17343686283e-15,0,1.18750049503e-09,nan,nan,6.10536083753e-09,nan,nan
17472,3.17175917379e-15,0,1.18703845217e-09,nan,nan,6.1903381864e-09,nan,nan
17476,3.16820745017e-15,0,1.1878469111e-09,nan,nan,6.2753393738e-09,nan,nan
17480,3.16549815894e-15,0,1.18735232213e-09,nan,nan,6.36343819151e-09,nan,nan
17484,3.1635890732e-15,0,1.18827245745e-09,nan,nan,6.45195193356e-09,nan,nan
17488,3.16169745246e-15,0,1.18776105341e-09,nan,nan,6.54315730823e-09,nan,nan
17492,3.15768688588e-15,0,1.18877432226e-09,nan,nan,6.63570436882e-09,nan,nan
17496,3.15707364922e-15,0,1.18826748448e-09,nan,nan,6.73006170548e-09,nan,nan
17500,3.15277197256e-15,0,1.18935084307e-09,nan,nan,6.82709432759e-09,nan,nan
17504,3.15052897091e-15,0,1.18887222724e-09,nan,nan,6.92481539054e-09,nan,nan
17508,3.14852863174e-15,0,1.19000273569e-09,nan,nan,7.02662913056e-09,nan,nan
17512,3.14682838231e-15,0,1.18957331933e-09,nan,nan,7.12815949176e-09,nan,nan
17516,3.14076885312e-15,0,1.19073257227e-09,nan,nan,7.23486583986e-09,nan,nan
17520,3.14211102429e-15,0,1.19036744424e-09,nan,nan,7.34088086923e-09,nan,nan
17524,3.13720947581e-15,0,1.1915431298e-09,nan,nan,7.45246281175e-09,nan,nan
17528,3.13601147571e-15,0,1.19125177618e-09,nan,nan,7.56378284079e-09,nan,nan
17532,3.13141084e-15,0,1.19243570413e-09,nan,nan,7.68022413071e-09,nan,nan
17536,3.13130718675e-15,0,1.19222532858e-09,nan,nan,7.79767111554e-09,nan,nan
17540,3.12771984351e-15,0,1.19340927621e-09,nan,nan,7.91911993106e-09,nan,nan
17544,3.12566944397e-15,0,1.19328918027e-09,nan,nan,8.0433664739e-09,nan,nan
17548,3.12221555462e-15,0,1.19446087616e-09,nan,nan,8.17027621572e-09,nan,nan
17552,3.12118487726e-15,0,1.19444562131e-09,nan,nan,8.30175006938e-09,nan,nan
17556,3.11738320799e-15,0,1.19558687068e-09,nan,nan,8.43494090373e-09,nan,nan
17560,3.1146897649e-15,0,1.19569667163e-09,nan,nan,8.57383574399e-09,nan,nan
17564,3.11318799225e-15,0,1.19678452773e-09,nan,nan,8.71444192671e-09,nan,nan
17568,3.11043298115e-15,0,1.19704260206e-09,nan,nan,8.86085005285e-09,nan,nan
17572,3.10733188519e-15,0,1.19805324391e-09,nan,nan,9.01015667614e-09,nan,nan
17576,3.10509000644e-15,0,1.1984810558e-09,nan,nan,9.16429362425e-09,nan,nan
17580,3.10320225861e-15,0,1.19939503394e-09,nan,nan,9.32351216945e-09,nan,nan
17584,3.09861068666e-15,0,1.20000705874e-09,nan,nan,9.48596382287e-09,nan,nan
17588,3.09796389702e-15,0,1.20081409288e-09,nan,nan,9.65603193756e-09,nan,nan
17592,3.09485707778e-15,0,1.20161388232e-09,nan,nan,9.82793562199e-09,nan,nan
17596,3.09380853878e-15,0,1.20231557613e-09,nan,nan,1.0009434702e-08,nan,nan
17600,3.08824869082e-15,0,1.20329444624e-09,nan,nan,1.01925153248e-08,nan,nan
17604,3.08914637031e-15,0,1.20390416229e-09,nan,nan,1.03857703882e-08,nan,nan
17608,3.08519771644e-15,0,1.20504268553e-09,nan,nan,1.05821932164e-08,nan,nan
17612,3.08214039722e-15,0,1.20558295313e-09,nan,nan,1.07875598144e-08,nan,nan
17616,3.07995389603e-15,0,1.20685439143e-09,nan,nan,1.09996267013e-08,nan,nan
17620,3.07697340794e-15,0,1.20735294107e-09,nan,nan,1.12178989629e-08,nan,nan
17624,3.07679243666e-15,0,1.20872738768e-09,nan,nan,1.14476870638e-08,nan,nan
17628,3.07239665342e-15,0,1.20921313504e-09,nan,nan,1.16805033953e-08,nan,nan
17632,3.0700196145e-15,0,1.21066113038e-09,nan,nan,1.19295965725e-08,nan,nan
17636,3.06768154215e-15,0,1.21116122801e-09,nan,nan,1.217969637e-08,nan,nan
17640,3.06506822153e-15,0,1.2126559622e-09,nan,nan,1.24491609836e-08,nan,nan
17644,3.06376723333e-15,0,1.21319436401e-09,nan,nan,1.27203713478e-08,nan,nan
17648,3.05900792953e-15,0,1.214712424e-09,nan,nan,1.30110681067e-08,nan,nan
17652,3.0594778994e-15,0,1.21530961106e-09,nan,nan,1.3307977562e-08,nan,nan
17656,3.05534386161e-15,0,1.21683098345e-09,nan,nan,1.36211947133e-08,nan,nan
17660,3.05210517956e-15,0,1.21750405581e-09,nan,nan,1.39485893194e-08,nan,nan
17664,3.05143491738e-15,0,1.21901215964e-09,nan,nan,1.42868641365e-08,nan,nan
17668,3.04763764548e-15,0,1.21977462085e-09,nan,nan,1.46491276725e-08,nan,nan
17672,3.04555106863e-15,0,1.22125675399e-09,nan,nan,1.50170305291e-08,nan,nan
17676,3.04379677244e-15,0,1.22211780824e-09,nan,nan,1.5417795458e-08,nan,nan
17680,3.04045328611e-15,0,1.22356603198e-09,nan,nan,1.58224155329e-08,nan,nan
17684,3.03820841068e-15,0,1.22452957053e-09,nan,nan,1.62647493615e-08,nan,nan
17688,3.03599645244e-15,0,1.22594183288e-09,nan,nan,1.67156689663e-08,nan,nan
17692,3.0333573526e-15,0,1.22700532578e-09,nan,nan,1.72029750112e-08,nan,nan
17696,3.03173931542e-15,0,1.22838651773e-09,nan,nan,1.77116663648e-08,nan,nan
17700,3.0280397551e-15,0,1.22954007124e-09,nan,nan,1.82492931539e-08,nan,nan
17704,3.02619081262e-15,0,1.23090271679e-09,nan,nan,1.88281074472e-08,nan,nan
17708,3.02396658239e-15,0,1.23212868642e-09,nan,nan,1.94254496234e-08,nan,nan
17712,3.02223150076e-15,0,1.2334929373e-09,nan,nan,2.00866424741e-08,nan,nan
17716,3.0184545351e-15,0,1.23476646073e-09,nan,nan,2.07593364505e-08,nan,nan
17720,3.01671671589e-15,0,1.23615902255e-09,nan,nan,2.15148008395e-08,nan,nan
17724,3.01414743866e-15,0,1.23744969745e-09,nan,nan,2.22865264611e-08,nan,nan
17728,3.01065655025e-15,0,1.23890149425e-09,nan,nan,2.31490047194e-08,nan,nan
17732,3.00986190639e-15,0,1.24017629522e-09,nan,nan,2.40524649548e-08,nan,nan
17736,3.00787584145e-15,0,1.24171898773e-09,nan,nan,2.50389660928e-08,nan,nan
17740,3.00376919962e-15,0,1.24294626221e-09,nan,nan,2.61159102299e-08,nan,nan
17744,3.00245548642e-15,0,1.24460791534e-09,nan,nan,2.72539347718e-08,nan,nan
17748,2.99996183076e-15,0,1.24576198137e-09,nan,nan,2.85546885551e-08,nan,nan
17752,2.99685626817e-15,0,1.24756237655e-09,nan,nan,2.98917981428e-08,nan,nan
17756,2.99564596466e-15,0,1.24862803516e-09,nan,nan,3.14757133929e-08,nan,nan
17760,2.99245900327e-15,0,1.25057456337e-09,nan,nan,3.30931782742e-08,nan,nan
17764,2.99067344772e-15,0,1.25155039822e-09,nan,nan,3.50328153246e-08,nan,nan
17768,2.98685930694e-15,0,1.25363611063e-09,nan,nan,3.70648951703e-08,nan,nan
17772,2.98537623562e-15,0,1.25453461809e-09,nan,nan,3.94590618778e-08,nan,nan
17776,2.98325182491e-15,0,1.2567404268e-09,nan,nan,4.21218039733e-08,nan,nan
17780,2.98117072168e-15,0,1.2575833679e-09,nan,nan,4.51274292419e-08,nan,nan
17784,2.97828840742e-15,0,1.25988439291e-09,nan,nan,4.87670296635e-08,nan,nan
17788,2.97623076352e-15,0,1.26069653754e-09,nan,nan,5.26725229052e-08,nan,nan
17792,2.97338466954e-15,0,1.26306507093e-09,nan,nan,5.78599985733e-08,nan,nan
17796,2.97154901675e-15,0,1.2638786125e-09,nan,nan,6.32614114107e-08,nan,nan
17800,2.96776891119e-15,0,1.26626914677e-09,nan,nan,7.10102192468e-08,nan,nan
17804,2.96885465317e-15,0,1.26714890376e-09,nan,nan,7.92907139406e-08,nan,nan
17808,2.96236289307e-15,0,1.2694699403e-09,nan,nan,9.16513313115e-08,nan,nan
17812,2.96230610084e-15,0,1.27052817087e-09,nan,nan,1.06603036597e-07,nan,nan
17816,2.95926339096e-15,0,1.27266377649e-09,nan,nan,1.28714211508e-07,nan,nan
17820,2.95831492254e-15,0,1.27398169297e-09,nan,nan,1.64549688115e-07,nan,nan
17824,2.95341007691e-15,0,1.27592921794e-09,nan,nan,2.15327833906e-07,nan,nan
17828,2.95313333839e-15,0,1.27739339741e-09,nan,nan,3.95551472499e-07,nan,nan
17832,2.94975837172e-15,0,1.27937851382e-09,nan,nan,6.4802410914e-07,nan,nan
17836,2.94821708125e-15,0,1.28070979132e-09,nan,nan,7.71723040908e-07,nan,nan
17840,2.94599408287e-15,0,1.28294692129e-09,nan,nan,6.65526862658e-07,nan,nan
17844,2.94202710019e-15,0,1.28412438082e-09,nan,nan,4.16373794895e-07,nan,nan
17848,2.94271485274e-15,0,1.28636257755e-09,nan,nan,2.24336099688e-07,nan,nan
17852,2.93638959894e-15,0,1.28786670868e-09,nan,nan,1.67955595167e-07,nan,nan
17856,2.93675201638e-15,0,1.28956135775e-09,nan,nan,1.32116059179e-07,nan,nan
17860,2.93512981046e-15,0,1.29177359899e-09,nan,nan,1.08567490677e-07,nan,nan
17864,2.93003265819e-15,0,1.29287367698e-09,nan,nan,9.36644342963e-08,nan,nan
17868,2.92933644346e-15,0,1.29549088523e-09,nan,nan,8.08315870469e-08,nan,nan
17872,2.92737657767e-15,0,1.2965272147e-09,nan,nan,7.25052702412e-08,nan,nan
17876,2.92479801422e-15,0,1.29897323106e-09,nan,nan,6.46084551034e-08,nan,nan
17880,2.92240524419e-15,0,1.30042270585e-09,nan,nan,5.91225571291e-08,nan,nan
17884,2.92020190985e-15,0,1.30238144386e-09,nan,nan,5.39026790289e-08,nan,nan
17888,2.91676007336e-15,0,1.30438395967e-09,nan,nan,4.99123387804e-08,nan,nan
17892,2.91508357618e-15,0,1.30589190458e-09,nan,nan,4.62748578689e-08,nan,nan
17896,2.91420858155e-15,0,1.30824185111e-09,nan,nan,4.32024945357e-08,nan,nan
17900,2.91003273819e-15,0,1.30963529348e-09,nan,nan,4.05448446431e-08,nan,nan
17904,2.90935966295e-15,0,1.31192768645e-09,nan,nan,3.81073320601e-08,nan,nan
17908,2.90690570147e-15,0,1.31361230536e-09,nan,nan,3.60734292968e-08,nan,nan
17912,2.90158377707e-15,0,1.31549399702e-09,nan,nan,3.41113006633e-08,nan,nan
17916,2.9028897127e-15,0,1.31772782231e-09,nan,nan,3.24846495706e-08,nan,nan
17920,2.90030990564e-15,0,1.3190615772e-09,nan,nan,3.08929507173e-08,nan,nan
17924,2.89652067292e-15,0,1.32184933081e-09,nan,nan,2.95423790221e-08,nan,nan
17928,2.89469698278e-15,0,1.32275437899e-09,nan,nan,2.82419242049e-08,nan,nan
17932,2.89255645102e-15,0,1.32587257176e-09,nan,nan,2.70898539282e-08,nan,nan
17936,2.89086360248e-15,0,1.32664517756e-09,nan,nan,2.60160529586e-08,nan,nan
17940,2.88803458552e-15,0,1.32975823328e-09,nan,nan,2.50177867506e-08,nan,nan
17944,2.88409722079e-15,0,1.33073726406e-09,nan,nan,2.41171332156e-08,nan,nan
17948,2.88445693445e-15,0,1.33353449045e-09,nan,nan,2.32466285665e-08,nan,nan
17952,2.8821159694e-15,0,1.3349737849e-09,nan,nan,2.24760773643e-08,nan,nan
17956,2.87841213989e-15,0,1.33727461711e-09,nan,nan,2.17163985711e-08,nan,nan
17960,2.87658467053e-15,0,1.33927307486e-09,nan,nan,2.10432760328e-08,nan,nan
17964,2.8744400834e-15,0,1.34105977888e-09,nan,nan,2.03807947932e-08,nan,nan
17968,2.87220678431e-15,0,1.34355652466e-09,nan,nan,1.97821521303e-08,nan,nan
17972,2.87187079375e-15,0,1.34495711816e-09,nan,nan,1.92037355634e-08,nan,nan
17976,2.86579195477e-15,0,1.34777560112e-09,nan,nan,1.86648424896e-08,nan,nan
17980,2.86552932212e-15,0,1.34899028317e-09,nan,nan,1.81571447279e-08,nan,nan
17984,2.86343413349e-15,0,1.35192395927e-09,nan,nan,1.76693219085e-08,nan,nan
17988,2.86155219965e-15,0,1.35315577095e-09,nan,nan,1.72193410954e-08,nan,nan
17992,2.85808164114e-15,0,1.35601073154e-09,nan,nan,1.67775341842e-08,nan,nan
17996,2.85754598855e-15,0,1.35743027717e-09,nan,nan,1.63736450622e-08,nan,nan
18000,2.85364789519e-15,0,1.36007729545e-09,nan,nan,1.59743213664e-08,nan,nan
18004,2.85238437958e-15,0,1.36175880125e-09,nan,nan,1.56071307886e-08,nan,nan
18008,2.85002131089e-15,0,1.36417172359e-09,nan,nan,1.52468292556e-08,nan,nan
18012,2.84702826198e-15,0,1.36611571162e-09,nan,nan,1.49096237634e-08,nan,nan
18016,2.84495941987e-15,0,1.36829453192e-09,nan,nan,1.45842070708e-08,nan,nan
18020,2.84385534455e-15,0,1.37050628272e-09,nan,nan,1.42728352225e-08,nan,nan
18024,2.8425286005e-15,0,1.37245861024e-09,nan,nan,1.39775248151e-08,nan,nan
18028,2.83674965427e-15,0,1.37488260502e-09,nan,nan,1.36896566803e-08,nan,nan
18032,2.83699316536e-15,0,1.3767397584e-09,nan,nan,1.34196265907e-08,nan,nan
18036,2.83503269378e-15,0,1.37916363705e-09,nan,nan,1.31537970769e-08,nan,nan
18040,2.83216044407e-15,0,1.38119289994e-09,nan,nan,1.29047787203e-08,nan,nan
18044,2.83060919728e-15,0,1.38334103838e-09,nan,nan,1.2659688766e-08,nan,nan
18048,2.82662919403e-15,0,1.38577395831e-09,nan,nan,1.24282918685e-08,nan,nan
18052,2.82511545193e-15,0,1.38749794175e-09,nan,nan,1.22024462679e-08,nan,nan
18056,2.82445477183e-15,0,1.39038071049e-09,nan,nan,1.19862547041e-08,nan,nan
18060,2.82003939971e-15,0,1.39173195788e-09,nan,nan,1.17778194373e-08,nan,nan
18064,2.8204862835e-15,0,1.39493482257e-09,nan,nan,1.15753303103e-08,nan,nan
18068,2.81564970495e-15,0,1.39609413499e-09,nan,nan,1.13821756327e-08,nan,nan
18072,2.81516441136e-15,0,1.39941109005e-09,nan,nan,1.11925643841e-08,nan,nan
18076,2.81191308917e-15,0,1.40058874395e-09,nan,nan,1.10124893529e-08,nan,nan
18080,2.81138428815e-15,0,1.40381825147e-09,nan,nan,1.08352407822e-08,nan,nan
18084,2.80659417767e-15,0,1.40519905867e-09,nan,nan,1.06662864393e-08,nan,nan
18088,2.80605894943e-15,0,1.40817578288e-09,nan,nan,1.05008290214e-08,nan,nan
18092,2.80409481309e-15,0,1.40990387882e-09,nan,nan,1.03415305476e-08,nan,nan
18096,2.80213960105e-15,0,1.41250538223e-09,nan,nan,1.01870129926e-08,nan,nan
18100,2.80031875775e-15,0,1.41468020359e-09,nan,nan,1.0036482715e-08,nan,nan
18104,2.79597167919e-15,0,1.4168310558e-09,nan,nan,9.89174961414e-09,nan,nan
18108,2.79506722107e-15,0,1.41950202592e-09,nan,nan,9.74957431382e-09,nan,nan
18112,2.79212856354e-15,0,1.42117951651e-09,nan,nan,9.61330762836e-09,nan,nan
18116,2.79081005032e-15,0,1.42434162101e-09,nan,nan,9.47932156549e-09,nan,nan
18120,2.78862326717e-15,0,1.42557806979e-09,nan,nan,9.35026163645e-09,nan,nan
18124,2.7888236476e-15,0,1.42917277335e-09,nan,nan,9.22429279864e-09,nan,nan
18128,2.78253733765e-15,0,1.4300507839e-09,nan,nan,9.10144297376e-09,nan,nan
18132,2.78193595154e-15,0,1.43397400631e-09,nan,nan,8.98312384794e-09,nan,nan
18136,2.77993579396e-15,0,1.43461527275e-09,nan,nan,8.86586560774e-09,nan,nan
18140,2.77851571729e-15,0,1.43873125273e-09,nan,nan,8.7545625352e-09,nan,nan
18144,2.77567470416e-15,0,1.43928117472e-09,nan,nan,8.64264842082e-09,nan,nan
18148,2.77383634084e-15,0,1.44343920317e-09,nan,nan,8.53751400749e-09,nan,nan
18152,2.77115438918e-15,0,1.44404953121e-09,nan,nan,8.43095120797e-09,nan,nan
18156,2.76948650407e-15,0,1.44810096217e-09,nan,nan,8.33106297023e-09,nan,nan
18160,2.76635736785e-15,0,1.44891300995e-09,nan,nan,8.22993788797e-09,nan,nan
18164,2.76568201253e-15,0,1.45272709737e-09,nan,nan,8.13446444375e-09,nan,nan
18168,2.76330210283e-15,0,1.45385756507e-09,nan,nan,8.03877398142e-09,nan,nan
18172,2.75933151129e-15,0,1.45733420038e-09,nan,nan,7.94710838845e-09,nan,nan
18176,2.75967785715e-15,0,1.45886491422e-09,nan,nan,7.8566532361e-09,nan,nan
18180,2.75571574884e-15,0,1.46194172447e-09,nan,nan,7.76846966767e-09,nan,nan
18184,2.75436054148e-15,0,1.46391565915e-09,nan,nan,7.68283753504e-09,nan,nan
18188,2.7529190611e-15,0,1.46656785178e-09,nan,nan,7.59805759659e-09,nan,nan
18192,2.75017689736e-15,0,1.46899284095e-09,nan,nan,7.51669016329e-09,nan,nan
18196,2.7486541298e-15,0,1.47122829681e-09,nan,nan,7.435380646e-09,nan,nan
18200,2.74581337139e-15,0,1.47408015802e-09,nan,nan,7.35768329351e-09,nan,nan
18204,2.74388639962e-15,0,1.47594408724e-09,nan,nan,7.27994003209e-09,nan,nan
18208,2.74282589974e-15,0,1.47914819869e-09,nan,nan,7.20537240715e-09,nan,nan
18212,2.73771967674e-15,0,1.48075594868e-09,nan,nan,7.13125012313e-09,nan,nan
18216,2.73655403874e-15,0,1.48414822789e-09,nan,nan,7.05936689408e-09,nan,nan
18220,2.73523782353e-15,0,1.48570590229e-09,nan,nan,6.9888404481e-09,nan,nan
18224,2.73472467081e-15,0,1.48907076082e-09,nan,nan,6.91936023297e-09,nan,nan
18228,2.73352042243e-15,0,1.49074112459e-09,nan,nan,6.85219266214e-09,nan,nan
18232,2.72697919758e-15,0,1.49404654729e-09,nan,nan,6.7851873959e-09,nan,nan
18236,2.72808804807e-15,0,1.49568109607e-09,nan,nan,6.72075063239e-09,nan,nan
18240,2.72443947396e-15,0,1.49922117993e-09,nan,nan,6.65664543964e-09,nan,nan
18244,2.72363450033e-15,0,1.50053628127e-09,nan,nan,6.59424534819e-09,nan,nan
18248,2.71936070966e-15,0,1.50434278005e-09,nan,nan,6.53310175934e-09,nan,nan
18252,2.71905045371e-15,0,1.50575142863e-09,nan,nan,6.4728661231e-09,nan,nan
18256,2.71784121844e-15,0,1.50900109606e-09,nan,nan,6.41385447395e-09,nan,nan
18260,2.71402698541e-15,0,1.5113965756e-09,nan,nan,6.35640535651e-09,nan,nan
18264,2.71209270128e-15,0,1.51362203816e-09,nan,nan,6.29907536077e-09,nan,nan
18268,2.71082741126e-15,0,1.516748429e-09,nan,nan,6.24395103536e-09,nan,nan
18272,2.70824377736e-15,0,1.51874024675e-09,nan,nan,6.18893314734e-09,nan,nan
18276,2.70716021974e-15,0,1.52183993545e-09,nan,nan,6.13542182966e-09,nan,nan
18280,2.70323325867e-15,0,1.52387792308e-09,nan,nan,6.08266127364e-09,nan,nan
18284,2.70230811996e-15,0,1.52705785119e-09,nan,nan,6.03096104343e-09,nan,nan
18288,2.70085537261e-15,0,1.52910324763e-09,nan,nan,5.98016316614e-09,nan,nan
18292,2.69760578038e-15,0,1.53212235636e-09,nan,nan,5.93007339274e-09,nan,nan
18296,2.69639672559e-15,0,1.53441483512e-09,nan,nan,5.88123243959e-09,nan,nan
18300,2.69454408608e-15,0,1.53734291575e-09,nan,nan,5.83285403848e-09,nan,nan
18304,2.69103185644e-15,0,1.53964103936e-09,nan,nan,5.78558178206e-09,nan,nan
18308,2.69010879497e-15,0,1.54258186847e-09,nan,nan,5.73893481595e-09,nan,nan
18312,2.68706182537e-15,0,1.5448895653e-09,nan,nan,5.69316527837e-09,nan,nan
18316,2.68632836132e-15,0,1.54792650216e-09,nan,nan,5.64822190452e-09,nan,nan
18320,2.6844060696e-15,0,1.55013921018e-09,nan,nan,5.60382693704e-09,nan,nan
18324,2.68143474213e-15,0,1.55327305113e-09,nan,nan,5.56045201947e-09,nan,nan
18328,2.68038080877e-15,0,1.55542736301e-09,nan,nan,5.51744166211e-09,nan,nan
18332,2.67617546577e-15,0,1.55861958718e-09,nan,nan,5.47549319864e-09,nan,nan
18336,2.67597595514e-15,0,1.56080405675e-09,nan,nan,5.43390012935e-09,nan,nan
18340,2.67477459121e-15,0,1.56394853336e-09,nan,nan,5.39322041641e-09,nan,nan
18344,2.67092297671e-15,0,1.56625292628e-09,nan,nan,5.35303315739e-09,nan,nan
18348,2.67034840216e-15,0,1.56924203839e-09,nan,nan,5.31350648398e-09,nan,nan
18352,2.66694780828e-15,0,1.57179128461e-09,nan,nan,5.27471841005e-09,nan,nan
18356,2.66458480928e-15,0,1.57454019754e-09,nan,nan,5.23628183391e-09,nan,nan
18360,2.66389914682e-15,0,1.57736444064e-09,nan,nan,5.19879113283e-09,nan,nan
18364,2.66245792007e-15,0,1.57984747125e-09,nan,nan,5.16142359391e-09,nan,nan
18368,2.65901768705e-15,0,1.58299470924e-09,nan,nan,5.12518199289e-09,nan,nan
18372,2.65805292925e-15,0,1.58519451037e-09,nan,nan,5.08883900118e-09,nan,nan
18376,2.65444930582e-15,0,1.5886007407e-09,nan,nan,5.05373559287e-09,nan,nan
18380,2.6537816073e-15,0,1.59062369946e-09,nan,nan,5.01843565077e-09,nan,nan
18384,2.65122013155e-15,0,1.5942215135e-09,nan,nan,4.984426677e-09,nan,nan
18388,2.65045681436e-15,0,1.59608258675e-09,nan,nan,4.95004945518e-09,nan,nan
18392,2.64624044779e-15,0,1.59984070681e-09,nan,nan,4.9171563301e-09,nan,nan
18396,2.64593132121e-15,0,1.60165402006e-09,nan,nan,4.88366859895e-09,nan,nan
18400,2.64361872124e-15,0,1.60540095611e-09,nan,nan,4.85178936735e-09,nan,nan
18404,2.64183182589e-15,0,1.60730040781e-09,nan,nan,4.81917187229e-09,nan,nan
18408,2.64013600511e-15,0,1.6110012669e-09,nan,nan,4.78832823646e-09,nan,nan
18412,2.63625616388e-15,0,1.61295459904e-09,nan,nan,4.75644523384e-09,nan,nan
18416,2.63479145873e-15,0,1.61661760029e-09,nan,nan,4.72663493281e-09,nan,nan
18420,2.63403668734e-15,0,1.61871498262e-09,nan,nan,4.69554512234e-09,nan,nan
18424,2.63235109034e-15,0,1.62216352336e-09,nan,nan,4.66652973391e-09,nan,nan
18428,2.62918562075e-15,0,1.62458375625e-09,nan,nan,4.63641700833e-09,nan,nan
18432,2.62738644555e-15,0,1.62772857581e-09,nan,nan,4.60802162202e-09,nan,nan
18436,2.62480963278e-15,0,1.63042207086e-09,nan,nan,4.57887000865e-09,nan,nan
18440,2.62557810454e-15,0,1.63343590346e-09,nan,nan,4.55115222358e-09,nan,nan
18444,2.62147109981e-15,0,1.63617315203e-09,nan,nan,4.52279790743e-09,nan,nan
18448,2.61887933302e-15,0,1.63927770971e-09,nan,nan,4.49584677399e-09,nan,nan
18452,2.6177554994e-15,0,1.64188867505e-09,nan,nan,4.46818798056e-09,nan,nan
18456,2.61502993792e-15,0,1.64518870979e-09,nan,nan,4.44199641009e-09,nan,nan
18460,2.61553189953e-15,0,1.64761491871e-09,nan,nan,4.41500791512e-09,nan,nan
18464,2.61037428809e-15,0,1.65114623768e-09,nan,nan,4.38954741566e-09,nan,nan
18468,2.6104260309e-15,0,1.65335846148e-09,nan,nan,4.36318583815e-09,nan,nan
18472,2.60784502276e-15,0,1.6571591625e-09,nan,nan,4.33847774456e-09,nan,nan
18476,2.60663303258e-15,0,1.65911491724e-09,nan,nan,4.31264870165e-09,nan,nan
18480,2.6042089015e-15,0,1.66322233179e-09,nan,nan,4.28874548383e-09,nan,nan
18484,2.60065377405e-15,0,1.66489201752e-09,nan,nan,4.2633466997e-09,nan,nan
18488,2.60110276959e-15,0,1.66931528701e-09,nan,nan,4.24028638132e-09,nan,nan
18492,2.59923005659e-15,0,1.67071548115e-09,nan,nan,4.21525805074e-09,nan,nan
18496,2.59346367804e-15,0,1.67541834565e-09,nan,nan,4.19303278021e-09,nan,nan
18500,2.59560948692e-15,0,1.67661249031e-09,nan,nan,4.1683706458e-09,nan,nan
18504,2.5936039818e-15,0,1.68150907864e-09,nan,nan,4.14691346261e-09,nan,nan
18508,2.59065923124e-15,0,1.68259566244e-09,nan,nan,4.12266154972e-09,nan,nan
18512,2.58716893361e-15,0,1.68756722921e-09,nan,nan,4.10186023498e-09,nan,nan
18516,2.58584070815e-15,0,1.68867526677e-09,nan,nan,4.07810530516e-09,nan,nan
18520,2.58646066684e-15,0,1.693590763e-09,nan,nan,4.05782695847e-09,nan,nan
18524,2.58107839985e-15,0,1.6948629894e-09,nan,nan,4.03467762293e-09,nan,nan
18528,2.5805438581e-15,0,1.69958267718e-09,nan,nan,4.01477857776e-09,nan,nan
18532,2.58082521471e-15,0,1.70115086845e-09,nan,nan,3.99233445525e-09,nan,nan
18536,2.57618229384e-15,0,1.70553881913e-09,nan,nan,3.97267548258e-09,nan,nan
18540,2.57463281591e-15,0,1.70752135276e-09,nan,nan,3.9510218777e-09,nan,nan
18544,2.57337875692e-15,0,1.7114734605e-09,nan,nan,3.93149568229e-09,nan,nan
18548,2.57160192114e-15,0,1.71397043642e-09,nan,nan,3.91070323566e-09,nan,nan
18552,2.56837409104e-15,0,1.71741714651e-09,nan,nan,3.89123375897e-09,nan,nan
18556,2.56688880537e-15,0,1.72047659288e-09,nan,nan,3.8713312151e-09,nan,nan
18560,2.56744546197e-15,0,1.72338575444e-09,nan,nan,3.8518680627e-09,nan,nan
18564,2.56310786049e-15,0,1.7269805168e-09,nan,nan,3.83282353116e-09,nan,nan
18568,2.56135742672e-15,0,1.72942312768e-09,nan,nan,3.81340028455e-09,nan,nan
18572,2.56033994058e-15,0,1.73341734659e-09,nan,nan,3.79509453038e-09,nan,nan
18576,2.55642314849e-15,0,1.7356479722e-09,nan,nan,3.77590575397e-09,nan,nan
18580,2.55608618338e-15,0,1.73969940544e-09,nan,nan,3.75804650779e-09,nan,nan
18584,2.55415524911e-15,0,1.74213919307e-09,nan,nan,3.73941514364e-09,nan,nan
18588,2.55315168164e-15,0,1.74579522354e-09,nan,nan,3.72165113782e-09,nan,nan
18592,2.54867514821e-15,0,1.74865548464e-09,nan,nan,3.70362424378e-09,nan,nan
18596,2.54936877222e-15,0,1.75224465562e-09,nan,nan,3.68644359064e-09,nan,nan
18600,2.54718038885e-15,0,1.75420777495e-09,nan,nan,3.66751855262e-09,nan,nan
18604,2.54459885721e-15,0,1.76054748638e-09,nan,nan,3.65381758585e-09,nan,nan
18608,2.54186237423e-15,0,1.75738159286e-09,nan,nan,3.62987115525e-09,nan,nan
18612,2.54151777969e-15,0,1.77102145378e-09,nan,nan,3.62370617437e-09,nan,nan
18616,2.53776795527e-15,0,1.76058774231e-09,nan,nan,3.59354674668e-09,nan,nan
18620,2.53811419722e-15,0,1.77637783006e-09,nan,nan,3.58838408208e-09,nan,nan
18624,2.53585962489e-15,0,1.77636857802e-09,nan,nan,3.57089110775e-09,nan,nan
18628,2.53188239421e-15,0,1.76247674408e-09,nan,nan,3.53484091018e-09,nan,nan
18632,2.53168789104e-15,0,1.81095604646e-09,nan,nan,3.5657173357e-09,nan,nan
18636,2.53075560011e-15,0,1.74548488448e-09,nan,nan,3.48260885008e-09,nan,nan
18640,2.52734517294e-15,0,1.81504361263e-09,nan,nan,3.52630460113e-09,nan,nan
18644,2.52613674059e-15,0,1.80153368629e-09,nan,nan,3.50483166858e-09,nan,nan
18648,2.52357605333e-15,0,1.72989907764e-09,nan,nan,3.40291271451e-09,nan,nan
18652,2.52235557829e-15,0,1.89783385231e-09,nan,nan,3.55716996359e-09,nan,nan
18656,2.51988052544e-15,0,1.72023844016e-09,nan,nan,3.36939388013e-09,nan,nan
18660,2.51821672532e-15,0,1.79972273563e-09,nan,nan,3.40787286731e-09,nan,nan
18664,2.51725976768e-15,0,1.92165057511e-09,nan,nan,3.53316604137e-09,nan,nan
18668,2.51501158205e-15,0,1.66960710496e-09,nan,nan,3.26102275884e-09,nan,nan
18672,2.51259567513e-15,0,1.85229216282e-09,nan,nan,3.40545819999e-09,nan,nan
18676,2.51023008361e-15,0,1.92240849425e-09,nan,nan,3.48003102533e-09,nan,nan
18680,2.51042644231e-15,0,1.70106940284e-09,nan,nan,3.24167167667e-09,nan,nan
18684,2.50599010935e-15,0,1.77718609301e-09,nan,nan,3.27507835524e-09,nan,nan
18688,2.50691788556e-15,0,1.99836349252e-09,nan,nan,3.49401610561e-09,nan,nan
18692,2.50398969585e-15,0,1.79769051254e-09,nan,nan,3.29258347637e-09,nan,nan
18696,2.5017103478e-15,0,1.63521749475e-09,nan,nan,3.08843754075e-09,nan,nan
18700,2.49978354171e-15,0,1.938119333e-09,nan,nan,3.35909605048e-09,nan,nan
18704,2.49694559292e-15,0,2.01423785994e-09,nan,nan,3.44837964112e-09,nan,nan
18708,2.49665360499e-15,0,1.73437812855e-09,nan,nan,3.16019425522e-09,nan,nan
18712,2.49536964171e-15,0,1.58597804943e-09,nan,nan,2.95404396986e-09,nan,nan
18716,2.49096597988e-15,0,2.00223951929e-09,nan,nan,3.30832099996e-09,nan,nan
18720,2.49261837052e-15,0,2.3517690087e-09,nan,nan,3.67979934028e-09,nan,nan
18724,2.48946494371e-15,0,2.41291136358e-09,nan,nan,3.76341535341e-09,nan,nan
18728,2.48549648073e-15,0,2.22269230196e-09,nan,nan,3.57181573591e-09,nan,nan
18732,2.48697472844e-15,0,2.02490923055e-09,nan,nan,3.35893605092e-09,nan,nan
18736,2.48308442535e-15,0,1.90994089599e-09,nan,nan,3.22653301966e-09,nan,nan
18740,2.48179185746e-15,0,1.86590570368e-09,nan,nan,3.16140507942e-09,nan,nan
18744,2.48025424409e-15,0,1.89962454491e-09,nan,nan,3.1759863263e-09,nan,nan
18748,2.47752456831e-15,0,1.93156675348e-09,nan,nan,3.19166847478e-09,nan,nan
18752,2.47658165598e-15,0,1.93786340877e-09,nan,nan,3.1853485833e-09,nan,nan
18756,2.47336583497e-15,0,1.88513316884e-09,nan,nan,3.1163248972e-09,nan,nan
18760,2.47488693414e-15,0,1.91026110318e-09,nan,nan,3.12266131886e-09,nan,nan
18764,2.4700304489e-15,0,1.93136285696e-09,nan,nan,3.1295664128e-09,nan,nan
18768,2.46924532995e-15,0,1.92978036383e-09,nan,nan,3.11413954845e-09,nan,nan
18772,2.46670661611e-15,0,1.90041124339e-09,nan,nan,3.06874470958e-09,nan,nan
18776,2.46506007682e-15,0,1.93841072734e-09,nan,nan,3.08924636983e-09,nan,nan
18780,2.46584028242e-15,0,1.94246488639e-09,nan,nan,3.08183402974e-09,nan,nan
18784,2.46060051325e-15,0,1.91786591366e-09,nan,nan,3.04099026418e-09,nan,nan
18788,2.46129774246e-15,0,1.93697051277e-09,nan,nan,3.04416527313e-09,nan,nan
18792,2.45685183732e-15,0,1.95419778221e-09,nan,nan,3.04761066096e-09,nan,nan
18796,2.45764515118e-15,0,1.93642578916e-09,nan,nan,3.01653495333e-09,nan,nan
18800,2.45409407841e-15,0,1.94047430132e-09,nan,nan,3.00332718554e-09,nan,nan
18804,2.45289721676e-15,0,1.97010178291e-09,nan,nan,3.02037665915e-09,nan,nan
18808,2.45184618292e-15,0,1.94171395237e-09,nan,nan,2.97813337023e-09,nan,nan
18812,2.44799983012e-15,0,1.96037329263e-09,nan,nan,2.98046732414e-09,nan,nan
18816,2.45024545828e-15,0,1.97309528748e-09,nan,nan,2.98080782554e-09,nan,nan
18820,2.44367960035e-15,0,1.95688730104e-09,nan,nan,2.95036390037e-09,nan,nan
18824,2.4453509661e-15,0,1.97416273668e-09,nan,nan,2.95217172039e-09,nan,nan
18828,2.44113574877e-15,0,1.98234463029e-09,nan,nan,2.94842211188e-09,nan,nan
18832,2.44165586976e-15,0,1.96606676483e-09,nan,nan,2.91692168218e-09,nan,nan
18836,2.43852906087e-15,0,1.99701223346e-09,nan,nan,2.93424771889e-09,nan,nan
18840,2.43676618603e-15,0,1.9774369398e-09,nan,nan,2.90190276605e-09,nan,nan
18844,2.43539710263e-15,0,1.99646360773e-09,nan,nan,2.90578547256e-09,nan,nan
18848,2.4342913723e-15,0,1.99471211374e-09,nan,nan,2.89195810116e-09,nan,nan
18852,2.43208469173e-15,0,1.99886262549e-09,nan,nan,2.88147098737e-09,nan,nan
18856,2.42863706574e-15,0,2.00522313666e-09,nan,nan,2.87511702173e-09,nan,nan
18860,2.42950519923e-15,0,2.00769344469e-09,nan,nan,2.86381357558e-09,nan,nan
18864,2.42537622621e-15,0,2.01229624054e-09,nan,nan,2.85537096901e-09,nan,nan
18868,2.42622348358e-15,0,2.01731112793e-09,nan,nan,2.84690302384e-09,nan,nan
18872,2.42129252803e-15,0,2.02065030321e-09,nan,nan,2.83734829273e-09,nan,nan
18876,2.42217300875e-15,0,2.02537901212e-09,nan,nan,2.82863032797e-09,nan,nan
18880,2.41816430111e-15,0,2.0304229677e-09,nan,nan,2.82095824991e-09,nan,nan
18884,2.4200616064e-15,0,2.03288779877e-09,nan,nan,2.81010850296e-09,nan,nan
18888,2.41505942591e-15,0,2.04032461808e-09,nan,nan,2.80486173078e-09,nan,nan
18892,2.41475183305e-15,0,2.04084861299e-09,nan,nan,2.79231435833e-09,nan,nan
18896,2.41227062972e-15,0,2.04984788173e-09,nan,nan,2.78859149459e-09,nan,nan
18900,2.40986644561e-15,0,2.04940955157e-09,nan,nan,2.77534175058e-09,nan,nan
18904,2.40923569703e-15,0,2.05907495608e-09,nan,nan,2.77225535982e-09,nan,nan
18908,2.40703698728e-15,0,2.05837941103e-09,nan,nan,2.75897380276e-09,nan,nan
18912,2.40729912574e-15,0,2.06816367396e-09,nan,nan,2.75600771175e-09,nan,nan
18916,2.40329100627e-15,0,2.0676378683e-09,nan,nan,2.74308131987e-09,nan,nan
18920,2.40089871562e-15,0,2.07720317116e-09,nan,nan,2.73992598795e-09,nan,nan
18924,2.4018837447e-15,0,2.07715172125e-09,nan,nan,2.72762677151e-09,nan,nan
18928,2.39860962321e-15,0,2.08622326618e-09,nan,nan,2.72403041589e-09,nan,nan
18932,2.39729485035e-15,0,2.08689150101e-09,nan,nan,2.71257547559e-09,nan,nan
18936,2.39456199248e-15,0,2.09524157717e-09,nan,nan,2.70832888935e-09,nan,nan
18940,2.39386103089e-15,0,2.09682450244e-09,nan,nan,2.69788838283e-09,nan,nan
18944,2.39137438516e-15,0,2.10429740592e-09,nan,nan,2.69284980207e-09,nan,nan
18948,2.39023472533e-15,0,2.10692252175e-09,nan,nan,2.68353282942e-09,nan,nan
18952,2.38960501325e-15,0,2.11343417971e-09,nan,nan,2.67762556495e-09,nan,nan
18956,2.38602841643e-15,0,2.11714994817e-09,nan,nan,2.66947066554e-09,nan,nan
18960,2.38494521518e-15,0,2.12268204916e-09,nan,nan,2.66267452796e-09,nan,nan
18964,2.38238324093e-15,0,2.1274731289e-09,nan,nan,2.65566524136e-09,nan,nan
18968,2.38237228224e-15,0,2.13206899462e-09,nan,nan,2.64801258261e-09,nan,nan
18972,2.38002921449e-15,0,2.13787426881e-09,nan,nan,2.64209480123e-09,nan,nan
18976,2.37885955416e-15,0,2.14162048314e-09,nan,nan,2.63365517775e-09,nan,nan
18980,2.37612432557e-15,0,2.14834200748e-09,nan,nan,2.62874276993e-09,nan,nan
18984,2.37445177884e-15,0,2.15134849924e-09,nan,nan,2.61960701968e-09,nan,nan
18988,2.37368510731e-15,0,2.15886646916e-09,nan,nan,2.6155911827e-09,nan,nan
18992,2.37111409217e-15,0,2.16125878111e-09,nan,nan,2.60586888211e-09,nan,nan
18996,2.36894676352e-15,0,2.16944587571e-09,nan,nan,2.60262708106e-09,nan,nan
19000,2.36919765311e-15,0,2.171361085e-09,nan,nan,2.59244817514e-09,nan,nan
19004,2.36562117655e-15,0,2.18007838631e-09,nan,nan,2.58983593497e-09,nan,nan
19008,2.36360725363e-15,0,2.18166883856e-09,nan,nan,2.57935746481e-09,nan,nan
19012,2.36525712228e-15,0,2.1907500947e-09,nan,nan,2.57719150432e-09,nan,nan
19016,2.36096280883e-15,0,2.19219830473e-09,nan,nan,2.56661000682e-09,nan,nan
19020,2.35971135597e-15,0,2.20145269262e-09,nan,nan,2.56467640702e-09,nan,nan
19024,2.35780633537e-15,0,2.20294358986e-09,nan,nan,2.55419201156e-09,nan,nan
19028,2.35585827506e-15,0,2.21223632037e-09,nan,nan,2.55233619881e-09,nan,nan
19032,2.35381697372e-15,0,2.21381557358e-09,nan,nan,2.54200540622e-09,nan,nan
19036,2.35428726741e-15,0,2.22323928807e-09,nan,nan,2.54030046284e-09,nan,nan
19040,2.35111389813e-15,0,2.22467357134e-09,nan,nan,2.52991205214e-09,nan,nan
19044,2.34959934062e-15,0,2.23454090933e-09,nan,nan,2.52862347651e-09,nan,nan
19048,2.34681780159e-15,0,2.23558979329e-09,nan,nan,2.51799898698e-09,nan,nan
19052,2.34735534255e-15,0,2.24588146062e-09,nan,nan,2.51702379567e-09,nan,nan
19056,2.3439813789e-15,0,2.24697541316e-09,nan,nan,2.50666316389e-09,nan,nan
19060,2.34424806078e-15,0,2.25689131374e-09,nan,nan,2.50516250996e-09,nan,nan
19064,2.33943950173e-15,0,2.25893628223e-09,nan,nan,2.49594283383e-09,nan,nan
19068,2.34193408348e-15,0,2.26788355793e-09,nan,nan,2.49340270244e-09,nan,nan
19072,2.33681800073e-15,0,2.27085940235e-09,nan,nan,2.48519704173e-09,nan,nan
19076,2.33620894436e-15,0,2.27941510364e-09,nan,nan,2.48226498526e-09,nan,nan
19080,2.3358647928e-15,0,2.2826381232e-09,nan,nan,2.47436812792e-09,nan,nan
19084,2.33183994773e-15,0,2.29111016999e-09,nan,nan,2.47133047404e-09,nan,nan
19088,2.33166848768e-15,0,2.29476048364e-09,nan,nan,2.46392305406e-09,nan,nan
19092,2.32936233988e-15,0,2.30286224275e-09,nan,nan,2.46052904507e-09,nan,nan
19096,2.32727634294e-15,0,2.30690996498e-09,nan,nan,2.45351707438e-09,nan,nan
19100,2.32808169197e-15,0,2.31497758405e-09,nan,nan,2.45013424827e-09,nan,nan
19104,2.32413197101e-15,0,2.31919247661e-09,nan,nan,2.44328603662e-09,nan,nan
19108,2.32340542263e-15,0,2.32713688221e-09,nan,nan,2.43981574421e-09,nan,nan
19112,2.3223051625e-15,0,2.33169397625e-09,nan,nan,2.43328624686e-09,nan,nan
19116,2.31880409859e-15,0,2.33954375101e-09,nan,nan,2.42977308294e-09,nan,nan
19120,2.31927128954e-15,0,2.34433509067e-09,nan,nan,2.42345416883e-09,nan,nan
19124,2.31625013351e-15,0,2.35205389443e-09,nan,nan,2.41984195099e-09,nan,nan
19128,2.31498571671e-15,0,2.35718344199e-09,nan,nan,2.41384200068e-09,nan,nan
19132,2.31425264181e-15,0,2.36476640885e-09,nan,nan,2.41011279261e-09,nan,nan
19136,2.3103682688e-15,0,2.370231028e-09,nan,nan,2.40444541597e-09,nan,nan
19140,2.31174670424e-15,0,2.3776332346e-09,nan,nan,2.40052818202e-09,nan,nan
19144,2.30682791296e-15,0,2.38346380624e-09,nan,nan,2.39524080419e-09,nan,nan
19148,2.30863202156e-15,0,2.39067146426e-09,nan,nan,2.39109458568e-09,nan,nan
19152,2.30417352226e-15,0,2.39691274859e-09,nan,nan,2.38624949344e-09,nan,nan
19156,2.30341852927e-15,0,2.40389904168e-09,nan,nan,2.38182712136e-09,nan,nan
19160,2.30257801863e-15,0,2.41056055326e-09,nan,nan,2.37744451294e-09,nan,nan
19164,2.29965209852e-15,0,2.41729563002e-09,nan,nan,2.3727001571e-09,nan,nan
19168,2.30053926093e-15,0,2.42443551637e-09,nan,nan,2.36883669325e-09,nan,nan
19172,2.29633191796e-15,0,2.43090142988e-09,nan,nan,2.36375521126e-09,nan,nan
19176,2.29535482353e-15,0,2.43849745452e-09,nan,nan,2.36037422259e-09,nan,nan
19180,2.29524199291e-15,0,2.44470946554e-09,nan,nan,2.35497821958e-09,nan,nan
19184,2.29240602313e-15,0,2.45278960488e-09,nan,nan,2.35208448881e-09,nan,nan
19188,2.28979750667e-15,0,2.45874820544e-09,nan,nan,2.34639933144e-09,nan,nan
19192,2.28914359481e-15,0,2.46723358981e-09,nan,nan,2.34387731207e-09,nan,nan
19196,2.2885502912e-15,0,2.4730785073e-09,nan,nan,2.33806357393e-09,nan,nan
19200,2.28408390466e-15,0,2.48186766722e-09,nan,nan,2.33579030737e-09,nan,nan
19204,2.28724148505e-15,0,2.48764089162e-09,nan,nan,2.32990156869e-09,nan,nan
19208,2.28105376414e-15,0,2.49670163799e-09,nan,nan,2.32782021999e-09,nan,nan
19212,2.28186474096e-15,0,2.5025164048e-09,nan,nan,2.32198321456e-09,nan,nan
19216,2.27875413979e-15,0,2.51167126016e-09,nan,nan,2.3199064536e-09,nan,nan
19220,2.27928322622e-15,0,2.5176915893e-09,nan,nan,2.31426754684e-09,nan,nan
19224,2.27593978046e-15,0,2.52689848202e-09,nan,nan,2.31217271841e-09,nan,nan
19228,2.27493173122e-15,0,2.5330449046e-09,nan,nan,2.30662512882e-09,nan,nan
19232,2.27430134125e-15,0,2.54243921503e-09,nan,nan,2.30465370806e-09,nan,nan
19236,2.27062189973e-15,0,2.54864315355e-09,nan,nan,2.29912383889e-09,nan,nan
19240,2.27116212646e-15,0,2.55817800369e-09,nan,nan,2.29722083923e-09,nan,nan
19244,2.26782038017e-15,0,2.56460354536e-09,nan,nan,2.29186446003e-09,nan,nan
19248,2.26767410327e-15,0,2.57408153244e-09,nan,nan,2.28984071661e-09,nan,nan
19252,2.26470654668e-15,0,2.58089944342e-09,nan,nan,2.28480197335e-09,nan,nan
19256,2.26529907831e-15,0,2.59023611486e-09,nan,nan,2.28259006384e-09,nan,nan
19260,2.26115191242e-15,0,2.59745827131e-09,nan,nan,2.27785863183e-09,nan,nan
19264,2.26021720042e-15,0,2.60670380121e-09,nan,nan,2.27550998983e-09,nan,nan
19268,2.26082169842e-15,0,2.61426956631e-09,nan,nan,2.27102320041e-09,nan,nan
19272,2.25698133093e-15,0,2.62348700607e-09,nan,nan,2.26858319142e-09,nan,nan
19276,2.25588573088e-15,0,2.63135904781e-09,nan,nan,2.26431494395e-09,nan,nan
19280,2.25564904368e-15,0,2.64057948492e-09,nan,nan,2.26178973201e-09,nan,nan
19284,2.2508964851e-15,0,2.6487435622e-09,nan,nan,2.2577382947e-09,nan,nan
19288,2.2524304522e-15,0,2.65799013131e-09,nan,nan,2.25512844027e-09,nan,nan
19292,2.24968278436e-15,0,2.66642950122e-09,nan,nan,2.25128411417e-09,nan,nan
19296,2.24942519516e-15,0,2.67573258442e-09,nan,nan,2.24860433747e-09,nan,nan
19300,2.2457798355e-15,0,2.68442556742e-09,nan,nan,2.24494387528e-09,nan,nan
19304,2.24475400595e-15,0,2.69381560581e-09,nan,nan,2.24221804882e-09,nan,nan
19308,2.24404541819e-15,0,2.70274604964e-09,nan,nan,2.23871382947e-09,nan,nan
19312,2.2417851023e-15,0,2.71224467606e-09,nan,nan,2.23596609829e-09,nan,nan
19316,2.24145973561e-15,0,2.72140720714e-09,nan,nan,2.23259288551e-09,nan,nan
19320,2.23841117698e-15,0,2.73102682494e-09,nan,nan,2.22984406119e-09,nan,nan
19324,2.23844848151e-15,0,2.74042351691e-09,nan,nan,2.22658039927e-09,nan,nan
19328,2.23546965928e-15,0,2.75017272717e-09,nan,nan,2.22384749168e-09,nan,nan
19332,2.23398063992e-15,0,2.75980644838e-09,nan,nan,2.22067548697e-09,nan,nan
19336,2.23281631557e-15,0,2.76969648005e-09,nan,nan,2.21797172727e-09,nan,nan
19340,2.23174848469e-15,0,2.7795657379e-09,nan,nan,2.2148774766e-09,nan,nan
19344,2.23011943681e-15,0,2.78961434438e-09,nan,nan,2.21221199313e-09,nan,nan
19348,2.22732113531e-15,0,2.79971141222e-09,nan,nan,2.20918606288e-09,nan,nan
19352,2.22756552485e-15,0,2.80994273566e-09,nan,nan,2.20656355904e-09,nan,nan
19356,2.22452023785e-15,0,2.82025530153e-09,nan,nan,2.20360051714e-09,nan,nan
19360,2.22291606625e-15,0,2.83069672846e-09,nan,nan,2.20102231183e-09,nan,nan
19364,2.22394941932e-15,0,2.84121187313e-09,nan,nan,2.19811864069e-09,nan,nan
19368,2.22051409483e-15,0,2.85189039208e-09,nan,nan,2.1955862944e-09,nan,nan
19372,2.21870337075e-15,0,2.86259748151e-09,nan,nan,2.19273540206e-09,nan,nan
19376,2.21752729813e-15,0,2.87353890676e-09,nan,nan,2.19025762336e-09,nan,nan
19380,2.21568897898e-15,0,2.8844271962e-09,nan,nan,2.18744076818e-09,nan,nan
19384,2.21533845545e-15,0,2.89566219572e-09,nan,nan,2.1850442774e-09,nan,nan
19388,2.21247027477e-15,0,2.9067105488e-09,nan,nan,2.18221790698e-09,nan,nan
19392,2.21169412506e-15,0,2.91828888423e-09,nan,nan,2.17996087014e-09,nan,nan
19396,2.21144591975e-15,0,2.92944954655e-09,nan,nan,2.17704462477e-09,nan,nan
19400,2.2066558764e-15,0,2.94145559866e-09,nan,nan,2.17502425035e-09,nan,nan
19404,2.20811284343e-15,0,2.95264488063e-09,nan,nan,2.17190296561e-09,nan,nan
19408,2.20590521553e-15,0,2.96519317212e-09,nan,nan,2.17023688497e-09,nan,nan
19412,2.20328693579e-15,0,2.97631872372e-09,nan,nan,2.16680339502e-09,nan,nan
19416,2.20274465442e-15,0,2.98949441522e-09,nan,nan,2.1655552576e-09,nan,nan
19420,2.20098623598e-15,0,3.00055320246e-09,nan,nan,2.16181945005e-09,nan,nan
19424,2.19959810761e-15,0,3.01427847855e-09,nan,nan,2.16086181355e-09,nan,nan
19428,2.19841729679e-15,0,3.02550958973e-09,nan,nan,2.15709524961e-09,nan,nan
19432,2.19539685814e-15,0,3.03940789715e-09,nan,nan,2.15599651489e-09,nan,nan
19436,2.19572219783e-15,0,3.05135678739e-09,nan,nan,2.15275927899e-09,nan,nan
19440,2.19417568442e-15,0,3.0648220443e-09,nan,nan,2.15089981428e-09,nan,nan
19444,2.19232532257e-15,0,3.07809108477e-09,nan,nan,2.1487452168e-09,nan,nan
19448,2.18946942856e-15,0,3.09071721692e-09,nan,nan,2.14577581081e-09,nan,nan
19452,2.18826313431e-15,0,3.10543186482e-09,nan,nan,2.14472033878e-09,nan,nan
19456,2.18881733281e-15,0,3.11749776799e-09,nan,nan,2.14100208144e-09,nan,nan
19460,2.18688874187e-15,0,3.13306355198e-09,nan,nan,2.1403624811e-09,nan,nan
19464,2.18457782371e-15,0,3.14538499174e-09,nan,nan,2.13672711064e-09,nan,nan
19468,2.18300897038e-15,0,3.16103669394e-09,nan,nan,2.13573712108e-09,nan,nan
19472,2.18113811511e-15,0,3.17419261321e-09,nan,nan,2.13269967961e-09,nan,nan
19476,2.179715524e-15,0,3.18968162596e-09,nan,nan,2.13114980733e-09,nan,nan
19480,2.17850319337e-15,0,3.20370466881e-09,nan,nan,2.12868356311e-09,nan,nan
19484,2.17897128343e-15,0,3.21913693422e-09,nan,nan,2.12668276434e-09,nan,nan
19488,2.17554514377e-15,0,3.23397695918e-09,nan,nan,2.12471199194e-09,nan,nan
19492,2.175091838e-15,0,3.24937022544e-09,nan,nan,2.12226876769e-09,nan,nan
19496,2.17054195566e-15,0,3.26507142067e-09,nan,nan,2.1207965797e-09,nan,nan
19500,2.17333838163e-15,0,3.28044738224e-09,nan,nan,2.11794704026e-09,nan,nan
19504,2.16965650498e-15,0,3.29697960901e-09,nan,nan,2.11688232021e-09,nan,nan
19508,2.16699045962e-15,0,3.31242712313e-09,nan,nan,2.11373751472e-09,nan,nan
19512,2.16871611182e-15,0,3.32974401873e-09,nan,nan,2.11296691316e-09,nan,nan
19516,2.16576073497e-15,0,3.34535140401e-09,nan,nan,2.109640938e-09,nan,nan
19520,2.16320531342e-15,0,3.36338763072e-09,nan,nan,2.10902912878e-09,nan,nan
19524,2.16281844131e-15,0,3.37928872339e-09,nan,nan,2.10567316746e-09,nan,nan
19528,2.16120695819e-15,0,3.39793587981e-09,nan,nan,2.10505722021e-09,nan,nan
19532,2.16001521322e-15,0,3.41429984348e-09,nan,nan,2.10183194846e-09,nan,nan
19536,2.15871329498e-15,0,3.43342272326e-09,nan,nan,2.10105019605e-09,nan,nan
19540,2.15500450116e-15,0,3.45044382876e-09,nan,nan,2.09810624229e-09,nan,nan
19544,2.15608342108e-15,0,3.46989769647e-09,nan,nan,2.09702124069e-09,nan,nan
19548,2.15552282263e-15,0,3.48776429183e-09,nan,nan,2.09446810331e-09,nan,nan
19552,2.15261791495e-15,0,3.5074328506e-09,nan,nan,2.09299722439e-09,nan,nan
19556,2.14997216751e-15,0,3.52629037871e-09,nan,nan,2.09087984517e-09,nan,nan
19560,2.15007587584e-15,0,3.54612031977e-09,nan,nan,2.0890103918e-09,nan,nan
19564,2.14836386831e-15,0,3.56604244392e-09,nan,nan,2.08730327045e-09,nan,nan
19568,2.14637007953e-15,0,3.58606381684e-09,nan,nan,2.08508716975e-09,nan,nan
19572,2.14589828902e-15,0,3.60704639607e-09,nan,nan,2.08371359416e-09,nan,nan
19576,2.14293396376e-15,0,3.62736105416e-09,nan,nan,2.08123349773e-09,nan,nan
19580,2.14290581548e-15,0,3.64934846811e-09,nan,nan,2.08010795378e-09,nan,nan
19584,2.14146254998e-15,0,3.67009600308e-09,nan,nan,2.07743472215e-09,nan,nan
19588,2.1391582544e-15,0,3.69302262141e-09,nan,nan,2.07650418962e-09,nan,nan
19592,2.13861938639e-15,0,3.71432960199e-09,nan,nan,2.07365537523e-09,nan,nan
19596,2.13632079513e-15,0,3.73817263007e-09,nan,nan,2.07293159148e-09,nan,nan
19600,2.13499659337e-15,0,3.76011916787e-09,nan,nan,2.06986678744e-09,nan,nan
19604,2.13530356257e-15,0,3.78490296587e-09,nan,nan,2.06939663458e-09,nan,nan
19608,2.13222858806e-15,0,3.80753761818e-09,nan,nan,2.06606441971e-09,nan,nan
19612,2.13067797432e-15,0,3.83332105013e-09,nan,nan,2.06588765838e-09,nan,nan
19616,2.13018372868e-15,0,3.85667207898e-09,nan,nan,2.06226341164e-09,nan,nan
19620,2.12834767897e-15,0,3.88351586912e-09,nan,nan,2.06235918389e-09,nan,nan
19624,2.12644972491e-15,0,3.90765752113e-09,nan,nan,2.05852061146e-09,nan,nan
19628,2.12478873016e-15,0,3.93554978843e-09,nan,nan,2.05874281357e-09,nan,nan
19632,2.12453649428e-15,0,3.96062872219e-09,nan,nan,2.05486741637e-09,nan,nan
19636,2.12220702606e-15,0,3.98955028246e-09,nan,nan,2.05504577722e-09,nan,nan
19640,2.12151817345e-15,0,4.01565284215e-09,nan,nan,2.05124004682e-09,nan,nan
19644,2.12037991517e-15,0,4.0457202729e-09,nan,nan,2.05134244868e-09,nan,nan
19648,2.11829165564e-15,0,4.07281127053e-09,nan,nan,2.04756675465e-09,nan,nan
19652,2.11645090006e-15,0,4.10421652861e-09,nan,nan,2.04765591131e-09,nan,nan
19656,2.11615179192e-15,0,4.13228001505e-09,nan,nan,2.043855242e-09,nan,nan
19660,2.1143400623e-15,0,4.16511051703e-09,nan,nan,2.04393916363e-09,nan,nan
19664,2.11271103812e-15,0,4.19429006983e-09,nan,nan,2.04014640805e-09,nan,nan
19668,2.1102870453e-15,0,4.2284874345e-09,nan,nan,2.04015232597e-09,nan,nan
19672,2.1112946851e-15,0,4.25905729133e-09,nan,nan,2.03644636841e-09,nan,nan
19676,2.10811736398e-15,0,4.29450516103e-09,nan,nan,2.0362961584e-09,nan,nan
19680,2.10711598109e-15,0,4.3267609484e-09,nan,nan,2.03272999154e-09,nan,nan
19684,2.10632836473e-15,0,4.36337819196e-09,nan,nan,2.032384697e-09,nan,nan
19688,2.10456928903e-15,0,4.39756638402e-09,nan,nan,2.02897360168e-09,nan,nan
19692,2.1029933922e-15,0,4.43535639633e-09,nan,nan,2.02842105717e-09,nan,nan
19696,2.10173018853e-15,0,4.47164471975e-09,nan,nan,2.02516536682e-09,nan,nan
19700,2.09901779763e-15,0,4.51072036216e-09,nan,nan,2.02439892293e-09,nan,nan
19704,2.1001024996e-15,0,4.54918326686e-09,nan,nan,2.02129719114e-09,nan,nan
19708,2.0976828762e-15,0,4.58977636923e-09,nan,nan,2.02031154522e-09,nan,nan
19712,2.0964862059e-15,0,4.63040009785e-09,nan,nan,2.01735810821e-09,nan,nan
19716,2.09406280226e-15,0,4.67284142676e-09,nan,nan,2.01615475496e-09,nan,nan
19720,2.0943878928e-15,0,4.71556382037e-09,nan,nan,2.01333431921e-09,nan,nan
19724,2.09116846773e-15,0,4.76022754953e-09,nan,nan,2.01192514875e-09,nan,nan
19728,2.0907432346e-15,0,4.80500980785e-09,nan,nan,2.00921143195e-09,nan,nan
19732,2.08900500453e-15,0,4.85223851777e-09,nan,nan,2.0076180141e-09,nan,nan
19736,2.08826582932e-15,0,4.89914497664e-09,nan,nan,2.00497579367e-09,nan,nan
19740,2.08654306143e-15,0,4.94918434755e-09,nan,nan,2.00322656109e-09,nan,nan
19744,2.08546539587e-15,0,4.99843794147e-09,nan,nan,2.00061482701e-09,nan,nan
19748,2.0841712825e-15,0,5.0514094947e-09,nan,nan,1.99874180822e-09,nan,nan
19752,2.0828961483e-15,0,5.10339744894e-09,nan,nan,1.99611702647e-09,nan,nan
19756,2.08052510298e-15,0,5.15932637102e-09,nan,nan,1.99415246311e-09,nan,nan
19760,2.07959341742e-15,0,5.21454878066e-09,nan,nan,1.99147197572e-09,nan,nan
19764,2.07853196674e-15,0,5.27344542275e-09,nan,nan,1.98944481479e-09,nan,nan
19768,2.07714144578e-15,0,5.33242149341e-09,nan,nan,1.9866703726e-09,nan,nan
19772,2.07570612764e-15,0,5.39439385038e-09,nan,nan,1.98460280671e-09,nan,nan
19776,2.07288975296e-15,0,5.45755883994e-09,nan,nan,1.98170380726e-09,nan,nan
19780,2.07401344997e-15,0,5.52291671426e-09,nan,nan,1.97960834914e-09,nan,nan
19784,2.07144165192e-15,0,5.59055085072e-09,nan,nan,1.97656417679e-09,nan,nan
19788,2.07170222619e-15,0,5.65985894356e-09,nan,nan,1.97444195522e-09,nan,nan
19792,2.06920476487e-15,0,5.73208432534e-09,nan,nan,1.97124286342e-09,nan,nan
19796,2.06666728299e-15,0,5.80613552531e-09,nan,nan,1.96908366429e-09,nan,nan
19800,2.06529984976e-15,0,5.88299796147e-09,nan,nan,1.96572980598e-09,nan,nan
19804,2.0656551238e-15,0,5.96270646073e-09,nan,nan,1.96351398431e-09,nan,nan
19808,2.06395424272e-15,0,6.04432987871e-09,nan,nan,1.96001263057e-09,nan,nan
19812,2.06147488618e-15,0,6.13057635906e-09,nan,nan,1.95771460785e-09,nan,nan
19816,2.06153258566e-15,0,6.21734588475e-09,nan,nan,1.95407615136e-09,nan,nan
19820,2.06023988944e-15,0,6.31083169534e-09,nan,nan,1.95166876186e-09,nan,nan
19824,2.05805598409e-15,0,6.403540321e-09,nan,nan,1.94790244055e-09,nan,nan
19828,2.05651030633e-15,0,6.50471536487e-09,nan,nan,1.94536105951e-09,nan,nan
19832,2.05522225343e-15,0,6.60461077638e-09,nan,nan,1.94147141349e-09,nan,nan
19836,2.054545263e-15,0,6.71372650845e-09,nan,nan,1.93877690303e-09,nan,nan
19840,2.05276341697e-15,0,6.82242368663e-09,nan,nan,1.93476179068e-09,nan,nan
19844,2.05134283715e-15,0,6.93972805766e-09,nan,nan,1.9319017386e-09,nan,nan
19848,2.0524313308e-15,0,7.05900188241e-09,nan,nan,1.92775221654e-09,nan,nan
19852,2.04707877894e-15,0,7.18504299983e-09,nan,nan,1.92472042758e-09,nan,nan
19856,2.04848214588e-15,0,7.31656677201e-09,nan,nan,1.92042222469e-09,nan,nan
19860,2.04573145565e-15,0,7.45252116597e-09,nan,nan,1.91721688589e-09,nan,nan
19864,2.04479152482e-15,0,7.59765419763e-09,nan,nan,1.91275291843e-09,nan,nan
19868,2.04377642768e-15,0,7.74556570252e-09,nan,nan,1.909374203e-09,nan,nan
19872,2.0434593239e-15,0,7.90530267734e-09,nan,nan,1.90472746439e-09,nan,nan
19876,2.04084435558e-15,0,8.06812877151e-09,nan,nan,1.90117539042e-09,nan,nan
19880,2.03911881576e-15,0,8.24329771466e-09,nan,nan,1.89633146789e-09,nan,nan
19884,2.0383432178e-15,0,8.42471705423e-09,nan,nan,1.89260466712e-09,nan,nan
19888,2.03742747822e-15,0,8.61644980109e-09,nan,nan,1.88755331615e-09,nan,nan
19892,2.03577272729e-15,0,8.82047326161e-09,nan,nan,1.88364912036e-09,nan,nan
19896,2.03450580461e-15,0,9.03088115895e-09,nan,nan,1.87838476769e-09,nan,nan
19900,2.03468077406e-15,0,9.26140226103e-09,nan,nan,1.87430066237e-09,nan,nan
19904,2.03007811874e-15,0,9.49429650202e-09,nan,nan,1.86882208361e-09,nan,nan
19908,2.03066483066e-15,0,9.75478954411e-09,nan,nan,1.86455821772e-09,nan,nan
19912,2.02957205013e-15,0,1.00162309166e-08,nan,nan,1.85886789811e-09,nan,nan
19916,2.02863373618e-15,0,1.03098365859e-08,nan,nan,1.85443015552e-09,nan,nan
19920,2.02758037489e-15,0,1.0608321079e-08,nan,nan,1.8485340566e-09,nan,nan
19924,2.0243012586e-15,0,1.09385332041e-08,nan,nan,1.84393719512e-09,nan,nan
19928,2.02452161626e-15,0,1.12847297264e-08,nan,nan,1.83784563634e-09,nan,nan
19932,2.02215564032e-15,0,1.16568008482e-08,nan,nan,1.83311614358e-09,nan,nan
19936,2.02274388049e-15,0,1.20629361888e-08,nan,nan,1.82684628823e-09,nan,nan
19940,2.01879504392e-15,0,1.24859601975e-08,nan,nan,1.82202489458e-09,nan,nan
19944,2.01965748524e-15,0,1.29651627429e-08,nan,nan,1.81560513553e-09,nan,nan
19948,2.01725212488e-15,0,1.34546158523e-08,nan,nan,1.81074927166e-09,nan,nan
19952,2.01743009476e-15,0,1.40207646476e-08,nan,nan,1.8042256574e-09,nan,nan
19956,2.01591604912e-15,0,1.4601179705e-08,nan,nan,1.79941239747e-09,nan,nan
19960,2.01231359223e-15,0,1.52700640834e-08,nan,nan,1.79285709809e-09,nan,nan
19964,2.01256614721e-15,0,1.59775795779e-08,nan,nan,1.78818735596e-09,nan,nan
19968,2.01239695089e-15,0,1.67704847846e-08,nan,nan,1.78170911962e-09,nan,nan
19972,2.00956674886e-15,0,1.76553313096e-08,nan,nan,1.77731418343e-09,nan,nan
19976,2.00868841543e-15,0,1.8606608752e-08,nan,nan,1.771070732e-09,nan,nan
19980,2.00725770821e-15,0,1.97362623989e-08,nan,nan,1.76712251891e-09,nan,nan
19984,2.00662173957e-15,0,2.09072914154e-08,nan,nan,1.76133481343e-09,nan,nan
19988,2.00491035232e-15,0,2.23722934691e-08,nan,nan,1.75806134798e-09,nan,nan
19992,2.00368011554e-15,0,2.38763348578e-08,nan,nan,1.75302985097e-09,nan,nan
19996,2.00202866787e-15,0,2.58034988231e-08,nan,nan,1.75073730198e-09,nan,nan
20000,2.00157989699e-15,0,2.78517204698e-08,nan,nan,1.7468609633e-09,nan,nan
20004,2.00038538875e-15,0,3.04363302859e-08,nan,nan,1.74596294239e-09,nan,nan
20008,1.99802590651e-15,0,3.34323060446e-08,nan,nan,1.74376254019e-09,nan,nan
20012,1.99723313203e-15,0,3.70214495494e-08,nan,nan,1.74481615101e-09,nan,nan
20016,1.99641049901e-15,0,4.17873335309e-08,nan,nan,1.74496430728e-09,nan,nan
20020,1.99461099947e-15,0,4.71209846559e-08,nan,nan,1.74871129504e-09,nan,nan
20024,1.99395937254e-15,0,5.55617455514e-08,nan,nan,1.75207105789e-09,nan,nan
20028,1.99150156792e-15,0,6.46336064662e-08,nan,nan,1.75948165951e-09,nan,nan
20032,1.99124522387e-15,0,8.23813532095e-08,nan,nan,1.76715360688e-09,nan,nan
20036,1.99151741909e-15,0,1.03087635637e-07,nan,nan,1.77947050998e-09,nan,nan
20040,1.98798511381e-15,0,1.58898295475e-07,nan,nan,1.79284407881e-09,nan,nan
20044,1.98663537882e-15,0,2.96051537906e-07,nan,nan,1.81162455798e-09,nan,nan
20048,1.98704581601e-15,0,4.23844524535e-07,nan,nan,1.83242465073e-09,nan,nan
20052,1.98416721343e-15,0,4.39438036175e-07,nan,nan,1.85957744869e-09,nan,nan
20056,1.98307470488e-15,0,3.30545963483e-07,nan,nan,1.88989724972e-09,nan,nan
20060,1.98321594839e-15,0,1.86467594461e-07,nan,nan,1.92770648025e-09,nan,nan
20064,1.98209532639e-15,0,1.14365470014e-07,nan,nan,1.97002117884e-09,nan,nan
20068,1.97777729026e-15,0,9.27076317721e-08,nan,nan,2.02114940598e-09,nan,nan
20072,1.97964559272e-15,0,7.33400372085e-08,nan,nan,2.07830921717e-09,nan,nan
20076,1.9767240911e-15,0,6.34723990579e-08,nan,nan,2.14577957439e-09,nan,nan
20080,1.977890458e-15,0,5.489462185e-08,nan,nan,2.22098528813e-09,nan,nan
20084,1.97291276952e-15,0,4.90778449469e-08,nan,nan,2.30815185296e-09,nan,nan
20088,1.97412015058e-15,0,4.44125556999e-08,nan,nan,2.40492274706e-09,nan,nan
20092,1.97491079984e-15,0,4.05807013916e-08,nan,nan,2.51544129661e-09,nan,nan
20096,1.96869246484e-15,0,3.76956031345e-08,nan,nan,2.63758643801e-09,nan,nan
20100,1.97022924259e-15,0,3.50357954374e-08,nan,nan,2.77538997146e-09,nan,nan
20104,1.97016207553e-15,0,3.30705098e-08,nan,nan,2.92698154836e-09,nan,nan
20108,1.96683872192e-15,0,3.11770256533e-08,nan,nan,3.09624564074e-09,nan,nan
20112,1.96679725457e-15,0,2.97346596212e-08,nan,nan,3.28156690517e-09,nan,nan
20116,1.96455760297e-15,0,2.83658808142e-08,nan,nan,3.48662148419e-09,nan,nan
20120,1.9637962832e-15,0,2.72495404989e-08,nan,nan,3.71002903529e-09,nan,nan
20124,1.96342659957e-15,0,2.62420630751e-08,nan,nan,3.95514150771e-09,nan,nan
20128,1.96124930521e-15,0,2.53480039332e-08,nan,nan,4.2207506585e-09,nan,nan
20132,1.95978914119e-15,0,2.45825253934e-08,nan,nan,4.50967968654e-09,nan,nan
20136,1.9595696353e-15,0,2.38497305767e-08,nan,nan,4.82076450146e-09,nan,nan
20140,1.95760246634e-15,0,2.3236177691e-08,nan,nan,5.15598195047e-09,nan,nan
20144,1.95702516455e-15,0,2.26205584523e-08,nan,nan,5.51400438585e-09,nan,nan
20148,1.95433658941e-15,0,2.20905906632e-08,nan,nan,5.89554287642e-09,nan,nan
20152,1.95499500544e-15,0,2.15522799078e-08,nan,nan,6.29883864936e-09,nan,nan
20156,1.95416797498e-15,0,2.10547107604e-08,nan,nan,6.72290230129e-09,nan,nan
20160,1.95019273079e-15,0,2.05538590042e-08,nan,nan,7.16531070786e-09,nan,nan
20164,1.95159205889e-15,0,2.00517250834e-08,nan,nan,7.62311836708e-09,nan,nan
20168,1.94860161731e-15,0,1.95504959292e-08,nan,nan,8.09322337076e-09,nan,nan
20172,1.94849430029e-15,0,1.90197158186e-08,nan,nan,8.57091460655e-09,nan,nan
20176,1.94799090219e-15,0,1.84882341331e-08,nan,nan,9.05281161057e-09,nan,nan
20180,1.94448823252e-15,0,1.79175818459e-08,nan,nan,9.53324671358e-09,nan,nan
20184,1.94553273766e-15,0,1.73405289969e-08,nan,nan,1.00093827892e-08,nan,nan
20188,1.94337428137e-15,0,1.67316300984e-08,nan,nan,1.04758598587e-08,nan,nan
20192,1.94062343666e-15,0,1.6111540927e-08,nan,nan,1.09312756549e-08,nan,nan
20196,1.94158143344e-15,0,1.54771078773e-08,nan,nan,1.13717356963e-08,nan,nan
20200,1.94054857827e-15,0,1.48318730669e-08,nan,nan,1.17976397818e-08,nan,nan
20204,1.93903479103e-15,0,1.41914899542e-08,nan,nan,1.22069450649e-08,nan,nan
20208,1.93704657971e-15,0,1.35469830388e-08,nan,nan,1.26012355362e-08,nan,nan
20212,1.93699178548e-15,0,1.29217006043e-08,nan,nan,1.29795497031e-08,nan,nan
20216,1.93427896666e-15,0,1.23032678346e-08,nan,nan,1.33429291338e-08,nan,nan
20220,1.93471675397e-15,0,1.17111419914e-08,nan,nan,1.3689489624e-08,nan,nan
20224,1.93222477076e-15,0,1.11376371914e-08,nan,nan,1.40169148517e-08,nan,nan
20228,1.93116551588e-15,0,1.05914549761e-08,nan,nan,1.43191588282e-08,nan,nan
20232,1.93090453558e-15,0,1.00732009923e-08,nan,nan,1.45867312164e-08,nan,nan
20236,1.92884665362e-15,0,9.58020021451e-09,nan,nan,1.48054054453e-08,nan,nan
20240,1.92714017762e-15,0,9.12003321583e-09,nan,nan,1.49550341781e-08,nan,nan
20244,1.92788274481e-15,0,8.68271380298e-09,nan,nan,1.50114688209e-08,nan,nan
20248,1.92585801325e-15,0,8.27843442852e-09,nan,nan,1.4946227629e-08,nan,nan
20252,1.92448016319e-15,0,7.89568882064e-09,nan,nan,1.47336301268e-08,nan,nan
20256,1.92346019929e-15,0,7.54254611959e-09,nan,nan,1.43530785018e-08,nan,nan
20260,1.9212929462e-15,0,7.21074814781e-09,nan,nan,1.37993388323e-08,nan,nan
20264,1.92222280652e-15,0,6.90325146018e-09,nan,nan,1.30823601987e-08,nan,nan
20268,1.91960455735e-15,0,6.61722680405e-09,nan,nan,1.22315457933e-08,nan,nan
20272,1.91864949551e-15,0,6.35013498605e-09,nan,nan,1.12865814192e-08,nan,nan
20276,1.91712161031e-15,0,6.10401848057e-09,nan,nan,1.0293783326e-08,nan,nan
20280,1.91583218526e-15,0,5.872668329e-09,nan,nan,9.29468524318e-09,nan,nan
20284,1.9160064066e-15,0,5.66062799536e-09,nan,nan,8.32402224258e-09,nan,nan
20288,1.91445091179e-15,0,5.46087507823e-09,nan,nan,7.40500512944e-09,nan,nan
20292,1.91205471097e-15,0,5.27764920493e-09,nan,nan,6.55196117508e-09,nan,nan
20296,1.91308206517e-15,0,5.10567875121e-09,nan,nan,5.77079068145e-09,nan,nan
20300,1.90942379917e-15,0,4.94687742144e-09,nan,nan,5.0621439312e-09,nan,nan
20304,1.9096904981e-15,0,4.79906223424e-09,nan,nan,4.4231701962e-09,nan,nan
20308,1.90855288469e-15,0,4.66122693343e-09,nan,nan,3.84880457677e-09,nan,nan
20312,1.90653134553e-15,0,4.5341086268e-09,nan,nan,3.33366375416e-09,nan,nan
20316,1.90560647986e-15,0,4.4145776147e-09,nan,nan,2.871383642e-09,nan,nan
20320,1.90520173078e-15,0,4.30495960232e-09,nan,nan,2.45689130141e-09,nan,nan
20324,1.90369481173e-15,0,4.20162610201e-09,nan,nan,2.08425096169e-09,nan,nan
20328,1.90302661997e-15,0,4.10671306804e-09,nan,nan,1.74966580115e-09,nan,nan
20332,1.90130831812e-15,0,4.01777333284e-09,nan,nan,1.44815269296e-09,nan,nan
20336,1.90026051118e-15,0,3.93528030372e-09,nan,nan,1.17750497601e-09,nan,nan
20340,1.89797009218e-15,0,3.85904895746e-09,nan,nan,9.34092605586e-10,nan,nan
20344,1.89933716344e-15,0,3.78722692484e-09,nan,nan,7.18067967258e-10,nan,nan
20348,1.8968605576e-15,0,3.72205772142e-09,nan,nan,5.29490099918e-10,nan,nan
20352,1.895742068e-15,0,3.65962431478e-09,nan,nan,3.77024663498e-10,nan,nan
20356,1.89389778654e-15,0,3.60393048587e-09,nan,nan,2.8167605314e-10,nan,nan
20360,1.89410724575e-15,0,3.54993294415e-09,nan,nan,2.75410890062e-10,nan,nan
20364,1.89212105845e-15,0,3.50226732741e-09,nan,nan,3.45154537136e-10,nan,nan
20368,1.89102414134e-15,0,3.45592643971e-09,nan,nan,4.44705383383e-10,nan,nan
20372,1.88958936655e-15,0,3.41506782323e-09,nan,nan,5.52570932965e-10,nan,nan
20376,1.88931952232e-15,0,3.37565125663e-09,nan,nan,6.57980572242e-10,nan,nan
20380,1.88839260985e-15,0,3.34065197062e-09,nan,nan,7.60452169164e-10,nan,nan
20384,1.88692330777e-15,0,3.30740797217e-09,nan,nan,8.56680631483e-10,nan,nan
20388,1.88539059584e-15,0,3.27758203884e-09,nan,nan,9.48749911937e-10,nan,nan
20392,1.883862913e-15,0,3.24973910217e-09,nan,nan,1.03464901129e-09,nan,nan
20396,1.88309506887e-15,0,3.22459807524e-09,nan,nan,1.1166100777e-09,nan,nan
20400,1.88292985634e-15,0,3.20141267351e-09,nan,nan,1.19315109397e-09,nan,nan
20404,1.87979862301e-15,0,3.18057595989e-09,nan,nan,1.26617136319e-09,nan,nan
20408,1.8816609578e-15,0,3.16139658869e-09,nan,nan,1.334618773e-09,nan,nan
20412,1.87835166005e-15,0,3.14450852581e-09,nan,nan,1.39992511327e-09,nan,nan
20416,1.87699575421e-15,0,3.12882384989e-09,nan,nan,1.46145720157e-09,nan,nan
20420,1.87770758877e-15,0,3.11550228283e-09,nan,nan,1.52015809797e-09,nan,nan
20424,1.87526321584e-15,0,3.10295284344e-09,nan,nan,1.57579074834e-09,nan,nan
20428,1.87396108652e-15,0,3.09277921923e-09,nan,nan,1.62884533439e-09,nan,nan
20432,1.87356344636e-15,0,3.08312991764e-09,nan,nan,1.67943411565e-09,nan,nan
20436,1.87181701078e-15,0,3.07567561562e-09,nan,nan,1.72765880157e-09,nan,nan
20440,1.8713474582e-15,0,3.06876215257e-09,nan,nan,1.7739211808e-09,nan,nan
20444,1.86956888864e-15,0,3.06363499954e-09,nan,nan,1.81800586279e-09,nan,nan
20448,1.87035754499e-15,0,3.05930608498e-09,nan,nan,1.86054501361e-09,nan,nan
20452,1.86676105822e-15,0,3.05619678668e-09,nan,nan,1.90107200446e-09,nan,nan
20456,1.86744134459e-15,0,3.054271278e-09,nan,nan,1.94039602725e-09,nan,nan
20460,1.86563546856e-15,0,3.05297621121e-09,nan,nan,1.97785963506e-09,nan,nan
20464,1.86383015239e-15,0,3.0532195949e-09,nan,nan,2.01439562641e-09,nan,nan
20468,1.8640646385e-15,0,3.05362851136e-09,nan,nan,2.04922030233e-09,nan,nan
20472,1.86112955079e-15,0,3.05576366364e-09,nan,nan,2.08332538566e-09,nan,nan
20476,1.86194708798e-15,0,3.05783557948e-09,nan,nan,2.11588028077e-09,nan,nan
20480,1.8602476308e-15,0,3.06158473501e-09,nan,nan,2.14785197715e-09,nan,nan
20484,1.85876631846e-15,0,3.06530689599e-09,nan,nan,2.17846075346e-09,nan,nan
20488,1.85820342584e-15,0,3.0704282675e-09,nan,nan,2.20854801479e-09,nan,nan
20492,1.85757824388e-15,0,3.07577028211e-09,nan,nan,2.23749404112e-09,nan,nan
20496,1.85506022124e-15,0,3.0820856077e-09,nan,nan,2.26590908613e-09,nan,nan
20500,1.85549755268e-15,0,3.08897312e-09,nan,nan,2.2934370999e-09,nan,nan
20504,1.852197165e-15,0,3.09637930456e-09,nan,nan,2.32036726421e-09,nan,nan
20508,1.85344447855e-15,0,3.10469086708e-09,nan,nan,2.34668325732e-09,nan,nan
20512,1.85233103431e-15,0,3.11315081787e-09,nan,nan,2.3723013578e-09,nan,nan
20516,1.84960481553e-15,0,3.12273408333e-09,nan,nan,2.39757283862e-09,nan,nan
20520,1.85029217158e-15,0,3.1322513445e-09,nan,nan,2.42204428937e-09,nan,nan
20524,1.84696633575e-15,0,3.14295010712e-09,nan,nan,2.4464028896e-09,nan,nan
20528,1.84775845456e-15,0,3.15353741227e-09,nan,nan,2.46988832718e-09,nan,nan
20532,1.84574857686e-15,0,3.16521895667e-09,nan,nan,2.49343578377e-09,nan,nan
20536,1.8447584339e-15,0,3.17687179099e-09,nan,nan,2.51608919032e-09,nan,nan
20540,1.84434450714e-15,0,3.18944529796e-09,nan,nan,2.53890626589e-09,nan,nan
20544,1.84287446717e-15,0,3.20212843832e-09,nan,nan,2.56087001072e-09,nan,nan
20548,1.84312013115e-15,0,3.21554912857e-09,nan,nan,2.58302650638e-09,nan,nan
20552,1.84016588409e-15,0,3.22919865872e-09,nan,nan,2.60442576786e-09,nan,nan
20556,1.83852389372e-15,0,3.24345759423e-09,nan,nan,2.62598906164e-09,nan,nan
20560,1.83996497745e-15,0,3.25799542977e-09,nan,nan,2.64692830093e-09,nan,nan
20564,1.83744930844e-15,0,3.27309972867e-09,nan,nan,2.66796813732e-09,nan,nan
20568,1.83639200436e-15,0,3.28845402501e-09,nan,nan,2.68853151156e-09,nan,nan
20572,1.83453966162e-15,0,3.30440507029e-09,nan,nan,2.7091199849e-09,nan,nan
20576,1.83645636035e-15,0,3.32052879188e-09,nan,nan,2.72937603465e-09,nan,nan
20580,1.83166642359e-15,0,3.33730600826e-09,nan,nan,2.74958342944e-09,nan,nan
20584,1.83279667419e-15,0,3.35418730135e-09,nan,nan,2.76959261301e-09,nan,nan
20588,1.83090891544e-15,0,3.37174254497e-09,nan,nan,2.78948134795e-09,nan,nan
20592,1.8307032617e-15,0,3.38940367515e-09,nan,nan,2.80930369099e-09,nan,nan
20596,1.82935646603e-15,0,3.40766739323e-09,nan,nan,2.82892342401e-09,nan,nan
20600,1.82790440207e-15,0,3.42615285101e-09,nan,nan,2.84862325519e-09,nan,nan
20604,1.82718050103e-15,0,3.44504937839e-09,nan,nan,2.86800988719e-09,nan,nan
20608,1.82479758086e-15,0,3.46440717573e-09,nan,nan,2.88765555031e-09,nan,nan
20612,1.82669470812e-15,0,3.48387395715e-09,nan,nan,2.90683545908e-09,nan,nan
20616,1.82312154988e-15,0,3.50413610678e-09,nan,nan,2.9264937372e-09,nan,nan
20620,1.82401467364e-15,0,3.5241407691e-09,nan,nan,2.94549250997e-09,nan,nan
20624,1.82118802171e-15,0,3.54530891385e-09,nan,nan,2.96521958502e-09,nan,nan
20628,1.82077951376e-15,0,3.56585898817e-09,nan,nan,2.9840725471e-09,nan,nan
20632,1.81940392282e-15,0,3.58789932165e-09,nan,nan,3.00390487164e-09,nan,nan
20636,1.8178922635e-15,0,3.60904172304e-09,nan,nan,3.02266564089e-09,nan,nan
20640,1.81883388131e-15,0,3.63189045854e-09,nan,nan,3.04261450089e-09,nan,nan
20644,1.81750850197e-15,0,3.65370091956e-09,nan,nan,3.06135812398e-09,nan,nan
20648,1.81502436641e-15,0,3.67727850938e-09,nan,nan,3.08141066455e-09,nan,nan
20652,1.81499810156e-15,0,3.6998441207e-09,nan,nan,3.1002295658e-09,nan,nan
20656,1.81351018078e-15,0,3.72407400246e-09,nan,nan,3.12035690293e-09,nan,nan
20660,1.81261785705e-15,0,3.7474739689e-09,nan,nan,3.13935034225e-09,nan,nan
20664,1.81116980968e-15,0,3.77230041392e-09,nan,nan,3.15952083485e-09,nan,nan
20668,1.8105209855e-15,0,3.7965905284e-09,nan,nan,3.17878094384e-09,nan,nan
20672,1.80903452518e-15,0,3.82199050016e-09,nan,nan,3.19897469876e-09,nan,nan
20676,1.80879801811e-15,0,3.84719559671e-09,nan,nan,3.21857355108e-09,nan,nan
20680,1.80805410623e-15,0,3.873181356e-09,nan,nan,3.23879358066e-09,nan,nan
20684,1.80569965163e-15,0,3.89929754875e-09,nan,nan,3.25877559157e-09,nan,nan
20688,1.80650888337e-15,0,3.92590961754e-09,nan,nan,3.27905205086e-09,nan,nan
20692,1.80437421801e-15,0,3.95291517677e-09,nan,nan,3.2994342573e-09,nan,nan
20696,1.80196283251e-15,0,3.980208327e-09,nan,nan,3.31982053517e-09,nan,nan
20700,1.80397550601e-15,0,4.00807937031e-09,nan,nan,3.34060054608e-09,nan,nan
20704,1.80050963896e-15,0,4.03610652913e-09,nan,nan,3.36116285457e-09,nan,nan
20708,1.79987262442e-15,0,4.06483210463e-09,nan,nan,3.38233149198e-09,nan,nan
20712,1.80033022266e-15,0,4.09363173556e-09,nan,nan,3.40313594705e-09,nan,nan
20716,1.79771380736e-15,0,4.12322297818e-09,nan,nan,3.42468988232e-09,nan,nan
20720,1.79804346287e-15,0,4.15281437761e-09,nan,nan,3.4457919786e-09,nan,nan
20724,1.79621289586e-15,0,4.18330437935e-09,nan,nan,3.46774170301e-09,nan,nan
20728,1.7947752452e-15,0,4.21369268667e-09,nan,nan,3.48918213886e-09,nan,nan
20732,1.79463888646e-15,0,4.24512700665e-09,nan,nan,3.51155245836e-09,nan,nan
20736,1.79332208436e-15,0,4.27631629113e-09,nan,nan,3.53336074883e-09,nan,nan
20740,1.79291451101e-15,0,4.30873755723e-09,nan,nan,3.55618401587e-09,nan,nan
20744,1.79213107137e-15,0,4.34074718623e-09,nan,nan,3.578388139e-09,nan,nan
20748,1.78793163727e-15,0,4.37417972928e-09,nan,nan,3.60169346165e-09,nan,nan
20752,1.79047521153e-15,0,4.40705750585e-09,nan,nan,3.6243311506e-09,nan,nan
20756,1.78838257442e-15,0,4.44149842659e-09,nan,nan,3.64813462152e-09,nan,nan
20760,1.7870362411e-15,0,4.47532458797e-09,nan,nan,3.67126098975e-09,nan,nan
20764,1.78689595075e-15,0,4.51074578566e-09,nan,nan,3.6955617915e-09,nan,nan
20768,1.78501485586e-15,0,4.54562497622e-09,nan,nan,3.71924928624e-09,nan,nan
20772,1.78402976565e-15,0,4.58198695205e-09,nan,nan,3.744034343e-09,nan,nan
20776,1.78481107913e-15,0,4.61802975282e-09,nan,nan,3.76836410754e-09,nan,nan
20780,1.78177266572e-15,0,4.65530355352e-09,nan,nan,3.79362049291e-09,nan,nan
20784,1.78080867899e-15,0,4.69260339981e-09,nan,nan,3.81866785511e-09,nan,nan
20788,1.78098350886e-15,0,4.7307933881e-09,nan,nan,3.8443986824e-09,nan,nan
20792,1.77862723892e-15,0,4.76940715322e-09,nan,nan,3.87021828365e-09,nan,nan
20796,1.77922062791e-15,0,4.80856590638e-09,nan,nan,3.89645571642e-09,nan,nan
20800,1.77741389437e-15,0,4.84850608198e-09,nan,nan,3.92307263718e-09,nan,nan
20804,1.77687649277e-15,0,4.88873461476e-09,nan,nan,3.9498820592e-09,nan,nan
20808,1.77497720017e-15,0,4.92997766201e-09,nan,nan,3.97729362277e-09,nan,nan
20812,1.77493523399e-15,0,4.9714091165e-09,nan,nan,4.00476607185e-09,nan,nan
20816,1.77439028639e-15,0,5.0139189863e-09,nan,nan,4.03295516282e-09,nan,nan
20820,1.76996651719e-15,0,5.05669021551e-09,nan,nan,4.0611897595e-09,nan,nan
20824,1.7749945093e-15,0,5.10045004423e-09,nan,nan,4.09014581505e-09,nan,nan
20828,1.76856861459e-15,0,5.14467063974e-09,nan,nan,4.11922819013e-09,nan,nan
20832,1.77085343452e-15,0,5.18971148398e-09,nan,nan,4.14896833488e-09,nan,nan
20836,1.76785690665e-15,0,5.23544176257e-09,nan,nan,4.17895329078e-09,nan,nan
20840,1.76789198515e-15,0,5.28185689543e-09,nan,nan,4.20953503317e-09,nan,nan
20844,1.76696070583e-15,0,5.32910432542e-09,nan,nan,4.24044096413e-09,nan,nan
20848,1.76724056969e-15,0,5.37704191111e-09,nan,nan,4.27196032189e-09,nan,nan
20852,1.76297253899e-15,0,5.42577973011e-09,nan,nan,4.30377922632e-09,nan,nan
20856,1.76354298941e-15,0,5.47541446996e-09,nan,nan,4.33635348389e-09,nan,nan
20860,1.76426140948e-15,0,5.52561830934e-09,nan,nan,4.36907470718e-09,nan,nan
20864,1.76101690221e-15,0,5.57711089473e-09,nan,nan,4.40281510926e-09,nan,nan
20868,1.76269704836e-15,0,5.62880162938e-09,nan,nan,4.43645516044e-09,nan,nan
20872,1.7590418275e-15,0,5.68226030367e-09,nan,nan,4.47143929283e-09,nan,nan
20876,1.75962334895e-15,0,5.73553712914e-09,nan,nan,4.50606648199e-09,nan,nan
20880,1.75719162758e-15,0,5.79099633285e-09,nan,nan,4.54232123508e-09,nan,nan
20884,1.75894409149e-15,0,5.84604577859e-09,nan,nan,4.5780644729e-09,nan,nan
20888,1.75509519173e-15,0,5.90347230365e-09,nan,nan,4.61556776267e-09,nan,nan
20892,1.75484791669e-15,0,5.96054690735e-09,nan,nan,4.65260412516e-09,nan,nan
20896,1.75557177999e-15,0,6.01987528229e-09,nan,nan,4.6913075738e-09,nan,nan
20900,1.75363768458e-15,0,6.07924718411e-09,nan,nan,4.72983132157e-09,nan,nan
20904,1.75310422242e-15,0,6.14043534157e-09,nan,nan,4.7696984256e-09,nan,nan
20908,1.74818988987e-15,0,6.20234031911e-09,nan,nan,4.80988172139e-09,nan,nan
20912,1.75335147245e-15,0,6.26542719032e-09,nan,nan,4.85092901502e-09,nan,nan
20916,1.74947688758e-15,0,6.33001919543e-09,nan,nan,4.8928883548e-09,nan,nan
20920,1.74835330057e-15,0,6.39516146771e-09,nan,nan,4.93521348713e-09,nan,nan
20924,1.7484414473e-15,0,6.46249384776e-09,nan,nan,4.97899375519e-09,nan,nan
20928,1.74519319048e-15,0,6.52996150675e-09,nan,nan,5.02277565558e-09,nan,nan
20932,1.74776655841e-15,0,6.60000067401e-09,nan,nan,5.06835678255e-09,nan,nan
20936,1.74424918328e-15,0,6.67012986157e-09,nan,nan,5.11382574354e-09,nan,nan
20940,1.74318380557e-15,0,6.74281522339e-09,nan,nan,5.16116194686e-09,nan,nan
20944,1.74481696141e-15,0,6.81595775578e-09,nan,nan,5.20856543133e-09,nan,nan
20948,1.74195067561e-15,0,6.89129841937e-09,nan,nan,5.25765128229e-09,nan,nan
20952,1.74006310104e-15,0,6.96775466756e-09,nan,nan,5.30720701423e-09,nan,nan
20956,1.74123170928e-15,0,7.04587984998e-09,nan,nan,5.35811425987e-09,nan,nan
20960,1.7401081718e-15,0,7.12582966651e-09,nan,nan,5.40996062718e-09,nan,nan
20964,1.73764066203e-15,0,7.20701180129e-09,nan,nan,5.46285712639e-09,nan,nan
20968,1.73666404539e-15,0,7.29051754814e-09,nan,nan,5.51705159205e-09,nan,nan
20972,1.7377204444e-15,0,7.3751609301e-09,nan,nan,5.57219685476e-09,nan,nan
20976,1.73611212559e-15,0,7.46222317258e-09,nan,nan,5.62875065289e-09,nan,nan
20980,1.73465716751e-15,0,7.55079583054e-09,nan,nan,5.68645214685e-09,nan,nan
20984,1.73421322501e-15,0,7.64144134877e-09,nan,nan,5.74538819311e-09,nan,nan
20988,1.7315738904e-15,0,7.7343771504e-09,nan,nan,5.80593598918e-09,nan,nan
20992,1.73337929235e-15,0,7.82875575746e-09,nan,nan,5.86735434772e-09,nan,nan
20996,1.72967469289e-15,0,7.92636816023e-09,nan,nan,5.93096199636e-09,nan,nan
21000,1.73207467339e-15,0,8.02482351533e-09,nan,nan,5.99508918525e-09,nan,nan
21004,1.72821732698e-15,0,8.12726919205e-09,nan,nan,6.06186708347e-09,nan,nan
21008,1.72848058986e-15,0,8.23035115681e-09,nan,nan,6.12906672717e-09,nan,nan
21012,1.72760375838e-15,0,8.33766478147e-09,nan,nan,6.19904310362e-09,nan,nan
21016,1.72771900001e-15,0,8.4460684571e-09,nan,nan,6.26977713603e-09,nan,nan
21020,1.72420790369e-15,0,8.55826465955e-09,nan,nan,6.34296475019e-09,nan,nan
21024,1.72470593807e-15,0,8.67271004527e-09,nan,nan,6.41771385814e-09,nan,nan
21028,1.72551562949e-15,0,8.7899234471e-09,nan,nan,6.49420336001e-09,nan,nan
21032,1.72131410468e-15,0,8.91101834963e-09,nan,nan,6.57337497351e-09,nan,nan
21036,1.72328593225e-15,0,9.03363485668e-09,nan,nan,6.65342355872e-09,nan,nan
21040,1.72071732549e-15,0,9.16177795155e-09,nan,nan,6.73728570563e-09,nan,nan
21044,1.71833323023e-15,0,9.29050587371e-09,nan,nan,6.82136623889e-09,nan,nan
21048,1.7216300249e-15,0,9.42587809661e-09,nan,nan,6.91004007472e-09,nan,nan
21052,1.7180447205e-15,0,9.56172110232e-09,nan,nan,6.99882463454e-09,nan,nan
21056,1.71767441682e-15,0,9.70438431679e-09,nan,nan,7.09234899023e-09,nan,nan
21060,1.71761271654e-15,0,9.84851064465e-09,nan,nan,7.18662248418e-09,nan,nan
21064,1.71439716503e-15,0,9.99859388596e-09,nan,nan,7.28507777037e-09,nan,nan
21068,1.716006355e-15,0,1.01521394142e-08,nan,nan,7.38560636839e-09,nan,nan
21072,1.71379194177e-15,0,1.03100579007e-08,nan,nan,7.48926139034e-09,nan,nan
21076,1.71203846368e-15,0,1.04739369192e-08,nan,nan,7.59666510352e-09,nan,nan
21080,1.71284750327e-15,0,1.06405681071e-08,nan,nan,7.70609602414e-09,nan,nan
21084,1.71183344475e-15,0,1.08153761324e-08,nan,nan,7.82078210743e-09,nan,nan
21088,1.71051971675e-15,0,1.09921189499e-08,nan,nan,7.93691378607e-09,nan,nan
21092,1.7084493228e-15,0,1.11781884011e-08,nan,nan,8.05911211561e-09,nan,nan
21096,1.7094284418e-15,0,1.13668623807e-08,nan,nan,8.18315238282e-09,nan,nan
21100,1.70846465018e-15,0,1.15644816629e-08,nan,nan,8.31306036255e-09,nan,nan
21104,1.70595411915e-15,0,1.17670796999e-08,nan,nan,8.44633594423e-09,nan,nan
21108,1.70706983521e-15,0,1.19768267289e-08,nan,nan,8.58434056598e-09,nan,nan
21112,1.70467481515e-15,0,1.21952017396e-08,nan,nan,8.72808803832e-09,nan,nan
21116,1.70442348404e-15,0,1.24182928425e-08,nan,nan,8.87499900896e-09,nan,nan
21120,1.70395253615e-15,0,1.26539059952e-08,nan,nan,9.0301960966e-09,nan,nan
21124,1.70239725163e-15,0,1.28924362051e-08,nan,nan,9.18740707607e-09,nan,nan
21128,1.70138382322e-15,0,1.31462967418e-08,nan,nan,9.35473139272e-09,nan,nan
21132,1.7003857253e-15,0,1.34032615396e-08,nan,nan,9.52423560855e-09,nan,nan
21136,1.70026883264e-15,0,1.36761384448e-08,nan,nan,9.70420479607e-09,nan,nan
21140,1.69961910153e-15,0,1.39551886987e-08,nan,nan,9.88843245932e-09,nan,nan
21144,1.69729184032e-15,0,1.42480879746e-08,nan,nan,1.00817218701e-08,nan,nan
21148,1.69843080784e-15,0,1.45530717879e-08,nan,nan,1.02832349718e-08,nan,nan
21152,1.6961139301e-15,0,1.48678770854e-08,nan,nan,1.04911047972e-08,nan,nan
21156,1.69480500451e-15,0,1.52023322076e-08,nan,nan,1.07122584257e-08,nan,nan
21160,1.69554746698e-15,0,1.55424281915e-08,nan,nan,1.09369696993e-08,nan,nan
21164,1.69409370734e-15,0,1.59092581684e-08,nan,nan,1.11796956052e-08,nan,nan
21168,1.69393609629e-15,0,1.62799205617e-08,nan,nan,1.14247707444e-08,nan,nan
21172,1.69060105101e-15,0,1.6681478485e-08,nan,nan,1.16906327607e-08,nan,nan
21176,1.69230292833e-15,0,1.70898486241e-08,nan,nan,1.19608388626e-08,nan,nan
21180,1.69143214678e-15,0,1.75285587958e-08,nan,nan,1.22514473508e-08,nan,nan
21184,1.6883308315e-15,0,1.79831422761e-08,nan,nan,1.25524617179e-08,nan,nan
21188,1.68850916128e-15,0,1.84626397652e-08,nan,nan,1.2870233797e-08,nan,nan
21192,1.68830272456e-15,0,1.89724655584e-08,nan,nan,1.32080825681e-08,nan,nan
21196,1.68754763129e-15,0,1.94990666248e-08,nan,nan,1.35572233503e-08,nan,nan
21200,1.68573951861e-15,0,2.00728557063e-08,nan,nan,1.39377261209e-08,nan,nan
21204,1.68569868258e-15,0,2.06570268213e-08,nan,nan,1.43252092027e-08,nan,nan
21208,1.68472756814e-15,0,2.13028624245e-08,nan,nan,1.47537580618e-08,nan,nan
21212,1.68427928774e-15,0,2.19602769379e-08,nan,nan,1.51900309866e-08,nan,nan
21216,1.68059693043e-15,0,2.26862795664e-08,nan,nan,1.5672039734e-08,nan,nan
21220,1.68352362147e-15,0,2.34381025386e-08,nan,nan,1.61712144628e-08,nan,nan
21224,1.68163776933e-15,0,2.42544895913e-08,nan,nan,1.6713491455e-08,nan,nan
21228,1.68121753811e-15,0,2.51267759529e-08,nan,nan,1.72929430636e-08,nan,nan
21232,1.67857401349e-15,0,2.60494767047e-08,nan,nan,1.79061015755e-08,nan,nan
21236,1.67786074409e-15,0,2.70720153613e-08,nan,nan,1.85856968899e-08,nan,nan
21240,1.6764091229e-15,0,2.81277743335e-08,nan,nan,1.92875582991e-08,nan,nan
21244,1.67983400738e-15,0,2.93332866214e-08,nan,nan,2.00891202397e-08,nan,nan
21248,1.67565564612e-15,0,3.05659731984e-08,nan,nan,2.09089218404e-08,nan,nan
21252,1.67380581366e-15,0,3.19911731004e-08,nan,nan,2.18569346594e-08,nan,nan
21256,1.67655307162e-15,0,3.3468922782e-08,nan,nan,2.28400922176e-08,nan,nan
21260,1.67300930214e-15,0,3.51595719522e-08,nan,nan,2.39650698061e-08,nan,nan
21264,1.67385850646e-15,0,3.69826563485e-08,nan,nan,2.51784260203e-08,nan,nan
21268,1.66975039898e-15,0,3.90056833333e-08,nan,nan,2.65249895635e-08,nan,nan
21272,1.67229375305e-15,0,4.13160874284e-08,nan,nan,2.8063200479e-08,nan,nan
21276,1.67026161012e-15,0,4.37838661129e-08,nan,nan,2.97062621352e-08,nan,nan
21280,1.67044263798e-15,0,4.67801959308e-08,nan,nan,3.17017367564e-08,nan,nan
21284,1.66879335245e-15,0,4.98970257841e-08,nan,nan,3.37774844874e-08,nan,nan
21288,1.66603785796e-15,0,5.38642296129e-08,nan,nan,3.64201996376e-08,nan,nan
21292,1.66895674801e-15,0,5.80179203163e-08,nan,nan,3.91871518914e-08,nan,nan
21296,1.66524577148e-15,0,6.33954022805e-08,nan,nan,4.27700609583e-08,nan,nan
21300,1.66636952984e-15,0,6.93539902826e-08,nan,nan,4.67402101999e-08,nan,nan
21304,1.66496979297e-15,0,7.69062228031e-08,nan,nan,5.17729807164e-08,nan,nan
21308,1.66279173835e-15,0,8.63047593184e-08,nan,nan,5.80363198112e-08,nan,nan
21312,1.66314176167e-15,0,9.76031413381e-08,nan,nan,6.55665531087e-08,nan,nan
21316,1.66085187885e-15,0,1.14427193635e-07,nan,nan,7.67800835416e-08,nan,nan
21320,1.66414130697e-15,0,1.3353237822e-07,nan,nan,8.9514765191e-08,nan,nan
21324,1.66043476061e-15,0,1.70387944989e-07,nan,nan,1.14082497403e-07,nan,nan
21328,1.65906036211e-15,0,2.12694766026e-07,nan,nan,1.42283702493e-07,nan,nan
21332,1.65852520201e-15,0,3.43430323e-07,nan,nan,2.29438716484e-07,nan,nan
21336,1.65743142414e-15,0,6.14736499376e-07,nan,nan,4.10244156173e-07,nan,nan
21340,1.65904327301e-15,0,8.31807484266e-07,nan,nan,5.54698863354e-07,nan,nan
21344,1.65555529915e-15,0,8.17917927738e-07,nan,nan,5.45077073786e-07,nan,nan
21348,1.65589403571e-15,0,5.84523398416e-07,nan,nan,3.89251001277e-07,nan,nan
21352,1.65568632036e-15,0,3.21620181232e-07,nan,nan,2.13938093985e-07,nan,nan
21356,1.65312733011e-15,0,2.0805129433e-07,nan,nan,1.38228592335e-07,nan,nan
21360,1.65395847668e-15,0,1.66931963794e-07,nan,nan,1.10816536244e-07,nan,nan
21364,1.65277024754e-15,0,1.31878284969e-07,nan,nan,8.74494444962e-08,nan,nan
21368,1.65226675565e-15,0,1.1364270102e-07,nan,nan,7.52945287764e-08,nan,nan
21372,1.65058003325e-15,0,9.7058816151e-08,nan,nan,6.42406422435e-08,nan,nan
21376,1.65075185893e-15,0,8.63005815679e-08,nan,nan,5.70707625366e-08,nan,nan
21380,1.64813619648e-15,0,7.68936293269e-08,nan,nan,5.0801585625e-08,nan,nan
21384,1.64960019398e-15,0,6.96543670838e-08,nan,nan,4.59776961275e-08,nan,nan
21388,1.64681101978e-15,0,6.36798289546e-08,nan,nan,4.19968588728e-08,nan,nan
21392,1.64871130807e-15,0,5.84686475051e-08,nan,nan,3.85250324423e-08,nan,nan
21396,1.64611510778e-15,0,5.43315985737e-08,nan,nan,3.57692193361e-08,nan,nan
21400,1.64486579581e-15,0,5.04411654468e-08,nan,nan,3.31779177454e-08,nan,nan
21404,1.64488440075e-15,0,4.73655984449e-08,nan,nan,3.11297688722e-08,nan,nan
21408,1.64241478897e-15,0,4.43963849367e-08,nan,nan,2.91526495459e-08,nan,nan
21412,1.64425687176e-15,0,4.19780486793e-08,nan,nan,2.75426570263e-08,nan,nan
21416,1.64304517801e-15,0,3.96721826063e-08,nan,nan,2.60078034426e-08,nan,nan
21420,1.64047133386e-15,0,3.76939113176e-08,nan,nan,2.46911966095e-08,nan,nan
21424,1.6419378402e-15,0,3.58697754735e-08,nan,nan,2.34775187529e-08,nan,nan
21428,1.64041148212e-15,0,3.42125909854e-08,nan,nan,2.2374994716e-08,nan,nan
21432,1.63835762471e-15,0,3.27370202051e-08,nan,nan,2.13936984131e-08,nan,nan
21436,1.6379222257e-15,0,3.13327386335e-08,nan,nan,2.04598204198e-08,nan,nan
21440,1.63907714509e-15,0,3.01080748888e-08,nan,nan,1.96457833464e-08,nan,nan
21444,1.63586961852e-15,0,2.89130832964e-08,nan,nan,1.88514922564e-08,nan,nan
21448,1.63578747435e-15,0,2.78698710759e-08,nan,nan,1.81583997082e-08,nan,nan
21452,1.63610554139e-15,0,2.68511697053e-08,nan,nan,1.74817039333e-08,nan,nan
21456,1.63464140847e-15,0,2.59425643072e-08,nan,nan,1.68783246388e-08,nan,nan
21460,1.63418650063e-15,0,2.50713017411e-08,nan,nan,1.62999879388e-08,nan,nan
21464,1.63446802053e-15,0,2.42677046092e-08,nan,nan,1.57665984527e-08,nan,nan
21468,1.63026818256e-15,0,2.35171458667e-08,nan,nan,1.52687860124e-08,nan,nan
21472,1.63244745498e-15,0,2.2800867122e-08,nan,nan,1.47936103569e-08,nan,nan
21476,1.63150105768e-15,0,2.21466669383e-08,nan,nan,1.43600742479e-08,nan,nan
21480,1.62808708463e-15,0,2.15070420253e-08,nan,nan,1.39360241402e-08,nan,nan
21484,1.6297546892e-15,0,2.09283468022e-08,nan,nan,1.35528427263e-08,nan,nan
21488,1.62963179798e-15,0,2.03578623679e-08,nan,nan,1.31749298053e-08,nan,nan
21492,1.62671778592e-15,0,1.98382761045e-08,nan,nan,1.28311565107e-08,nan,nan
21496,1.62717440372e-15,0,1.93300504953e-08,nan,nan,1.24948083325e-08,nan,nan
21500,1.62695322037e-15,0,1.88579354557e-08,nan,nan,1.21826755734e-08,nan,nan
21504,1.62568491917e-15,0,1.8404562631e-08,nan,nan,1.18829624419e-08,nan,nan
21508,1.62506621258e-15,0,1.79725346846e-08,nan,nan,1.15975464596e-08,nan,nan
21512,1.62329038174e-15,0,1.75660162193e-08,nan,nan,1.13291360673e-08,nan,nan
21516,1.62441922337e-15,0,1.71698151582e-08,nan,nan,1.10676027126e-08,nan,nan
21520,1.62196271874e-15,0,1.68021549493e-08,nan,nan,1.08251587214e-08,nan,nan
21524,1.62135895737e-15,0,1.64392618586e-08,nan,nan,1.05858388546e-08,nan,nan
21528,1.62088759108e-15,0,1.61032785732e-08,nan,nan,1.03645658283e-08,nan,nan
21532,1.62040688524e-15,0,1.57716762901e-08,nan,nan,1.014612551e-08,nan,nan
21536,1.61923712912e-15,0,1.54616647003e-08,nan,nan,9.94221304148e-09,nan,nan
21540,1.61998325369e-15,0,1.515901893e-08,nan,nan,9.7431048312e-09,nan,nan
21544,1.6183099399e-15,0,1.48710314394e-08,nan,nan,9.55391727568e-09,nan,nan
21548,1.61538340501e-15,0,1.45943872828e-08,nan,nan,9.37217673564e-09,nan,nan
21552,1.61794129105e-15,0,1.43260792683e-08,nan,nan,9.19615036185e-09,nan,nan
21556,1.61603719885e-15,0,1.40720017231e-08,nan,nan,9.02949038935e-09,nan,nan
21560,1.61529930631e-15,0,1.3822143924e-08,nan,nan,8.86580688732e-09,nan,nan
21564,1.61449875545e-15,0,1.35871268596e-08,nan,nan,8.71189237163e-09,nan,nan
21568,1.61335934269e-15,0,1.33549856324e-08,nan,nan,8.56006339149e-09,nan,nan
21572,1.61365268189e-15,0,1.31359201851e-08,nan,nan,8.4168257771e-09,nan,nan
21576,1.61072372231e-15,0,1.29207154543e-08,nan,nan,8.27632955517e-09,nan,nan
21580,1.61279385947e-15,0,1.27152361347e-08,nan,nan,8.14219900065e-09,nan,nan
21584,1.61092962461e-15,0,1.25158205755e-08,nan,nan,8.01226583576e-09,nan,nan
21588,1.61041099658e-15,0,1.23224204594e-08,nan,nan,7.88624772375e-09,nan,nan
21592,1.60789811699e-15,0,1.21372236931e-08,nan,nan,7.76582401664e-09,nan,nan
21596,1.60869550081e-15,0,1.1955126355e-08,nan,nan,7.64741145866e-09,nan,nan
21600,1.60804611685e-15,0,1.17823175474e-08,nan,nan,7.53527095875e-09,nan,nan
21604,1.60788828502e-15,0,1.16111809644e-08,nan,nan,7.42424411653e-09,nan,nan
21608,1.60648498757e-15,0,1.14489468051e-08,nan,nan,7.31917666486e-09,nan,nan
21612,1.60438327201e-15,0,1.12885223306e-08,nan,nan,7.21537221948e-09,nan,nan
21616,1.60710301629e-15,0,1.11353411725e-08,nan,nan,7.11636909198e-09,nan,nan
21620,1.60344947079e-15,0,1.09852056827e-08,nan,nan,7.01950000405e-09,nan,nan
21624,1.60367668606e-15,0,1.08400192353e-08,nan,nan,6.92586885855e-09,nan,nan
21628,1.60207047202e-15,0,1.06994522763e-08,nan,nan,6.83544330105e-09,nan,nan
21632,1.60225177801e-15,0,1.05616848029e-08,nan,nan,6.74681877687e-09,nan,nan
21636,1.60217995547e-15,0,1.04297014241e-08,nan,nan,6.6621654939e-09,nan,nan
21640,1.60121627798e-15,0,1.02991367834e-08,nan,nan,6.5784227482e-09,nan,nan
21644,1.59862561626e-15,0,1.0174635099e-08,nan,nan,6.49879464123e-09,nan,nan
21648,1.59947462667e-15,0,1.00512121165e-08,nan,nan,6.41990746769e-09,nan,nan
21652,1.59867251001e-15,0,9.93316537707e-09,nan,nan,6.34461491301e-09,nan,nan
21656,1.59883083491e-15,0,9.81677313946e-09,nan,nan,6.27051470221e-09,nan,nan
21660,1.59696439951e-15,0,9.70439210513e-09,nan,nan,6.19903721559e-09,nan,nan
21664,1.59597895395e-15,0,9.59473408317e-09,nan,nan,6.12952046275e-09,nan,nan
21668,1.59640094671e-15,0,9.4875445082e-09,nan,nan,6.06155847732e-09,nan,nan
21672,1.59536742624e-15,0,9.3841050419e-09,nan,nan,5.99626618803e-09,nan,nan
21676,1.5933955614e-15,0,9.28192064685e-09,nan,nan,5.93171947384e-09,nan,nan
21680,1.59436624359e-15,0,9.18402748017e-09,nan,nan,5.87018402305e-09,nan,nan
21684,1.59295699709e-15,0,9.08683876213e-09,nan,nan,5.80907121254e-09,nan,nan
21688,1.59168288258e-15,0,8.99378539805e-09,nan,nan,5.750804993e-09,nan,nan
21692,1.59266157006e-15,0,8.90161348702e-09,nan,nan,5.69315899426e-09,nan,nan
21696,1.59116759675e-15,0,8.8127913102e-09,nan,nan,5.63774914683e-09,nan,nan
21700,1.58922171882e-15,0,8.72556259431e-09,nan,nan,5.58352803386e-09,nan,nan
21704,1.59081595889e-15,0,8.64055538222e-09,nan,nan,5.53070331083e-09,nan,nan
21708,1.58792831791e-15,0,8.55803673238e-09,nan,nan,5.47974530758e-09,nan,nan
21712,1.58799668666e-15,0,8.47664720119e-09,nan,nan,5.42939331375e-09,nan,nan
21716,1.58831168845e-15,0,8.3984537919e-09,nan,nan,5.38142475817e-09,nan,nan
21720,1.5867667307e-15,0,8.32065827377e-09,nan,nan,5.33355689738e-09,nan,nan
21724,1.58526259849e-15,0,8.24631960146e-09,nan,nan,5.28824285815e-09,nan,nan
21728,1.58645037741e-15,0,8.1721738864e-09,nan,nan,5.2429238361e-09,nan,nan
21732,1.58470529388e-15,0,8.10122758658e-09,nan,nan,5.1999389134e-09,nan,nan
21736,1.5827789785e-15,0,8.03076433219e-09,nan,nan,5.15721036144e-09,nan,nan
21740,1.58487492465e-15,0,7.96284547477e-09,nan,nan,5.11630518291e-09,nan,nan
21744,1.58272974913e-15,0,7.89600588238e-09,nan,nan,5.07613477202e-09,nan,nan
21748,1.58191872811e-15,0,7.83090520673e-09,nan,nan,5.03717790298e-09,nan,nan
21752,1.58063256188e-15,0,7.76751780477e-09,nan,nan,4.99944464465e-09,nan,nan
21756,1.58100809867e-15,0,7.70516898032e-09,nan,nan,4.96241202482e-09,nan,nan
21760,1.58088325033e-15,0,7.64495336818e-09,nan,nan,4.92691337991e-09,nan,nan
21764,1.57918458091e-15,0,7.58537033462e-09,nan,nan,4.89183983493e-09,nan,nan
21768,1.57893652243e-15,0,7.52800542146e-09,nan,nan,4.85834543053e-09,nan,nan
21772,1.57763467311e-15,0,7.47123338498e-09,nan,nan,4.82528309307e-09,nan,nan
21776,1.57693343887e-15,0,7.41644313755e-09,nan,nan,4.79360073892e-09,nan,nan
21780,1.57746941944e-15,0,7.36249307955e-09,nan,nan,4.76256764548e-09,nan,nan
21784,1.57473678137e-15,0,7.31009080417e-09,nan,nan,4.73257873512e-09,nan,nan
21788,1.57719899356e-15,0,7.25889302543e-09,nan,nan,4.70352441543e-09,nan,nan
21792,1.57354290866e-15,0,7.20879537003e-09,nan,nan,4.67519361118e-09,nan,nan
21796,1.57494873734e-15,0,7.16019836507e-09,nan,nan,4.64800102576e-09,nan,nan
21800,1.57365446248e-15,0,7.11240710179e-09,nan,nan,4.62135842443e-09,nan,nan
21804,1.57140866986e-15,0,7.06621243264e-09,nan,nan,4.5958755248e-09,nan,nan
21808,1.5730317166e-15,0,7.02077035086e-09,nan,nan,4.57097730236e-09,nan,nan
21812,1.57099431227e-15,0,6.976784375e-09,nan,nan,4.54706251852e-09,nan,nan
21816,1.57039502855e-15,0,6.9337230866e-09,nan,nan,4.52394548513e-09,nan,nan
21820,1.57023414647e-15,0,6.89180419043e-09,nan,nan,4.50150851077e-09,nan,nan
21824,1.56988716358e-15,0,6.85110414454e-09,nan,nan,4.48015632549e-09,nan,nan
21828,1.56894906513e-15,0,6.81118877655e-09,nan,nan,4.45917894807e-09,nan,nan
21832,1.5672172114e-15,0,6.77276580121e-09,nan,nan,4.43951296965e-09,nan,nan
21836,1.56794615088e-15,0,6.73486596866e-09,nan,nan,4.42004305477e-09,nan,nan
21840,1.56660124448e-15,0,6.69858727483e-09,nan,nan,4.40194115827e-09,nan,nan
21844,1.56660580582e-15,0,6.66276278362e-09,nan,nan,4.38406335836e-09,nan,nan
21848,1.56582189818e-15,0,6.62848377897e-09,nan,nan,4.36739958351e-09,nan,nan
21852,1.56417182101e-15,0,6.59480113553e-09,nan,nan,4.35119441992e-09,nan,nan
21856,1.56642971125e-15,0,6.56240739967e-09,nan,nan,4.33588195782e-09,nan,nan
21860,1.56222905029e-15,0,6.53090136058e-09,nan,nan,4.32138470211e-09,nan,nan
21864,1.56275981994e-15,0,6.50033983788e-09,nan,nan,4.30740270925e-09,nan,nan
21868,1.56335059686e-15,0,6.47099172871e-09,nan,nan,4.294581316e-09,nan,nan
21872,1.56310305491e-15,0,6.44228067336e-09,nan,nan,4.28198412154e-09,nan,nan
21876,1.55893818741e-15,0,6.4150205454e-09,nan,nan,4.27074956793e-09,nan,nan
21880,1.5610229396e-15,0,6.38823625064e-09,nan,nan,4.25964951898e-09,nan,nan
21884,1.55951530844e-15,0,6.36296661702e-09,nan,nan,4.24988612373e-09,nan,nan
21888,1.55866968604e-15,0,6.33821331174e-09,nan,nan,4.24041300983e-09,nan,nan
21892,1.55910467894e-15,0,6.31484443797e-09,nan,nan,4.23202130599e-09,nan,nan
21896,1.55721749713e-15,0,6.29221925055e-09,nan,nan,4.22427783637e-09,nan,nan
21900,1.55737636124e-15,0,6.27070266316e-09,nan,nan,4.21721591763e-09,nan,nan
21904,1.55711085392e-15,0,6.25026855936e-09,nan,nan,4.21124521743e-09,nan,nan
21908,1.55613869017e-15,0,6.23061732854e-09,nan,nan,4.20555197859e-09,nan,nan
21912,1.5567291025e-15,0,6.21239325062e-09,nan,nan,4.20132876651e-09,nan,nan
21916,1.55550357055e-15,0,6.19468336341e-09,nan,nan,4.19711965139e-09,nan,nan
21920,1.55328661192e-15,0,6.17865397727e-09,nan,nan,4.19456898973e-09,nan,nan
21924,1.55279289991e-15,0,6.16300828144e-09,nan,nan,4.19200539751e-09,nan,nan
21928,1.55285705299e-15,0,6.14914853795e-09,nan,nan,4.19104316326e-09,nan,nan
21932,1.55220822825e-15,0,6.13571074832e-09,nan,nan,4.190286783e-09,nan,nan
21936,1.55137315175e-15,0,6.12401565651e-09,nan,nan,4.19086778664e-09,nan,nan
21940,1.55092487652e-15,0,6.11292485659e-09,nan,nan,4.19203709218e-09,nan,nan
21944,1.55097944337e-15,0,6.10343402959e-09,nan,nan,4.19419307487e-09,nan,nan
21948,1.55077349323e-15,0,6.09480914925e-09,nan,nan,4.19733884952e-09,nan,nan
21952,1.54950869033e-15,0,6.08761870695e-09,nan,nan,4.20119129732e-09,nan,nan
21956,1.54836340649e-15,0,6.08155815496e-09,nan,nan,4.2063016187e-09,nan,nan
21960,1.54898452363e-15,0,6.07681795826e-09,nan,nan,4.21204319152e-09,nan,nan
21964,1.54496573049e-15,0,6.07341371676e-09,nan,nan,4.21907800779e-09,nan,nan
21968,1.5465524003e-15,0,6.07131353733e-09,nan,nan,4.22692846835e-09,nan,nan
21972,1.54689880879e-15,0,6.07067392361e-09,nan,nan,4.23587295803e-09,nan,nan
21976,1.54579898447e-15,0,6.07142602264e-09,nan,nan,4.2460260831e-09,nan,nan
21980,1.54525381866e-15,0,6.07369889386e-09,nan,nan,4.25694391604e-09,nan,nan
21984,1.54530333922e-15,0,6.07752534917e-09,nan,nan,4.26952662952e-09,nan,nan
21988,1.54385264137e-15,0,6.08291446183e-09,nan,nan,4.28259224013e-09,nan,nan
21992,1.54317810964e-15,0,6.09004532349e-09,nan,nan,4.29765417942e-09,nan,nan
21996,1.54089911443e-15,0,6.09881619309e-09,nan,nan,4.31314906226e-09,nan,nan
22000,1.54186453698e-15,0,6.10950020378e-09,nan,nan,4.33069096383e-09,nan,nan
22004,1.54188609807e-15,0,6.12197654638e-09,nan,nan,4.34896184324e-09,nan,nan
22008,1.54173763374e-15,0,6.13650154134e-09,nan,nan,4.36899754869e-09,nan,nan
22012,1.54078983802e-15,0,6.15305739894e-09,nan,nan,4.39038975396e-09,nan,nan
22016,1.53951105365e-15,0,6.17177442613e-09,nan,nan,4.41302328902e-09,nan,nan
22020,1.53816001805e-15,0,6.19282896764e-09,nan,nan,4.43781462984e-09,nan,nan
22024,1.53832509617e-15,0,6.21617372823e-09,nan,nan,4.46330510375e-09,nan,nan
22028,1.53706227768e-15,0,6.24219490495e-09,nan,nan,4.49166890951e-09,nan,nan
22032,1.53723024923e-15,0,6.27070228129e-09,nan,nan,4.52045609117e-09,nan,nan
22036,1.53895748019e-15,0,6.30222244065e-09,nan,nan,4.55247514742e-09,nan,nan
22040,1.53616172697e-15,0,6.33653363051e-09,nan,nan,4.58514969562e-09,nan,nan
22044,1.53364365727e-15,0,6.37417611306e-09,nan,nan,4.62088740937e-09,nan,nan
22048,1.53477283003e-15,0,6.41504166427e-09,nan,nan,4.65810983896e-09,nan,nan
22052,1.53266755256e-15,0,6.45955386261e-09,nan,nan,4.69772515189e-09,nan,nan
22056,1.53710186388e-15,0,6.50783815252e-09,nan,nan,4.74011992154e-09,nan,nan
22060,1.53324419381e-15,0,6.56012464336e-09,nan,nan,4.78399364208e-09,nan,nan
22064,1.53300625325e-15,0,6.61681700673e-09,nan,nan,4.83206037527e-09,nan,nan
22068,1.53054379743e-15,0,6.67796640398e-09,nan,nan,4.88088929649e-09,nan,nan
22072,1.52973344205e-15,0,6.74420082375e-09,nan,nan,4.93497544265e-09,nan,nan
22076,1.53162222078e-15,0,6.81550102769e-09,nan,nan,4.98979358364e-09,nan,nan
22080,1.53275746201e-15,0,6.89258024683e-09,nan,nan,5.05016001533e-09,nan,nan
22084,1.52989479222e-15,0,6.97551673623e-09,nan,nan,5.1122670549e-09,nan,nan
22088,1.52677483424e-15,0,7.06492791224e-09,nan,nan,5.1792527752e-09,nan,nan
22092,1.52783294498e-15,0,7.16115548986e-09,nan,nan,5.25006454318e-09,nan,nan
22096,1.52927766699e-15,0,7.26455196097e-09,nan,nan,5.32432411042e-09,nan,nan
22100,1.52925176558e-15,0,7.37581738902e-09,nan,nan,5.40519758123e-09,nan,nan
22104,1.52686214119e-15,0,7.49492096003e-09,nan,nan,5.48795288154e-09,nan,nan
22108,1.52416642889e-15,0,7.62288556998e-09,nan,nan,5.58006453101e-09,nan,nan
22112,1.52470251615e-15,0,7.75922793138e-09,nan,nan,5.67329261639e-09,nan,nan
22116,1.52604087917e-15,0,7.9050856847e-09,nan,nan,5.77765443583e-09,nan,nan
22120,1.52660250102e-15,0,8.05944307734e-09,nan,nan,5.88413866423e-09,nan,nan
22124,1.52390204435e-15,0,8.22313794486e-09,nan,nan,6.00181790464e-09,nan,nan
22128,1.52124420481e-15,0,8.3944060906e-09,nan,nan,6.12502890666e-09,nan,nan
22132,1.52327436446e-15,0,8.57311846759e-09,nan,nan,6.25759808929e-09,nan,nan
22136,1.52226435765e-15,0,8.75623712919e-09,nan,nan,6.40143969579e-09,nan,nan
22140,1.52392875046e-15,0,8.94168861591e-09,nan,nan,6.55162755433e-09,nan,nan
22144,1.52085909012e-15,0,9.12419298174e-09,nan,nan,6.72016326788e-09,nan,nan
22148,1.51867609451e-15,0,9.29849261699e-09,nan,nan,6.89261555386e-09,nan,nan
22152,1.52233432831e-15,0,9.4558445725e-09,nan,nan,7.08996313815e-09,nan,nan
22156,1.52004127003e-15,0,9.58686474365e-09,nan,nan,7.291976743e-09,nan,nan
22160,1.51918125003e-15,0,9.67897652624e-09,nan,nan,7.52261218051e-09,nan,nan
22164,1.5152264477e-15,0,9.7196926466e-09,nan,nan,7.76471057715e-09,nan,nan
22168,1.51772305851e-15,0,9.69536459845e-09,nan,nan,8.03446433487e-09,nan,nan
22172,1.52143528244e-15,0,9.59551202475e-09,nan,nan,8.33077070231e-09,nan,nan
22176,1.51653785816e-15,0,9.41245136529e-09,nan,nan,8.64884908229e-09,nan,nan
22180,1.51435794707e-15,0,9.14545960528e-09,nan,nan,9.01740741655e-09,nan,nan
22184,1.51459564159e-15,0,8.79942229117e-09,nan,nan,9.3998691026e-09,nan,nan
22188,1.51809936112e-15,0,8.38627644773e-09,nan,nan,9.86338703857e-09,nan,nan
22192,1.51496474919e-15,0,7.92182738697e-09,nan,nan,1.03387502218e-08,nan,nan
22196,1.51195719386e-15,0,7.42420947529e-09,nan,nan,1.0926787567e-08,nan,nan
22200,1.51293706437e-15,0,6.9112404366e-09,nan,nan,1.15451186511e-08,nan,nan
22204,1.51706582415e-15,0,6.39806494521e-09,nan,nan,1.2299881518e-08,nan,nan
22208,1.51066540553e-15,0,5.89739281867e-09,nan,nan,1.31486051106e-08,nan,nan
22212,1.509916061e-15,0,5.41736753338e-09,nan,nan,1.41394045468e-08,nan,nan
22216,1.51290118041e-15,0,4.9643281092e-09,nan,nan,1.53744937727e-08,nan,nan
22220,1.51198448776e-15,0,4.54052914266e-09,nan,nan,1.67347234416e-08,nan,nan
22224,1.50949754483e-15,0,4.14787634063e-09,nan,nan,1.86529775258e-08,nan,nan
22228,1.50952757001e-15,0,3.7853492476e-09,nan,nan,2.06855815201e-08,nan,nan
22232,1.51060306167e-15,0,3.45255507861e-09,nan,nan,2.3927920166e-08,nan,nan
22236,1.51000443819e-15,0,3.14722567954e-09,nan,nan,2.74777876418e-08,nan,nan
22240,1.50504410662e-15,0,2.8680241824e-09,nan,nan,3.37792365657e-08,nan,nan
22244,1.50814026589e-15,0,2.61254007884e-09,nan,nan,4.21984070274e-08,nan,nan
22248,1.5103615118e-15,0,2.37918136952e-09,nan,nan,5.89982648014e-08,nan,nan
22252,1.50544997849e-15,0,2.16585395429e-09,nan,nan,1.09041869602e-07,nan,nan
22256,1.50377540778e-15,0,1.97103138179e-09,nan,nan,1.64611988268e-07,nan,nan
22260,1.50908279658e-15,0,1.7930500879e-09,nan,nan,1.80434984735e-07,nan,nan
22264,1.50444441356e-15,0,1.63059701165e-09,nan,nan,1.43420365782e-07,nan,nan
22268,1.50205878879e-15,0,1.4824090189e-09,nan,nan,8.35393356325e-08,nan,nan
22272,1.50562717428e-15,0,1.34745150086e-09,nan,nan,4.68762559784e-08,nan,nan
22276,1.50527341415e-15,0,1.22479850993e-09,nan,nan,3.66997652413e-08,nan,nan
22280,1.50188088609e-15,0,1.11370981784e-09,nan,nan,2.83754656558e-08,nan,nan
22284,1.50259651813e-15,0,1.0135484385e-09,nan,nan,2.37404202351e-08,nan,nan
22288,1.50378273865e-15,0,9.23846029357e-10,nan,nan,2.01962912271e-08,nan,nan
22292,1.49865190886e-15,0,8.44221160553e-10,nan,nan,1.75124504887e-08,nan,nan
22296,1.50145075371e-15,0,7.7441268413e-10,nan,nan,1.55698593704e-08,nan,nan
22300,1.50399236605e-15,0,7.14233451964e-10,nan,nan,1.38366206608e-08,nan,nan
22304,1.49806463728e-15,0,6.63498858376e-10,nan,nan,1.25939569051e-08,nan,nan
22308,1.49792312284e-15,0,6.22063426464e-10,nan,nan,1.14063740146e-08,nan,nan
22312,1.50198238536e-15,0,5.89603835637e-10,nan,nan,1.05224178193e-08,nan,nan
22316,1.49658495038e-15,0,5.65778879917e-10,nan,nan,9.676838015e-09,nan,nan
22320,1.49733336872e-15,0,5.49916908852e-10,nan,nan,9.00192139158e-09,nan,nan
22324,1.50058414069e-15,0,5.41344069291e-10,nan,nan,8.38034622783e-09,nan,nan
22328,1.49618719086e-15,0,5.39045495096e-10,nan,nan,7.84266375832e-09,nan,nan
22332,1.49391327844e-15,0,5.42160474334e-10,nan,nan,7.37057395053e-09,nan,nan
22336,1.49934424005e-15,0,5.49572162147e-10,nan,nan,6.93272301724e-09,nan,nan
22340,1.49413064445e-15,0,5.60515636937e-10,nan,nan,6.56117170103e-09,nan,nan
22344,1.49438660187e-15,0,5.74001930634e-10,nan,nan,6.2012687758e-09,nan,nan
22348,1.49688557643e-15,0,5.89526133604e-10,nan,nan,5.8980832488e-09,nan,nan
22352,1.49200039768e-15,0,6.06301473466e-10,nan,nan,5.6011243159e-09,nan,nan
22356,1.49296974881e-15,0,6.24091814902e-10,nan,nan,5.34575504959e-09,nan,nan
22360,1.49541556074e-15,0,6.42282753565e-10,nan,nan,5.09978895613e-09,nan,nan
22364,1.4908489066e-15,0,6.60847712969e-10,nan,nan,4.87971106501e-09,nan,nan
22368,1.49278628976e-15,0,6.79289041008e-10,nan,nan,4.67440291163e-09,nan,nan
22372,1.49390617305e-15,0,6.97725453624e-10,nan,nan,4.48232164123e-09,nan,nan
22376,1.48763134107e-15,0,7.15729961249e-10,nan,nan,4.30866609375e-09,nan,nan
22380,1.49167370662e-15,0,7.33516915946e-10,nan,nan,4.14033148383e-09,nan,nan
22384,1.49214150452e-15,0,7.50699755647e-10,nan,nan,3.99081422035e-09,nan,nan
22388,1.48706173791e-15,0,7.67554464624e-10,nan,nan,3.84343096012e-09,nan,nan
22392,1.49176539272e-15,0,7.83715926927e-10,nan,nan,3.71222822164e-09,nan,nan
22396,1.48717030332e-15,0,7.99501659608e-10,nan,nan,3.5834503783e-09,nan,nan
22400,1.48803971762e-15,0,8.14553032338e-10,nan,nan,3.46645298916e-09,nan,nan
22404,1.4900680555e-15,0,8.29222073791e-10,nan,nan,3.35389570348e-09,nan,nan
22408,1.48489728981e-15,0,8.43140167375e-10,nan,nan,3.24849705477e-09,nan,nan
22412,1.48742606885e-15,0,8.56698159208e-10,nan,nan,3.14964210505e-09,nan,nan
22416,1.48656555524e-15,0,8.69498335404e-10,nan,nan,3.05434303213e-09,nan,nan
22420,1.48579164418e-15,0,8.81981270253e-10,nan,nan,2.96668632903e-09,nan,nan
22424,1.48785551619e-15,0,8.93702002803e-10,nan,nan,2.88063102117e-09,nan,nan
22428,1.48310627899e-15,0,9.05161121409e-10,nan,nan,2.80192055186e-09,nan,nan
22432,1.48303017172e-15,0,9.15855098665e-10,nan,nan,2.7244828597e-09,nan,nan
22436,1.48596317867e-15,0,9.26347440335e-10,nan,nan,2.65292217162e-09,nan,nan
22440,1.48243286024e-15,0,9.36075715037e-10,nan,nan,2.58342514578e-09,nan,nan
22444,1.48439803026e-15,0,9.45659167782e-10,nan,nan,2.5177646082e-09,nan,nan
22448,1.48181025421e-15,0,9.54486320723e-10,nan,nan,2.45536235931e-09,nan,nan
22452,1.48346234567e-15,0,9.6321810344e-10,nan,nan,2.39485747992e-09,nan,nan
22456,1.48092459661e-15,0,9.71207772022e-10,nan,nan,2.33855926006e-09,nan,nan
22460,1.48033200036e-15,0,9.79144960216e-10,nan,nan,2.28282625841e-09,nan,nan
22464,1.48197506652e-15,0,9.86356082201e-10,nan,nan,2.23161013765e-09,nan,nan
22468,1.47949817116e-15,0,9.93556615965e-10,nan,nan,2.18043877193e-09,nan,nan
22472,1.47984714265e-15,0,1.00004115801e-09,nan,nan,2.13339015533e-09,nan,nan
22476,1.4793610143e-15,0,1.006563995e-09,nan,nan,2.08657650287e-09,nan,nan
22480,1.47878001186e-15,0,1.0123667879e-09,nan,nan,2.04299409235e-09,nan,nan
22484,1.48062843765e-15,0,1.01827046849e-09,nan,nan,2.00023702054e-09,nan,nan
22488,1.47597067213e-15,0,1.02343117737e-09,nan,nan,1.95967146715e-09,nan,nan
22492,1.4793420995e-15,0,1.02877093001e-09,nan,nan,1.92054780653e-09,nan,nan
22496,1.47661658088e-15,0,1.03332738966e-09,nan,nan,1.88276819764e-09,nan,nan
22500,1.47596939913e-15,0,1.03815175182e-09,nan,nan,1.84677462531e-09,nan,nan
22504,1.47791688079e-15,0,1.04214328597e-09,nan,nan,1.81168446349e-09,nan,nan
22508,1.47480208889e-15,0,1.04649163942e-09,nan,nan,1.77831614795e-09,nan,nan
22512,1.47661714417e-15,0,1.04996093159e-09,nan,nan,1.74585457255e-09,nan,nan
22516,1.47405826951e-15,0,1.0538630845e-09,nan,nan,1.71468478032e-09,nan,nan
22520,1.47357365941e-15,0,1.05685577466e-09,nan,nan,1.6847474172e-09,nan,nan
22524,1.47540520315e-15,0,1.06033389745e-09,nan,nan,1.65547834869e-09,nan,nan
22528,1.4731985501e-15,0,1.06289606461e-09,nan,nan,1.62787909085e-09,nan,nan
22532,1.47155643397e-15,0,1.06596832198e-09,nan,nan,1.6003491141e-09,nan,nan
22536,1.47507499356e-15,0,1.06814288965e-09,nan,nan,1.57482665242e-09,nan,nan
22540,1.47152179337e-15,0,1.07082744795e-09,nan,nan,1.54897706798e-09,nan,nan
22544,1.47204975842e-15,0,1.07265093707e-09,nan,nan,1.52523481844e-09,nan,nan
22548,1.47207330741e-15,0,1.07496893442e-09,nan,nan,1.50105347275e-09,nan,nan
22552,1.47069116046e-15,0,1.07646978462e-09,nan,nan,1.47881267831e-09,nan,nan
22556,1.47036940747e-15,0,1.07844632675e-09,nan,nan,1.45627726482e-09,nan,nan
22560,1.4714488356e-15,0,1.0796453484e-09,nan,nan,1.43532189412e-09,nan,nan
22564,1.46889860492e-15,0,1.08130838466e-09,nan,nan,1.41436200649e-09,nan,nan
22568,1.46900482108e-15,0,1.08222107245e-09,nan,nan,1.39456002509e-09,nan,nan
22572,1.46827631504e-15,0,1.08359878448e-09,nan,nan,1.3750472273e-09,nan,nan
22576,1.46978666145e-15,0,1.08423855705e-09,nan,nan,1.35634337452e-09,nan,nan
22580,1.46688171406e-15,0,1.08535638269e-09,nan,nan,1.33810750089e-09,nan,nan
22584,1.46739136383e-15,0,1.08573755259e-09,nan,nan,1.3204937978e-09,nan,nan
22588,1.46973390251e-15,0,1.08661600722e-09,nan,nan,1.30335527379e-09,nan,nan
22592,1.46553358993e-15,0,1.08675548241e-09,nan,nan,1.2868328442e-09,nan,nan
22596,1.4653299641e-15,0,1.08740954049e-09,nan,nan,1.27063702292e-09,nan,nan
22600,1.4679517266e-15,0,1.08732680886e-09,nan,nan,1.25518394328e-09,nan,nan
22604,1.46414147608e-15,0,1.0877669607e-09,nan,nan,1.23982464869e-09,nan,nan
22608,1.46508633523e-15,0,1.08748258858e-09,nan,nan,1.22537996874e-09,nan,nan
22612,1.4646347763e-15,0,1.08771704711e-09,nan,nan,1.21080480355e-09,nan,nan
22616,1.46413238859e-15,0,1.08725045771e-09,nan,nan,1.19727147428e-09,nan,nan
22620,1.46501214547e-15,0,1.0872875851e-09,nan,nan,1.18346900439e-09,nan,nan
22624,1.46275303268e-15,0,1.08665508388e-09,nan,nan,1.17073151376e-09,nan,nan
22628,1.46393454693e-15,0,1.08650509216e-09,nan,nan,1.15770727392e-09,nan,nan
22632,1.46172758188e-15,0,1.08571893793e-09,nan,nan,1.14565549274e-09,nan,nan
22636,1.46265251658e-15,0,1.0853942803e-09,nan,nan,1.13340716182e-09,nan,nan
22640,1.46123513845e-15,0,1.08446313645e-09,nan,nan,1.12195699423e-09,nan,nan
22644,1.46286735316e-15,0,1.08397756658e-09,nan,nan,1.1104579749e-09,nan,nan
22648,1.46009067756e-15,0,1.08290807502e-09,nan,nan,1.09956161427e-09,nan,nan
22652,1.46050322547e-15,0,1.08227489104e-09,nan,nan,1.08875758728e-09,nan,nan
22656,1.46101105352e-15,0,1.08107364082e-09,nan,nan,1.07840033509e-09,nan,nan
22660,1.45870126127e-15,0,1.08030396436e-09,nan,nan,1.06821715685e-09,nan,nan
22664,1.45941460713e-15,0,1.07897897727e-09,nan,nan,1.05840226347e-09,nan,nan
22668,1.45914002475e-15,0,1.07808088432e-09,nan,nan,1.0487601014e-09,nan,nan
22672,1.45887656085e-15,0,1.07664198342e-09,nan,nan,1.03949094077e-09,nan,nan
22676,1.45920127198e-15,0,1.07562086084e-09,nan,nan,1.03032336849e-09,nan,nan
22680,1.4571277978e-15,0,1.07407885166e-09,nan,nan,1.02159256169e-09,nan,nan
22684,1.45889580994e-15,0,1.07293873254e-09,nan,nan,1.01285858393e-09,nan,nan
22688,1.45527690869e-15,0,1.07130388115e-09,nan,nan,1.00463860726e-09,nan,nan
22692,1.45725007831e-15,0,1.07004917533e-09,nan,nan,9.96320783391e-10,nan,nan
22696,1.45622814545e-15,0,1.0683295301e-09,nan,nan,9.88564614568e-10,nan,nan
22700,1.45617277596e-15,0,1.06696677352e-09,nan,nan,9.80662527311e-10,nan,nan
22704,1.45502031505e-15,0,1.06516652892e-09,nan,nan,9.73315100331e-10,nan,nan
22708,1.45645788461e-15,0,1.06370596692e-09,nan,nan,9.65833531138e-10,nan,nan
22712,1.45437225706e-15,0,1.06182428722e-09,nan,nan,9.58845882321e-10,nan,nan
22716,1.45326077791e-15,0,1.06028038221e-09,nan,nan,9.51781292986e-10,nan,nan
22720,1.45435704669e-15,0,1.05831214394e-09,nan,nan,9.4512161616e-10,nan,nan
22724,1.45613174666e-15,0,1.05670135807e-09,nan,nan,9.38453914969e-10,nan,nan
22728,1.45155674219e-15,0,1.05464096714e-09,nan,nan,9.32110475123e-10,nan,nan
22732,1.45127351673e-15,0,1.05297696181e-09,nan,nan,9.25804334569e-10,nan,nan
22736,1.45405278509e-15,0,1.05082330534e-09,nan,nan,9.19779440457e-10,nan,nan
22740,1.45229611043e-15,0,1.04911302669e-09,nan,nan,9.13793050694e-10,nan,nan
22744,1.45204623007e-15,0,1.04687159704e-09,nan,nan,9.08092865058e-10,nan,nan
22748,1.44959863073e-15,0,1.04511530256e-09,nan,nan,9.02387922185e-10,nan,nan
22752,1.4522184432e-15,0,1.04279647092e-09,nan,nan,8.97013593601e-10,nan,nan
22756,1.45124533287e-15,0,1.04099049684e-09,nan,nan,8.91562373383e-10,nan,nan
22760,1.4494326832e-15,0,1.03860658029e-09,nan,nan,8.86504604142e-10,nan,nan
22764,1.44884922585e-15,0,1.03674597166e-09,nan,nan,8.81293241417e-10,nan,nan
22768,1.44954084116e-15,0,1.03430919514e-09,nan,nan,8.76530700604e-10,nan,nan
22772,1.44943087577e-15,0,1.03238923132e-09,nan,nan,8.71558448182e-10,nan,nan
22776,1.44813525732e-15,0,1.02991065463e-09,nan,nan,8.67060322724e-10,nan,nan
22780,1.45116404602e-15,0,1.02792772145e-09,nan,nan,8.62334968326e-10,nan,nan
22784,1.44644863662e-15,0,1.0254164568e-09,nan,nan,8.58067001236e-10,nan,nan
22788,1.44853697268e-15,0,1.02336896767e-09,nan,nan,8.53597648816e-10,nan,nan
22792,1.44743504394e-15,0,1.0208310802e-09,nan,nan,8.49529885016e-10,nan,nan
22796,1.44759156927e-15,0,1.0187207892e-09,nan,nan,8.45319176274e-10,nan,nan
22800,1.4450673687e-15,0,1.01615792534e-09,nan,nan,8.41432919876e-10,nan,nan
22804,1.44550933549e-15,0,1.01399124124e-09,nan,nan,8.3747126441e-10,nan,nan
22808,1.44730514409e-15,0,1.01139963589e-09,nan,nan,8.33762815621e-10,nan,nan
22812,1.44547927916e-15,0,1.00918815876e-09,nan,nan,8.30026740625e-10,nan,nan
22816,1.4451793687e-15,0,1.00655875534e-09,nan,nan,8.26506506078e-10,nan,nan
22820,1.44259598881e-15,0,1.00431844997e-09,nan,nan,8.22961811008e-10,nan,nan
22824,1.44678369855e-15,0,1.00163847047e-09,nan,nan,8.19648993097e-10,nan,nan
22828,1.44425797501e-15,0,9.99387463959e-10,nan,nan,8.16257621659e-10,nan,nan
22832,1.44432324444e-15,0,9.96643149119e-10,nan,nan,8.13172283788e-10,nan,nan
22836,1.44317414215e-15,0,9.94398702987e-10,nan,nan,8.099005107e-10,nan,nan
22840,1.44284489809e-15,0,9.91578438652e-10,nan,nan,8.07055728616e-10,nan,nan
22844,1.44309887773e-15,0,9.89353995485e-10,nan,nan,8.03880851905e-10,nan,nan
22848,1.44261807246e-15,0,9.8645090488e-10,nan,nan,8.01277558528e-10,nan,nan
22852,1.43961594635e-15,0,9.84254033614e-10,nan,nan,7.98190962521e-10,nan,nan
22856,1.44242105348e-15,0,9.81267436683e-10,nan,nan,7.95816946892e-10,nan,nan
22860,1.44235298521e-15,0,9.79099057609e-10,nan,nan,7.92822924822e-10,nan,nan
22864,1.44204674187e-15,0,9.76034585787e-10,nan,nan,7.90655843775e-10,nan,nan
22868,1.44112417458e-15,0,9.73889550312e-10,nan,nan,7.87767007536e-10,nan,nan
22872,1.43979879279e-15,0,9.70757922143e-10,nan,nan,7.85780070283e-10,nan,nan
22876,1.44023796712e-15,0,9.68626803866e-10,nan,nan,7.83011006874e-10,nan,nan
22880,1.438241861e-15,0,9.65441646204e-10,nan,nan,7.81179351979e-10,nan,nan
22884,1.43851095712e-15,0,9.633131141e-10,nan,nan,7.78540661842e-10,nan,nan
22888,1.44012669628e-15,0,9.6008868247e-10,nan,nan,7.76846239786e-10,nan,nan
22892,1.44026281866e-15,0,9.57951501848e-10,nan,nan,7.74341041113e-10,nan,nan
22896,1.43828567599e-15,0,9.5470113276e-10,nan,nan,7.72774338858e-10,nan,nan
22900,1.43837545402e-15,0,9.52545208007e-10,nan,nan,7.7039830981e-10,nan,nan
22904,1.43624943698e-15,0,9.49280759623e-10,nan,nan,7.68956599891e-10,nan,nan
22908,1.43636242917e-15,0,9.47097315289e-10,nan,nan,7.66701064255e-10,nan,nan
22912,1.43729890238e-15,0,9.4382927726e-10,nan,nan,7.65384349708e-10,nan,nan
22916,1.43827580844e-15,0,9.416106084e-10,nan,nan,7.63240739074e-10,nan,nan
22920,1.4371003957e-15,0,9.38348429859e-10,nan,nan,7.62047320374e-10,nan,nan
22924,1.43655473565e-15,0,9.36087562499e-10,nan,nan,7.60011085767e-10,nan,nan
22928,1.43507930197e-15,0,9.32839979859e-10,nan,nan,7.58934454998e-10,nan,nan
22932,1.43444363485e-15,0,9.30530356722e-10,nan,nan,7.57007066454e-10,nan,nan
22936,1.43339382985e-15,0,9.27305724815e-10,nan,nan,7.56035026203e-10,nan,nan
22940,1.43735016268e-15,0,9.24940876237e-10,nan,nan,7.54223667813e-10,nan,nan
22944,1.43552956942e-15,0,9.21747534196e-10,nan,nan,7.53339631612e-10,nan,nan
22948,1.43342144006e-15,0,9.19320703699e-10,nan,nan,7.51655074705e-10,nan,nan
22952,1.43569707328e-15,0,9.16167334062e-10,nan,nan,7.5084074413e-10,nan,nan
22956,1.43008260024e-15,0,9.13671167059e-10,nan,nan,7.49294387584e-10,nan,nan
22960,1.43262257757e-15,0,9.10567010253e-10,nan,nan,7.48532674753e-10,nan,nan
22964,1.43546863535e-15,0,9.07993512988e-10,nan,nan,7.47133847839e-10,nan,nan
22968,1.43395005863e-15,0,9.04948214918e-10,nan,nan,7.46411072793e-10,nan,nan
22972,1.4310409855e-15,0,9.02289174397e-10,nan,nan,7.45165411932e-10,nan,nan
22976,1.43211028788e-15,0,8.99312082079e-10,nan,nan,7.4447224625e-10,nan,nan
22980,1.43009255034e-15,0,8.9656005237e-10,nan,nan,7.43381402198e-10,nan,nan
22984,1.43228693626e-15,0,8.93658958336e-10,nan,nan,7.42712553588e-10,nan,nan
22988,1.43399704447e-15,0,8.90808739605e-10,nan,nan,7.4177496056e-10,nan,nan
22992,1.42966607396e-15,0,8.87988284201e-10,nan,nan,7.41128050166e-10,nan,nan
22996,1.42871193663e-15,0,8.85038570048e-10,nan,nan,7.40340197052e-10,nan,nan
23000,1.43023946157e-15,0,8.82298687852e-10,nan,nan,7.39714468859e-10,nan,nan
23004,1.43003032664e-15,0,8.79253395126e-10,nan,nan,7.39072067295e-10,nan,nan
23008,1.43203167835e-15,0,8.76588321814e-10,nan,nan,7.38467428326e-10,nan,nan
23012,1.42851733693e-15,0,8.73457119913e-10,nan,nan,7.37966084656e-10,nan,nan
23016,1.42796534677e-15,0,8.70855432046e-10,nan,nan,7.3738267274e-10,nan,nan
23020,1.42773733429e-15,0,8.67653106148e-10,nan,nan,7.37018063786e-10,nan,nan
23024,1.43150898845e-15,0,8.65099002659e-10,nan,nan,7.36456210608e-10,nan,nan
23028,1.42866239185e-15,0,8.61843583618e-10,nan,nan,7.36224064352e-10,nan,nan
23032,1.42572654635e-15,0,8.59319224975e-10,nan,nan,7.35684294261e-10,nan,nan
23036,1.42738923974e-15,0,8.5602934389e-10,nan,nan,7.35580468835e-10,nan,nan
23040,1.42662104369e-15,0,8.53517539289e-10,nan,nan,7.35063340056e-10,nan,nan
23044,1.43044405965e-15,0,8.50210030291e-10,nan,nan,7.35083911272e-10,nan,nan
23048,1.42508294564e-15,0,8.47696063648e-10,nan,nan,7.34590138575e-10,nan,nan
23052,1.42454098072e-15,0,8.44384976382e-10,nan,nan,7.347308047e-10,nan,nan
23056,1.42786414282e-15,0,8.41856730406e-10,nan,nan,7.34262478793e-10,nan,nan
23060,1.42658175049e-15,0,8.38553734076e-10,nan,nan,7.34516814723e-10,nan,nan
23064,1.42692201077e-15,0,8.36001470753e-10,nan,nan,7.34079156793e-10,nan,nan
23068,1.42230802259e-15,0,8.32714814376e-10,nan,nan,7.34437886033e-10,nan,nan
23072,1.42523995202e-15,0,8.30134548701e-10,nan,nan,7.34037431901e-10,nan,nan
23076,1.42684490182e-15,0,8.26863059489e-10,nan,nan,7.34494108179e-10,nan,nan
23080,1.42535906094e-15,0,8.2426392558e-10,nan,nan,7.34128885504e-10,nan,nan
23084,1.42199673282e-15,0,8.20991877223e-10,nan,nan,7.34691806428e-10,nan,nan
23088,1.42429801508e-15,0,8.18393238316e-10,nan,nan,7.34342617087e-10,nan,nan
23092,1.42478153926e-15,0,8.15107401389e-10,nan,nan,7.35032324339e-10,nan,nan
23096,1.42396270387e-15,0,8.12504733771e-10,nan,nan,7.3468449447e-10,nan,nan
23100,1.42069381732e-15,0,8.09240686551e-10,nan,nan,7.35489710761e-10,nan,nan
23104,1.42387454566e-15,0,8.06562951885e-10,nan,nan,7.35191502544e-10,nan,nan
23108,1.42454554725e-15,0,8.03419055674e-10,nan,nan,7.36018387292e-10,nan,nan
23112,1.42101912083e-15,0,8.00567942952e-10,nan,nan,7.35892095232e-10,nan,nan
23116,1.42127401432e-15,0,7.97604352227e-10,nan,nan,7.36620869592e-10,nan,nan
23120,1.42276784361e-15,0,7.94594294665e-10,nan,nan,7.36734460074e-10,nan,nan
23124,1.42374847197e-15,0,7.91710736743e-10,nan,nan,7.37383573144e-10,nan,nan
23128,1.41847660391e-15,0,7.88702069191e-10,nan,nan,7.37623541564e-10,nan,nan
23132,1.42140207432e-15,0,7.8574090958e-10,nan,nan,7.38360527486e-10,nan,nan
23136,1.42177005455e-15,0,7.82817039003e-10,nan,nan,7.3857508357e-10,nan,nan
23140,1.42204656465e-15,0,7.79815537938e-10,nan,nan,7.39460713674e-10,nan,nan
23144,1.41683939156e-15,0,7.76826446357e-10,nan,nan,7.39713580787e-10,nan,nan
23148,1.42051147608e-15,0,7.73990206067e-10,nan,nan,7.40578549418e-10,nan,nan
23152,1.42448206658e-15,0,7.70751203342e-10,nan,nan,7.41079671045e-10,nan,nan
23156,1.41432060366e-15,0,7.68189379831e-10,nan,nan,7.41739734195e-10,nan,nan
23160,1.42111574973e-15,0,7.64682691495e-10,nan,nan,7.42605169203e-10,nan,nan
23164,1.41985724865e-15,0,7.62335817876e-10,nan,nan,7.43019324423e-10,nan,nan
23168,1.42022998486e-15,0,7.58679469977e-10,nan,nan,7.44220986395e-10,nan,nan
23172,1.41448037681e-15,0,7.5638496814e-10,nan,nan,7.44479339815e-10,nan,nan
23176,1.42011436557e-15,0,7.52772216523e-10,nan,nan,7.45870384526e-10,nan,nan
23180,1.42045620421e-15,0,7.50330167173e-10,nan,nan,7.46160033593e-10,nan,nan
23184,1.41462718457e-15,0,7.4694023727e-10,nan,nan,7.47539169355e-10,nan,nan
23188,1.41865399847e-15,0,7.44213090156e-10,nan,nan,7.48048686998e-10,nan,nan
23192,1.41908063451e-15,0,7.41132807309e-10,nan,nan,7.49258547714e-10,nan,nan
23196,1.41565418887e-15,0,7.38086515107e-10,nan,nan,7.50102963817e-10,nan,nan
23200,1.41651414046e-15,0,7.35301118586e-10,nan,nan,7.51076231859e-10,nan,nan
23204,1.41905689603e-15,0,7.31991308293e-10,nan,nan,7.52276142119e-10,nan,nan
23208,1.41322935944e-15,0,7.29414909715e-10,nan,nan,7.53034694701e-10,nan,nan
23212,1.41667138997e-15,0,7.25947136522e-10,nan,nan,7.54533101191e-10,nan,nan
23216,1.417730808e-15,0,7.23469179387e-10,nan,nan,7.55158773709e-10,nan,nan
23220,1.41471868096e-15,0,7.19943483493e-10,nan,nan,7.56866746976e-10,nan,nan
23224,1.41427120858e-15,0,7.17483058541e-10,nan,nan,7.57442571925e-10,nan,nan
23228,1.41927315483e-15,0,7.13965557713e-10,nan,nan,7.59286687312e-10,nan,nan
23232,1.41190024502e-15,0,7.11464650859e-10,nan,nan,7.59883960633e-10,nan,nan
23236,1.4144886751e-15,0,7.08002236634e-10,nan,nan,7.61797190668e-10,nan,nan
23240,1.41730225001e-15,0,7.05437694247e-10,nan,nan,7.62467383541e-10,nan,nan
23244,1.41018676897e-15,0,7.02026272234e-10,nan,nan,7.64428766881e-10,nan,nan
23248,1.41643281738e-15,0,6.99410910048e-10,nan,nan,7.65172180996e-10,nan,nan
23252,1.41529573122e-15,0,6.96062785369e-10,nan,nan,7.67172725278e-10,nan,nan
23256,1.40997651058e-15,0,6.93338389361e-10,nan,nan,7.68044774483e-10,nan,nan
23260,1.41642137129e-15,0,6.90142756192e-10,nan,nan,7.69978025562e-10,nan,nan
23264,1.41388881136e-15,0,6.87239867281e-10,nan,nan,7.71104451054e-10,nan,nan
23268,1.41005333959e-15,0,6.84188208384e-10,nan,nan,7.72891174012e-10,nan,nan
23272,1.41637351894e-15,0,6.81225300611e-10,nan,nan,7.74251910629e-10,nan,nan
23276,1.41109015424e-15,0,6.7810490336e-10,nan,nan,7.76033558948e-10,nan,nan
23280,1.41048545146e-15,0,6.75332427048e-10,nan,nan,7.77399960047e-10,nan,nan
23284,1.41520766334e-15,0,6.71928608001e-10,nan,nan,7.79431801536e-10,nan,nan
23288,1.40966289978e-15,0,6.69466092688e-10,nan,nan,7.80597956775e-10,nan,nan
23292,1.41326553756e-15,0,6.65781424135e-10,nan,nan,7.82989035769e-10,nan,nan
23296,1.41180061407e-15,0,6.63514563559e-10,nan,nan,7.83965868917e-10,nan,nan
23300,1.40851811464e-15,0,6.59738816962e-10,nan,nan,7.8660487473e-10,nan,nan
23304,1.41493687214e-15,0,6.5744983778e-10,nan,nan,7.87573402035e-10,nan,nan
23308,1.40745957056e-15,0,6.53786233611e-10,nan,nan,7.90258139463e-10,nan,nan
23312,1.41185909599e-15,0,6.51316349483e-10,nan,nan,7.9141001391e-10,nan,nan
23316,1.41269634997e-15,0,6.47865833511e-10,nan,nan,7.93990878849e-10,nan,nan
23320,1.40736801866e-15,0,6.4517259774e-10,nan,nan,7.95427924138e-10,nan,nan
23324,1.41278673326e-15,0,6.41928138209e-10,nan,nan,7.978583562e-10,nan,nan
23328,1.40788075402e-15,0,6.39055753437e-10,nan,nan,7.99585205276e-10,nan,nan
23332,1.40962770363e-15,0,6.35949606116e-10,nan,nan,8.01899848583e-10,nan,nan
23336,1.41061912418e-15,0,6.32978223126e-10,nan,nan,8.03860754103e-10,nan,nan
23340,1.40829930628e-15,0,6.29927426356e-10,nan,nan,8.06134576681e-10,nan,nan
23344,1.40901881333e-15,0,6.26936715015e-10,nan,nan,8.08251545222e-10,nan,nan
23348,1.41134405114e-15,0,6.23870028114e-10,nan,nan,8.10567587671e-10,nan,nan
23352,1.40637474193e-15,0,6.20920273148e-10,nan,nan,8.12766298599e-10,nan,nan
23356,1.40780380356e-15,0,6.17790765197e-10,nan,nan,8.15195583534e-10,nan,nan
23360,1.41012770608e-15,0,6.14914928083e-10,nan,nan,8.17420678122e-10,nan,nan
23364,1.4075937849e-15,0,6.11704537557e-10,nan,nan,8.20010758078e-10,nan,nan
23368,1.40857785124e-15,0,6.08906544109e-10,nan,nan,8.22233957087e-10,nan,nan
23372,1.40686726314e-15,0,6.05625424367e-10,nan,nan,8.25003827152e-10,nan,nan
23376,1.40816605203e-15,0,6.02882924257e-10,nan,nan,8.27226313918e-10,nan,nan
23380,1.40702977728e-15,0,5.99564605524e-10,nan,nan,8.30166828006e-10,nan,nan
23384,1.40816212347e-15,0,5.96835526195e-10,nan,nan,8.32416331294e-10,nan,nan
23388,1.40574885378e-15,0,5.93528956425e-10,nan,nan,8.35495343552e-10,nan,nan
23392,1.40671096257e-15,0,5.90760627302e-10,nan,nan,8.37819008384e-10,nan,nan
23396,1.4084302383e-15,0,5.87520487188e-10,nan,nan,8.40989957788e-10,nan,nan
23400,1.40505980752e-15,0,5.84659465378e-10,nan,nan,8.43444888799e-10,nan,nan
23404,1.40626153914e-15,0,5.81536528806e-10,nan,nan,8.46656818369e-10,nan,nan
23408,1.40731827802e-15,0,5.78537438854e-10,nan,nan,8.49300252584e-10,nan,nan
23412,1.40444180348e-15,0,5.75570781403e-10,nan,nan,8.52507078607e-10,nan,nan
23416,1.40720044191e-15,0,5.7240287062e-10,nan,nan,8.55387997519e-10,nan,nan
23420,1.40513963858e-15,0,5.6961495777e-10,nan,nan,8.58555578261e-10,nan,nan
23424,1.40541009028e-15,0,5.66265449386e-10,nan,nan,8.61709132958e-10,nan,nan
23428,1.40525061173e-15,0,5.63660341696e-10,nan,nan,8.64819438609e-10,nan,nan
23432,1.40414037882e-15,0,5.60134555329e-10,nan,nan,8.68264499755e-10,nan,nan
23436,1.40693273977e-15,0,5.57699112696e-10,nan,nan,8.71316703714e-10,nan,nan
23440,1.40364520171e-15,0,5.54018072502e-10,nan,nan,8.75056047779e-10,nan,nan
23444,1.40457994932e-15,0,5.51725514538e-10,nan,nan,8.78065123684e-10,nan,nan
23448,1.40495484389e-15,0,5.4792165848e-10,nan,nan,8.82087756545e-10,nan,nan
23452,1.40317136391e-15,0,5.45736593151e-10,nan,nan,8.85081395899e-10,nan,nan
23456,1.40603909431e-15,0,5.41847951697e-10,nan,nan,8.89366668038e-10,nan,nan
23460,1.40174640012e-15,0,5.39732664722e-10,nan,nan,8.92380469882e-10,nan,nan
23464,1.40490839037e-15,0,5.35796005746e-10,nan,nan,8.96903872676e-10,nan,nan
23468,1.40338807808e-15,0,5.3371752439e-10,nan,nan,8.99974733716e-10,nan,nan
23472,1.40381861288e-15,0,5.29762253813e-10,nan,nan,9.04714462662e-10,nan,nan
23476,1.40290569605e-15,0,5.27696203662e-10,nan,nan,9.0787542835e-10,nan,nan
23480,1.40331543269e-15,0,5.23744889213e-10,nan,nan,9.12814020881e-10,nan,nan
23484,1.40288081002e-15,0,5.21668500461e-10,nan,nan,9.16099135278e-10,nan,nan
23488,1.40434692084e-15,0,5.17750128706e-10,nan,nan,9.21211282394e-10,nan,nan
23492,1.40167898377e-15,0,5.15626137333e-10,nan,nan,9.24673205798e-10,nan,nan
23496,1.40182023516e-15,0,5.1178651014e-10,nan,nan,9.29910459176e-10,nan,nan
23500,1.40328819709e-15,0,5.09571778925e-10,nan,nan,9.33619531305e-10,nan,nan
23504,1.40146830066e-15,0,5.05834248574e-10,nan,nan,9.38942821308e-10,nan,nan
23508,1.40171888411e-15,0,5.03550597124e-10,nan,nan,9.42916345775e-10,nan,nan
23512,1.40309915893e-15,0,4.9983415239e-10,nan,nan,9.4839097165e-10,nan,nan
23516,1.40153436288e-15,0,4.97614840627e-10,nan,nan,9.52518610776e-10,nan,nan
23520,1.40104788477e-15,0,4.93780167197e-10,nan,nan,9.58304379646e-10,nan,nan
23524,1.40292992384e-15,0,4.91699480111e-10,nan,nan,9.62492067406e-10,nan,nan
23528,1.40132061956e-15,0,4.87807008426e-10,nan,nan,9.6858060401e-10,nan,nan
23532,1.4005402382e-15,0,4.85659891583e-10,nan,nan,9.73018782202e-10,nan,nan
23536,1.40113032751e-15,0,4.8198417393e-10,nan,nan,9.79142086688e-10,nan,nan
23540,1.40054233541e-15,0,4.79575144286e-10,nan,nan,9.84082285097e-10,nan,nan
23544,1.40169340415e-15,0,4.76103121791e-10,nan,nan,9.90208313766e-10,nan,nan
23548,1.40088042371e-15,0,4.73671061788e-10,nan,nan,9.95467800401e-10,nan,nan
23552,1.39952726606e-15,0,4.70074408399e-10,nan,nan,1.00193893105e-09,nan,nan
23556,1.40103470413e-15,0,4.67846786551e-10,nan,nan,1.00727130767e-09,nan,nan
23560,1.40043652426e-15,0,4.64094529857e-10,nan,nan,1.01417563204e-09,nan,nan
23564,1.400171757e-15,0,4.61989826233e-10,nan,nan,1.01965801397e-09,nan,nan
23568,1.39962572662e-15,0,4.58120957465e-10,nan,nan,1.02697554718e-09,nan,nan
23572,1.39964033969e-15,0,4.5620708626e-10,nan,nan,1.03255741311e-09,nan,nan
23576,1.40063107479e-15,0,4.52151552809e-10,nan,nan,1.04039217802e-09,nan,nan
23580,1.39982602506e-15,0,4.5036896823e-10,nan,nan,1.04613397768e-09,nan,nan
23584,1.4000524085e-15,0,4.46281035498e-10,nan,nan,1.05435640741e-09,nan,nan
23588,1.39811499039e-15,0,4.44541069843e-10,nan,nan,1.0603789065e-09,nan,nan
23592,1.39928695492e-15,0,4.40433161184e-10,nan,nan,1.06899160499e-09,nan,nan
23596,1.40051260928e-15,0,4.38686895979e-10,nan,nan,1.07536996247e-09,nan,nan
23600,1.39709606081e-15,0,4.3464757156e-10,nan,nan,1.08430198473e-09,nan,nan
23604,1.40110730986e-15,0,4.32861013677e-10,nan,nan,1.09110652734e-09,nan,nan
23608,1.39863709424e-15,0,4.28898397817e-10,nan,nan,1.10037065538e-09,nan,nan
23612,1.39704093518e-15,0,4.27009579885e-10,nan,nan,1.1076959367e-09,nan,nan
23616,1.40038999371e-15,0,4.23188621315e-10,nan,nan,1.11724860113e-09,nan,nan
23620,1.39691117502e-15,0,4.21225216802e-10,nan,nan,1.12510579876e-09,nan,nan
23624,1.39934131081e-15,0,4.17509461939e-10,nan,nan,1.13501372724e-09,nan,nan
23628,1.39796324812e-15,0,4.15394774796e-10,nan,nan,1.14351460987e-09,nan,nan
23632,1.39757396642e-15,0,4.11923182254e-10,nan,nan,1.15366923896e-09,nan,nan
23636,1.39906142633e-15,0,4.09609571243e-10,nan,nan,1.16290563733e-09,nan,nan
23640,1.39809321339e-15,0,4.06310462727e-10,nan,nan,1.17341361337e-09,nan,nan
23644,1.39680171854e-15,0,4.03875057666e-10,nan,nan,1.18335224375e-09,nan,nan
23648,1.39818085674e-15,0,4.00800418258e-10,nan,nan,1.19420170405e-09,nan,nan
23652,1.39838499735e-15,0,3.98072219779e-10,nan,nan,1.2050622164e-09,nan,nan
23656,1.39743476913e-15,0,3.95368974193e-10,nan,nan,1.21615473151e-09,nan,nan
23660,1.39659751724e-15,0,3.92375842252e-10,nan,nan,1.22795277451e-09,nan,nan
23664,1.39654265872e-15,0,3.89833240914e-10,nan,nan,1.23956165693e-09,nan,nan
23668,1.39776792683e-15,0,3.86850755426e-10,nan,nan,1.25207377372e-09,nan,nan
23672,1.39791597007e-15,0,3.84294711923e-10,nan,nan,1.26442673173e-09,nan,nan
23676,1.39707013409e-15,0,3.81310403122e-10,nan,nan,1.27773995214e-09,nan,nan
23680,1.39678757471e-15,0,3.78922007651e-10,nan,nan,1.29071090784e-09,nan,nan
23684,1.39671874353e-15,0,3.75690308493e-10,nan,nan,1.30514064199e-09,nan,nan
23688,1.3961777257e-15,0,3.73676996988e-10,nan,nan,1.31860928417e-09,nan,nan
23692,1.39714571933e-15,0,3.70101165317e-10,nan,nan,1.33430406435e-09,nan,nan
23696,1.39683369235e-15,0,3.68445772926e-10,nan,nan,1.34840228416e-09,nan,nan
23700,1.39532227287e-15,0,3.64630536853e-10,nan,nan,1.36531234542e-09,nan,nan
23704,1.39797292071e-15,0,3.63191456731e-10,nan,nan,1.38030268477e-09,nan,nan
23708,1.39603778913e-15,0,3.59283182156e-10,nan,nan,1.39835731862e-09,nan,nan
23712,1.39494233459e-15,0,3.57936850801e-10,nan,nan,1.41448555107e-09,nan,nan
23716,1.39675068734e-15,0,3.54040008521e-10,nan,nan,1.4336766229e-09,nan,nan
23720,1.3960813319e-15,0,3.52703364368e-10,nan,nan,1.45115630586e-09,nan,nan
23724,1.3965474327e-15,0,3.48894970218e-10,nan,nan,1.47152117043e-09,nan,nan
23728,1.39560219141e-15,0,3.47495114252e-10,nan,nan,1.49056867741e-09,nan,nan
23732,1.39617049006e-15,0,3.43853297086e-10,nan,nan,1.51216490169e-09,nan,nan
23736,1.39455354969e-15,0,3.42312881107e-10,nan,nan,1.53301403826e-09,nan,nan
23740,1.3959003297e-15,0,3.38921667996e-10,nan,nan,1.55592063161e-09,nan,nan
23744,1.39647782067e-15,0,3.37162312917e-10,nan,nan,1.5788188878e-09,nan,nan
23748,1.3951789458e-15,0,3.34100508116e-10,nan,nan,1.60315309587e-09,nan,nan
23752,1.39441960391e-15,0,3.32052127138e-10,nan,nan,1.62835505992e-09,nan,nan
23756,1.39613537811e-15,0,3.29384239643e-10,nan,nan,1.65428646585e-09,nan,nan
23760,1.39534458746e-15,0,3.26995709045e-10,nan,nan,1.682048235e-09,nan,nan
23764,1.39511889559e-15,0,3.24767230359e-10,nan,nan,1.70980729406e-09,nan,nan
23768,1.39428706316e-15,0,3.22011549295e-10,nan,nan,1.74038712302e-09,nan,nan
23772,1.39656048073e-15,0,3.20242173391e-10,nan,nan,1.77027567593e-09,nan,nan
23776,1.39415994321e-15,0,3.1711704598e-10,nan,nan,1.80394151647e-09,nan,nan
23780,1.39526794754e-15,0,3.15797048458e-10,nan,nan,1.83634188242e-09,nan,nan
23784,1.39408252301e-15,0,3.12329773403e-10,nan,nan,1.87337720734e-09,nan,nan
23788,1.39584471995e-15,0,3.11422083339e-10,nan,nan,1.90875502408e-09,nan,nan
23792,1.39399142156e-15,0,3.07672875289e-10,nan,nan,1.94946624746e-09,nan,nan
23796,1.39495615806e-15,0,3.07110387505e-10,nan,nan,1.98837631728e-09,nan,nan
23800,1.39422078059e-15,0,3.03167232638e-10,nan,nan,2.03311078119e-09,nan,nan
23804,1.39472028103e-15,0,3.02849951019e-10,nan,nan,2.07620481627e-09,nan,nan
23808,1.39465215664e-15,0,2.98827796581e-10,nan,nan,2.12536823108e-09,nan,nan
23812,1.39434209862e-15,0,2.98631604749e-10,nan,nan,2.17339009665e-09,nan,nan
23816,1.39396947384e-15,0,2.94674646984e-10,nan,nan,2.22745728619e-09,nan,nan
23820,1.39633409937e-15,0,2.94456910819e-10,nan,nan,2.28123431559e-09,nan,nan
23824,1.39288949089e-15,0,2.9072628996e-10,nan,nan,2.34076801571e-09,nan,nan
23828,1.39414338574e-15,0,2.90323474746e-10,nan,nan,2.40120603648e-09,nan,nan
23832,1.39312308181e-15,0,2.86985375646e-10,nan,nan,2.46687036661e-09,nan,nan
23836,1.39486786068e-15,0,2.86229757133e-10,nan,nan,2.53491887768e-09,nan,nan
23840,1.3949969078e-15,0,2.83453499968e-10,nan,nan,2.60745854014e-09,nan,nan
23844,1.3931453024e-15,0,2.82204113091e-10,nan,nan,2.6840242664e-09,nan,nan
23848,1.39466421335e-15,0,2.8012271862e-10,nan,nan,2.76422719098e-09,nan,nan
23852,1.393469037e-15,0,2.7830143757e-10,nan,nan,2.85003259935e-09,nan,nan
23856,1.39482007312e-15,0,2.76921249069e-10,nan,nan,2.93865600051e-09,nan,nan
23860,1.39244403684e-15,0,2.74605626865e-10,nan,nan,3.03398062348e-09,nan,nan
23864,1.39372919229e-15,0,2.73738250874e-10,nan,nan,3.1314715763e-09,nan,nan
23868,1.39473068377e-15,0,2.71226701887e-10,nan,nan,3.23578612975e-09,nan,nan
23872,1.39295462515e-15,0,2.70592879292e-10,nan,nan,3.34153862946e-09,nan,nan
23876,1.39475071786e-15,0,2.68045824467e-10,nan,nan,3.45326007928e-09,nan,nan
23880,1.39313059504e-15,0,2.67892525397e-10,nan,nan,3.56417263408e-09,nan,nan
23884,1.3943735826e-15,0,2.64348204643e-10,nan,nan,3.68042843516e-09,nan,nan
23888,1.39252220076e-15,0,2.66437888106e-10,nan,nan,3.78920954166e-09,nan,nan
23892,1.39365827248e-15,0,2.59571482016e-10,nan,nan,3.90417065208e-09,nan,nan
23896,1.39376697433e-15,0,2.65854938562e-10,nan,nan,3.99999210563e-09,nan,nan
23900,1.39311687002e-15,0,2.56143914728e-10,nan,nan,4.09985437031e-09,nan,nan
23904,1.39378537898e-15,0,2.61696081862e-10,nan,nan,4.17409334176e-09,nan,nan
23908,1.39260911394e-15,0,2.60060093166e-10,nan,nan,4.232543532e-09,nan,nan
23912,1.39472675923e-15,0,2.49257436906e-10,nan,nan,4.28235885012e-09,nan,nan
23916,1.39356666681e-15,0,2.68883485139e-10,nan,nan,4.27348019675e-09,nan,nan
23920,1.39236183597e-15,0,2.41390250471e-10,nan,nan,4.28531194765e-09,nan,nan
23924,1.39403853807e-15,0,2.61048994852e-10,nan,nan,4.22209845451e-09,nan,nan
23928,1.39380007953e-15,0,2.62635929579e-10,nan,nan,4.15200609929e-09,nan,nan
23932,1.39228157091e-15,0,2.29443015218e-10,nan,nan,4.08770506883e-09,nan,nan
23936,1.39328361078e-15,0,2.80712661967e-10,nan,nan,3.92214841255e-09,nan,nan
23940,1.39413525827e-15,0,2.37825016761e-10,nan,nan,3.84298241352e-09,nan,nan
23944,1.39274643088e-15,0,2.40534794746e-10,nan,nan,3.69095384952e-09,nan,nan
23948,1.3922638251e-15,0,2.86956786657e-10,nan,nan,3.50628989222e-09,nan,nan
23952,1.39400407393e-15,0,2.23081134027e-10,nan,nan,3.42522645709e-09,nan,nan
23956,1.39305635627e-15,0,2.56101610057e-10,nan,nan,3.24368261909e-09,nan,nan
23960,1.39379194139e-15,0,2.74164044995e-10,nan,nan,3.09546539958e-09,nan,nan
23964,1.39217052682e-15,0,2.24165967334e-10,nan,nan,3.01621193912e-09,nan,nan
23968,1.39371157646e-15,0,2.6559004175e-10,nan,nan,2.86274644591e-09,nan,nan
23972,1.39454259967e-15,0,3.89238940608e-10,nan,nan,2.62981988151e-09,nan,nan
23976,1.3915657836e-15,0,3.99357345002e-10,nan,nan,2.53925847513e-09,nan,nan
23980,1.39402766198e-15,0,3.64623513198e-10,nan,nan,2.50865465067e-09,nan,nan
23984,1.39223999255e-15,0,3.39943127359e-10,nan,nan,2.49472148641e-09,nan,nan
23988,1.39304758598e-15,0,2.37676600751e-10,nan,nan,2.5549147225e-09,nan,nan
23992,1.39347320602e-15,0,1.34408847803e-10,nan,nan,2.56725647377e-09,nan,nan
23996,1.39281434231e-15,0,2.38042896003e-10,nan,nan,2.45347704384e-09,nan,nan
24000,6.96859484489e-16,0,1.61905884595e-10,nan,nan,1.17313977105e-09,nan,nan
