frequency_Hz,excitation_amplitude_N,frf_valid,piezo_1_amplitude_V,frf_1_real_V_N,frf_1_imag_V_N,piezo_2_amplitude_V,frf_2_real_V_N,frf_2_imag_V_N
0,1.4361031893e-05,0,2.8441283942e-06,nan,nan,3.31248170944e-05,nan,nan
4,1.42981764875e-05,1,7.47147857206e-05,-4.40856586042,2.80537913055,7.7816230238e-05,-5.11257526987,1.86578827751
8,4.55794077705e-08,0,0.000135131315254,nan,nan,9.02320128546e-05,nan,nan
12,4.72791204215e-08,0,0.000134144688758,nan,nan,8.93567294368e-05,nan,nan
16,5.02504238782e-08,0,0.00013554368261,nan,nan,9.05559156858e-05,nan,nan
20,5.42617146139e-08,0,0.000134820507789,nan,nan,8.99791831176e-05,nan,nan
24,5.93274183289e-08,0,0.000136286255581,nan,nan,9.12112922827e-05,nan,nan
28,6.55206008572e-08,0,0.000135883556711,nan,nan,9.09518050014e-05,nan,nan
32,7.29498382391e-08,0,0.000137208568869,nan,nan,9.19591771641e-05,nan,nan
36,8.17556165243e-08,0,0.000137303205399,nan,nan,9.21787914464e-05,nan,nan
40,9.21109557601e-08,0,0.000138268928358,nan,nan,9.27881999324e-05,nan,nan
44,1.04223483357e-07,0,0.000139284440635,nan,nan,9.39372343766e-05,nan,nan
48,1.18338315069e-07,0,0.000139521691843,nan,nan,9.38467135671e-05,nan,nan
52,1.34741559885e-07,0,0.000142008812042,nan,nan,9.64047379658e-05,nan,nan
56,1.53764365532e-07,0,0.000140770574369,nan,nan,9.48877670748e-05,nan,nan
60,1.75787431227e-07,0,0.00014548589435,nan,nan,9.94710043097e-05,nan,nan
64,2.01245900066e-07,1,0.000141763060958,702.989673735,44.9780407077,9.56466649462e-05,474.546331005,26.2647516993
68,2.30634518464e-07,1,0.000149949525029,-649.016096851,38.5640135574,0.000103372692473,-447.59059457,23.5551296522
72,2.64512918541e-07,1,0.000142511937592,513.963511853,-161.604128309,9.62728571962e-05,346.101197171,-112.618233835
76,3.03510840561e-07,1,0.000155812565695,-470.208453887,206.034169555,0.000108552610736,-328.396677041,141.681900782
80,3.48333066714e-07,1,0.000142887027733,326.760705632,-247.978576305,9.66647924139e-05,219.541715924,-169.739374948
84,3.99763784826e-07,1,0.000163136581217,-299.237120829,277.467879831,0.000114931945928,-211.605464428,194.625725116
88,4.58670042682e-07,1,0.000142510470192,177.048031991,-255.324834607,9.64064168307e-05,118.866609432,-173.347183411
92,5.26003892114e-07,1,0.000171923531343,-158.551085188,285.817128557,0.000122424556493,-112.871293645,203.543882141
96,6.02802761468e-07,1,0.000141509186254,74.8327132691,-222.505262319,9.57677130643e-05,50.8129953154,-150.525570797
100,6.90187539429e-07,1,0.000182536618089,-54.4657793961,258.8048376,0.000131456629458,-37.8548809893,186.665361525
104,7.89357810551e-07,1,0.000140462170981,15.0843422228,-177.304366773,9.54785810596e-05,11.8864605754,-120.371831805
108,9.01583660901e-07,1,0.000194835029627,15.4879790049,215.547384626,0.000141815313727,13.7693482705,156.691960348
112,1.02819348285e-06,1,0.000139848998834,-13.9340052143,-135.298664224,9.60550910829e-05,-6.37739154739,-93.2032912478
116,1.17055726309e-06,1,0.000207914369087,57.8249883853,167.943834307,0.000152497413353,45.7149120098,121.993462448
120,1.33006495266e-06,1,0.00014107730294,-24.7291577782,-103.144971567,9.90421697204e-05,-13.1077897602,-73.3014120117
124,1.50809970568e-06,1,0.000221341144575,79.6490232087,123.275911488,0.00016324626425,62.4729897782,88.3990630291
128,1.70600605048e-06,1,0.000147301135097,-26.7693520283,-82.0881248565,0.000107682196694,-14.9162699997,-61.3316582705
132,1.9250534318e-06,1,0.000234340388241,86.7291228971,85.4207921569,0.000173398700904,67.7118736216,59.4017022032
136,2.16639604319e-06,1,0.000161685727793,-25.6846370619,-70.0746697528,0.000124705102871,-15.4029861036,-55.4643310831
140,2.43103044786e-06,1,0.000244125595176,83.7141727061,55.4638536841,0.00018012429237,64.6757442636,36.1516227152
144,2.71975314614e-06,1,0.000185969705184,-24.689914723,-63.7642515687,0.000150858562929,-16.6237759062,-52.9180532478
148,3.03312094743e-06,1,0.000248388027115,74.8083272997,33.3166159965,0.000181425359581,56.7549966544,18.8858204601
152,3.37141767851e-06,1,0.00022157952491,-25.3268854038,-60.6469735336,0.000186895184648,-19.5399489752,-51.8772671903
156,3.7346313103e-06,1,0.000246099776994,63.1209537244,18.9239707709,0.000176361145254,46.5459951152,7.96859637778
160,4.12244588019e-06,1,0.000269097972305,-27.0617622265,-59.4024835017,0.000233498398362,-23.327416767,-51.6140040557
164,4.53425246172e-06,1,0.000233000945043,50.1296662288,11.2971137534,0.000160107826525,35.2051306968,2.72899119253
168,4.96918270335e-06,1,0.000325233044496,-28.6236592895,-58.859065504,0.000287492661401,-26.6627763072,-51.3450218139
172,5.42616693881e-06,1,0.000204187859962,36.7201256038,8.22592806336,0.000127749123085,23.5128047842,1.19517854005
176,5.9040164263e-06,1,0.000387345980738,-30.3135719232,-58.1841208699,0.000346932085798,-29.9650379507,-50.5477454497
180,6.40152587827e-06,1,0.00016134649937,23.4706019465,9.18649458804,7.95954186828e-05,12.0392570588,3.10743659973
184,6.91758827216e-06,1,0.000452401171945,-31.9513641059,-57.0622313604,0.00041036875114,-33.16350081,-49.1868203207
188,7.45130946434e-06,1,0.000138055188921,10.1239241382,15.5170761401,7.48550099773e-05,0.502742773393,10.0332989336
192,8.00210621754e-06,1,0.000491762151226,-29.2349388093,-54.0548190461,0.000448623001726,-32.0324303371,-46.0108278425
196,8.56976913173e-06,1,0.000206075866164,-1.47225585776,24.0017285035,0.000180502822915,-9.22964846625,18.9328451201
200,9.15447308901e-06,1,0.000491361163737,-19.1397775769,-50.1459251021,0.000442679587554,-23.6344136465,-42.1874320086
204,9.75672347194e-06,1,0.000270716251621,-8.88547088952,26.2854370082,0.000255682325324,-14.7082260937,21.6889324303
208,1.03772370955e-05,1,0.000569924553245,-8.36292066011,-54.2801878302,0.000509789242406,-14.6288588505,-46.897045108
212,1.10167715362e-05,1,0.000360620610168,-25.4097050977,20.6360714359,0.000372579469262,-29.351408298,16.7999906184
216,1.16759324431e-05,1,0.000722206872417,-7.6874629866,-61.3747499365,0.000669746294909,-15.6015221012,-55.1988009178
220,1.23550008256e-05,1,0.000897817919773,-70.1616223712,18.9219578974,0.000917638895963,-72.4736382043,16.2481148374
224,1.30538259636e-05,1,0.000442924264251,-18.4436376866,-28.480141389,0.00047925501164,-27.6266082491,-24.1799620962
228,1.37718204506e-05,1,0.00158818921229,-105.874440945,45.713108617,0.00159757069377,-107.069258878,44.6412319553
232,1.45080712646e-05,1,0.000787083447424,-5.79648904615,53.9408670317,0.000840117731878,-15.5006355383,55.7937430191
236,1.52615485274e-05,1,0.00186400439971,-64.8983386658,103.468482109,0.00188171269713,-65.8331165929,104.251164261
240,1.60313601881e-05,1,0.00262958016663,129.110275093,101.170551762,0.0025080462166,119.9698819,100.412435562
244,1.68169774454e-05,1,0.000250170308265,13.3833797982,-6.49478291008,0.000208112300807,11.6871015033,-4.06884854831
248,1.7618353278e-05,1,0.00401606861219,212.020990711,83.7101897829,0.00387533408477,204.5906595,80.7780357231
252,1.84358815259e-05,1,0.00727222891656,66.8191608581,-388.760036406,0.00720192622929,63.4648892945,-385.457486244
256,1.92701944434e-05,1,0.00807010311533,-415.51510836,52.2453893474,0.00815364255549,-420.361396398,48.2544756009
260,2.01218589295e-05,1,0.00665651564974,155.797807208,291.826000147,0.00665754734467,150.424387958,294.689328033
264,2.09910820761e-05,1,0.00408702320716,113.866126832,-157.935744645,0.00411910967992,111.656952045,-161.367568623
268,2.18775492506e-05,1,0.00170365459457,-77.4971056543,7.63480696544,0.00185309310437,-84.2571852811,8.67857032021
272,2.27804770979e-05,1,0.000736732118727,31.4870670777,-7.38057102051,0.000731642361867,30.8709589117,-8.85949213407
276,2.36988767004e-05,1,0.000945491977304,-39.8782613617,1.19182568233,0.00110237140719,-46.515070843,-0.254336851503
280,2.46319217625e-05,1,0.000851843794157,27.7221688175,20.6750998114,0.000849124583679,26.8882945375,21.5725455727
284,2.5579251678e-05,1,0.000644789723851,-10.5642337832,-22.8870372428,0.000776110114002,-15.3145192794,-26.1928539046
288,2.65410513386e-05,1,0.000515895011715,-1.55553738891,19.3752827541,0.000584348450337,-4.29506167831,21.5937718748
292,2.75178481294e-05,1,0.000374407809629,5.30797812455,-12.52791174,0.000442142967304,3.2477806318,-15.7358320419
296,2.85101144188e-05,1,0.000382574018503,-9.48976463707,9.4874079361,0.000517078519198,-14.4086246008,11.0150040086
300,2.9517884897e-05,1,0.000320985492728,10.4560910169,-2.98662686213,0.000319741118581,10.0414863527,-4.06242087928
304,3.05406134221e-05,1,0.000315099431783,-10.2253911604,-1.37474372829,0.000488716335103,-15.8771658373,-1.99632380909
308,3.15773729451e-05,1,0.000288363943849,6.69074070619,6.21506643552,0.000301604730439,5.50766534913,7.80338477091
312,3.26272970628e-05,1,0.000240334585036,-2.43489992094,-6.95198410443,0.000373286208182,-6.68101491576,-9.28755236306
316,3.36899941421e-05,1,0.000233703942318,-1.01911507234,6.86162610163,0.000354938239393,-4.91798669296,9.31710696958
320,3.47656561428e-05,1,0.000206622686068,4.29522006679,-4.10778364161,0.000219699899447,2.13147548361,-5.94914173402
324,3.58547679668e-05,1,0.000169170562209,-4.32866357422,1.87729586263,0.000384114774432,-10.39958278,2.57266937646
328,3.69575991814e-05,1,0.000200541693273,5.2367967532,1.4213731864,0.000144422644689,3.48559279453,1.76677345267
332,3.80738375627e-05,1,0.000126621156802,-1.97162962477,-2.67820491765,0.000339095405769,-7.63938526018,-4.57834222966
336,3.92026495948e-05,1,0.000168662596871,1.58179100705,4.00099365485,0.000242477965048,-2.15967807241,5.79595011233
340,4.03431449825e-05,1,0.000142233670564,2.37988476357,-2.60115025638,0.000207207969322,-0.933722751802,-5.05055222283
344,4.14948953466e-05,1,9.77916986895e-05,-1.37631186291,1.91308067108,0.000322800331313,-7.35167233083,2.5436355778
348,4.26580827463e-05,1,0.000161654288968,3.75843341432,0.484512386527,7.08026589628e-05,1.65822720504,0.0715759093131
352,4.38331330265e-05,1,5.5530620645e-05,-0.620542275227,-1.10447807505,0.000310009427178,-6.49963690994,-2.78834094457
356,4.50201272897e-05,1,0.000133948874139,1.94490100293,2.25162938069,0.000192409656245,-1.67999427658,3.92982012236
360,4.62185073954e-05,1,0.000119451456934,2.00278132019,-1.63354719244,0.000196100642413,-1.72260321392,-3.87748163135
364,4.74273603493e-05,1,5.50504122013e-05,0.182477778159,1.14629775782,0.000313467789078,-6.16082027173,2.3935016933
368,4.86460401085e-05,1,0.000162316798424,3.33667297791,-0.0109303903429,4.0258544185e-05,0.827385994738,-0.017969976415
372,4.98745400729e-05,1,5.35690271399e-05,0.663141133248,-0.844915532564,0.000341473738281,-6.52101825244,-2.08638375223
376,5.11132355508e-05,1,0.00014979954816,2.60083975129,1.35087495239,0.000224688709427,-1.75800976644,4.02906253137
380,5.23622314855e-05,1,0.000157629940505,2.69926357673,-1.33279120358,0.000259857341969,-2.30227613273,-4.39633738596
384,5.36209796172e-05,1,8.58010547346e-05,1.32987666128,0.889873539425,0.000438572923175,-7.46959601904,3.33216006739
388,5.48885852242e-05,1,0.000222291479993,4.04679641303,0.157680015652,0.000130152740781,2.34236842048,-0.368754334548
392,5.61644947992e-05,1,0.000101824310241,1.58101504764,-0.887263512118,0.000572048686463,-9.39494166209,-3.93371611105
396,5.7448808886e-05,1,0.000196692814945,2.93792468135,1.75811129121,0.000449619414041,-1.03522199459,7.75766798847
400,5.87418477123e-05,1,0.000243167327357,3.96045541949,-1.20458335905,0.00055441146439,-0.317475276798,-9.43275946793
404,6.00434520329e-05,1,7.47104343579e-05,1.22005569823,0.244292655054,0.000921020065706,-14.0424056945,6.17273756169
408,6.13528481844e-05,1,0.000294339968459,4.65065492575,1.17786453219,0.000651403110546,10.3713502732,2.27215257633
412,6.26692619437e-05,1,0.00024703833583,3.2543456715,-2.22443437342,0.00124704523479,-15.3163815975,-12.7032297393
416,6.39925373167e-05,1,0.000155355038109,1.99503302984,1.38332839754,0.00134093622206,-3.97939571742,20.573246992
420,6.53229691433e-05,1,0.000418504049249,6.40639236663,0.0618116166193,0.00137548678039,10.8309959174,-18.0575341472
424,6.66605437685e-05,1,0.000256953703565,2.89001966364,-2.55072280191,0.00217750325232,-32.3325638074,4.65224706188
428,6.80045822576e-05,1,0.000284445651178,3.43383240095,2.3883318908,0.00191444656924,22.2094105253,17.2991886743
432,6.93542833897e-05,1,0.000536014114605,7.67149535015,-0.938081299151,0.00260675536535,-15.5364058263,-34.2247454619
436,7.07094384428e-05,1,0.000233069350933,2.44607953739,-2.20937554818,0.00297746341692,-21.8897516009,35.9716364044
440,7.20703109366e-05,1,0.000435179507365,4.99025608237,3.39970099809,0.00264039718092,32.8420526589,-16.2365584653
444,7.34368326876e-05,1,0.00068785560013,9.07047551566,-2.33671163521,0.00362721567367,-47.0189686666,-15.1267326432
448,7.48082810391e-05,1,0.000269201378544,2.0229003349,-2.97614516976,0.00333981423475,13.242163691,42.6358929605
452,7.61839331432e-05,1,0.000546302517533,6.10769072017,3.75726071929,0.00344557618491,11.3352849534,-43.7835506071
456,7.75637221619e-05,1,0.000913635445423,11.2102700213,-3.6164128277,0.00489121936791,-58.0521593148,24.6291170141
460,7.89478753026e-05,1,0.000411351436331,3.2050047883,-4.10808967847,0.00440812659636,55.5925184981,5.20777546868
464,8.03360836444e-05,1,0.000802186902112,9.19139630591,3.90207530401,0.00517951164002,-63.0213799888,-13.6043640394
468,8.17275311883e-05,1,0.00139365642553,15.8162960559,-6.37429019635,0.00208629004993,23.7066719885,9.46789434441
472,8.31217538295e-05,1,0.000692056975852,3.44387128911,-7.58017627525,0.00291622191303,-32.0496883395,14.2718680125
476,8.45189126025e-05,1,0.00100472873111,9.65326808985,6.93757369307,0.00161723110899,13.5696805073,-13.490539699
480,8.59190061632e-05,1,0.00216272574382,24.7799077064,-4.42376047441,0.00371513504665,-43.2356578123,0.610487949334
484,8.73213608371e-05,1,0.00162235773701,11.2564997352,-14.7809501126,0.00249333180488,-3.38606393477,28.3520334705
488,8.8725297739e-05,1,0.00106974059217,12.0137459697,1.01766078782,0.00136017566354,-7.53749115372,-13.3491928434
492,9.01308089798e-05,1,0.00310070584208,31.9118930217,-12.8510056437,0.00397409288925,-41.4826923949,14.9443962082
496,9.15380186404e-05,1,0.00312699002134,6.30785456124,-33.5731270909,0.00362832627969,-2.29399991845,39.5709316955
500,9.2946400256e-05,1,0.00111222464973,-7.51096016142,9.31546291285,0.00163346913323,11.6258118954,-13.1794148693
504,9.43552091901e-05,1,0.00661531202757,67.5147368449,18.9016910809,0.00710730810337,-71.8822104548,-22.5123653197
508,9.57643281939e-05,1,0.012832807271,94.8750128245,-94.6351721698,0.0133913390799,-97.3401171423,100.394824948
512,9.7173903718e-05,1,0.0163948072141,-36.6590086547,-164.685328403,0.0166077280055,43.4181145961,165.300233541
516,9.85834670926e-05,1,0.0156771704383,-149.421248451,-54.4245357499,0.0153216325343,147.839647713,47.9390558263
520,9.99922770999e-05,1,0.0111686461622,-87.1329389745,69.8830706748,0.0105240386376,81.7601579527,-66.2761374846
524,0.000101400210364,1,0.00509218335443,11.7249934593,48.8307177962,0.00457785379458,-6.69248652475,-44.6475919515
528,0.00010280738884,1,0.00117607833054,3.88132804866,-10.7610590426,0.00054639683116,-0.960497201776,5.22725005134
532,0.000104213300824,1,0.00299119585471,-28.2468493337,5.09475158595,0.00244427545744,22.5621269577,-6.4082809663
536,0.000105617254884,1,0.00288615022188,-2.6834739829,27.194424578,0.00225831392926,2.90015942031,-21.1844599129
540,0.000107019215281,1,0.00176848363689,16.5229167526,0.257098854055,0.00112192842517,-10.3907877126,-1.39062216636
544,0.000108419221354,1,0.00172321919777,-6.83413566662,-14.3497395762,0.00109725508046,4.89130446671,8.85998605869
548,0.000109816646051,1,0.00178899586512,-15.0788666827,6.16574533578,0.00118364090421,10.3633167558,-2.96213284001
552,0.00011121093374,1,0.00112525842352,4.1760245163,9.21626333839,0.0005267686897,0.140638056429,-4.73457444276
556,0.000112602175794,1,0.00108184719605,3.68651379399,-8.87228217818,0.00048817329835,0.537943370617,4.30187664153
560,0.000113990215627,1,0.00163091292369,-13.1598351,-5.61451446209,0.001004088037,8.47298054071,2.40812793685
564,0.00011537432993,1,0.00150333623413,-7.94163053965,10.330216498,0.000863958399803,5.71688310711,-4.83652653501
568,0.000116754232478,1,0.000955354624728,7.05302126394,4.14849803423,0.000252626482543,-0.822085308216,-2.00149237358
572,0.000118130044401,1,0.00112024871408,0.267873624639,-9.47939792947,0.000465842689859,1.8853642124,3.46357970575
576,0.00011950129542,1,0.00146418027689,-12.1065439339,-1.88505540866,0.000760087561021,6.33283858514,0.592511679809
580,0.000120867360237,1,0.00127569765706,-3.81111919833,9.84242768371,0.000564563753746,3.30756773183,-3.29812714251
584,0.000122228272901,1,0.000941913220471,7.59490619944,1.30484816247,5.91541122309e-05,-0.218995624319,-0.431581156267
588,0.000123583910659,1,0.00121579313202,-1.06064324511,-9.78045188075,0.000439260227789,2.39847407399,2.623111119
592,0.000124933577673,1,0.00151482674263,-12.0978496637,-0.811812317759,0.000632964197268,5.06571348045,0.0837510411092
596,0.000126277041355,1,0.00139775894103,-2.80925994561,10.7065649882,0.000455395263514,2.64151015143,-2.45519024452
600,0.000127614381989,1,0.00121956071284,9.46716978856,1.3044025421,4.87183271564e-05,0.179018504602,-0.337186346578
604,0.000128945039751,1,0.00151851299919,-0.15263774622,-11.7754466984,0.000355202118995,1.97612981708,1.91915715106
608,0.000130268541536,1,0.00187282929711,-14.288293756,-1.59173646878,0.000529508878367,4.0545624821,0.287584192389
612,0.000131584997239,1,0.00190121887606,-3.35197031976,14.0544054186,0.000413296835818,2.58805411155,-1.77969131984
616,0.000132894044185,1,0.00188906587496,14.0182764425,2.35568209131,0.000105502308394,0.508633525617,-0.609542439886
620,0.000134195075202,1,0.00225316134842,1.35481169083,-16.7354444316,0.000260760471597,1.36607691061,1.38189936307
624,0.000135488132992,1,0.00267302497607,-19.5433394819,-2.69914466728,0.00045250233829,3.25388372973,0.752634671773
628,0.00013677301902,1,0.00281320407984,-3.92721144194,20.1900139908,0.000418173932528,2.85049338188,-1.1056969426
632,0.000138049083202,1,0.00291233993851,20.893875308,2.91623945669,0.000200755747534,1.04763874777,-1.00858871931
636,0.000139316282686,1,0.00328512712304,1.83982922427,-23.5084681674,0.000148676336657,0.848764467786,0.646903450221
640,0.000140574522521,1,0.00366520763897,-25.9603127637,-2.42208584216,0.000359496087356,2.32040350071,1.07502918208
644,0.00014182315647,1,0.00378063483849,-2.85476704712,26.5040867306,0.000420213216523,2.95403769518,-0.229483679815
648,0.000143062082387,1,0.00384285112306,26.8140123983,1.59523963567,0.000308118073715,1.85952493481,-1.08662288148
652,0.000144291255083,1,0.00405309264399,0.17062164297,-28.0891442119,0.000126399972605,0.830554700674,-0.278504946893
656,0.000145510043674,1,0.00419628734902,-28.837720405,0.208231995321,0.000228173300724,1.32653447039,0.836195182046
660,0.000146718329561,1,0.00407362608309,0.958865834677,27.7483809591,0.000372487918464,2.45473806117,0.647878488073
664,0.000147916075273,1,0.00383634439488,25.7883211476,-2.76335972021,0.000385978822986,2.57275511818,-0.436042310547
668,0.000149102661331,1,0.00362277448118,-4.48736268398,-23.8792090209,0.000273468897945,1.62440882105,-0.851593552584
672,0.000150277997512,1,0.00326622366824,-21.1186684668,5.13733604795,0.000146474974749,0.967653792074,-0.116933288365
676,0.000151442015279,1,0.00284016516578,5.47128176264,17.9383094076,0.000240325296188,1.41772610667,0.712983462391
680,0.000152594106726,1,0.00252862493058,15.0680948726,-6.89550208681,0.000364584600259,2.31436270363,0.593475878499
684,0.000153734247953,1,0.00240931741103,-8.47865901657,-13.180392956,0.000392097556062,2.53870077112,-0.24493696676
688,0.000154862294648,1,0.00298463914811,-13.6323880277,13.6235489302,0.000314647406999,1.89007488463,-0.745507111126
692,0.000155977672708,1,0.0044097924604,27.1723676791,7.80803489864,0.000192744917629,1.18889096658,-0.33696463521
696,0.000157080442117,1,0.00587552225073,-14.1761426838,-34.6141136366,0.000211566682383,1.25224258834,0.495926369028
700,0.000158170333385,1,0.00635384237185,-18.7448534809,35.5292910142,0.000347877801827,2.03072842332,0.844657322025
704,0.000159246863309,1,0.00530062022405,32.8948749112,-5.08481807871,0.000439203136642,2.73506538763,0.354952515861
708,0.000160310149618,1,0.00318462342722,-12.942411883,-15.0707544933,0.000434568069491,2.67297776792,-0.451224286329
712,0.000161359766812,1,0.00155745911637,-3.60481896724,8.95366609285,0.000332203338578,1.93154982701,-0.712507419713
716,0.000162395407768,1,0.000962312885344,5.87365675967,0.783929272366,0.000213139240258,1.31112034642,-0.0595247154131
720,0.000163417155398,1,0.000671685465801,-1.13968402417,-3.94908604111,0.000309338661147,1.60523976707,1.00320600681
724,0.000164424464753,1,0.000797325614524,-2.52702897206,4.13869263673,0.000527902780444,2.84165125544,1.49433354671
728,0.000165417268136,1,0.0011367579352,5.56164331942,4.03650559173,0.000700385979774,4.15387188177,0.820108993068
732,0.000166395469698,1,0.00109056168927,5.79355919894,-3.06431773878,0.000750392428689,4.47025184776,-0.595127149041
736,0.000167358552989,1,0.000609540205512,0.539317300791,-3.60196985051,0.000639051809257,3.50921118593,-1.50534635443
740,0.000168306636643,1,0.000104820865414,-0.544174132825,-0.302903605808,0.000404649522964,2.2523421735,-0.84102556053
744,0.000169239351046,1,0.00034879317285,0.797923419597,1.90021495024,0.0004543958395,2.38876029928,1.22583614239
748,0.000170156424106,1,0.000871709596176,3.49791116732,3.74294539299,0.000997273881566,5.01206316194,3.03803453001
752,0.000171057931767,1,0.00162081529081,8.85047260858,3.38368801739,0.00167821917504,9.51880819762,2.37582575918
756,0.000171943344708,1,0.00239844562452,13.8088563645,-1.9726556159,0.00236187240109,13.5915870077,-1.98892542904
760,0.000172812719904,1,0.00302886569443,13.9976245084,-10.5478719512,0.00295570556343,14.422130188,-9.1941561983
764,0.000173665822711,1,0.00343241420075,8.53585772014,-17.8262080558,0.00338465546459,10.4430564466,-16.4554596633
768,0.000174502306473,1,0.00360558460642,-0.238900837411,-20.6607217001,0.00359845350817,2.42923495001,-20.4776525531
772,0.000175322299338,1,0.00355453381124,-8.94192633058,-18.1958369175,0.00357830185529,-6.74840590629,-19.2619054189
776,0.000176125298934,1,0.00328521983379,-14.5575134082,-11.6620582649,0.00333513717053,-13.5783527513,-13.1987333877
780,0.000176911360067,1,0.00282466733955,-15.487513649,-3.88178167121,0.00290482422399,-15.6914104196,-4.83578785183
784,0.000177680267144,1,0.00222696839527,-12.3486759725,2.14490679101,0.00234086981363,-12.9385479423,2.48285349645
788,0.000178431713202,1,0.00156681088644,-7.3957060045,4.73388759947,0.00170918077229,-7.24878739687,6.26183192461
792,0.000179165820775,1,0.000915347300556,-3.05109827498,4.09781160492,0.00108576494191,-1.47662275348,5.87746057355
796,0.000179882099509,1,0.000339008928431,-0.778818412666,1.71616563696,0.000585780304931,2.00944073411,2.56256354455
800,0.000180580682751,1,0.000176739668977,-0.698982185982,-0.6850807525,0.000485740478653,2.26172987195,-1.45603424736
804,0.000181261259768,1,0.000498555602673,-1.96123344514,-1.92839509374,0.000737285678872,-0.105047800887,-4.0661736638
808,0.000181923683152,1,0.000694257799704,-3.38919481085,-1.75407178503,0.000973816208814,-3.43090391752,-4.10880223155
812,0.000182567972394,1,0.000757401264561,-4.09837598412,-0.64357283563,0.00110428103108,-5.80042542917,-1.7148331868
816,0.000183193711636,1,0.000709451436395,-3.82556041222,0.602305817128,0.00112026056437,-5.8331284947,1.83573084453
820,0.000183801098826,1,0.000579124017499,-2.8532174334,1.33671666421,0.00104268658336,-3.27900084535,4.62925803503
824,0.000184389689009,1,0.000402649728274,-1.73799938326,1.32206490723,0.000925390914635,0.741143757142,4.96364279779
828,0.0001849595951,1,0.000222691009656,-0.96646440044,0.718023745557,0.000864648310149,4.08095641469,2.28024320808
832,0.000185510574232,1,0.000142924665242,-0.765619591295,-0.086044124597,0.00095095896197,4.60817649391,-2.24551564679
836,0.000186042495613,1,0.000238996168658,-1.06961555794,-0.711478941984,0.00115833961661,1.54314364919,-6.03194799663
840,0.000186555386802,1,0.000348874844066,-1.62006384081,-0.934140968911,0.00138881265351,-3.68179015982,-6.47032359171
844,0.000187048893844,1,0.000421070765562,-2.12440181807,-0.744639838756,0.00156415797035,-7.91383828478,-2.70169131441
848,0.000187523222567,1,0.000447843365594,-2.37021296464,-0.292574895923,0.00164974591086,-8.11479640248,3.39809618642
852,0.000187977934813,1,0.000432964371957,-2.2939281095,0.207261086271,0.00165334742396,-3.54182962931,8.05078214973
856,0.000188413256422,1,0.000384252567949,-1.95863953384,0.568277426191,0.00162083633226,3.3370693856,7.92893469978
860,0.000188828818829,1,0.000313376251115,-1.50742379036,0.694171715264,0.00161810906583,8.15610348132,2.62847980974
864,0.000189224736995,1,0.000233999813036,-1.08995745935,0.58414994297,0.00168045352667,7.5301555014,-4.70787615978
868,0.000189600809322,1,0.00016568794938,-0.814965305217,0.315426797122,0.00178593977249,1.61162910867,-9.28057810702
872,0.000189956980482,1,0.000137795795815,-0.72537702317,-0.00640221868951,0.00187146282769,-5.80462785491,-7.96045789412
876,0.000190293238998,1,0.00016154864198,-0.801225701736,-0.280617729678,0.00188332786632,-9.76702685465,-1.59854498117
880,0.000190609367408,1,0.00020561042739,-0.983192707813,-0.443764523662,0.00180351712396,-7.6981303231,5.50139828876
884,0.000190905512509,1,0.000245614043037,-1.1961379054,-0.473842189761,0.00164450431794,-1.16513843513,8.53507119142
888,0.000191181342534,1,0.000273331697131,-1.37598516891,-0.388204704105,0.00145801184612,5.12255549171,5.64980721689
892,0.000191437106491,1,0.00028656527636,-1.47959493323,-0.227060520666,0.0012946800458,6.72347789351,-0.729637358549
896,0.000191672416482,1,0.000286238935025,-1.49286158566,-0.0391836597316,0.00118269465384,2.88363570884,-5.45512861007
900,0.000191887568533,1,0.000274237749461,-1.42301436229,0.132378776911,0.0011088420867,-2.66643028885,-5.12663657761
904,0.000192082167683,1,0.000253527778861,-1.29448145418,0.257746995964,0.00101671482791,-5.22732474162,-0.832011433632
908,0.000192256516177,1,0.000227034821322,-1.13586396193,0.32299664187,0.000922036664763,-3.55457263475,3.21952680259
912,0.000192410243873,1,0.000198215949828,-0.976282806088,0.328830485508,0.000883448332487,0.431445150012,4.57116721734
916,0.000192543636391,1,0.00017018175993,-0.836445180717,0.285603322922,0.00091753379938,4.06742621216,2.4828221302
920,0.000192656362977,1,0.000146407800564,-0.730386005327,0.209879063664,0.00125974496378,6.24566815384,-1.93591706513
924,0.000192748685495,1,0.00012962975221,-0.662083196303,0.118092264656,0.00208540461954,2.29396979186,-10.5733067966
928,0.0001928203135,1,0.000121636639642,-0.630298345156,0.0258686047336,0.00290063893599,-13.1245259349,-7.35155569514
932,0.000192871489346,1,0.000121650651884,-0.628201991128,-0.0564618230001,0.00307643862469,-10.2441778602,12.2262915939
936,0.000192901954645,1,0.000127137239135,-0.647778724695,-0.121512135942,0.00253393956018,8.96100370697,9.60479642802
940,0.000192911943604,1,0.000135095325211,-0.680035680707,-0.167227282869,0.00173579638022,7.25646468705,-5.32027867822
944,0.000192901216307,1,0.000143364701508,-0.71757576671,-0.193481903572,0.00110239213623,-1.93974265662,-5.37553282794
948,0.000192870013926,1,0.000150646913737,-0.754186483111,-0.203196312698,0.000776930473707,-3.87731613097,-1.09238022114
952,0.000192818099055,1,0.000156392196107,-0.786159745492,-0.199535694106,0.000652753403212,-2.84903668605,1.82851497294
956,0.000192745736034,1,0.00016038322522,-0.810904289202,-0.186602014203,0.000507993086067,-0.280289640765,2.62061403026
960,0.000192652674147,1,0.000162782366767,-0.828154915389,-0.167643176285,0.000350783288968,1.29213584901,1.28285702969
964,0.000192539215615,1,0.000163716714165,-0.837693765104,-0.145892818027,0.000236560346669,1.19618037476,-0.280527269446
968,0.000192405083585,1,0.000163569772083,-0.841141040183,-0.12331521111,0.000170313333216,0.138127081278,-0.874337688931
972,0.00019225062808,1,0.000162507910873,-0.839133388933,-0.101851160812,0.000142179259469,-0.595317815135,-0.438786129061
976,0.000192075540165,1,0.000160910847817,-0.833713901248,-0.082112060408,0.000124455053098,-0.629378495194,0.15401277364
980,0.000191880218238,1,0.000158877902855,-0.825448467417,-0.0650243575554,9.76721060393e-05,-0.271995378996,0.430263220765
984,0.000191664327438,1,0.000156696855516,-0.816010615027,-0.0502896642596,6.43390799621e-05,0.0440560975984,0.332782693203
988,0.000191428300044,1,0.000154399907045,-0.805662480619,-0.0382049589705,3.68691732334e-05,0.148405745866,0.122762620108
992,0.000191171799353,1,0.000152177758267,-0.795529209032,-0.0281241181753,1.91864949263e-05,0.0912856109017,-0.0417083279771
996,0.000190895256653,1,0.000150032495744,-0.785685521357,-0.0200557230591,1.5977107524e-05,-0.013456882327,-0.0826067701561
1000,0.000190598379352,1,0.00014807197798,-0.776762238037,-0.0134988283815,1.77794548461e-05,-0.0756338080317,-0.0545995808353
1004,0.00019028154105,1,0.000146285996037,-0.768741449434,-0.0083788113138,1.64804039398e-05,-0.0864768701641,-0.00481164902368
1008,0.000189944558663,1,0.000144703290345,-0.761804930977,-0.00455708016872,1.19023713631e-05,-0.0585981456371,0.0221997013722
1012,0.00018958767737,1,0.000143306489141,-0.755882717692,-0.00187381305143,7.38957207982e-06,-0.0291889439298,0.0258305536168
1016,0.000189210893922,1,0.000142061843303,-0.750812017461,-0.000490469538824,3.00112454433e-06,-0.0053132264513,0.0149448794457
1020,0.000188814262458,1,0.000140963378377,-0.746571653183,-0.000135137640764,7.26264466667e-07,0.00339094380275,0.00181567383874
1024,0.000188398004961,1,0.000139943720054,-0.742807996342,-0.00117630876595,1.66022631933e-06,0.00764763639943,-0.00437845913201
1028,0.000187961966356,1,0.00013901244293,-0.739569919942,-0.00335050025257,1.90443896665e-06,0.00824703645117,-0.00588597580071
1032,0.000187506574576,1,0.000138073010756,-0.736328916859,-0.00714382444264,2.03883082185e-06,0.0108700974408,-0.000267286328725
1036,0.000187031529604,1,0.000137120468728,-0.733036543524,-0.012371039947,2.98152262622e-06,0.0148806254785,0.00571764839613
1040,0.000186537352319,1,0.000136028728541,-0.728972841815,-0.0193838184778,4.49186635354e-06,0.0190307852487,0.0147542442697
1044,0.000186023755853,1,0.000134758775569,-0.723876938653,-0.0279678751932,6.09650353477e-06,0.0236115950621,0.0227275917652
1048,0.000185491162605,1,0.000133187282044,-0.717013437404,-0.0380992637945,7.57250519521e-06,0.0251571803891,0.0321515380876
1052,0.000184939501529,1,0.000131239707602,-0.70791163225,-0.0494390135135,9.04429867412e-06,0.0256429863573,0.0416418973087
1056,0.000184368912705,1,0.000128823280468,-0.696010544137,-0.0615369525352,1.02843409424e-05,0.0217977345224,0.0513460242236
1060,0.000183779669842,1,0.000125817362857,-0.680625067181,-0.0737569996912,1.16502986387e-05,0.0155650319644,0.0614521807109
1064,0.000183171591069,1,0.000122173668417,-0.661532429971,-0.0851519832235,1.2824544929e-05,0.00520689320259,0.0698199461254
1068,0.000182545219359,1,0.00011775667483,-0.638126912216,-0.0944728043408,1.41677526839e-05,-0.00858979032471,0.0771354860943
1072,0.0001819002478,1,0.000112614461782,-0.610919220808,-0.100312714465,1.53695430347e-05,-0.0253477467747,0.0806026473464
1076,0.000181237189701,1,0.00010670649113,-0.580064161597,-0.100857542985,1.67014571955e-05,-0.0454180525342,0.0801827960488
1080,0.000180555964014,1,0.000100267900805,-0.547197764421,-0.094681163084,1.79524334003e-05,-0.0663847839138,0.0740210396862
1084,0.000179856726005,1,9.35288095665e-05,-0.513823261325,-0.0800300440948,1.92612217539e-05,-0.0881035550979,0.0608807547439
1088,0.00017913983934,1,8.70862276195e-05,-0.482879660748,-0.0561686348765,2.05521963513e-05,-0.107212013558,0.0408398616485
1092,0.000178405067167,1,8.17055578609e-05,-0.457421567134,-0.0225646484489,2.18318688377e-05,-0.121704383512,0.0127696748564
1096,0.000177653028311,1,7.85120882467e-05,-0.441503525132,0.019650516089,2.31534512432e-05,-0.128604105337,-0.0211374859244
1100,0.000176883484713,1,7.85515644785e-05,-0.438825152818,0.068156356207,2.44270198686e-05,-0.124534501626,-0.0596812166943
1104,0.000176096808363,1,8.24720075503e-05,-0.45307099536,0.118586662446,2.57878571223e-05,-0.10793009139,-0.0989755978898
1108,0.00017529322633,1,8.99548574244e-05,-0.485917027764,0.165002845862,2.70957731283e-05,-0.0766824854006,-0.134212198827
1112,0.000174472595131,1,0.000100073627533,-0.537652063795,0.199804614918,2.8505307997e-05,-0.0317274760953,-0.160269602848
1116,0.000173635555823,1,0.000111415921099,-0.604494451466,0.215222884193,2.98780643028e-05,0.0241188573777,-0.170374714497
1120,0.000172781842486,1,0.000122635061403,-0.680000283098,0.203397507731,3.13417489564e-05,0.085745925543,-0.159849160846
1124,0.000171911883362,1,0.000132340885096,-0.753013592097,0.159970272431,3.28039991644e-05,0.144041247233,-0.125155458744
1128,0.000171025925979,1,0.000139257864692,-0.809941392501,0.0836543227969,3.43396413707e-05,0.189550351993,-0.0662250090187
1132,0.000170123806573,1,0.000142234880266,-0.835849777686,-0.0190519780162,3.59176503032e-05,0.210811182037,0.0115351875162
1136,0.000169206212049,1,0.000140191574724,-0.817336730427,-0.135699388423,3.75520142834e-05,0.198729751735,0.098790786995
1140,0.000168272930836,1,0.000132366041642,-0.747239774005,-0.24575630261,3.92646050814e-05,0.148567875706,0.179929390528
1144,0.000167324280717,1,0.000118167967369,-0.627094629428,-0.324808896501,4.10250152817e-05,0.0620855136845,0.237191767779
1148,0.000166360704205,1,9.75200750139e-05,-0.471632626907,-0.348122233907,4.28901087165e-05,-0.0491905734123,0.253077686628
1152,0.00016538192454,1,7.087201299e-05,-0.308163217393,-0.297788583083,4.48138637804e-05,-0.164803610585,0.215094331712
1156,0.000164388618464,1,4.0016285198e-05,-0.174400731069,-0.16982365389,4.68623124143e-05,-0.257878208197,0.121506808054
1160,0.000163380811777,1,1.83044024952e-05,-0.110368324828,0.0192540826242,4.89950928105e-05,-0.299516859328,-0.0148099820514
1164,0.000162358506478,1,4.4547524081e-05,-0.14776819038,0.231187336279,5.1263291968e-05,-0.268379459979,-0.166328162325
1168,0.000161322415022,1,8.15414649413e-05,-0.295870127305,0.409813557172,5.36454133746e-05,-0.158760938798,-0.292189587043
1172,0.00016027228779,1,0.000116441357092,-0.532664949065,0.494067197502,5.61726086025e-05,0.0128002612599,-0.350248530797
1176,0.000159208488378,1,0.000145166216621,-0.799900613225,0.43764974275,5.88502950586e-05,0.203827649208,-0.308366987113
1180,0.000158131539395,1,0.000164331951483,-1.01358059535,0.229374756862,6.17032022409e-05,0.35577314317,-0.160258761294
1184,0.000157041134744,1,0.000171140920325,-1.08612329576,-0.0892491640411,6.47625230289e-05,0.407473465926,0.063502890148
1188,0.000155937904744,1,0.000163551051485,-0.959134428589,-0.424367781501,6.80700775739e-05,0.319905237757,0.29700286898
1192,0.000154822124793,1,0.000140954586257,-0.637483275694,-0.649997259361,7.16821246223e-05,0.0979500498782,0.452517052313
1196,0.000153693575172,1,0.000104955347314,-0.20755890603,-0.650579726537,7.56927628896e-05,-0.197133638455,0.451315965262
1200,0.000152553022804,1,6.3148427537e-05,0.174162750654,-0.375522402641,8.0200702843e-05,-0.456902835584,0.260047984552
1204,0.000151400542549,1,5.27057438236e-05,0.328320033751,0.115733960295,8.53942477936e-05,-0.558577151697,-0.0782298836374
1208,0.000150236042211,1,9.91083352622e-05,0.130908645176,0.646564845633,9.14471590432e-05,-0.418853428012,-0.441661839213
1212,0.000149060337552,1,0.000156551911683,-0.406483556052,0.968408173224,9.86678284081e-05,-0.0481500304822,-0.660178562325
1216,0.000147873379214,1,0.000206664901519,-1.0981711648,0.864436467641,0.000107325372968,0.425782052078,-0.587779069111
1220,0.0001466751754,1,0.000240937552142,-1.61949985467,0.274871837391,0.000117829554634,0.78142094577,-0.186363072378
1224,0.000145466557069,1,0.000254397868656,-1.63633102846,-0.617142898118,0.000130518596778,0.793909730119,0.418030162687
1228,0.000144247420322,1,0.000247211404618,-0.988586133007,-1.39993288121,0.000145825936872,0.357531793901,0.945609329641
1232,0.000143017814001,1,0.000228328344578,0.156357289367,-1.58882776898,0.000164084280643,-0.412059274598,1.07074904806
1236,0.000141778585432,1,0.000221059220411,1.28324571831,-0.885630948411,0.000185638016849,-1.16621818813,0.595261904318
1240,0.000140529637156,1,0.000253789419177,1.71207940082,0.574662941334,0.000210737248764,-1.44889012021,-0.386647567858
1244,0.00013927098714,1,0.000327787138127,0.95689217262,2.15029174711,0.000239528110143,-0.9366524568,-1.44244164314
1248,0.000138003507006,1,0.000420099380573,-0.900773821434,2.90779632819,0.000272128014597,0.311763127982,-1.94709062501
1252,0.000136727172694,1,0.000508567168671,-3.06243798204,2.11109507428,0.00030839449327,1.75988027833,-1.41078394352
1256,0.000135441901908,1,0.000579150271254,-4.26950717012,-0.235645158746,0.000348260283819,2.56635749662,0.159175218635
1260,0.000134148573925,1,0.000626998233309,-3.46408069123,-3.13776524681,0.000391234296622,2.02757196073,2.09630354364
1264,0.000132847325009,1,0.000658822944962,-0.55217461182,-4.92841277115,0.000436959824122,0.0852529310829,3.2880829494
1268,0.000131537928665,1,0.000691822465819,3.22342054578,-4.15593535495,0.000484594959525,-2.42983234179,2.76916735237
1272,0.000130221198299,1,0.000746470555247,5.69845264058,-0.622266820519,0.000533332398634,-4.07489012053,0.411233420268
1276,0.000128897529842,1,0.000831698184777,4.97149689252,4.11310839907,0.000582052402941,-3.58525486572,-2.74531988806
1280,0.000127566579541,1,0.000936953119744,0.766807614766,7.3046790259,0.000629361613631,-0.779466603152,-4.87162950226
1284,0.000126228948693,1,0.00104013626189,-4.95240481782,6.58578439846,0.000673962469776,3.03491896382,-4.39276642447
1288,0.000124885349963,1,0.0011191761647,-8.80240631311,1.6817955023,0.00071391178042,5.60461302754,-1.12566125686
1292,0.000123535475682,1,0.00116255232681,-8.00831532648,-4.94243937605,0.000747777188828,5.08105097156,3.28989232674
1296,0.00012217954156,1,0.00117137647574,-2.44158647923,-9.27122925578,0.000773417526403,1.37537500552,6.17894995425
1300,0.000120818484106,1,0.0011596758401,4.84825814958,-8.28405304487,0.000789260841163,-3.48410479012,5.52594735188
1304,0.000119452310674,1,0.00114552752662,9.3336545492,-2.20176296338,0.000793607561173,-6.47860635027,1.47195758958
1308,0.000118080803706,1,0.00113857603652,8.03757928553,5.326553036,0.000784870995067,-5.61701055808,-3.55393279747
1312,0.000116704796095,1,0.00113276462295,1.74340411016,9.54838280764,0.000762400633117,-1.41421504612,-6.37781503715
1316,0.000115324847376,1,0.0011085970643,-5.43601555368,7.92818100699,0.000725216156486,3.38657196171,-5.29867062788
1320,0.000113940587601,1,0.0010489550991,-9.00127300725,1.93143391552,0.000674036212116,5.77346680642,-1.28932819142
1324,0.000112552314248,1,0.00094777608522,-7.27465632711,-4.24129499115,0.000610080153019,4.61712864689,2.83954437449
1328,0.000111160997733,1,0.000814207860121,-2.28497113888,-6.95905242204,0.000536057361232,1.27532490239,4.6506576587
1332,0.000109766696992,1,0.000671228500825,2.33300491342,-5.65251154238,0.000458138426682,-1.80899308641,3.76134395779
1336,0.000108369102772,1,0.000544255692029,4.39430708913,-2.43165877452,0.000384312705569,-3.16627465787,1.59723766358
1340,0.000106968932644,1,0.000460431818089,4.28050960642,0.45240900206,0.000329549562924,-3.06427784239,-0.318608282259
1344,0.00010556699071,1,0.000441243874815,3.34450349316,2.50691561063,0.000311119408143,-2.43437047274,-1.66114490492
1348,0.000104163033429,1,0.000490035180134,1.81327604173,4.34100994607,0.000334183860131,-1.43713383127,-2.86839456782
1352,0.000102756960099,1,0.00058827842547,-1.11793026172,5.6147378147,0.000387375370944,0.492891494599,-3.73746039059
1356,0.000101349691238,1,0.00069701816395,-5.14753427471,4.56080599187,0.000448750188421,3.19105423983,-3.0695380198
1360,9.99418423615e-05,1,0.000772652172862,-7.72833162902,0.203784434974,0.000495290277847,4.95292752356,-0.168265792789
1364,9.85330495416e-05,1,0.000794908210867,-6.07751675692,-5.30539092112,0.000517191681676,3.87254962271,3.54322968688
1368,9.71233530092e-05,1,0.000751679922489,-0.48712362528,-7.72409035729,0.000503985763213,0.114227382233,5.18787321586
1372,9.57137413171e-05,1,0.000669423338761,5.10224737918,-4.7836510072,0.000465181088298,-3.65427656684,3.2042335195
1376,9.43047594741e-05,1,0.000620439112833,6.45585745714,1.26738932426,0.000436599726035,-4.54462797603,-0.88327925184
1380,9.28960135265e-05,1,0.000605921021598,2.69925469821,5.93784316783,0.000414870877689,-1.98028406413,-4.00292013658
1384,9.14875368381e-05,1,0.000732339083948,-3.85818322184,7.01364269521,0.000480370984573,2.41697355852,-4.66130754035
1388,9.00803164508e-05,1,0.0011089675725,-10.8762157521,5.76763293563,0.000720492550611,7.0430250856,-3.79066760622
1392,8.8674984128e-05,1,0.00158622754158,-17.4822344096,3.78890838948,0.00103457582451,11.3922602065,-2.517251564
1396,8.72711862064e-05,1,0.00195377696535,-22.381178764,0.528722785412,0.0012829835418,14.6952752179,-0.414246528667
1400,8.58687917743e-05,1,0.0019799112798,-22.5745110601,-4.69417221115,0.00130721407674,14.9070467826,3.0873206723
1404,8.44686841094e-05,1,0.00159538802175,-16.2431346116,-9.63804242834,0.00105527342692,10.6848609638,6.47384091919
1408,8.30717170183e-05,1,0.0010276455217,-6.29582793474,-10.6486553092,0.000679797315127,3.96003994509,7.16127080302
1412,8.1677730496e-05,1,0.000607106586365,1.42171603876,-7.29571705269,0.000406707062675,-1.2163512969,4.82856420987
1416,8.02863419136e-05,1,0.000405939578192,4.06238844792,-3.01025356686,0.000277691585496,-2.87656825168,1.92052338784
1420,7.8898111106e-05,1,0.000301920707429,3.80218465777,-0.4326099538,0.00020904270521,-2.63277190254,0.297501966432
1424,7.7514104766e-05,1,0.000271152240952,3.23072724755,1.34131230408,0.000191765415655,-2.34151606901,-0.798556546059
1428,7.61346241955e-05,1,0.000291011637411,1.76696586373,3.38940056467,0.000204571317282,-1.46688915895,-2.2512295586
1432,7.47591906586e-05,1,0.000304897410258,-1.35444242713,3.84691833447,0.000206588308096,0.697158512294,-2.67399662394
1436,7.33877764645e-05,1,0.000277499833382,-3.580576553,1.2155494629,0.000180971241977,2.31670236741,-0.844892617448
1440,7.20213124382e-05,1,0.00021175247247,-2.33662238351,-1.78454394367,0.000138700784802,1.41802729271,1.30308048571
1444,7.06607108068e-05,1,0.000120895590021,0.269440167009,-1.68958171474,8.95800335296e-05,-0.47824474239,1.17408222247
1448,6.93059269965e-05,1,3.97898029013e-05,0.55405288568,0.150456817648,4.47301082077e-05,-0.603712739937,-0.228195660739
1452,6.79564517714e-05,1,4.79474789225e-05,-0.680902562052,0.184903234957,3.06536149775e-05,0.409746895744,-0.18862195297
1456,6.66124709758e-05,1,6.24402326649e-05,-0.229522279728,-0.908830907176,4.95088985308e-05,0.0470780265137,0.741745179692
1460,6.52750149607e-05,1,6.83953558817e-05,1.04252469495,-0.10503983693,6.6820441187e-05,-1.01427487517,0.138413314284
1464,6.39449228143e-05,1,9.2908754863e-05,0.0767782353988,1.45091966096,7.44842261217e-05,-0.292239296883,-1.12756295775
1468,6.26220831464e-05,1,0.000110424443813,-1.68886841256,0.507065161383,7.5032571436e-05,1.12609951732,-0.409312677024
1472,6.13059615827e-05,1,9.55024266705e-05,-0.802921952049,-1.3349371388,7.07914073867e-05,0.43226620566,1.07076200269
1476,5.99966734987e-05,1,6.62819505033e-05,0.999952500442,-0.469670728435,6.55554461163e-05,-1.03014222725,0.364271818604
1480,5.86951994297e-05,1,7.06666540298e-05,0.0688145171625,1.20199147006,6.14699379057e-05,-0.249856857991,-1.01703182135
1484,5.74025046086e-05,1,8.42779155507e-05,-1.46279488063,0.125776712858,6.01728053428e-05,1.0427202393,-0.107636287599
1488,5.61186920082e-05,1,7.12842577466e-05,-0.185267294902,-1.25665745893,6.06436062503e-05,-0.0421831120317,1.07980750637
1492,5.48432093994e-05,1,5.81864285677e-05,1.03426331567,0.236505032383,6.15406561081e-05,-1.10448113207,-0.198177891901
1496,5.35758222634e-05,1,7.64386610897e-05,-0.655028867179,1.26748510118,6.25244979077e-05,0.356074060918,-1.11138030896
1500,5.23171981555e-05,1,8.26801214718e-05,-1.45608766604,-0.614290922467,6.29718036e-05,1.08003975856,0.531316304192
1504,5.1068461269e-05,1,6.45746084273e-05,0.573606506594,-1.12688219557,6.2841315551e-05,-0.71420377401,1.00205741831
1508,4.98302530846e-05,1,6.15030245355e-05,0.740630667527,0.987340363855,6.24417012804e-05,-0.877696899462,-0.894359070089
1512,4.8602330458e-05,1,7.75342613883e-05,-1.40118984263,0.762614633554,6.24925475712e-05,1.07566018968,-0.704428415286
1516,4.73840972115e-05,1,7.18036868777e-05,-0.72594023336,-1.33015370658,6.24863805448e-05,0.469283859451,1.23239459033
1520,4.6175480837e-05,1,5.61401488933e-05,1.20069328125,-0.191063463441,6.24912406674e-05,-1.3413410969,0.179833210638
1524,4.49772633821e-05,1,6.72322726006e-05,-0.380535807323,1.4455575999,6.27649886061e-05,0.149159717785,-1.38748804516
1528,4.37905724959e-05,1,7.41526244689e-05,-1.603383876,-0.544594737252,6.32540823658e-05,1.34793141342,0.519200172841
1532,4.26160574248e-05,1,5.94368633766e-05,0.695522912595,-1.20890537528,6.33680553298e-05,-0.892213337179,1.18953068555
1536,4.14535260748e-05,1,5.81499098494e-05,0.695596772356,1.21816204065,6.32023182462e-05,-0.914407545349,-1.22001276819
1540,4.03023440275e-05,1,7.03655762683e-05,-1.66560857457,0.523510625153,6.34541202801e-05,1.47794416344,-0.542753400158
1544,3.91622050284e-05,1,6.30835381933e-05,-0.269902679722,-1.58805423267,6.4221345384e-05,0.0708706693942,1.63834860698
1548,3.80335978459e-05,1,5.43270050702e-05,1.35154042916,0.46222402628,6.5096375491e-05,-1.64127512224,-0.485403723071
1552,3.69176019247e-05,1,6.58755929983e-05,-1.19227538841,1.32760903748,6.5663158937e-05,1.05344598051,-1.43311382367
1556,3.58152151498e-05,1,6.4931155264e-05,-1.11960983591,-1.42592340793,6.62174386102e-05,1.01044001862,1.54832381959
1560,3.47267650384e-05,1,5.33466768952e-05,1.49489491239,-0.353763149246,6.68974948035e-05,-1.88504174843,0.39701188753
1564,3.36518430914e-05,1,6.10406560092e-05,-0.521370701716,1.73734288197,6.78115944604e-05,0.359139978463,-1.98283090441
1568,3.2589777357e-05,1,6.47164792282e-05,-1.70918218354,-1.01097045692,6.8739316675e-05,1.76254024633,1.1585769544
1572,3.15402725199e-05,1,5.38415032458e-05,1.37986766288,-1.00501674396,6.9702383944e-05,-1.8578620151,1.19675475606
1576,3.05037659691e-05,1,5.76659395815e-05,0.0686334290363,1.88920683237,7.07260723402e-05,-0.326382592227,-2.29551443691
1580,2.9481282048e-05,1,6.32263394172e-05,-2.05769573079,-0.60440979755,7.18505484491e-05,2.32564897044,0.728764011479
1584,2.8473913131e-05,1,5.40794838502e-05,1.21945162207,-1.45607082373,7.31183236389e-05,-1.77571578261,1.85498601315
1588,2.74822772657e-05,1,5.5564580461e-05,0.482734839837,1.96335848597,7.44576382225e-05,-0.885547085502,-2.56048706411
1592,2.65062809712e-05,1,6.15407028898e-05,-2.29478013919,-0.352792447637,7.59482784448e-05,2.83027257384,0.446614862462
1596,2.55453027881e-05,1,5.3837309873e-05,1.18645692464,-1.74183024944,7.75053218427e-05,-1.8612027278,2.39609845837
1600,2.45986623527e-05,1,5.44440213044e-05,0.68001638017,2.10623810799,7.92652150855e-05,-1.22923274356,-2.97866611679
1604,2.3666098417e-05,1,5.98927045282e-05,-2.5063327265,-0.350618335559,8.11240210722e-05,3.39291946881,0.488166846518
1608,2.27480056928e-05,1,5.31419513795e-05,1.3889361466,-1.87837388557,8.32147276376e-05,-2.3333309404,2.81732889426
1612,2.1845331446e-05,1,5.39893132985e-05,0.611224170979,2.39465972475,8.5545431971e-05,-1.20920233832,-3.72458965091
1616,2.09592101982e-05,1,5.83826753458e-05,-2.69967364858,-0.686282627828,8.80929321123e-05,4.05541853193,1.10423713726
1620,2.00905284312e-05,1,5.22377914581e-05,1.88190806221,-1.79417050115,9.11356317658e-05,-3.4421813173,2.95447783438
1624,1.92396198321e-05,1,5.40266523307e-05,0.155386668043,2.80379106958,9.4521419865e-05,-0.477767954931,-4.88956646989
1628,1.84062104246e-05,1,5.68759104417e-05,-2.7339930519,-1.44000826917,9.85837110655e-05,4.62570617106,2.69992710497
1632,1.75896134207e-05,1,5.14297411788e-05,2.62705487224,-1.28358789031,0.000103474461597,-5.417643775,2.29244930076
1636,1.67890732344e-05,1,5.43433863626e-05,-0.857085829347,3.12129401974,0.00010918600681,1.63888773442,-6.29350603563
1640,1.60041141336e-05,1,5.52394430738e-05,-2.27567737788,-2.59512637996,0.000116296595201,4.39102039319,5.7899407477
1644,1.52347674259e-05,1,5.10657848806e-05,3.35163774448,-0.0438172183829,0.000124738026136,-8.18392312515,-0.249356129445
1648,1.44816117584e-05,1,5.46161125027e-05,-2.4754394478,2.84530171257,0.000134842260653,6.11893533991,-7.01843722081
1652,1.37456330652e-05,1,5.35601475618e-05,-0.84310494,-3.80421473812,0.000147026026429,1.69800337464,10.5605614078
1656,1.30279670167e-05,1,5.13113725384e-05,3.34520981011,2.07889191492,0.00016114121778,-10.6064000968,-6.3634266014
1660,1.23296130575e-05,1,5.45509041806e-05,-4.24749703297,1.23851324677,0.000177611936318,13.6387422068,-4.63656727678
1664,1.16512040699e-05,1,5.20998763257e-05,1.8384007542,-4.0762433163,0.000196491439705,-6.23804259441,15.6683547785
1668,1.09928877001e-05,1,5.20838174691e-05,1.52346047864,4.48634534637,0.000217608492007,-9.19531900724,-17.5300755139
1672,1.03543372029e-05,1,5.39525790107e-05,-4.76645090873,-2.10512931137,0.000241154584999,22.6891911873,5.25680723912
1676,9.7348739069e-06,1,5.12843283903e-05,4.92089834521,-1.88087199752,0.000266910948242,-22.1666028793,16.1365866639
1680,9.13365917238e-06,1,5.29834508948e-05,-2.64616843052,5.16219360827,0.000294506616195,2.80218659446,-32.1221062543
1684,8.54990488257e-06,1,5.28965377849e-05,-1.92224625159,-5.88059892355,0.000323891641755,26.2231225573,27.3391751516
1688,7.98305678229e-06,1,5.14690660229e-05,5.50600534538,3.35431474557,0.000354503753818,-44.3685921914,1.84698648281
1692,7.43291951991e-06,1,5.33903787381e-05,-7.06847272225,1.27735547314,0.000385738391081,32.8216527942,-40.198611093
1696,6.8997100557e-06,1,5.20084780509e-05,4.66587539807,-5.9201092783,0.00041727983974,9.40104012027,59.7427356738
1700,6.38404208882e-06,1,5.23608984096e-05,-0.0108770703844,8.20183382824,0.00044817008285,-58.7944486193,-38.3598742924
1704,5.88685532937e-06,1,5.30887627247e-05,-5.84002353514,-6.87181369631,0.00047765673158,78.5147900866,-20.4707751915
1708,5.40930897724e-06,1,5.20027149032e-05,9.40089528718,2.01089490351,0.000505089731178,-43.6325957476,82.5526016806
1712,4.95265942118e-06,1,5.31299707033e-05,-9.70366026786,4.57379556614,0.000529304636268,-35.6022988287,-100.768418344
1716,4.51813945984e-06,1,5.26417671212e-05,5.28437567868,-10.3839270805,0.000549435170063,111.627574214,48.2434231498
1720,4.10685189092e-06,1,5.28344935688e-05,1.80927528996,12.7371021239,0.000564716817177,-125.963889779,55.1452741181
1724,3.71968543049e-06,1,5.33512841716e-05,-10.0274741795,-10.2552496873,0.000574035732453,51.4055280892,-145.510430972
1728,3.35725649247e-06,1,5.28453815348e-05,15.4540534534,2.99000446164,0.000576614993447,79.0450633143,152.481388673
1732,3.01987683554e-06,1,5.37520753546e-05,-16.3777714648,6.97052226454,0.000572073811395,-182.322610777,-51.424865454
1736,2.70754461612e-06,1,5.34750122747e-05,10.7158388646,-16.5905990102,0.000559582825016,176.840415842,-106.968135201
1740,2.41995491025e-06,1,5.37423291575e-05,-0.0838154724488,22.207829649,0.000539111118209,-45.2247545782,218.138636792
1744,2.15652511476e-06,1,5.43142003591e-05,-13.620393791,-21.1853370771,0.000511123491274,-138.394873672,-192.410504482
1748,1.91643060383e-06,1,5.42055040553e-05,25.5045313044,12.2285892527,0.000475740542993,246.734411178,27.3264174606
1752,1.69864639938e-06,1,5.47914629242e-05,-32.0858087547,3.30870843166,0.00043455002904,-188.707981564,172.724824563
1756,1.50199123923e-06,1,5.49654207503e-05,29.2026942353,-22.0544593368,0.000389566392561,-11.2356461821,-259.12314518
1760,1.32517116036e-06,1,5.55185853436e-05,-16.3116564931,38.5895711954,0.000343394867527,210.381538131,151.291910309
1764,1.16682045725e-06,1,5.57917244815e-05,-5.99405324815,-47.4379836857,0.000300812401858,-244.227254324,82.5625729808
1768,1.02553856277e-06,1,5.60568777055e-05,32.6069791171,43.8702712669,0.000267582615439,62.4374601129,-253.338407627
1772,8.99921993708e-07,1,5.68133686959e-05,-57.5532769482,-25.9460720833,0.000249548603794,200.423012678,191.640420518
1776,7.8859098814e-07,1,5.7183248766e-05,72.3188702095,-5.30507755927,0.000250104118694,-302.98243924,93.7430758713
1780,6.90210836237e-07,1,5.77955921277e-05,-70.7929023304,44.7225484938,0.000266257489971,91.8873021572,-374.659133301
1784,6.03508175747e-07,1,5.8509359323e-05,48.2222186158,-84.105151421,0.000291110188339,324.73075159,356.68512885
1788,5.27282703383e-07,1,5.94508855028e-05,-5.6435076583,112.608218971,0.000317636987333,-599.313520225,60.937473805
1792,4.60414857493e-07,1,6.01551754408e-05,-52.4258772171,-119.674852828,0.000339953944102,399.949346911,-620.662968315
1796,4.01870072904e-07,1,6.05046055278e-05,115.122054604,97.0284099252,0.000354183131725,264.262497626,840.785926171
1800,3.50700209703e-07,1,6.11248207467e-05,-169.1875451,-41.8790179932,0.000358284805035,-942.778812687,-393.560476327
1804,3.06042727952e-07,1,6.19975717067e-05,198.196487064,-41.9053945961,0.000353889856102,1026.75848933,-531.876192178
1808,2.67118129967e-07,1,6.31126980914e-05,-188.280568944,142.741634452,0.00034185983402,-255.882525986,1253.96643853
1812,2.3322613056e-07,1,6.41264603575e-05,129.143326148,-242.737945448,0.000323357779764,-915.767809736,-1040.97535879
1816,2.03740949478e-07,1,6.515665045e-05,-19.849369272,319.184849301,0.000303919308572,1480.48369946,-182.54122709
1820,1.78106054543e-07,0,6.63574329203e-05,nan,nan,0.000285965847505,nan,nan
1824,1.55828621734e-07,0,6.77401121456e-05,nan,nan,0.000272730094015,nan,nan
1828,1.36473921924e-07,0,6.9348653452e-05,nan,nan,0.000267723004843,nan,nan
1832,1.19659794051e-07,0,7.11150409935e-05,nan,nan,0.000261102588359,nan,nan
1836,1.05051322022e-07,0,7.31812068858e-05,nan,nan,0.000249966584518,nan,nan
1840,9.23557967421e-08,0,7.56039790592e-05,nan,nan,0.000251685922237,nan,nan
1844,8.1318015799e-08,0,7.85151713422e-05,nan,nan,0.000261547744051,nan,nan
1848,7.17159501716e-08,0,8.2014123211e-05,nan,nan,0.00036429584788,nan,nan
1852,6.33567893229e-08,0,8.62119958825e-05,nan,nan,0.000627135816939,nan,nan
1856,5.60733627471e-08,0,9.12542565576e-05,nan,nan,0.000891455723822,nan,nan
1860,4.97209261453e-08,0,9.72453875028e-05,nan,nan,0.00101291129243,nan,nan
1864,4.41742937438e-08,0,0.000104314643309,nan,nan,0.000955177112497,nan,nan
1868,3.93252939373e-08,0,0.000112531280006,nan,nan,0.000766202186339,nan,nan
1872,3.50805229861e-08,0,0.000121955443972,nan,nan,0.000542605088452,nan,nan
1876,3.13593704907e-08,0,0.000132595374995,nan,nan,0.000393194685488,nan,nan
1880,2.80922904365e-08,0,0.000144417725294,nan,nan,0.00032617571015,nan,nan
1884,2.52192923331e-08,0,0.000157345714589,nan,nan,0.000266639623521,nan,nan
1888,2.26886284105e-08,0,0.000171250332918,nan,nan,0.000205089969741,nan,nan
1892,2.04556542354e-08,0,0.000185955234052,nan,nan,0.000159324113654,nan,nan
1896,1.84818422349e-08,0,0.000201241095896,nan,nan,0.000130135781979,nan,nan
1900,1.67339291421e-08,0,0.000216830632668,nan,nan,0.000113297490814,nan,nan
1904,1.51831805218e-08,0,0.000232416746603,nan,nan,0.0001024002982,nan,nan
1908,1.38047571587e-08,0,0.000247639429167,nan,nan,8.93673086614e-05,nan,nan
1912,1.25771698926e-08,0,0.000262111179553,nan,nan,7.08059293267e-05,nan,nan
1916,1.14818109678e-08,0,0.000275425808286,nan,nan,5.01245604289e-05,nan,nan
1920,1.0502551542e-08,0,0.000287144355034,nan,nan,2.93664091833e-05,nan,nan
1924,9.62539615971e-09,0,0.000296857832684,nan,nan,1.09710625954e-05,nan,nan
1928,8.83818626683e-09,0,0.00030414178465,nan,nan,7.06729391702e-06,nan,nan
1932,8.13034594055e-09,0,0.000308629704753,nan,nan,1.59141926464e-05,nan,nan
1936,7.49266368102e-09,0,0.000310013806875,nan,nan,2.07815367651e-05,nan,nan
1940,6.91710537744e-09,0,0.00030803070039,nan,nan,2.16474540583e-05,nan,nan
1944,6.39665370488e-09,0,0.000302599333864,nan,nan,1.98761504932e-05,nan,nan
1948,5.92517040315e-09,0,0.000293661796945,nan,nan,1.63950029657e-05,nan,nan
1952,5.49727797316e-09,0,0.000281447340156,nan,nan,1.30541368485e-05,nan,nan
1956,5.10825804974e-09,0,0.000266262414932,nan,nan,1.07446329184e-05,nan,nan
1960,4.75396408645e-09,0,0.000248709201865,nan,nan,1.01737602654e-05,nan,nan
1964,4.43074616986e-09,0,0.000229637250922,nan,nan,1.05035755684e-05,nan,nan
1968,4.1353863609e-09,0,0.000210118542062,nan,nan,1.09113028363e-05,nan,nan
1972,3.8650429069e-09,0,0.000191606847373,nan,nan,1.0955183641e-05,nan,nan
1976,3.61720217395e-09,0,0.000175668478685,nan,nan,1.05621485631e-05,nan,nan
1980,3.38963708606e-09,0,0.000163832980283,nan,nan,9.98116287533e-06,nan,nan
1984,3.1803712275e-09,0,0.000157230121171,nan,nan,9.25579036462e-06,nan,nan
1988,2.98764776473e-09,0,0.000155770645987,nan,nan,8.64943742634e-06,nan,nan
1992,2.80990249277e-09,0,0.000158477097534,nan,nan,8.06968818787e-06,nan,nan
1996,2.64574047676e-09,0,0.000163555487124,nan,nan,7.61139454912e-06,nan,nan
2000,2.49391573209e-09,0,0.00016907374685,nan,nan,7.13707924449e-06,nan,nan
2004,2.35331354592e-09,0,0.000173708973051,nan,nan,6.67554358059e-06,nan,nan
2008,2.22293509489e-09,0,0.000176388220028,nan,nan,6.17067731983e-06,nan,nan
2012,2.10188399488e-09,0,0.000176731451437,nan,nan,5.6337647083e-06,nan,nan
2016,1.98935458015e-09,0,0.000175070356356,nan,nan,5.08062338913e-06,nan,nan
2020,1.88462160992e-09,0,0.000171693984204,nan,nan,4.48415450751e-06,nan,nan
2024,1.78703129231e-09,0,0.000167862078016,nan,nan,3.89117878703e-06,nan,nan
2028,1.695993367e-09,0,0.000164622544702,nan,nan,3.23590605515e-06,nan,nan
2032,1.61097418205e-09,0,0.000162661458989,nan,nan,2.57474690644e-06,nan,nan
2036,1.53149057598e-09,0,0.000163143103217,nan,nan,1.83009957913e-06,nan,nan
2040,1.45710448437e-09,0,0.000165540203441,nan,nan,1.05495009359e-06,nan,nan
2044,1.38741823119e-09,0,0.000168983291374,nan,nan,3.6604481505e-07,nan,nan
2048,1.32207026158e-09,0,0.000172823195292,nan,nan,1.00652718562e-06,nan,nan
2052,1.26073149272e-09,0,0.000173284057399,nan,nan,2.15968701095e-06,nan,nan
2056,1.20310197684e-09,0,0.000168655724458,nan,nan,3.51962696853e-06,nan,nan
2060,1.14890798223e-09,0,0.000158898941393,nan,nan,5.11127025696e-06,nan,nan
2064,1.09789941653e-09,0,0.000141340600238,nan,nan,6.99829010937e-06,nan,nan
2068,1.04984748356e-09,0,0.000123887307426,nan,nan,9.17948577619e-06,nan,nan
2072,1.00454263641e-09,0,0.000116771552327,nan,nan,1.17734813002e-05,nan,nan
2076,9.61792742057e-10,0,0.000121368057577,nan,nan,1.47434361296e-05,nan,nan
2080,9.2142141649e-10,0,0.000205234078077,nan,nan,1.82111423156e-05,nan,nan
2084,8.83266575819e-10,0,0.000372298983074,nan,nan,2.21733502882e-05,nan,nan
2088,8.47179100086e-10,0,0.000526427126112,nan,nan,2.66543675483e-05,nan,nan
2092,8.13021654965e-10,0,0.000585146386962,nan,nan,3.17468817729e-05,nan,nan
2096,7.80667642774e-10,0,0.000528257923497,nan,nan,3.73574102968e-05,nan,nan
2100,7.50000218311e-10,0,0.00040129294263,nan,nan,4.3593822941e-05,nan,nan
2104,7.20911451226e-10,0,0.000278641843801,nan,nan,5.03677014e-05,nan,nan
2108,6.9330154553e-10,0,0.000213595074451,nan,nan,5.76452054001e-05,nan,nan
2112,6.67078131232e-10,0,0.000188374023352,nan,nan,6.54214802061e-05,nan,nan
2116,6.42155637682e-10,0,0.000162044627336,nan,nan,7.35233771825e-05,nan,nan
2120,6.18454720699e-10,0,0.000131764486434,nan,nan,8.19066961327e-05,nan,nan
2124,5.95901746146e-10,0,0.000103136432262,nan,nan,9.04116579142e-05,nan,nan
2128,5.74428309026e-10,0,7.71732391733e-05,nan,nan,9.88294813665e-05,nan,nan
2132,5.53970822375e-10,0,5.99344649784e-05,nan,nan,0.00010703009047,nan,nan
2136,5.3447011562e-10,0,5.37294249612e-05,nan,nan,0.000114742400276,nan,nan
2140,5.15871087312e-10,0,5.1518821655e-05,nan,nan,0.000121720779149,nan,nan
2144,4.98122396559e-10,0,4.71262945541e-05,nan,nan,0.000127765329227,nan,nan
2148,4.81176138987e-10,0,3.9590929569e-05,nan,nan,0.000132531828065,nan,nan
2152,4.6498760884e-10,0,2.90439722048e-05,nan,nan,0.000135806403754,nan,nan
2156,4.49515053878e-10,0,1.69411643211e-05,nan,nan,0.000137348105102,nan,nan
2160,4.34719431283e-10,0,6.27147553527e-06,nan,nan,0.000136861457007,nan,nan
2164,4.20564214943e-10,0,6.87472419901e-06,nan,nan,0.000134240911887,nan,nan
2168,4.07015219585e-10,0,1.36794020278e-05,nan,nan,0.000129305180939,nan,nan
2172,3.94040420356e-10,0,1.79339830722e-05,nan,nan,0.000121975097274,nan,nan
2176,3.81609789248e-10,0,1.97941145114e-05,nan,nan,0.000112345388717,nan,nan
2180,3.69695157498e-10,0,1.9561810812e-05,nan,nan,0.000100493595268,nan,nan
2184,3.58270087903e-10,0,1.83882087677e-05,nan,nan,8.67466645937e-05,nan,nan
2188,3.473097462e-10,0,1.71540127468e-05,nan,nan,7.16646922035e-05,nan,nan
2192,3.36790789022e-10,0,1.6623573609e-05,nan,nan,5.61473175304e-05,nan,nan
2196,3.26691264941e-10,0,1.68673009615e-05,nan,nan,4.21614241106e-05,nan,nan
2200,3.16990517859e-10,0,1.75909433804e-05,nan,nan,3.37832102372e-05,nan,nan
2204,3.07669090697e-10,0,1.84223082688e-05,nan,nan,3.58160389154e-05,nan,nan
2208,2.9870866178e-10,0,1.89889503932e-05,nan,nan,4.62567120074e-05,nan,nan
2212,2.90091953181e-10,0,1.94116438469e-05,nan,nan,5.94199523834e-05,nan,nan
2216,2.81802667873e-10,0,1.96684672505e-05,nan,nan,7.21346745024e-05,nan,nan
2220,2.73825423017e-10,0,1.98939220511e-05,nan,nan,8.26619909054e-05,nan,nan
2224,2.66145703344e-10,0,2.01080607743e-05,nan,nan,9.00102171103e-05,nan,nan
2228,2.58749789163e-10,0,2.04492037853e-05,nan,nan,9.35914472078e-05,nan,nan
2232,2.51624703458e-10,0,2.07936827233e-05,nan,nan,9.2972236667e-05,nan,nan
2236,2.4475818373e-10,0,2.11391559492e-05,nan,nan,8.80954331534e-05,nan,nan
2240,2.38138629213e-10,0,2.15334457625e-05,nan,nan,7.91995924804e-05,nan,nan
2244,2.31755048525e-10,0,2.19154523492e-05,nan,nan,6.69630206697e-05,nan,nan
2248,2.25597030102e-10,0,2.22606280644e-05,nan,nan,5.2739518155e-05,nan,nan
2252,2.19654718235e-10,0,2.26006929039e-05,nan,nan,3.95907168962e-05,nan,nan
2256,2.13918761848e-10,0,2.30051827133e-05,nan,nan,3.36321325403e-05,nan,nan
2260,2.08380293847e-10,0,2.33611387211e-05,nan,nan,3.98090745024e-05,nan,nan
2264,2.03030893095e-10,0,2.3716649542e-05,nan,nan,5.31581081873e-05,nan,nan
2268,1.97862578736e-10,0,2.41223899433e-05,nan,nan,6.78870819559e-05,nan,nan
2272,1.92867753484e-10,0,2.45600484169e-05,nan,nan,8.07561821201e-05,nan,nan
2276,1.88039216871e-10,0,2.49464601186e-05,nan,nan,8.98416799032e-05,nan,nan
2280,1.83370103964e-10,0,2.53218208586e-05,nan,nan,9.32544051417e-05,nan,nan
2284,1.78853907678e-10,0,2.57540199338e-05,nan,nan,8.84722278144e-05,nan,nan
2288,1.74484418249e-10,0,2.61673324064e-05,nan,nan,7.54437294487e-05,nan,nan
2292,1.70255739321e-10,0,2.65497529624e-05,nan,nan,5.53741513129e-05,nan,nan
2296,1.66162245947e-10,0,2.69672945006e-05,nan,nan,3.31229888428e-05,nan,nan
2300,1.62198587135e-10,0,2.75134090702e-05,nan,nan,1.8371589808e-05,nan,nan
2304,1.58359662891e-10,0,2.80851323074e-05,nan,nan,1.49565110187e-05,nan,nan
2308,1.546406056e-10,0,2.85900973791e-05,nan,nan,2.40980039062e-05,nan,nan
2312,1.5103678884e-10,0,2.90383174165e-05,nan,nan,8.07224196075e-05,nan,nan
2316,1.47543774851e-10,0,2.95217066496e-05,nan,nan,0.000172282708347,nan,nan
2320,1.441573503e-10,0,3.00766835336e-05,nan,nan,0.000243361670143,nan,nan
2324,1.40873485234e-10,0,3.06450219639e-05,nan,nan,0.000245932171826,nan,nan
2328,1.37688328475e-10,0,3.12103089418e-05,nan,nan,0.000185542114824,nan,nan
2332,1.3459820251e-10,0,3.1766103176e-05,nan,nan,0.0001151759102,nan,nan
2336,1.31599590609e-10,0,3.23616944444e-05,nan,nan,7.98645636668e-05,nan,nan
2340,1.2868914207e-10,0,3.29834345409e-05,nan,nan,7.95456653421e-05,nan,nan
2344,1.25863637126e-10,0,3.36355171185e-05,nan,nan,8.87688660158e-05,nan,nan
2348,1.23120004396e-10,0,3.4302034516e-05,nan,nan,8.87356845345e-05,nan,nan
2352,1.20455299549e-10,0,3.49885890612e-05,nan,nan,7.80929800255e-05,nan,nan
2356,1.17866710535e-10,0,3.57065779437e-05,nan,nan,5.81695050157e-05,nan,nan
2360,1.15351544612e-10,0,3.6446653562e-05,nan,nan,3.18306294695e-05,nan,nan
2364,1.12907216429e-10,0,3.72278126887e-05,nan,nan,6.40758568669e-06,nan,nan
2368,1.10531248799e-10,0,3.80287946177e-05,nan,nan,1.6787554015e-05,nan,nan
2372,1.08221278433e-10,0,3.88760709948e-05,nan,nan,3.2345124939e-05,nan,nan
2376,1.05975028526e-10,0,3.97487327614e-05,nan,nan,4.06715114403e-05,nan,nan
2380,1.03790318794e-10,0,4.06700709285e-05,nan,nan,4.28519226006e-05,nan,nan
2384,1.01665057756e-10,0,4.16273765223e-05,nan,nan,4.02949803697e-05,nan,nan
2388,9.95972414123e-11,0,4.2632410701e-05,nan,nan,3.55386530495e-05,nan,nan
2392,9.7584940772e-11,0,4.36871021336e-05,nan,nan,3.14703972823e-05,nan,nan
2396,9.56263057044e-11,0,4.4788585571e-05,nan,nan,3.01635648896e-05,nan,nan
2400,9.37195668396e-11,0,4.59532767354e-05,nan,nan,3.17381438335e-05,nan,nan
2404,9.18630185953e-11,0,4.71668202894e-05,nan,nan,3.43427027862e-05,nan,nan
2408,9.00550197193e-11,0,4.8454224406e-05,nan,nan,3.66556619538e-05,nan,nan
2412,8.82939910141e-11,0,4.97979329282e-05,nan,nan,3.80146983921e-05,nan,nan
2416,8.65784247859e-11,0,5.12225050377e-05,nan,nan,3.86590018141e-05,nan,nan
2420,8.49068602652e-11,0,5.27167899186e-05,nan,nan,3.89460849104e-05,nan,nan
2424,8.32778992289e-11,0,5.4297525955e-05,nan,nan,3.93430095101e-05,nan,nan
2428,8.16901946944e-11,0,5.59675173746e-05,nan,nan,4.00676657387e-05,nan,nan
2432,8.01424539827e-11,0,5.77346326309e-05,nan,nan,4.11214926406e-05,nan,nan
2436,7.86334248823e-11,0,5.96195202634e-05,nan,nan,4.24192993887e-05,nan,nan
2440,7.71619043735e-11,0,6.16285049679e-05,nan,nan,4.37942005806e-05,nan,nan
2444,7.57267383274e-11,0,6.38017339141e-05,nan,nan,4.52340234683e-05,nan,nan
2448,7.43268062122e-11,0,6.61588511786e-05,nan,nan,4.66997250312e-05,nan,nan
2452,7.29610439869e-11,0,6.87627351938e-05,nan,nan,4.82980685923e-05,nan,nan
2456,7.16284138652e-11,0,7.16651056557e-05,nan,nan,5.00721294573e-05,nan,nan
2460,7.0327916209e-11,0,7.49592661122e-05,nan,nan,5.21303190422e-05,nan,nan
2464,6.90585907841e-11,0,7.87446119399e-05,nan,nan,5.45345007322e-05,nan,nan
2468,6.78195060563e-11,0,8.31541434846e-05,nan,nan,5.73711649956e-05,nan,nan
2472,6.66097714232e-11,0,8.83375171214e-05,nan,nan,6.07340167414e-05,nan,nan
2476,6.54285240334e-11,0,9.44664866142e-05,nan,nan,6.47210904286e-05,nan,nan
2480,6.42749340761e-11,0,0.000101723350888,nan,nan,6.9463690657e-05,nan,nan
2484,6.31481939365e-11,0,0.000110294367497,nan,nan,7.50722654102e-05,nan,nan
2488,6.20475295574e-11,0,0.000120360413002,nan,nan,8.16845130057e-05,nan,nan
2492,6.09721879178e-11,0,0.000132079606261,nan,nan,8.93928831215e-05,nan,nan
2496,5.99214470418e-11,0,0.000145593368749,nan,nan,9.83048834357e-05,nan,nan
2500,5.88946141838e-11,0,0.000160994635411,nan,nan,0.00010847111121,nan,nan
2504,5.78910114317e-11,0,0.000178351489637,nan,nan,0.000119943111319,nan,nan
2508,5.69099853676e-11,0,0.000197672352832,nan,nan,0.000132721336094,nan,nan
2512,5.59508997206e-11,0,0.000218925892687,nan,nan,0.00014678511584,nan,nan
2516,5.50131501423e-11,0,0.000242020338472,nan,nan,0.000162074354477,nan,nan
2520,5.40961513084e-11,0,0.000266810772019,nan,nan,0.000178491412205,nan,nan
2524,5.31993333514e-11,0,0.000293082720264,nan,nan,0.000195895568721,nan,nan
2528,5.23221400435e-11,0,0.000320568080047,nan,nan,0.000214110521627,nan,nan
2532,5.14640325937e-11,0,0.000348917197355,nan,nan,0.000232905052392,nan,nan
2536,5.06245049417e-11,0,0.000377719641695,nan,nan,0.000252008362673,nan,nan
2540,4.980305692e-11,0,0.000406503990821,nan,nan,0.000271114349875,nan,nan
2544,4.8999205792e-11,0,0.000434704314917,nan,nan,0.000289840601879,nan,nan
2548,4.82124774148e-11,0,0.000461746348428,nan,nan,0.000307822684956,nan,nan
2552,4.74424195015e-11,0,0.000486946399883,nan,nan,0.000324592998193,nan,nan
2556,4.66885965385e-11,0,0.000509630664405,nan,nan,0.000339719366057,nan,nan
2560,4.59505888911e-11,0,0.000529091853223,nan,nan,0.000352725908791,nan,nan
2564,4.5227978273e-11,0,0.000544587225465,nan,nan,0.000363116495693,nan,nan
2568,4.45203606752e-11,0,0.000555473459702,nan,nan,0.000370470925234,nan,nan
2572,4.38273545935e-11,0,0.000561065886666,nan,nan,0.000374316876731,nan,nan
2576,4.31485933994e-11,0,0.000560832206154,nan,nan,0.0003743027121,nan,nan
2580,4.24837053586e-11,0,0.000554343145546,nan,nan,0.000370132538306,nan,nan
2584,4.18323364322e-11,0,0.000541265870686,nan,nan,0.000361561867921,nan,nan
2588,4.11941430555e-11,0,0.00052157948366,nan,nan,0.000348579211865,nan,nan
2592,4.05688064266e-11,0,0.000495376276137,nan,nan,0.000331206133325,nan,nan
2596,3.9956002578e-11,0,0.00046314105266,nan,nan,0.000309759065701,nan,nan
2600,3.93554042535e-11,0,0.00042572018171,nan,nan,0.000284769457339,nan,nan
2604,3.87667214357e-11,0,0.000384356683108,nan,nan,0.000257035754287,nan,nan
2608,3.81896611401e-11,0,0.000341068943186,nan,nan,0.000227882811168,nan,nan
2612,3.76239441439e-11,0,0.000298601993308,nan,nan,0.000199116539647,nan,nan
2616,3.70692776428e-11,0,0.000260923392436,nan,nan,0.000173395029735,nan,nan
2620,3.65253967884e-11,0,0.000233164671331,nan,nan,0.000154252632879,nan,nan
2624,3.59920558396e-11,0,0.000220183018698,nan,nan,0.000145138398093,nan,nan
2628,3.54689925181e-11,0,0.0002238741257,nan,nan,0.000147575721639,nan,nan
2632,3.49559497744e-11,0,0.000240956920491,nan,nan,0.000159375702264,nan,nan
2636,3.44527022014e-11,0,0.000265243385546,nan,nan,0.000176262049514,nan,nan
2640,3.39590207416e-11,0,0.000290858929195,nan,nan,0.000194138408258,nan,nan
2644,3.34746720742e-11,0,0.000313269216077,nan,nan,0.000209857782388,nan,nan
2648,3.29994293194e-11,0,0.000329520721688,nan,nan,0.00022137303968,nan,nan
2652,3.25330942373e-11,0,0.000337814456799,nan,nan,0.00022739695039,nan,nan
2656,3.2075458746e-11,0,0.000337224256425,nan,nan,0.0002272493252,nan,nan
2660,3.16263108993e-11,0,0.000327974962148,nan,nan,0.00022101377683,nan,nan
2664,3.11854559981e-11,0,0.000311019676113,nan,nan,0.000209260318067,nan,nan
2668,3.0752720045e-11,0,0.000288502939179,nan,nan,0.000193403553894,nan,nan
2672,3.03279041794e-11,0,0.000263874130964,nan,nan,0.000175770440341,nan,nan
2676,2.99108174662e-11,0,0.000241554158387,nan,nan,0.00015948895646,nan,nan
2680,2.95013088309e-11,0,0.000226947632754,nan,nan,0.000148584437447,nan,nan
2684,2.90991983657e-11,0,0.000224098877209,nan,nan,0.000146279227204,nan,nan
2688,2.87043110559e-11,0,0.000233161125647,nan,nan,0.000152953618895,nan,nan
2692,2.83164902909e-11,0,0.000250604446529,nan,nan,0.000165974425097,nan,nan
2696,2.79355920752e-11,0,0.00027074359941,nan,nan,0.000181082343031,nan,nan
2700,2.75614479906e-11,0,0.000288232154071,nan,nan,0.000194300995338,nan,nan
2704,2.71939036542e-11,0,0.000299666554557,nan,nan,0.000203061024638,nan,nan
2708,2.683283807e-11,0,0.000302431253599,nan,nan,0.00020541942793,nan,nan
2712,2.64780912847e-11,0,0.000296238415851,nan,nan,0.000201032937415,nan,nan
2716,2.61295232741e-11,0,0.000282934291313,nan,nan,0.00019106215749,nan,nan
2720,2.57870159823e-11,0,0.000265206805655,nan,nan,0.000177392281515,nan,nan
2724,2.54504301987e-11,0,0.000249123479491,nan,nan,0.000164379806834,nan,nan
2728,2.51196278515e-11,0,0.000240699196226,nan,nan,0.000156731776083,nan,nan
2732,2.47945054186e-11,0,0.000243888713352,nan,nan,0.000158082841848,nan,nan
2736,2.44749353076e-11,0,0.000261250157813,nan,nan,0.000170701848426,nan,nan
2740,2.41607851304e-11,0,0.000286200008814,nan,nan,0.000189892744768,nan,nan
2744,2.38519611815e-11,0,0.000305815366006,nan,nan,0.000205964399189,nan,nan
2748,2.35483460131e-11,0,0.000311076649411,nan,nan,0.000211778847484,nan,nan
2752,2.32498113954e-11,0,0.000288948310751,nan,nan,0.000197822960131,nan,nan
2756,2.2956281435e-11,0,0.000237656692715,nan,nan,0.000162793772038,nan,nan
2760,2.26676395874e-11,0,0.000185524672044,nan,nan,0.000126561158954,nan,nan
2764,2.23837670494e-11,0,0.00014266771654,nan,nan,9.72297582579e-05,nan,nan
2768,2.2104597887e-11,0,0.000219739824862,nan,nan,0.000149055703527,nan,nan
2772,2.18300153751e-11,0,0.000475068414144,nan,nan,0.000315021089627,nan,nan
2776,2.15599192104e-11,0,0.000775384861728,nan,nan,0.000510886850864,nan,nan
2780,2.12942459509e-11,0,0.000998011920053,nan,nan,0.000661977397071,nan,nan
2784,2.10328775665e-11,0,0.00103993119125,nan,nan,0.000696991573768,nan,nan
2788,2.0775737415e-11,0,0.000884386558971,nan,nan,0.000596218969069,nan,nan
2792,2.05227516652e-11,0,0.000639300464378,nan,nan,0.000429631452873,nan,nan
2796,2.02738161889e-11,0,0.000457561787767,nan,nan,0.000303505345445,nan,nan
2800,2.00288630327e-11,0,0.000377142101367,nan,nan,0.000245547911667,nan,nan
2804,1.97878198607e-11,0,0.000330691405724,nan,nan,0.000213164040043,nan,nan
2808,1.95505876775e-11,0,0.00029446018287,nan,nan,0.000192510740255,nan,nan
2812,1.9317113528e-11,0,0.000270394660056,nan,nan,0.000182542777356,nan,nan
2816,1.90873160807e-11,0,0.000244761858001,nan,nan,0.00017030713668,nan,nan
2820,1.88611062617e-11,0,0.000207434518012,nan,nan,0.000146450293247,nan,nan
2824,1.86384502239e-11,0,0.000164304382676,nan,nan,0.000114752207813,nan,nan
2828,1.84192454542e-11,0,0.000121720659392,nan,nan,8.05163052661e-05,nan,nan
2832,1.82034381568e-11,0,8.5338705355e-05,nan,nan,4.96851646704e-05,nan,nan
2836,1.79909746795e-11,0,6.39113057319e-05,nan,nan,3.38453561948e-05,nan,nan
2840,1.77817630505e-11,0,5.86383159605e-05,nan,nan,3.76979586641e-05,nan,nan
2844,1.75757713209e-11,0,5.89839323239e-05,nan,nan,4.52551540995e-05,nan,nan
2848,1.73729167296e-11,0,5.65773587636e-05,nan,nan,4.74321440725e-05,nan,nan
2852,1.7173144174e-11,0,4.93493565894e-05,nan,nan,4.35549259347e-05,nan,nan
2856,1.69764112384e-11,0,3.74640166444e-05,nan,nan,3.47005953956e-05,nan,nan
2860,1.67826332847e-11,0,2.35464614465e-05,nan,nan,2.39967642464e-05,nan,nan
2864,1.6591780207e-11,0,1.00247405111e-05,nan,nan,1.54292520999e-05,nan,nan
2868,1.64037838885e-11,0,3.67021124595e-06,nan,nan,1.46310694209e-05,nan,nan
2872,1.62185868847e-11,0,1.15130303229e-05,nan,nan,1.9484138609e-05,nan,nan
2876,1.60361606001e-11,0,1.6771695841e-05,nan,nan,2.39918350632e-05,nan,nan
2880,1.58564179603e-11,0,1.89075445179e-05,nan,nan,2.64982672307e-05,nan,nan
2884,1.56793460609e-11,0,1.84269111654e-05,nan,nan,2.70066090767e-05,nan,nan
2888,1.55048713413e-11,0,1.65473418568e-05,nan,nan,2.64977369361e-05,nan,nan
2892,1.53329516454e-11,0,1.41262824391e-05,nan,nan,2.57836396854e-05,nan,nan
2896,1.51635532214e-11,0,1.23984726202e-05,nan,nan,2.57991777709e-05,nan,nan
2900,1.49966045998e-11,0,1.16987186994e-05,nan,nan,2.6675265494e-05,nan,nan
2904,1.48320963238e-11,0,1.18815921405e-05,nan,nan,2.82956706295e-05,nan,nan
2908,1.4669945841e-11,0,1.22519837443e-05,nan,nan,3.0248982424e-05,nan,nan
2912,1.45101447966e-11,0,1.24218167802e-05,nan,nan,3.23091068677e-05,nan,nan
2916,1.43526287521e-11,0,1.23016707741e-05,nan,nan,3.44299899429e-05,nan,nan
2920,1.41973654859e-11,0,1.19075751429e-05,nan,nan,3.66119293301e-05,nan,nan
2924,1.4044319633e-11,0,1.14733838103e-05,nan,nan,3.9010379098e-05,nan,nan
2928,1.38934344902e-11,0,1.10119755879e-05,nan,nan,4.15994638768e-05,nan,nan
2932,1.37447021205e-11,0,1.06844479878e-05,nan,nan,4.44651273186e-05,nan,nan
2936,1.35980464667e-11,0,1.03862820581e-05,nan,nan,4.74977134278e-05,nan,nan
2940,1.34534728708e-11,0,1.01564219302e-05,nan,nan,5.0684979326e-05,nan,nan
2944,1.33108997226e-11,0,9.90463468423e-06,nan,nan,5.39259633197e-05,nan,nan
2948,1.31703368692e-11,0,9.63942935168e-06,nan,nan,5.71540776933e-05,nan,nan
2952,1.30317160304e-11,0,9.35718114258e-06,nan,nan,6.03166713305e-05,nan,nan
2956,1.28950202756e-11,0,9.04680483883e-06,nan,nan,6.33117050225e-05,nan,nan
2960,1.27602145531e-11,0,8.75456775127e-06,nan,nan,6.61115550979e-05,nan,nan
2964,1.26272566532e-11,0,8.43627782625e-06,nan,nan,6.85962423708e-05,nan,nan
2968,1.24961349596e-11,0,8.14816130575e-06,nan,nan,7.07367806483e-05,nan,nan
2972,1.23667909366e-11,0,7.83330786637e-06,nan,nan,7.24216456238e-05,nan,nan
2976,1.22392246034e-11,0,7.53297374944e-06,nan,nan,7.36130300076e-05,nan,nan
2980,1.21133748191e-11,0,7.21854046237e-06,nan,nan,7.42352211893e-05,nan,nan
2984,1.19892465072e-11,0,6.89377644574e-06,nan,nan,7.42449735245e-05,nan,nan
2988,1.18667729824e-11,0,6.57275683438e-06,nan,nan,7.36267193539e-05,nan,nan
2992,1.17459654526e-11,0,6.23327184484e-06,nan,nan,7.23423726258e-05,nan,nan
2996,1.16267584986e-11,0,5.89220062156e-06,nan,nan,7.04491779679e-05,nan,nan
3000,1.15091598912e-11,0,5.5476314159e-06,nan,nan,6.79435318459e-05,nan,nan
3004,1.13931126625e-11,0,5.18447292666e-06,nan,nan,6.49449260949e-05,nan,nan
3008,1.12786212151e-11,0,4.81850140151e-06,nan,nan,6.15335254095e-05,nan,nan
3012,1.11656258342e-11,0,4.44773902371e-06,nan,nan,5.78670198812e-05,nan,nan
3016,1.10541361971e-11,0,4.04170025524e-06,nan,nan,5.41433948858e-05,nan,nan
3020,1.09441014647e-11,0,3.65743876333e-06,nan,nan,5.0542418101e-05,nan,nan
3024,1.08355132239e-11,0,3.22768900112e-06,nan,nan,4.73386863954e-05,nan,nan
3028,1.07283400169e-11,0,2.79811912811e-06,nan,nan,4.46921791812e-05,nan,nan
3032,1.06225656835e-11,0,2.36226565263e-06,nan,nan,4.27899267771e-05,nan,nan
3036,1.05181570962e-11,0,1.88505925685e-06,nan,nan,4.1640589185e-05,nan,nan
3040,1.0415105222e-11,0,1.41696013195e-06,nan,nan,4.115518481e-05,nan,nan
3044,1.03133756601e-11,0,9.18677443327e-07,nan,nan,4.11365138434e-05,nan,nan
3048,1.02129597584e-11,0,4.06523274754e-07,nan,nan,4.12945406482e-05,nan,nan
3052,1.01138263936e-11,0,2.03219077534e-07,nan,nan,4.14056021979e-05,nan,nan
3056,1.00159590907e-11,0,7.38837406408e-07,nan,nan,4.12323930046e-05,nan,nan
3060,9.9193382942e-12,0,1.34576106131e-06,nan,nan,4.0679753276e-05,nan,nan
3064,9.82394468923e-12,0,1.97394576953e-06,nan,nan,3.97230408574e-05,nan,nan
3068,9.72975490925e-12,0,2.66320836399e-06,nan,nan,3.84440575783e-05,nan,nan
3072,9.63675689428e-12,0,3.4149712141e-06,nan,nan,3.70652158259e-05,nan,nan
3076,9.54492544715e-12,0,4.22255946648e-06,nan,nan,3.58464139592e-05,nan,nan
3080,9.45424544346e-12,0,5.14175847215e-06,nan,nan,3.51214504197e-05,nan,nan
3084,9.36469904078e-12,0,6.17494621027e-06,nan,nan,3.51272637618e-05,nan,nan
3088,9.27626929273e-12,0,7.35006661877e-06,nan,nan,3.59180237304e-05,nan,nan
3092,9.1889349112e-12,0,8.7133226075e-06,nan,nan,3.73543270007e-05,nan,nan
3096,9.10268295872e-12,0,1.0308241887e-05,nan,nan,3.90659937936e-05,nan,nan
3100,9.01749843526e-12,0,1.21466200465e-05,nan,nan,4.06728874467e-05,nan,nan
3104,8.93335900971e-12,0,1.43107971519e-05,nan,nan,4.1757272131e-05,nan,nan
3108,8.85025279475e-12,0,1.68294578518e-05,nan,nan,4.20197954904e-05,nan,nan
3112,8.76816423928e-12,0,1.97290953042e-05,nan,nan,4.12765606607e-05,nan,nan
3116,8.68707511823e-12,0,2.30883340399e-05,nan,nan,3.94771226107e-05,nan,nan
3120,8.60697407443e-12,0,2.6923651844e-05,nan,nan,3.68048496758e-05,nan,nan
3124,8.52784317604e-12,0,3.12650753378e-05,nan,nan,3.36475250364e-05,nan,nan
3128,8.44966928658e-12,0,3.61598953835e-05,nan,nan,3.07217007519e-05,nan,nan
3132,8.37243542613e-12,0,4.16241934343e-05,nan,nan,2.89792014433e-05,nan,nan
3136,8.29613241903e-12,0,4.76459295674e-05,nan,nan,2.92113321663e-05,nan,nan
3140,8.22074275953e-12,0,5.42572916724e-05,nan,nan,3.15513889293e-05,nan,nan
3144,8.14625415115e-12,0,6.14307852427e-05,nan,nan,3.51767581508e-05,nan,nan
3148,8.07265264914e-12,0,6.91127477711e-05,nan,nan,3.9082371433e-05,nan,nan
3152,7.99992412819e-12,0,7.72970665868e-05,nan,nan,4.23103029105e-05,nan,nan
3156,7.92805636842e-12,0,8.58898577029e-05,nan,nan,4.40883835086e-05,nan,nan
3160,7.85704045547e-12,0,9.47957824091e-05,nan,nan,4.405618163e-05,nan,nan
3164,7.78685806709e-12,0,0.000103933634252,nan,nan,4.19333242176e-05,nan,nan
3168,7.71750195027e-12,0,0.000113156729483,nan,nan,3.79589374558e-05,nan,nan
3172,7.64895522372e-12,0,0.000122298427552,nan,nan,3.28834846233e-05,nan,nan
3176,7.58120860282e-12,0,0.000131213174263,nan,nan,2.79496407495e-05,nan,nan
3180,7.51425290591e-12,0,0.000139702747138,nan,nan,2.55247559893e-05,nan,nan
3184,7.44807375141e-12,0,0.000147528245857,nan,nan,2.7517106563e-05,nan,nan
3188,7.38265857774e-12,0,0.00015451972396,nan,nan,3.34133563638e-05,nan,nan
3192,7.31799977147e-12,0,0.000160421314405,nan,nan,4.13938313558e-05,nan,nan
3196,7.25408531974e-12,0,0.000164997893262,nan,nan,4.88988452577e-05,nan,nan
3200,7.19090370736e-12,0,0.000168051843471,nan,nan,5.29906609628e-05,nan,nan
3204,7.12844852603e-12,0,0.000169377264896,nan,nan,5.176470162e-05,nan,nan
3208,7.06669839379e-12,0,0.000168755630622,nan,nan,4.35427820186e-05,nan,nan
3212,7.00565830774e-12,0,0.000166079916046,nan,nan,2.956677028e-05,nan,nan
3216,6.94530901421e-12,0,0.000161241724702,nan,nan,1.56402979635e-05,nan,nan
3220,6.88564051883e-12,0,0.000154148381876,nan,nan,6.09167808401e-06,nan,nan
3224,6.8266488345e-12,0,0.00014487754274,nan,nan,2.01606880533e-05,nan,nan
3228,6.76831843489e-12,0,0.000133512947294,nan,nan,4.93940572921e-05,nan,nan
3232,6.71064295806e-12,0,0.000120247405162,nan,nan,9.85553423488e-05,nan,nan
3236,6.65361461073e-12,0,0.00010545555547,nan,nan,0.000147102596936,nan,nan
3240,6.59722231671e-12,0,8.96978175487e-05,nan,nan,0.000161627344987,nan,nan
3244,6.54145702624e-12,0,7.38362926435e-05,nan,nan,0.00013297231568,nan,nan
3248,6.48631211447e-12,0,5.942729732e-05,nan,nan,8.63052112705e-05,nan,nan
3252,6.43177651066e-12,0,4.91873498852e-05,nan,nan,5.36610069755e-05,nan,nan
3256,6.37784287693e-12,0,4.64403016485e-05,nan,nan,4.4573076471e-05,nan,nan
3260,6.32450578234e-12,0,5.21015185375e-05,nan,nan,5.09120814571e-05,nan,nan
3264,6.27175265902e-12,0,6.28906980357e-05,nan,nan,5.93086196833e-05,nan,nan
3268,6.2195771979e-12,0,7.5280008807e-05,nan,nan,6.25262214831e-05,nan,nan
3272,6.16797149068e-12,0,8.70920423558e-05,nan,nan,5.71935866246e-05,nan,nan
3276,6.1169292325e-12,0,9.69774893278e-05,nan,nan,4.31829514737e-05,nan,nan
3280,6.06643912426e-12,0,0.000104093500864,nan,nan,2.45893062042e-05,nan,nan
3284,6.01650043721e-12,0,0.000107935882906,nan,nan,5.78585905256e-06,nan,nan
3288,5.96709849163e-12,0,0.00010824994349,nan,nan,1.41350147573e-05,nan,nan
3292,5.91822963223e-12,0,0.000104925934884,nan,nan,2.76498542965e-05,nan,nan
3296,5.86988705193e-12,0,9.81542012173e-05,nan,nan,3.630664179e-05,nan,nan
3300,5.82206203815e-12,0,8.84106005147e-05,nan,nan,3.98646868606e-05,nan,nan
3304,5.77474908929e-12,0,7.63589055504e-05,nan,nan,3.94190550636e-05,nan,nan
3308,5.72793976965e-12,0,6.34114245253e-05,nan,nan,3.71882061282e-05,nan,nan
3312,5.68163018254e-12,0,5.20945232462e-05,nan,nan,3.59937940766e-05,nan,nan
3316,5.63581074178e-12,0,4.61208366103e-05,nan,nan,3.81615973216e-05,nan,nan
3320,5.5904788743e-12,0,4.84536599472e-05,nan,nan,4.34409637234e-05,nan,nan
3324,5.54562245888e-12,0,5.76172169226e-05,nan,nan,5.02657481515e-05,nan,nan
3328,5.50123934542e-12,0,6.95373947317e-05,nan,nan,5.72568958539e-05,nan,nan
3332,5.45732348344e-12,0,8.09946404728e-05,nan,nan,6.39923878323e-05,nan,nan
3336,5.41386621126e-12,0,9.00927499835e-05,nan,nan,7.06055791276e-05,nan,nan
3340,5.37086593066e-12,0,9.57007735997e-05,nan,nan,7.75453037989e-05,nan,nan
3344,5.32831050616e-12,0,9.71803780658e-05,nan,nan,8.5198596129e-05,nan,nan
3348,5.2861985052e-12,0,9.42606598072e-05,nan,nan,9.37149766645e-05,nan,nan
3352,5.24452633473e-12,0,8.71835133382e-05,nan,nan,0.00010312511524,nan,nan
3356,5.20328102806e-12,0,7.67046138207e-05,nan,nan,0.00011322922523,nan,nan
3360,5.16246242784e-12,0,6.42985737651e-05,nan,nan,0.00012382657912,nan,nan
3364,5.12206610148e-12,0,5.27645034584e-05,nan,nan,0.000134714444283,nan,nan
3368,5.08208107031e-12,0,4.65888188182e-05,nan,nan,0.000145723152272,nan,nan
3372,5.04251123881e-12,0,4.95740129368e-05,nan,nan,0.000156696507946,nan,nan
3376,5.00333976839e-12,0,5.99294383005e-05,nan,nan,0.000167502015988,nan,nan
3380,4.96456934141e-12,0,7.26037800674e-05,nan,nan,0.000177971603634,nan,nan
3384,4.92619368339e-12,0,8.39056581711e-05,nan,nan,0.000187885850506,nan,nan
3388,4.88820913317e-12,0,9.16609849487e-05,nan,nan,0.000197065138789,nan,nan
3392,4.85060449279e-12,0,9.43786615777e-05,nan,nan,0.000205235316233,nan,nan
3396,4.81338218384e-12,0,9.1802180865e-05,nan,nan,0.000212158616082,nan,nan
3400,4.77653368865e-12,0,8.42829567936e-05,nan,nan,0.000217601001082,nan,nan
3404,4.74005678799e-12,0,7.31011212302e-05,nan,nan,0.000221308875546,nan,nan
3408,4.70394206512e-12,0,6.11657637857e-05,nan,nan,0.00022306659862,nan,nan
3412,4.66819299009e-12,0,5.2453478912e-05,nan,nan,0.000222699148672,nan,nan
3416,4.63279510524e-12,0,5.29567083015e-05,nan,nan,0.000220039801281,nan,nan
3420,4.59775240049e-12,0,6.50395628682e-05,nan,nan,0.000214976967653,nan,nan
3424,4.56305627867e-12,0,8.26513988623e-05,nan,nan,0.000207490462803,nan,nan
3428,4.52870367462e-12,0,9.77145517041e-05,nan,nan,0.000197579871284,nan,nan
3432,4.49469116144e-12,0,0.000103935527821,nan,nan,0.000185361848944,nan,nan
3436,4.46101413741e-12,0,9.47757341967e-05,nan,nan,0.000171085430703,nan,nan
3440,4.42766376452e-12,0,7.17510805062e-05,nan,nan,0.000155075795769,nan,nan
3444,4.39464381375e-12,0,4.48686891982e-05,nan,nan,0.000137895773005,nan,nan
3448,4.36194773027e-12,0,2.80683173852e-05,nan,nan,0.000120359872676,nan,nan
3452,4.32956686735e-12,0,7.60626463355e-05,nan,nan,0.000103635588991,nan,nan
3456,4.29750517043e-12,0,0.000144631017502,nan,nan,8.94755697128e-05,nan,nan
3460,4.26575370141e-12,0,0.000219814759533,nan,nan,8.01450786215e-05,nan,nan
3464,4.23430769745e-12,0,0.000286539922401,nan,nan,7.76042920666e-05,nan,nan
3468,4.20316597782e-12,0,0.000304022844315,nan,nan,8.20124502062e-05,nan,nan
3472,4.17232860717e-12,0,0.000256560150158,nan,nan,9.13118258358e-05,nan,nan
3476,4.14178362209e-12,0,0.000182975777546,nan,nan,0.00010278533827,nan,nan
3480,4.11153027074e-12,0,0.000131423038647,nan,nan,0.000114252409916,nan,nan
3484,4.08157342259e-12,0,0.000104303176999,nan,nan,0.000124175733011,nan,nan
3488,4.05189656506e-12,0,9.16645970466e-05,nan,nan,0.000131523816938,nan,nan
3492,4.02250478726e-12,0,9.34904080902e-05,nan,nan,0.000135681024963,nan,nan
3496,3.99339106745e-12,0,0.000100216499827,nan,nan,0.000136278336872,nan,nan
3500,3.9645556231e-12,0,9.91949632921e-05,nan,nan,0.000133205967556,nan,nan
3504,3.93599199611e-12,0,8.63406996761e-05,nan,nan,0.00012670542685,nan,nan
3508,3.90769792123e-12,0,6.51637304919e-05,nan,nan,0.000117267115375,nan,nan
3512,3.87967068772e-12,0,3.97731168464e-05,nan,nan,0.000105770574947,nan,nan
3516,3.85190671416e-12,0,1.64429343702e-05,nan,nan,9.36894585339e-05,nan,nan
3520,3.82440547258e-12,0,1.56128618126e-05,nan,nan,8.3038571495e-05,nan,nan
3524,3.79715523504e-12,0,2.9485797797e-05,nan,nan,7.64053505598e-05,nan,nan
3528,3.77016653798e-12,0,3.80381404183e-05,nan,nan,7.59476873197e-05,nan,nan
3532,3.74342589638e-12,0,3.98570784705e-05,nan,nan,8.16029430088e-05,nan,nan
3536,3.71693278572e-12,0,3.61304554943e-05,nan,nan,9.11433361236e-05,nan,nan
3540,3.69068625743e-12,0,2.88418772493e-05,nan,nan,0.000101804113655,nan,nan
3544,3.66468454232e-12,0,2.13225115568e-05,nan,nan,0.000111290194304,nan,nan
3548,3.6389203101e-12,0,1.74612133748e-05,nan,nan,0.000118086884394,nan,nan
3552,3.61339545566e-12,0,1.91867066089e-05,nan,nan,0.000121251895704,nan,nan
3556,3.58810319524e-12,0,2.29654263971e-05,nan,nan,0.000120323367582,nan,nan
3560,3.56304240056e-12,0,2.58574760859e-05,nan,nan,0.000115250523537,nan,nan
3564,3.53821383627e-12,0,2.69836951476e-05,nan,nan,0.000106601939255,nan,nan
3568,3.51360947197e-12,0,2.6662670987e-05,nan,nan,9.57277046351e-05,nan,nan
3572,3.48922794825e-12,0,2.56840444689e-05,nan,nan,8.46414279357e-05,nan,nan
3576,3.46507246191e-12,0,2.47724844096e-05,nan,nan,7.63643827676e-05,nan,nan
3580,3.4411342845e-12,0,2.44682707766e-05,nan,nan,7.41853630101e-05,nan,nan
3584,3.41741100732e-12,0,2.47417241524e-05,nan,nan,7.91232418326e-05,nan,nan
3588,3.393903617e-12,0,2.53711988085e-05,nan,nan,8.90089575613e-05,nan,nan
3592,3.37060503012e-12,0,2.59871461501e-05,nan,nan,0.000100422700394,nan,nan
3596,3.34751849908e-12,0,2.64465757282e-05,nan,nan,0.000110330123475,nan,nan
3600,3.32464145511e-12,0,2.6706505727e-05,nan,nan,0.000116813503535,nan,nan
3604,3.30196451138e-12,0,2.68649538008e-05,nan,nan,0.000118621099477,nan,nan
3608,3.27949274841e-12,0,2.70294620553e-05,nan,nan,0.000115218050712,nan,nan
3612,3.2572202163e-12,0,2.72546995543e-05,nan,nan,0.000107128426132,nan,nan
3616,3.23514591372e-12,0,2.75738931434e-05,nan,nan,9.55321767939e-05,nan,nan
3620,3.21326713878e-12,0,2.79383481252e-05,nan,nan,8.32905041456e-05,nan,nan
3624,3.19158445982e-12,0,2.83450804052e-05,nan,nan,7.48842572725e-05,nan,nan
3628,3.17008951573e-12,0,2.87459318239e-05,nan,nan,7.42811866503e-05,nan,nan
3632,3.14878732497e-12,0,2.91600364703e-05,nan,nan,8.23445794893e-05,nan,nan
3636,3.12767120528e-12,0,2.95744051398e-05,nan,nan,9.61547499139e-05,nan,nan
3640,3.10674020301e-12,0,3.00121098865e-05,nan,nan,0.000111574339082,nan,nan
3644,3.08599150606e-12,0,3.04759417644e-05,nan,nan,0.000126152374449,nan,nan
3648,3.06542861673e-12,0,3.0968789662e-05,nan,nan,0.00013606097174,nan,nan
3652,3.04504126955e-12,0,3.14986880064e-05,nan,nan,0.000135647753225,nan,nan
3656,3.02483141206e-12,0,3.20523597209e-05,nan,nan,0.000123338077726,nan,nan
3660,3.00479774667e-12,0,3.26453928954e-05,nan,nan,9.94417664523e-05,nan,nan
3664,2.98493907083e-12,0,3.32623738214e-05,nan,nan,6.98191073604e-05,nan,nan
3668,2.96524991526e-12,0,3.39237892626e-05,nan,nan,4.81733113359e-05,nan,nan
3672,2.94573365533e-12,0,3.46208405661e-05,nan,nan,3.28068731049e-05,nan,nan
3676,2.92638278984e-12,0,3.53721337174e-05,nan,nan,1.52511412488e-05,nan,nan
3680,2.9071976912e-12,0,3.61809693818e-05,nan,nan,0.000121472771186,nan,nan
3684,2.88818187212e-12,0,3.70619669547e-05,nan,nan,0.000277636208224,nan,nan
3688,2.86932445438e-12,0,3.80350050701e-05,nan,nan,0.000405058716574,nan,nan
3692,2.85062955877e-12,0,3.91153972929e-05,nan,nan,0.000431164495311,nan,nan
3696,2.83209400584e-12,0,4.03413726254e-05,nan,nan,0.000356948006407,nan,nan
3700,2.81371323651e-12,0,4.173713223e-05,nan,nan,0.00025303634468,nan,nan
3704,2.79549452781e-12,0,4.33568868052e-05,nan,nan,0.000189685662635,nan,nan
3708,2.77742901545e-12,0,4.52404585162e-05,nan,nan,0.000180071996203,nan,nan
3712,2.75951212263e-12,0,4.74513530287e-05,nan,nan,0.000188834744304,nan,nan
3716,2.7417463571e-12,0,5.0045074341e-05,nan,nan,0.000187181737345,nan,nan
3720,2.72413328199e-12,0,5.30838588583e-05,nan,nan,0.000169693250326,nan,nan
3724,2.70666994473e-12,0,5.66296823231e-05,nan,nan,0.000134800695055,nan,nan
3728,2.68935030605e-12,0,6.07313391964e-05,nan,nan,8.72177446927e-05,nan,nan
3732,2.6721737046e-12,0,6.54419612823e-05,nan,nan,4.52392379517e-05,nan,nan
3736,2.6551448582e-12,0,7.07873004991e-05,nan,nan,4.63064803928e-05,nan,nan
3740,2.63825573754e-12,0,7.6796883571e-05,nan,nan,7.4470083958e-05,nan,nan
3744,2.62150724966e-12,0,8.34688017753e-05,nan,nan,9.51914855247e-05,nan,nan
3748,2.60489581919e-12,0,9.07988971688e-05,nan,nan,0.000103158589013,nan,nan
3752,2.58842667888e-12,0,9.8756359138e-05,nan,nan,9.87777023489e-05,nan,nan
3756,2.57209092289e-12,0,0.000107297910177,nan,nan,8.63967481543e-05,nan,nan
3760,2.55589078794e-12,0,0.000116362984862,nan,nan,7.33257472586e-05,nan,nan
3764,2.53982216819e-12,0,0.000125867239616,nan,nan,6.83174865303e-05,nan,nan
3768,2.52388754883e-12,0,0.000135718549703,nan,nan,7.56269365806e-05,nan,nan
3772,2.50808492341e-12,0,0.000145792898779,nan,nan,8.96156431743e-05,nan,nan
3776,2.49240728866e-12,0,0.000155964614511,nan,nan,0.000104007352402,nan,nan
3780,2.47686225348e-12,0,0.000166075338797,nan,nan,0.00011540657634,nan,nan
3784,2.46144274998e-12,0,0.000175965858165,nan,nan,0.000123288239051,nan,nan
3788,2.44614746732e-12,0,0.000185453035865,nan,nan,0.000128354272558,nan,nan
3792,2.43097649273e-12,0,0.000194349031445,nan,nan,0.000131852500851,nan,nan
3796,2.41593254452e-12,0,0.000202459118881,nan,nan,0.000135004098652,nan,nan
3800,2.40100397652e-12,0,0.000209579483226,nan,nan,0.000138334667682,nan,nan
3804,2.38620048065e-12,0,0.00021551956607,nan,nan,0.000141942378953,nan,nan
3808,2.37151498732e-12,0,0.000220081419393,nan,nan,0.000145342416952,nan,nan
3812,2.35694778264e-12,0,0.000223096721467,nan,nan,0.000148041513116,nan,nan
3816,2.3424966576e-12,0,0.000224403087468,nan,nan,0.000149579153061,nan,nan
3820,2.32816419995e-12,0,0.000223876291825,nan,nan,0.000149670633437,nan,nan
3824,2.31394192896e-12,0,0.000221422918749,nan,nan,0.000148258138071,nan,nan
3828,2.29983665407e-12,0,0.000216991151662,nan,nan,0.000145320543909,nan,nan
3832,2.28584350789e-12,0,0.000210589369968,nan,nan,0.000140988904574,nan,nan
3836,2.27196214283e-12,0,0.00020227502907,nan,nan,0.000135351219096,nan,nan
3840,2.25818728745e-12,0,0.000192190877618,nan,nan,0.000128547182433,nan,nan
3844,2.24452348484e-12,0,0.000180550504024,nan,nan,0.000120742631145,nan,nan
3848,2.23097001543e-12,0,0.00016767316982,nan,nan,0.000112106496665,nan,nan
3852,2.21752180215e-12,0,0.00015399097406,nan,nan,0.000102939439438,nan,nan
3856,2.20417852531e-12,0,0.000140070989393,nan,nan,9.3564044165e-05,nan,nan
3860,2.19094332271e-12,0,0.000126647078484,nan,nan,8.44788889349e-05,nan,nan
3864,2.17781066452e-12,0,0.00011461428237,nan,nan,7.62736253579e-05,nan,nan
3868,2.1647751545e-12,0,0.000104983248519,nan,nan,6.96397329053e-05,nan,nan
3872,2.15184912874e-12,0,9.86960489783e-05,nan,nan,6.52646354994e-05,nan,nan
3876,2.13902251015e-12,0,9.62709382606e-05,nan,nan,6.35398597795e-05,nan,nan
3880,2.1262936521e-12,0,9.75215997016e-05,nan,nan,6.43846951389e-05,nan,nan
3884,2.11366451999e-12,0,0.000101559996634,nan,nan,6.72053404434e-05,nan,nan
3888,2.10113670069e-12,0,0.000107152664792,nan,nan,7.11435583825e-05,nan,nan
3892,2.08869766696e-12,0,0.000113125323446,nan,nan,7.53711504045e-05,nan,nan
3896,2.07636297229e-12,0,0.000118488190232,nan,nan,7.92114860986e-05,nan,nan
3900,2.06412083521e-12,0,0.000122579863653,nan,nan,8.21611161693e-05,nan,nan
3904,2.05197170778e-12,0,0.000124939389572,nan,nan,8.3932075384e-05,nan,nan
3908,2.03991734497e-12,0,0.000125381163903,nan,nan,8.43360511101e-05,nan,nan
3912,2.02795513927e-12,0,0.000123899979008,nan,nan,8.33866835027e-05,nan,nan
3916,2.01608368209e-12,0,0.000120691311635,nan,nan,8.1186302417e-05,nan,nan
3920,2.00430639346e-12,0,0.000116146054565,nan,nan,7.79853402323e-05,nan,nan
3924,1.9926151719e-12,0,0.00011080143076,nan,nan,7.41751143831e-05,nan,nan
3928,1.9810124069e-12,0,0.000105353286201,nan,nan,7.0208093487e-05,nan,nan
3932,1.96950021238e-12,0,0.000100543631529,nan,nan,6.66693202294e-05,nan,nan
3936,1.95807938998e-12,0,9.70649044176e-05,nan,nan,6.4057014266e-05,nan,nan
3940,1.94673525024e-12,0,9.53605493766e-05,nan,nan,6.27650404145e-05,nan,nan
3944,1.93548443085e-12,0,9.5510653076e-05,nan,nan,6.28818686398e-05,nan,nan
3948,1.92431722342e-12,0,9.71627992819e-05,nan,nan,6.41676707747e-05,nan,nan
3952,1.91323114665e-12,0,9.97057219361e-05,nan,nan,6.61722854759e-05,nan,nan
3956,1.90223583838e-12,0,0.000102437825102,nan,nan,6.83416063951e-05,nan,nan
3960,1.89131367663e-12,0,0.000104712038819,nan,nan,7.01926232669e-05,nan,nan
3964,1.88047650419e-12,0,0.000106116137298,nan,nan,7.13726557679e-05,nan,nan
3968,1.86972516861e-12,0,0.000106387615824,nan,nan,7.16839492936e-05,nan,nan
3972,1.85904753807e-12,0,0.000105547223247,nan,nan,7.11088219959e-05,nan,nan
3976,1.84845743671e-12,0,0.000103800047977,nan,nan,6.97851136764e-05,nan,nan
3980,1.83793630978e-12,0,0.000101487770828,nan,nan,6.797962346e-05,nan,nan
3984,1.82749852944e-12,0,9.91147151534e-05,nan,nan,6.6062199006e-05,nan,nan
3988,1.81713990467e-12,0,9.71117470669e-05,nan,nan,6.44196968557e-05,nan,nan
3992,1.80685371407e-12,0,9.58379350215e-05,nan,nan,6.33505989803e-05,nan,nan
3996,1.79665009044e-12,0,9.54600191096e-05,nan,nan,6.30301307988e-05,nan,nan
4000,1.78651366155e-12,0,9.58360661559e-05,nan,nan,6.33766987578e-05,nan,nan
4004,1.77645422577e-12,0,9.67194593596e-05,nan,nan,6.41655893273e-05,nan,nan
4008,1.7664743694e-12,0,9.77288960418e-05,nan,nan,6.50984028182e-05,nan,nan
4012,1.75656224566e-12,0,9.85130171239e-05,nan,nan,6.58380273773e-05,nan,nan
4016,1.74672256918e-12,0,9.8903847379e-05,nan,nan,6.62348487232e-05,nan,nan
4020,1.73695790131e-12,0,9.88352594827e-05,nan,nan,6.62150782975e-05,nan,nan
4024,1.7272574314e-12,0,9.84079325076e-05,nan,nan,6.5848630651e-05,nan,nan
4028,1.71764010674e-12,0,9.78985433344e-05,nan,nan,6.53895849818e-05,nan,nan
4032,1.70808157391e-12,0,9.74869195372e-05,nan,nan,6.49953014548e-05,nan,nan
4036,1.69860025379e-12,0,9.73718423419e-05,nan,nan,6.48842019052e-05,nan,nan
4040,1.68917975638e-12,0,9.76409406778e-05,nan,nan,6.51156542371e-05,nan,nan
4044,1.67983148918e-12,0,9.80750081896e-05,nan,nan,6.55229646697e-05,nan,nan
4048,1.67055286285e-12,0,9.85577210709e-05,nan,nan,6.59574272401e-05,nan,nan
4052,1.66133757102e-12,0,9.88483460386e-05,nan,nan,6.61560427639e-05,nan,nan
4056,1.65219576849e-12,0,9.86526314009e-05,nan,nan,6.58794794312e-05,nan,nan
4060,1.64310643388e-12,0,9.81474543983e-05,nan,nan,6.52207481004e-05,nan,nan
4064,1.63409149012e-12,0,9.73106451182e-05,nan,nan,6.42679709268e-05,nan,nan
4068,1.62514086895e-12,0,9.63791160936e-05,nan,nan,6.33490831183e-05,nan,nan
4072,1.61625331084e-12,0,9.59668102565e-05,nan,nan,6.30595202955e-05,nan,nan
4076,1.60742789344e-12,0,9.61033794278e-05,nan,nan,6.35559287374e-05,nan,nan
4080,1.59866736212e-12,0,9.72808073737e-05,nan,nan,6.50717601001e-05,nan,nan
4084,1.58996795024e-12,0,0.000100228605465,nan,nan,6.79168735229e-05,nan,nan
4088,1.58132710337e-12,0,0.000104675016457,nan,nan,7.16042821798e-05,nan,nan
4092,1.57275260821e-12,0,0.000111042106107,nan,nan,7.6089981931e-05,nan,nan
4096,1.56423690852e-12,0,0.000118240127434,nan,nan,8.03082501798e-05,nan,nan
4100,1.55578152983e-12,0,0.000122732950534,nan,nan,8.16808922453e-05,nan,nan
4104,1.5473874871e-12,0,0.000123345871732,nan,nan,7.9894591679e-05,nan,nan
4108,1.5390476353e-12,0,0.000118388343905,nan,nan,7.51528993088e-05,nan,nan
4112,1.53077157333e-12,0,0.000104197391142,nan,nan,6.67563266306e-05,nan,nan
4116,1.52254789137e-12,0,8.33220414916e-05,nan,nan,5.63243699114e-05,nan,nan
4120,1.51438764673e-12,0,5.54982429631e-05,nan,nan,4.19781984773e-05,nan,nan
4124,1.50628247475e-12,0,9.49084791367e-06,nan,nan,5.91317130552e-06,nan,nan
4128,1.4982332832e-12,0,0.000117568213454,nan,nan,7.53204655031e-05,nan,nan
4132,1.49024167816e-12,0,0.000262598150818,nan,nan,0.000181657379128,nan,nan
4136,1.48230275506e-12,0,0.000382785729576,nan,nan,0.000265794114243,nan,nan
4140,1.47442088245e-12,0,0.000426966461133,nan,nan,0.000285871854179,nan,nan
4144,1.46659396013e-12,0,0.000388695746739,nan,nan,0.000246157041714,nan,nan
4148,1.45881918053e-12,0,0.000307498577686,nan,nan,0.00018922074539,nan,nan
4152,1.4511012313e-12,0,0.000239495378848,nan,nan,0.000153978117579,nan,nan
4156,1.44343531286e-12,0,0.000212050424294,nan,nan,0.000150177519483,nan,nan
4160,1.4358210621e-12,0,0.000200927127488,nan,nan,0.000156958535618,nan,nan
4164,1.42826157428e-12,0,0.000184312009016,nan,nan,0.000153238349439,nan,nan
4168,1.42075053116e-12,0,0.000163438733602,nan,nan,0.000135469938218,nan,nan
4172,1.41329440364e-12,0,0.000140646089662,nan,nan,0.000103365511824,nan,nan
4176,1.40588734396e-12,0,0.000118311273575,nan,nan,5.99949070433e-05,nan,nan
4180,1.39852947341e-12,0,0.000102029672285,nan,nan,2.00654985982e-05,nan,nan
4184,1.39122594347e-12,0,9.27710698477e-05,nan,nan,3.8799881713e-05,nan,nan
4188,1.38396928854e-12,0,8.55989562318e-05,nan,nan,7.22714512211e-05,nan,nan
4192,1.37676234152e-12,0,7.63714540144e-05,nan,nan,9.54551640049e-05,nan,nan
4196,1.36960524699e-12,0,6.38684436653e-05,nan,nan,0.000106968222242,nan,nan
4200,1.36249564757e-12,0,4.81829014369e-05,nan,nan,0.000107560786086,nan,nan
4204,1.35543567908e-12,0,3.18894698601e-05,nan,nan,0.00010009734826,nan,nan
4208,1.34842007604e-12,0,2.00834999086e-05,nan,nan,8.9512502517e-05,nan,nan
4212,1.34145582006e-12,0,1.90836055195e-05,nan,nan,8.12186866995e-05,nan,nan
4216,1.33453747111e-12,0,2.42512091837e-05,nan,nan,7.97194101924e-05,nan,nan
4220,1.32766061262e-12,0,2.77786823967e-05,nan,nan,8.45884285298e-05,nan,nan
4224,1.3208369352e-12,0,2.75266064551e-05,nan,nan,9.21227510686e-05,nan,nan
4228,1.31405710828e-12,0,2.3662243511e-05,nan,nan,9.86901941778e-05,nan,nan
4232,1.30731835971e-12,0,1.77014855945e-05,nan,nan,0.000102337636074,nan,nan
4236,1.3006306875e-12,0,1.17250131657e-05,nan,nan,0.00010274704279,nan,nan
4240,1.29398504153e-12,0,9.64282517854e-06,nan,nan,0.000100304308282,nan,nan
4244,1.28738202112e-12,0,1.25192791613e-05,nan,nan,9.58902794301e-05,nan,nan
4248,1.28082628237e-12,0,1.62810103981e-05,nan,nan,9.02747061129e-05,nan,nan
4252,1.27431071321e-12,0,1.88348281598e-05,nan,nan,8.40550309343e-05,nan,nan
4256,1.26784072667e-12,0,1.99013327308e-05,nan,nan,7.74518390981e-05,nan,nan
4260,1.26141280629e-12,0,1.98670460707e-05,nan,nan,7.04347919165e-05,nan,nan
4264,1.25502469474e-12,0,1.93786036819e-05,nan,nan,6.29812948539e-05,nan,nan
4268,1.24868536785e-12,0,1.91975824759e-05,nan,nan,5.50561060525e-05,nan,nan
4272,1.24237912675e-12,0,1.9604199147e-05,nan,nan,4.68885545595e-05,nan,nan
4276,1.23612154753e-12,0,2.0579685792e-05,nan,nan,3.89705877248e-05,nan,nan
4280,1.22990223118e-12,0,2.17952773173e-05,nan,nan,3.22590026744e-05,nan,nan
4284,1.22372339086e-12,0,2.30175294894e-05,nan,nan,2.8232204363e-05,nan,nan
4288,1.21758581613e-12,0,2.40962742082e-05,nan,nan,2.82152651699e-05,nan,nan
4292,1.21148728464e-12,0,2.50696313655e-05,nan,nan,3.20155271393e-05,nan,nan
4296,1.20542917671e-12,0,2.60524999157e-05,nan,nan,3.79410158892e-05,nan,nan
4300,1.19941051866e-12,0,2.71710725476e-05,nan,nan,4.44531325036e-05,nan,nan
4304,1.19343344651e-12,0,2.85456748717e-05,nan,nan,5.06456234702e-05,nan,nan
4308,1.18749112129e-12,0,3.01692026019e-05,nan,nan,5.59233928838e-05,nan,nan
4312,1.18158761209e-12,0,3.2060766169e-05,nan,nan,5.98889079809e-05,nan,nan
4316,1.1757262974e-12,0,3.4235630399e-05,nan,nan,6.22772960674e-05,nan,nan
4320,1.16989940629e-12,0,3.67634515163e-05,nan,nan,6.29315349026e-05,nan,nan
4324,1.16410892604e-12,0,3.96720951685e-05,nan,nan,6.1814282204e-05,nan,nan
4328,1.15836159789e-12,0,4.3050824372e-05,nan,nan,5.89151857739e-05,nan,nan
4332,1.15264559074e-12,0,4.69486654839e-05,nan,nan,5.43575820354e-05,nan,nan
4336,1.14696983182e-12,0,5.1413600529e-05,nan,nan,4.84274319507e-05,nan,nan
4340,1.14132699754e-12,0,5.65124110024e-05,nan,nan,4.15352688578e-05,nan,nan
4344,1.13572358411e-12,0,6.22658673654e-05,nan,nan,3.44445614799e-05,nan,nan
4348,1.13015364712e-12,0,6.8700784347e-05,nan,nan,2.84126799627e-05,nan,nan
4352,1.12462026208e-12,0,7.58120496499e-05,nan,nan,2.53758374898e-05,nan,nan
4356,1.11912525421e-12,0,8.36233059581e-05,nan,nan,2.68579085634e-05,nan,nan
4360,1.11365798175e-12,0,9.21024744987e-05,nan,nan,3.196962971e-05,nan,nan
4364,1.10823151972e-12,0,0.000101221950005,nan,nan,3.86499064392e-05,nan,nan
4368,1.1028387026e-12,0,0.000110957870352,nan,nan,4.52988682591e-05,nan,nan
4372,1.09747770043e-12,0,0.000121228667933,nan,nan,5.09234323585e-05,nan,nan
4376,1.0921514132e-12,0,0.000131959447971,nan,nan,5.49297664242e-05,nan,nan
4380,1.08686064476e-12,0,0.000143064763848,nan,nan,5.69122295041e-05,nan,nan
4384,1.08160253062e-12,0,0.000154421568891,nan,nan,5.66525321772e-05,nan,nan
4388,1.0763757914e-12,0,0.000165882714528,nan,nan,5.41200606584e-05,nan,nan
4392,1.07118297548e-12,0,0.000177318649413,nan,nan,4.9423644152e-05,nan,nan
4396,1.06602356518e-12,0,0.000188545003028,nan,nan,4.29186320853e-05,nan,nan
4400,1.0608949385e-12,0,0.000199367178485,nan,nan,3.52958875821e-05,nan,nan
4404,1.05580150589e-12,0,0.000209603748724,nan,nan,2.78301484634e-05,nan,nan
4408,1.05073632419e-12,0,0.000219032916577,nan,nan,2.3052416593e-05,nan,nan
4412,1.04570413103e-12,0,0.000227434178285,nan,nan,2.39460929406e-05,nan,nan
4416,1.0407037433e-12,0,0.000234588854927,nan,nan,2.9975626899e-05,nan,nan
4420,1.03573402604e-12,0,0.000240290619861,nan,nan,3.80013444205e-05,nan,nan
4424,1.03079510484e-12,0,0.000244312683115,nan,nan,4.5720430341e-05,nan,nan
4428,1.02588801012e-12,0,0.000246464603164,nan,nan,5.18940188247e-05,nan,nan
4432,1.02100956658e-12,0,0.00024659397387,nan,nan,5.57528186671e-05,nan,nan
4436,1.01616218029e-12,0,0.000244536696092,nan,nan,5.68086654638e-05,nan,nan
4440,1.0113457029e-12,0,0.000240195330938,nan,nan,5.48778869465e-05,nan,nan
4444,1.00655646432e-12,0,0.000233535744434,nan,nan,4.9990643563e-05,nan,nan
4448,1.00179903175e-12,0,0.000224544738078,nan,nan,4.24987719176e-05,nan,nan
4452,9.97071651042e-13,0,0.000213290649971,nan,nan,3.32172951934e-05,nan,nan
4456,9.92369708821e-13,0,0.000199950056622,nan,nan,2.39791875222e-05,nan,nan
4460,9.87698883649e-13,0,0.000184766897456,nan,nan,1.9296729282e-05,nan,nan
4464,9.8305653632e-13,0,0.00016810569929,nan,nan,2.39104177737e-05,nan,nan
4468,9.78442771775e-13,0,0.000150529450875,nan,nan,3.38132166804e-05,nan,nan
4472,9.73856525349e-13,0,0.000132793648669,nan,nan,4.42242835456e-05,nan,nan
4476,9.69300630486e-13,0,0.000115947717203,nan,nan,5.29079830144e-05,nan,nan
4480,9.64769634522e-13,0,0.000101489482688,nan,nan,5.86124644451e-05,nan,nan
4484,9.60265689077e-13,0,9.127450826e-05,nan,nan,6.06282416404e-05,nan,nan
4488,9.55791016826e-13,0,8.699098555e-05,nan,nan,5.85115663022e-05,nan,nan
4492,9.51343429113e-13,0,8.91351823103e-05,nan,nan,5.22281924919e-05,nan,nan
4496,9.46922894177e-13,0,9.64263394699e-05,nan,nan,4.20952451787e-05,nan,nan
4500,9.42527958584e-13,0,0.000106616895223,nan,nan,2.90735659667e-05,nan,nan
4504,9.38156994188e-13,0,0.00011765025109,nan,nan,1.64001398115e-05,nan,nan
4508,9.33821830042e-13,0,0.000127983004972,nan,nan,1.7076094966e-05,nan,nan
4512,9.29501710881e-13,0,0.000136505754923,nan,nan,3.14157432065e-05,nan,nan
4516,9.2521471039e-13,0,0.000142489863776,nan,nan,4.68274355332e-05,nan,nan
4520,9.20949167044e-13,0,0.000145497780588,nan,nan,5.95871692056e-05,nan,nan
4524,9.16712346464e-13,0,0.00014528847597,nan,nan,6.8288540772e-05,nan,nan
4528,9.12499331031e-13,0,0.000141875701789,nan,nan,7.28152449757e-05,nan,nan
4532,9.08312621748e-13,0,0.000135540367759,nan,nan,7.28766957808e-05,nan,nan
4536,9.04148390728e-13,0,0.000126761435509,nan,nan,6.79197029481e-05,nan,nan
4540,9.0001173409e-13,0,0.000116264389523,nan,nan,5.53899671823e-05,nan,nan
4544,8.95899361615e-13,0,0.000105162244229,nan,nan,3.2312126076e-05,nan,nan
4548,8.91808996987e-13,0,9.50189810079e-05,nan,nan,2.53992920071e-06,nan,nan
4552,8.87745903599e-13,0,8.76648776563e-05,nan,nan,3.99857243959e-05,nan,nan
4556,8.83706054595e-13,0,8.47152914971e-05,nan,nan,7.49662042123e-05,nan,nan
4560,8.79688382536e-13,0,8.68034591739e-05,nan,nan,9.52615119112e-05,nan,nan
4564,8.75697191451e-13,0,9.3022894437e-05,nan,nan,9.790006258e-05,nan,nan
4568,8.7172744603e-13,0,0.000101475509875,nan,nan,7.30866357497e-05,nan,nan
4572,8.67781103149e-13,0,0.000110229506779,nan,nan,7.96421840201e-05,nan,nan
4576,8.63860522151e-13,0,0.000117763133566,nan,nan,0.000178839981086,nan,nan
4580,8.59959473556e-13,0,0.000123003330464,nan,nan,0.000237612055624,nan,nan
4584,8.56084030658e-13,0,0.000125290591992,nan,nan,0.000193819047035,nan,nan
4588,8.5223043974e-13,0,0.000124331291491,nan,nan,7.72473843574e-05,nan,nan
4592,8.48398977868e-13,0,0.000120223073605,nan,nan,5.95179277542e-05,nan,nan
4596,8.44590069362e-13,0,0.000113428594069,nan,nan,0.00012899908597,nan,nan
4600,8.40804362028e-13,0,0.000104826012369,nan,nan,0.000175179442133,nan,nan
4604,8.3704018278e-13,0,9.57896070386e-05,nan,nan,0.000209071005131,nan,nan
4608,8.33296280089e-13,0,8.81264409319e-05,nan,nan,0.000220705791603,nan,nan
4612,8.29577090609e-13,0,8.37957840282e-05,nan,nan,0.000208880629111,nan,nan
4616,8.25875573819e-13,0,8.40865271789e-05,nan,nan,0.000177832093863,nan,nan
4620,8.22199996652e-13,0,8.87327177545e-05,nan,nan,0.000138853298024,nan,nan
4624,8.18543793325e-13,0,9.61095902616e-05,nan,nan,0.000113668873724,nan,nan
4628,8.14908155437e-13,0,0.000104146329029,nan,nan,0.000116647168866,nan,nan
4632,8.11292846836e-13,0,0.000111037726593,nan,nan,0.000137458185177,nan,nan
4636,8.07701532933e-13,0,0.000115529209541,nan,nan,0.000157927888419,nan,nan
4640,8.04126319417e-13,0,0.000116872358537,nan,nan,0.00016972369528,nan,nan
4644,8.00576477323e-13,0,0.000114835843501,nan,nan,0.000171087439446,nan,nan
4648,7.97042391395e-13,0,0.000109738890007,nan,nan,0.000163263466488,nan,nan
4652,7.93533937559e-13,0,0.00010240324487,nan,nan,0.000149481902315,nan,nan
4656,7.90040717635e-13,0,9.42967825216e-05,nan,nan,0.000133135246583,nan,nan
4660,7.865684936e-13,0,8.74285011007e-05,nan,nan,0.00011732049544,nan,nan
4664,7.83118782072e-13,0,8.3897009856e-05,nan,nan,0.00010382177626,nan,nan
4668,7.79686281702e-13,0,8.50118582089e-05,nan,nan,9.29174033615e-05,nan,nan
4672,7.76274812675e-13,0,9.02874673976e-05,nan,nan,8.40262853831e-05,nan,nan
4676,7.72879771569e-13,0,9.77856912572e-05,nan,nan,7.63036091116e-05,nan,nan
4680,7.69507386452e-13,0,0.000105305280532,nan,nan,6.96130425565e-05,nan,nan
4684,7.66152823656e-13,0,0.00011097644518,nan,nan,6.44597323306e-05,nan,nan
4688,7.62816681658e-13,0,0.000113590134487,nan,nan,6.16910708365e-05,nan,nan
4692,7.59502255662e-13,0,0.00011269750048,nan,nan,6.19171357965e-05,nan,nan
4696,7.56202582009e-13,0,0.000108401770994,nan,nan,6.48665472453e-05,nan,nan
4700,7.52923217072e-13,0,0.000101677114451,nan,nan,6.9646595258e-05,nan,nan
4704,7.49664457475e-13,0,9.42419594712e-05,nan,nan,7.52103591574e-05,nan,nan
4708,7.46420053468e-13,0,8.8317032529e-05,nan,nan,8.06561207751e-05,nan,nan
4712,7.43196171765e-13,0,8.63131911833e-05,nan,nan,8.53743002646e-05,nan,nan
4716,7.39990504097e-13,0,8.92201940497e-05,nan,nan,8.8930017236e-05,nan,nan
4720,7.36802023076e-13,0,9.58437487565e-05,nan,nan,9.10481518587e-05,nan,nan
4724,7.33632844358e-13,0,0.000103884355518,nan,nan,9.15579716137e-05,nan,nan
4728,7.30479562905e-13,0,0.000110598824345,nan,nan,9.03838145594e-05,nan,nan
4732,7.27344952807e-13,0,0.000113844481527,nan,nan,8.76011371105e-05,nan,nan
4736,7.2422730048e-13,0,0.000112927651107,nan,nan,8.33719067233e-05,nan,nan
4740,7.21126829788e-13,0,0.000107852599673,nan,nan,7.80548739398e-05,nan,nan
4744,7.18044930082e-13,0,0.000100441118651,nan,nan,7.21795732347e-05,nan,nan
4748,7.14978969811e-13,0,9.40003444847e-05,nan,nan,6.6438255087e-05,nan,nan
4752,7.11930121452e-13,0,9.13528550896e-05,nan,nan,6.1685145265e-05,nan,nan
4756,7.08898970454e-13,0,9.60303217721e-05,nan,nan,5.87791014659e-05,nan,nan
4760,7.05882859271e-13,0,0.000109341123682,nan,nan,5.82714913792e-05,nan,nan
4764,7.02885060928e-13,0,0.000127146966086,nan,nan,6.01366710423e-05,nan,nan
4768,6.99904594878e-13,0,0.000143711943715,nan,nan,6.37401126803e-05,nan,nan
4772,6.96937366721e-13,0,0.000151148065289,nan,nan,6.81550506215e-05,nan,nan
4776,6.9398959132e-13,0,0.000139585674252,nan,nan,7.24634567309e-05,nan,nan
4780,6.91057152857e-13,0,0.000110744482569,nan,nan,7.59588617564e-05,nan,nan
4784,6.88137744763e-13,0,7.23672305881e-05,nan,nan,7.81595969935e-05,nan,nan
4788,6.85240124166e-13,0,3.64566692828e-05,nan,nan,7.87470358378e-05,nan,nan
4792,6.82353379035e-13,0,0.000116028832509,nan,nan,7.76413635618e-05,nan,nan
4796,6.79485664182e-13,0,0.00024049631057,nan,nan,7.49645755642e-05,nan,nan
4800,6.76632030718e-13,0,0.000358960926909,nan,nan,7.10494475908e-05,nan,nan
4804,6.73794590332e-13,0,0.00043108834044,nan,nan,6.64429737476e-05,nan,nan
4808,6.70970705245e-13,0,0.000425595601317,nan,nan,6.19062677546e-05,nan,nan
4812,6.68165496183e-13,0,0.000354281898269,nan,nan,5.83738530076e-05,nan,nan
4816,6.65372906074e-13,0,0.000275693272981,nan,nan,5.66845412809e-05,nan,nan
4820,6.62595711053e-13,0,0.000233660881116,nan,nan,5.72443453026e-05,nan,nan
4824,6.59836501716e-13,0,0.000213058656009,nan,nan,5.97994499705e-05,nan,nan
4828,6.57088040122e-13,0,0.000196981670219,nan,nan,6.35548952508e-05,nan,nan
4832,6.54355974475e-13,0,0.000187340913866,nan,nan,6.75296023021e-05,nan,nan
4836,6.51640984234e-13,0,0.000180627711552,nan,nan,7.08730223913e-05,nan,nan
4840,6.48937412786e-13,0,0.000168405682653,nan,nan,7.29438471213e-05,nan,nan
4844,6.46249812131e-13,0,0.000148844256364,nan,nan,7.3389319366e-05,nan,nan
4848,6.43576031754e-13,0,0.0001247822827,nan,nan,7.21223472122e-05,nan,nan
4852,6.40919062234e-13,0,9.95038339067e-05,nan,nan,6.93226252348e-05,nan,nan
4856,6.38271148051e-13,0,7.84126674844e-05,nan,nan,6.5492351002e-05,nan,nan
4860,6.35643855845e-13,0,6.62775700578e-05,nan,nan,6.13885728433e-05,nan,nan
4864,6.33026316251e-13,0,6.2077267644e-05,nan,nan,5.80008101666e-05,nan,nan
4868,6.30424717943e-13,0,6.01649639091e-05,nan,nan,5.63153141408e-05,nan,nan
4872,6.27833997146e-13,0,5.60236958647e-05,nan,nan,5.68443492715e-05,nan,nan
4876,6.25261357501e-13,0,4.77929992944e-05,nan,nan,5.93959779395e-05,nan,nan
4880,6.22698437109e-13,0,3.60242237339e-05,nan,nan,6.31141059704e-05,nan,nan
4884,6.20152830721e-13,0,2.29752867354e-05,nan,nan,6.69145999792e-05,nan,nan
4888,6.17619332186e-13,0,1.1844120954e-05,nan,nan,6.98822509433e-05,nan,nan
4892,6.1509924381e-13,0,9.97293557452e-06,nan,nan,7.13557402032e-05,nan,nan
4896,6.12588324146e-13,0,1.53012390846e-05,nan,nan,7.10208525926e-05,nan,nan
4900,6.10100978464e-13,0,1.91024941381e-05,nan,nan,6.89679839089e-05,nan,nan
4904,6.07613253184e-13,0,1.97138662196e-05,nan,nan,6.55937295594e-05,nan,nan
4908,6.05151604891e-13,0,1.75822818779e-05,nan,nan,6.17347132163e-05,nan,nan
4912,6.02693782179e-13,0,1.36690152576e-05,nan,nan,5.85162699878e-05,nan,nan
4916,6.00255764077e-13,0,9.3224191858e-06,nan,nan,5.70075509034e-05,nan,nan
4920,5.978215868e-13,0,6.72100649677e-06,nan,nan,5.78647274915e-05,nan,nan
4924,5.95411805985e-13,0,7.43744855259e-06,nan,nan,6.08067466575e-05,nan,nan
4928,5.93002234661e-13,0,9.53580799094e-06,nan,nan,6.47772296037e-05,nan,nan
4932,5.90619364348e-13,0,1.10523812981e-05,nan,nan,6.86722483542e-05,nan,nan
4936,5.8823218651e-13,0,1.16150789185e-05,nan,nan,7.14175391379e-05,nan,nan
4940,5.85875731386e-13,0,1.13309364238e-05,nan,nan,7.22985644407e-05,nan,nan
4944,5.835137779e-13,0,1.06325064944e-05,nan,nan,7.11564998077e-05,nan,nan
4948,5.81180779797e-13,0,9.94678759685e-06,nan,nan,6.80326640341e-05,nan,nan
4952,5.78844461462e-13,0,9.59403043277e-06,nan,nan,6.37389996922e-05,nan,nan
4956,5.76533688456e-13,0,9.62512627227e-06,nan,nan,5.9663843188e-05,nan,nan
4960,5.74223499192e-13,0,9.84694620988e-06,nan,nan,5.70423918215e-05,nan,nan
4964,5.71935893354e-13,0,1.00801866784e-05,nan,nan,5.71303990318e-05,nan,nan
4968,5.69652997385e-13,0,1.01812784492e-05,nan,nan,6.04315061985e-05,nan,nan
4972,5.67383271188e-13,0,1.01735352138e-05,nan,nan,6.65086972519e-05,nan,nan
4976,5.6512642923e-13,0,1.00737335374e-05,nan,nan,7.54497247686e-05,nan,nan
4980,5.62878794398e-13,0,9.98204134411e-06,nan,nan,8.55159158296e-05,nan,nan
4984,5.6065092101e-13,0,9.91640435965e-06,nan,nan,9.27938616947e-05,nan,nan
4988,5.58419584935e-13,0,9.89586156917e-06,nan,nan,9.50847555718e-05,nan,nan
4992,5.56217136532e-13,0,9.9139378617e-06,nan,nan,9.02575311851e-05,nan,nan
4996,5.54008576519e-13,0,9.92743822932e-06,nan,nan,7.80200744137e-05,nan,nan
5000,5.51829518343e-13,0,9.94093331892e-06,nan,nan,6.4329071828e-05,nan,nan
5004,5.49643113241e-13,0,9.93678267592e-06,nan,nan,5.19570245236e-05,nan,nan
5008,5.47484121252e-13,0,9.92465895087e-06,nan,nan,4.06500968615e-05,nan,nan
5012,5.45326150259e-13,0,9.9075185314e-06,nan,nan,8.25563060574e-05,nan,nan
5016,5.4318101036e-13,0,9.89897352437e-06,nan,nan,0.000173507710767,nan,nan
5020,5.41052885918e-13,0,9.88926055486e-06,nan,nan,0.000257160849176,nan,nan
5024,5.38922682147e-13,0,9.89033181662e-06,nan,nan,0.000289417620844,nan,nan
5028,5.3681933956e-13,0,9.88953522165e-06,nan,nan,0.000261444592352,nan,nan
5032,5.3471085862e-13,0,9.89105737713e-06,nan,nan,0.000204666490309,nan,nan
5036,5.32628701747e-13,0,9.8936925048e-06,nan,nan,0.000162394892915,nan,nan
5040,5.30545487349e-13,0,9.89048756869e-06,nan,nan,0.000148850004397,nan,nan
5044,5.28474937138e-13,0,9.89486676939e-06,nan,nan,0.000146128158935,nan,nan
5048,5.26420628052e-13,0,9.89449871959e-06,nan,nan,0.000141764956733,nan,nan
5052,5.24367345198e-13,0,9.89702238086e-06,nan,nan,0.000134097645414,nan,nan
5056,5.2233869918e-13,0,9.9014795533e-06,nan,nan,0.000121086255374,nan,nan
5060,5.20300483877e-13,0,9.90920851292e-06,nan,nan,0.00010324747178,nan,nan
5064,5.18289729609e-13,0,9.91155832466e-06,nan,nan,8.58935234106e-05,nan,nan
5068,5.16283039577e-13,0,9.92211084294e-06,nan,nan,7.33315637637e-05,nan,nan
5072,5.14280435655e-13,0,9.93132911147e-06,nan,nan,6.60369663783e-05,nan,nan
5076,5.12302445144e-13,0,9.93656946341e-06,nan,nan,6.17151512597e-05,nan,nan
5080,5.103174087e-13,0,9.94990294941e-06,nan,nan,5.71255055406e-05,nan,nan
5084,5.08355709002e-13,0,9.96036287655e-06,nan,nan,4.99373468019e-05,nan,nan
5088,5.06397323636e-13,0,9.97117997473e-06,nan,nan,4.01228129156e-05,nan,nan
5092,5.04444231777e-13,0,9.98400943135e-06,nan,nan,2.92576101886e-05,nan,nan
5096,5.02516127842e-13,0,1.00003413311e-05,nan,nan,1.97588371372e-05,nan,nan
5100,5.00581671068e-13,0,1.00128070625e-05,nan,nan,1.52975604254e-05,nan,nan
5104,4.98664590888e-13,0,1.00302509559e-05,nan,nan,1.65468236302e-05,nan,nan
5108,4.96759518687e-13,0,1.00477268552e-05,nan,nan,1.87988105653e-05,nan,nan
5112,4.94851658746e-13,0,1.00651283982e-05,nan,nan,1.91149524022e-05,nan,nan
5116,4.92971133045e-13,0,1.00860588593e-05,nan,nan,1.70646706329e-05,nan,nan
5120,4.91084288401e-13,0,1.0104092442e-05,nan,nan,1.30791875721e-05,nan,nan
5124,4.89212759476e-13,0,1.01274203419e-05,nan,nan,8.06306926868e-06,nan,nan
5128,4.87357819917e-13,0,1.01501974053e-05,nan,nan,3.47717265687e-06,nan,nan
5132,4.85494479193e-13,0,1.01724091475e-05,nan,nan,3.71272242903e-06,nan,nan
5136,4.83659126774e-13,0,1.01968824018e-05,nan,nan,6.82630581074e-06,nan,nan
5140,4.81823361053e-13,0,1.02261682189e-05,nan,nan,8.96249202059e-06,nan,nan
5144,4.79990702064e-13,0,1.02506830513e-05,nan,nan,9.83918397508e-06,nan,nan
5148,4.7818363134e-13,0,1.02777235893e-05,nan,nan,9.61900822341e-06,nan,nan
5152,4.76371048073e-13,0,1.03121077414e-05,nan,nan,8.78965111807e-06,nan,nan
5156,4.74568317271e-13,0,1.0340472986e-05,nan,nan,7.88361432513e-06,nan,nan
5160,4.72788360761e-13,0,1.03708467016e-05,nan,nan,7.42604700018e-06,nan,nan
5164,4.71000358103e-13,0,1.04069311898e-05,nan,nan,7.56245586407e-06,nan,nan
5168,4.69225618014e-13,0,1.04416841645e-05,nan,nan,8.04396197849e-06,nan,nan
5172,4.67469436195e-13,0,1.04760029499e-05,nan,nan,8.5408088182e-06,nan,nan
5176,4.65707527064e-13,0,1.05142432207e-05,nan,nan,8.84900347002e-06,nan,nan
5180,4.63960040901e-13,0,1.05544323393e-05,nan,nan,8.98203295733e-06,nan,nan
5184,4.62229398435e-13,0,1.05949894528e-05,nan,nan,8.9867423878e-06,nan,nan
5188,4.60491898179e-13,0,1.06352820138e-05,nan,nan,8.98177590933e-06,nan,nan
5192,4.58772457695e-13,0,1.06790211565e-05,nan,nan,9.03676983892e-06,nan,nan
5196,4.57065426308e-13,0,1.07225420393e-05,nan,nan,9.17965818831e-06,nan,nan
5200,4.55350835682e-13,0,1.07705566897e-05,nan,nan,9.37133405549e-06,nan,nan
5204,4.53658109925e-13,0,1.0818761362e-05,nan,nan,9.58570428033e-06,nan,nan
5208,4.51975514099e-13,0,1.08653969171e-05,nan,nan,9.79419173449e-06,nan,nan
5212,4.50287909436e-13,0,1.09239042896e-05,nan,nan,9.98526751257e-06,nan,nan
5216,4.48615612292e-13,0,1.097629803e-05,nan,nan,1.01682292371e-05,nan,nan
5220,4.46959273347e-13,0,1.10243316735e-05,nan,nan,1.03481897227e-05,nan,nan
5224,4.45297390775e-13,0,1.10817552176e-05,nan,nan,1.05496606729e-05,nan,nan
5228,4.43645915006e-13,0,1.11396501972e-05,nan,nan,1.07636327934e-05,nan,nan
5232,4.42015847119e-13,0,1.11973194448e-05,nan,nan,1.10051864443e-05,nan,nan
5236,4.40376373365e-13,0,1.12611529993e-05,nan,nan,1.12557267929e-05,nan,nan
5240,4.38750447114e-13,0,1.13299459151e-05,nan,nan,1.15212674729e-05,nan,nan
5244,4.37139761407e-13,0,1.14010418809e-05,nan,nan,1.18053006375e-05,nan,nan
5248,4.35529302352e-13,0,1.1472085205e-05,nan,nan,1.20934841854e-05,nan,nan
5252,4.3392272125e-13,0,1.15402088235e-05,nan,nan,1.23888467967e-05,nan,nan
5256,4.32332581392e-13,0,1.16102143916e-05,nan,nan,1.27052850699e-05,nan,nan
5260,4.30750372983e-13,0,1.16869908325e-05,nan,nan,1.30480746608e-05,nan,nan
5264,4.29166624783e-13,0,1.17709372915e-05,nan,nan,1.34072436033e-05,nan,nan
5268,4.27594232528e-13,0,1.18522803319e-05,nan,nan,1.37972515809e-05,nan,nan
5272,4.26038048245e-13,0,1.19302708918e-05,nan,nan,1.42108358632e-05,nan,nan
5276,4.24478030585e-13,0,1.20159381428e-05,nan,nan,1.46601233492e-05,nan,nan
5280,4.22923885131e-13,0,1.21075439486e-05,nan,nan,1.51602453408e-05,nan,nan
5284,4.21388672736e-13,0,1.21986366483e-05,nan,nan,1.57193903618e-05,nan,nan
5288,4.19857238909e-13,0,1.22948844379e-05,nan,nan,1.63441859015e-05,nan,nan
5292,4.18324228557e-13,0,1.23950528564e-05,nan,nan,1.70547279999e-05,nan,nan
5296,4.16804167896e-13,0,1.24921278624e-05,nan,nan,1.78762783469e-05,nan,nan
5300,4.15295333098e-13,0,1.25972482635e-05,nan,nan,1.88251187556e-05,nan,nan
5304,4.13791439998e-13,0,1.2709962742e-05,nan,nan,1.99297511661e-05,nan,nan
5308,4.12286296431e-13,0,1.28196644748e-05,nan,nan,2.12145458738e-05,nan,nan
5312,4.10798074206e-13,0,1.29340127565e-05,nan,nan,2.27105179687e-05,nan,nan
5316,4.09317734854e-13,0,1.30570263721e-05,nan,nan,2.44359403655e-05,nan,nan
5320,4.07839594603e-13,0,1.31803758329e-05,nan,nan,2.64217511248e-05,nan,nan
5324,4.0636140999e-13,0,1.33063405706e-05,nan,nan,2.86929576978e-05,nan,nan
5328,4.04902476126e-13,0,1.34417808409e-05,nan,nan,3.12596500163e-05,nan,nan
5332,4.03450953869e-13,0,1.35800457993e-05,nan,nan,3.41376334545e-05,nan,nan
5336,4.01995505987e-13,0,1.37208321381e-05,nan,nan,3.73431731934e-05,nan,nan
5340,4.00550072359e-13,0,1.38684742112e-05,nan,nan,4.08748072845e-05,nan,nan
5344,3.99116310997e-13,0,1.40234936206e-05,nan,nan,4.47239966611e-05,nan,nan
5348,3.97691001541e-13,0,1.41822592245e-05,nan,nan,4.8897673573e-05,nan,nan
5352,3.96264680287e-13,0,1.4345113302e-05,nan,nan,5.33736045276e-05,nan,nan
5356,3.94842248405e-13,0,1.4517192976e-05,nan,nan,5.81256133847e-05,nan,nan
5360,3.93435927874e-13,0,1.46971558587e-05,nan,nan,6.3135435213e-05,nan,nan
5364,3.92037338277e-13,0,1.48798818543e-05,nan,nan,6.83669925906e-05,nan,nan
5368,3.90638129307e-13,0,1.50697724528e-05,nan,nan,7.37695899705e-05,nan,nan
5372,3.89243845383e-13,0,1.52733910867e-05,nan,nan,7.92971441573e-05,nan,nan
5376,3.87860054749e-13,0,1.54811250486e-05,nan,nan,8.48967006541e-05,nan,nan
5380,3.86487128755e-13,0,1.56935718537e-05,nan,nan,9.04933032481e-05,nan,nan
5384,3.85113995606e-13,0,1.59215625654e-05,nan,nan,9.60161444313e-05,nan,nan
5388,3.83747435524e-13,0,1.61601170119e-05,nan,nan,0.000101387939327,nan,nan
5392,3.82386396477e-13,0,1.64016645887e-05,nan,nan,0.000106523408827,nan,nan
5396,3.81035479536e-13,0,1.66562879207e-05,nan,nan,0.000111325043959,nan,nan
5400,3.79693387922e-13,0,1.69279220548e-05,nan,nan,0.000115700110769,nan,nan
5404,3.78350508049e-13,0,1.72067678077e-05,nan,nan,0.000119559662738,nan,nan
5408,3.77015121941e-13,0,1.749618468e-05,nan,nan,0.000122798041851,nan,nan
5412,3.75685815787e-13,0,1.7803454421e-05,nan,nan,0.00012531874015,nan,nan
5416,3.74365838612e-13,0,1.81263283205e-05,nan,nan,0.000127042654827,nan,nan
5420,3.73052682517e-13,0,1.84599696148e-05,nan,nan,0.00012788236645,nan,nan
5424,3.71740905073e-13,0,1.88068779117e-05,nan,nan,0.000127752366838,nan,nan
5428,3.70433557137e-13,0,1.91723268781e-05,nan,nan,0.000126605160671,nan,nan
5432,3.69137118872e-13,0,1.95575024927e-05,nan,nan,0.000124399608475,nan,nan
5436,3.67846768134e-13,0,1.99583204029e-05,nan,nan,0.000121100390932,nan,nan
5440,3.66562874885e-13,0,2.03762096614e-05,nan,nan,0.000116715447843,nan,nan
5444,3.65280276914e-13,0,2.08217681239e-05,nan,nan,0.000111279329335,nan,nan
5448,3.64001803722e-13,0,2.12916798194e-05,nan,nan,0.000104841566918,nan,nan
5452,3.62734912358e-13,0,2.17764075531e-05,nan,nan,9.74979411822e-05,nan,nan
5456,3.61474431779e-13,0,2.22846012239e-05,nan,nan,8.94048370591e-05,nan,nan
5460,3.60215202396e-13,0,2.28322488165e-05,nan,nan,8.07822591151e-05,nan,nan
5464,3.58966596517e-13,0,2.34202531585e-05,nan,nan,7.19208908089e-05,nan,nan
5468,3.57718196706e-13,0,2.40526027533e-05,nan,nan,6.32282401939e-05,nan,nan
5472,3.56474228524e-13,0,2.47489407231e-05,nan,nan,5.52817291165e-05,nan,nan
5476,3.5524099893e-13,0,2.5525327851e-05,nan,nan,4.88396584623e-05,nan,nan
5480,3.54012891392e-13,0,2.6390248225e-05,nan,nan,4.47843983735e-05,nan,nan
5484,3.52790843385e-13,0,2.73574881376e-05,nan,nan,4.38086193375e-05,nan,nan
5488,3.51573207726e-13,0,2.84535589851e-05,nan,nan,4.58558168278e-05,nan,nan
5492,3.50356129574e-13,0,2.97175094235e-05,nan,nan,5.00951315605e-05,nan,nan
5496,3.49148946541e-13,0,3.11896970234e-05,nan,nan,5.54830434789e-05,nan,nan
5500,3.47945685151e-13,0,3.28965586031e-05,nan,nan,6.11212384108e-05,nan,nan
5504,3.46752923763e-13,0,3.48618592098e-05,nan,nan,6.63268423936e-05,nan,nan
5508,3.45560942611e-13,0,3.71272518109e-05,nan,nan,7.06211381225e-05,nan,nan
5512,3.44373702476e-13,0,3.97379807782e-05,nan,nan,7.36862247223e-05,nan,nan
5516,3.43195469968e-13,0,4.27222911489e-05,nan,nan,7.53300468656e-05,nan,nan
5520,3.42016451059e-13,0,4.61003106853e-05,nan,nan,7.54402161363e-05,nan,nan
5524,3.40844745051e-13,0,4.98901892164e-05,nan,nan,7.39825489262e-05,nan,nan
5528,3.39680805603e-13,0,5.41032309315e-05,nan,nan,7.10362477972e-05,nan,nan
5532,3.38521325295e-13,0,5.8744740185e-05,nan,nan,6.6777722676e-05,nan,nan
5536,3.37369223087e-13,0,6.381602318e-05,nan,nan,6.14897319027e-05,nan,nan
5540,3.36217742071e-13,0,6.93010598695e-05,nan,nan,5.56083993728e-05,nan,nan
5544,3.35072650061e-13,0,7.51732874034e-05,nan,nan,4.97553944735e-05,nan,nan
5548,3.33933130807e-13,0,8.14061002755e-05,nan,nan,4.47708565664e-05,nan,nan
5552,3.32797156226e-13,0,8.79613051188e-05,nan,nan,4.16384285311e-05,nan,nan
5556,3.3166698527e-13,0,9.47850705357e-05,nan,nan,4.11192025001e-05,nan,nan
5560,3.30543335438e-13,0,0.000101817952622,nan,nan,4.32651735639e-05,nan,nan
5564,3.29424860401e-13,0,0.000108994814895,nan,nan,4.7349591748e-05,nan,nan
5568,3.28309242443e-13,0,0.000116231318373,nan,nan,5.23233645302e-05,nan,nan
5572,3.27200512675e-13,0,0.000123440156753,nan,nan,5.72504045889e-05,nan,nan
5576,3.26094472354e-13,0,0.00013052821339,nan,nan,6.14230352376e-05,nan,nan
5580,3.24994913361e-13,0,0.000137389255361,nan,nan,6.43427430055e-05,nan,nan
5584,3.23898508758e-13,0,0.000143909229828,nan,nan,6.56965336661e-05,nan,nan
5588,3.22807307656e-13,0,0.000149977545051,nan,nan,6.53276259117e-05,nan,nan
5592,3.2171990302e-13,0,0.000155475895689,nan,nan,6.32223895861e-05,nan,nan
5596,3.20641488782e-13,0,0.000160279326271,nan,nan,5.95366575473e-05,nan,nan
5600,3.19564676797e-13,0,0.000164274964192,nan,nan,5.46096401614e-05,nan,nan
5604,3.18492461384e-13,0,0.000167350824778,nan,nan,4.90020714452e-05,nan,nan
5608,3.1742670618e-13,0,0.000169397613397,nan,nan,4.35891990848e-05,nan,nan
5612,3.16363780556e-13,0,0.000170320502442,nan,nan,3.95544969024e-05,nan,nan
5616,3.15307024621e-13,0,0.000170045049634,nan,nan,3.8117030974e-05,nan,nan
5620,3.14250395481e-13,0,0.000168504576904,nan,nan,3.98154111749e-05,nan,nan
5624,3.13204813778e-13,0,0.000165657334432,nan,nan,4.400106027e-05,nan,nan
5628,3.12157956882e-13,0,0.000161495719497,nan,nan,4.93790425561e-05,nan,nan
5632,3.11118594442e-13,0,0.000156035555409,nan,nan,5.47270365684e-05,nan,nan
5636,3.10084552203e-13,0,0.000149325077934,nan,nan,5.91113866626e-05,nan,nan
5640,3.09053101437e-13,0,0.000141461964454,nan,nan,6.19036532539e-05,nan,nan
5644,3.08026694374e-13,0,0.000132589371619,nan,nan,6.27254212554e-05,nan,nan
5648,3.07006041451e-13,0,0.00012289791234,nan,nan,6.14024897556e-05,nan,nan
5652,3.05987346318e-13,0,0.000112654681918,nan,nan,5.79991305996e-05,nan,nan
5656,3.04975864523e-13,0,0.000102214196132,nan,nan,5.28376884059e-05,nan,nan
5660,3.03965947298e-13,0,9.20256523536e-05,nan,nan,4.65672845003e-05,nan,nan
5664,3.02962022491e-13,0,8.26618836996e-05,nan,nan,4.03253041699e-05,nan,nan
5668,3.01962699093e-13,0,7.48268865153e-05,nan,nan,3.58690833653e-05,nan,nan
5672,3.00964682189e-13,0,6.92528916487e-05,nan,nan,3.51287268248e-05,nan,nan
5676,2.99974292735e-13,0,6.65087860746e-05,nan,nan,3.86558026239e-05,nan,nan
5680,2.98986430003e-13,0,6.67207331699e-05,nan,nan,4.49920164462e-05,nan,nan
5684,2.98002858511e-13,0,6.94326925294e-05,nan,nan,5.21146302121e-05,nan,nan
5688,2.97023589485e-13,0,7.37978524677e-05,nan,nan,5.84535074867e-05,nan,nan
5692,2.9605035299e-13,0,7.89164011501e-05,nan,nan,6.29470507207e-05,nan,nan
5696,2.95079856538e-13,0,8.40156601157e-05,nan,nan,6.48993715093e-05,nan,nan
5700,2.94112988701e-13,0,8.85020282582e-05,nan,nan,6.38937057473e-05,nan,nan
5704,2.93148566312e-13,0,9.19579147123e-05,nan,nan,5.98106595372e-05,nan,nan
5708,2.92190654032e-13,0,9.41149560039e-05,nan,nan,5.28219493509e-05,nan,nan
5712,2.9123679788e-13,0,9.481347658e-05,nan,nan,4.3520290518e-05,nan,nan
5716,2.90286973737e-13,0,9.40162366329e-05,nan,nan,3.33301901985e-05,nan,nan
5720,2.89341667276e-13,0,9.18079558697e-05,nan,nan,2.56372559771e-05,nan,nan
5724,2.88399180012e-13,0,8.8370885258e-05,nan,nan,2.63730902647e-05,nan,nan
5728,2.87460284457e-13,0,8.39812203541e-05,nan,nan,3.59459894507e-05,nan,nan
5732,2.86522939859e-13,0,7.90316606623e-05,nan,nan,4.88611996485e-05,nan,nan
5736,2.85596425758e-13,0,7.40381798087e-05,nan,nan,6.16202555327e-05,nan,nan
5740,2.8466908837e-13,0,6.9584904218e-05,nan,nan,7.24487699329e-05,nan,nan
5744,2.83746384213e-13,0,6.6249377846e-05,nan,nan,8.01931500409e-05,nan,nan
5748,2.82827845954e-13,0,6.44926304995e-05,nan,nan,8.40695098185e-05,nan,nan
5752,2.81912799839e-13,0,6.44954987261e-05,nan,nan,8.35707107848e-05,nan,nan
5756,2.81001939398e-13,0,6.60630271514e-05,nan,nan,7.84612705378e-05,nan,nan
5760,2.80093381889e-13,0,6.87047087741e-05,nan,nan,6.88379706371e-05,nan,nan
5764,2.79191763916e-13,0,7.18070739966e-05,nan,nan,5.50193173963e-05,nan,nan
5768,2.78289681295e-13,0,7.47891560544e-05,nan,nan,3.7651705927e-05,nan,nan
5772,2.77396745858e-13,0,7.71737656901e-05,nan,nan,1.7651022302e-05,nan,nan
5776,2.76504225305e-13,0,7.86288238727e-05,nan,nan,4.7026267623e-06,nan,nan
5780,2.7561439258e-13,0,7.897526721e-05,nan,nan,2.63846429151e-05,nan,nan
5784,2.74729218969e-13,0,7.81791178182e-05,nan,nan,4.76664436975e-05,nan,nan
5788,2.73848763382e-13,0,7.63458292614e-05,nan,nan,6.69987265149e-05,nan,nan
5792,2.72971744527e-13,0,7.37179254647e-05,nan,nan,8.33108097445e-05,nan,nan
5796,2.72098532061e-13,0,7.06520766205e-05,nan,nan,9.58060482971e-05,nan,nan
5800,2.712256698e-13,0,6.76061161958e-05,nan,nan,0.000103681920701,nan,nan
5804,2.70361678592e-13,0,6.50595954588e-05,nan,nan,0.000106447931822,nan,nan
5808,2.69498123828e-13,0,6.34352552474e-05,nan,nan,0.00010370301497,nan,nan
5812,2.68639226897e-13,0,6.29712356137e-05,nan,nan,9.5383794264e-05,nan,nan
5816,2.67782054141e-13,0,6.36393069147e-05,nan,nan,8.22829475881e-05,nan,nan
5820,2.66931920529e-13,0,6.51633729413e-05,nan,nan,6.56552225962e-05,nan,nan
5824,2.66079387933e-13,0,6.71083204165e-05,nan,nan,4.77270597749e-05,nan,nan
5828,2.65236545933e-13,0,6.90140498085e-05,nan,nan,3.06085484354e-05,nan,nan
5832,2.64394299846e-13,0,7.04888676132e-05,nan,nan,1.51427192984e-05,nan,nan
5836,2.63556410597e-13,0,7.12662289751e-05,nan,nan,7.16643575969e-06,nan,nan
5840,2.62721855719e-13,0,7.1221472815e-05,nan,nan,2.28433475341e-05,nan,nan
5844,2.61889701306e-13,0,7.03883580515e-05,nan,nan,4.47578866705e-05,nan,nan
5848,2.61060648678e-13,0,6.89247196267e-05,nan,nan,6.76002516774e-05,nan,nan
5852,2.60237806656e-13,0,6.71159485641e-05,nan,nan,8.74546305178e-05,nan,nan
5856,2.59414422745e-13,0,6.53065505269e-05,nan,nan,9.83010307599e-05,nan,nan
5860,2.58597365542e-13,0,6.38435608294e-05,nan,nan,9.78072705588e-05,nan,nan
5864,2.57783413853e-13,0,6.30002511833e-05,nan,nan,8.89719675236e-05,nan,nan
5868,2.56971633205e-13,0,6.28773000009e-05,nan,nan,6.49502815681e-05,nan,nan
5872,2.56163048898e-13,0,6.34010678998e-05,nan,nan,2.75771675632e-05,nan,nan
5876,2.55359451554e-13,0,6.43393878968e-05,nan,nan,9.28485827787e-05,nan,nan
5880,2.54557437944e-13,0,6.53849598628e-05,nan,nan,0.000178783116001,nan,nan
5884,2.53757024717e-13,0,6.62568747255e-05,nan,nan,0.000226157067598,nan,nan
5888,2.5296656386e-13,0,6.6749311857e-05,nan,nan,0.000216835879123,nan,nan
5892,2.52171219226e-13,0,6.67746835255e-05,nan,nan,0.000169755022424,nan,nan
5896,2.51383665749e-13,0,6.63766988242e-05,nan,nan,0.000123149791325,nan,nan
5900,2.5059955287e-13,0,6.5690723829e-05,nan,nan,9.94875209808e-05,nan,nan
5904,2.49814756219e-13,0,6.49190174362e-05,nan,nan,9.29725104881e-05,nan,nan
5908,2.49038841273e-13,0,6.4272791388e-05,nan,nan,9.48012865466e-05,nan,nan
5912,2.48261325806e-13,0,6.38848972618e-05,nan,nan,0.00010155286722,nan,nan
5916,2.47489776311e-13,0,6.38058724113e-05,nan,nan,0.000108995101275,nan,nan
5920,2.46717310201e-13,0,6.39643955257e-05,nan,nan,0.000112305942792,nan,nan
5924,2.45954542663e-13,0,6.4205484783e-05,nan,nan,0.000110242326135,nan,nan
5928,2.4518763526e-13,0,6.43865596703e-05,nan,nan,0.00010404230444,nan,nan
5932,2.44429862473e-13,0,6.43856854209e-05,nan,nan,9.43962153618e-05,nan,nan
5936,2.43672102086e-13,0,6.41887971041e-05,nan,nan,8.20769743997e-05,nan,nan
5940,2.42916232801e-13,0,6.38967939494e-05,nan,nan,6.80839685713e-05,nan,nan
5944,2.42166166781e-13,0,6.36540769161e-05,nan,nan,5.28563120335e-05,nan,nan
5948,2.41419633058e-13,0,6.36495669448e-05,nan,nan,3.71364410464e-05,nan,nan
5952,2.40671059072e-13,0,6.39921743053e-05,nan,nan,2.19969159568e-05,nan,nan
5956,2.39931008055e-13,0,6.46369332752e-05,nan,nan,8.26346449862e-06,nan,nan
5960,2.39190969236e-13,0,6.54310422654e-05,nan,nan,3.98239266906e-06,nan,nan
5964,2.38454820277e-13,0,6.60968773438e-05,nan,nan,1.29283726462e-05,nan,nan
5968,2.37721361569e-13,0,6.63374489378e-05,nan,nan,1.95585345383e-05,nan,nan
5972,2.36991141871e-13,0,6.60004399175e-05,nan,nan,2.39507194412e-05,nan,nan
5976,2.36262918647e-13,0,6.50459235324e-05,nan,nan,2.66161371186e-05,nan,nan
5980,2.35538840754e-13,0,6.36906553421e-05,nan,nan,2.82139716733e-05,nan,nan
5984,2.34816649641e-13,0,6.2400205928e-05,nan,nan,2.9171882295e-05,nan,nan
5988,2.34097758769e-13,0,6.1668838427e-05,nan,nan,2.97433974759e-05,nan,nan
5992,2.3338226359e-13,0,6.19756325528e-05,nan,nan,3.00043790573e-05,nan,nan
5996,2.32667838149e-13,0,6.3470089107e-05,nan,nan,2.98618272853e-05,nan,nan
6000,2.31957176298e-13,0,6.57804097877e-05,nan,nan,2.93216707507e-05,nan,nan
6004,2.31250411529e-13,0,6.83516148171e-05,nan,nan,2.84220530028e-05,nan,nan
6008,2.30545797018e-13,0,7.04344783772e-05,nan,nan,2.72247508691e-05,nan,nan
6012,2.29843916822e-13,0,7.12939019002e-05,nan,nan,2.58299345857e-05,nan,nan
6016,2.29143579879e-13,0,7.06007377656e-05,nan,nan,2.42414352349e-05,nan,nan
6020,2.28448897979e-13,0,6.82065116881e-05,nan,nan,2.24699627609e-05,nan,nan
6024,2.27753061913e-13,0,6.45360858875e-05,nan,nan,2.05739963714e-05,nan,nan
6028,2.27062052705e-13,0,6.08609563549e-05,nan,nan,1.87245439309e-05,nan,nan
6032,2.26374379716e-13,0,5.83852819027e-05,nan,nan,1.73502553622e-05,nan,nan
6036,2.25689313658e-13,0,5.80556558055e-05,nan,nan,1.69931754106e-05,nan,nan
6040,2.25006238149e-13,0,6.03825664602e-05,nan,nan,1.80139902476e-05,nan,nan
6044,2.2432527439e-13,0,6.5259444287e-05,nan,nan,2.02616993445e-05,nan,nan
6048,2.23646299064e-13,0,7.35689039386e-05,nan,nan,2.31554807714e-05,nan,nan
6052,2.22973450883e-13,0,8.514451366e-05,nan,nan,2.60795464123e-05,nan,nan
6056,2.2230065876e-13,0,9.564989608e-05,nan,nan,2.85101643715e-05,nan,nan
6060,2.21629862635e-13,0,0.000101182363979,nan,nan,3.00426528344e-05,nan,nan
6064,2.20965552653e-13,0,9.98315681164e-05,nan,nan,3.03946567378e-05,nan,nan
6068,2.20297877225e-13,0,9.3131307073e-05,nan,nan,2.9369830876e-05,nan,nan
6072,2.19636382231e-13,0,8.92872157828e-05,nan,nan,2.68828274544e-05,nan,nan
6076,2.18978261812e-13,0,9.29454102267e-05,nan,nan,2.29620108196e-05,nan,nan
6080,2.1832197665e-13,0,9.0542687813e-05,nan,nan,1.77937792342e-05,nan,nan
6084,2.17666214129e-13,0,7.19486546361e-05,nan,nan,1.19680917204e-05,nan,nan
6088,2.17015454332e-13,0,0.000121416621667,nan,nan,7.82413544187e-06,nan,nan
6092,2.16364617786e-13,0,0.000226601828802,nan,nan,1.07368498216e-05,nan,nan
6096,2.15720809051e-13,0,0.000288729666087,nan,nan,1.81405776579e-05,nan,nan
6100,2.15075425172e-13,0,0.000271212425574,nan,nan,2.63893764143e-05,nan,nan
6104,2.1443214981e-13,0,0.000205415903943,nan,nan,3.43105070481e-05,nan,nan
6108,2.13795057091e-13,0,0.000151664299916,nan,nan,4.12585763199e-05,nan,nan
6112,2.13157139968e-13,0,0.000141652572997,nan,nan,4.67178923211e-05,nan,nan
6116,2.1252239173e-13,0,0.000162985499389,nan,nan,5.02795074549e-05,nan,nan
6120,2.11892473539e-13,0,0.000188839729475,nan,nan,5.16437137434e-05,nan,nan
6124,2.11262475829e-13,0,0.00020284075771,nan,nan,5.06581511111e-05,nan,nan
6128,2.1063490382e-13,0,0.000195359108747,nan,nan,4.73814556344e-05,nan,nan
6132,2.10008623203e-13,0,0.000162283452451,nan,nan,4.2166630648e-05,nan,nan
6136,2.09389729475e-13,0,0.000110082721616,nan,nan,3.59168899264e-05,nan,nan
6140,2.08768313369e-13,0,5.10044134649e-05,nan,nan,3.05348196991e-05,nan,nan
6144,2.08151561871e-13,0,3.35104844097e-05,nan,nan,2.92621176836e-05,nan,nan
6148,2.07535639562e-13,0,8.12567567874e-05,nan,nan,3.43176364516e-05,nan,nan
6152,2.06923766881e-13,0,0.000122118108115,nan,nan,4.4132553973e-05,nan,nan
6156,2.06311915176e-13,0,0.000146461030604,nan,nan,5.59669493743e-05,nan,nan
6160,2.05706217911e-13,0,0.000152556163545,nan,nan,6.789488259e-05,nan,nan
6164,2.050989874e-13,0,0.000142800962223,nan,nan,7.86512269873e-05,nan,nan
6168,2.04494436059e-13,0,0.000122346633015,nan,nan,8.73250187891e-05,nan,nan
6172,2.0389681234e-13,0,9.97102042908e-05,nan,nan,9.3288385577e-05,nan,nan
6176,2.03294497468e-13,0,8.61681041217e-05,nan,nan,9.61166843125e-05,nan,nan
6180,2.02701538876e-13,0,8.88171286729e-05,nan,nan,9.565118601e-05,nan,nan
6184,2.02102608289e-13,0,0.000102135415967,nan,nan,9.19969696596e-05,nan,nan
6188,2.01514352968e-13,0,0.000116035449356,nan,nan,8.55437099767e-05,nan,nan
6192,2.00923823602e-13,0,0.000125056944007,nan,nan,7.70575184502e-05,nan,nan
6196,2.00334150149e-13,0,0.000127575938623,nan,nan,6.76738505489e-05,nan,nan
6200,1.99752891119e-13,0,0.000124355302527,nan,nan,5.90142827864e-05,nan,nan
6204,1.99163831845e-13,0,0.000117295782077,nan,nan,5.29590000834e-05,nan,nan
6208,1.98589384106e-13,0,0.000108560209286,nan,nan,5.09590693414e-05,nan,nan
6212,1.9800634116e-13,0,0.000100007483377,nan,nan,5.28841074804e-05,nan,nan
6216,1.97430799227e-13,0,9.24960596668e-05,nan,nan,5.70643995762e-05,nan,nan
6220,1.96858769424e-13,0,8.60053882794e-05,nan,nan,6.15651692774e-05,nan,nan
6224,1.9628330459e-13,0,7.98483438592e-05,nan,nan,6.48517286924e-05,nan,nan
6228,1.95715250747e-13,0,7.33101398689e-05,nan,nan,6.60251903773e-05,nan,nan
6232,1.95145296215e-13,0,6.60479971933e-05,nan,nan,6.45665322826e-05,nan,nan
6236,1.94581798526e-13,0,5.81331691422e-05,nan,nan,6.05587164659e-05,nan,nan
6240,1.94017946137e-13,0,5.01240351709e-05,nan,nan,5.47433880145e-05,nan,nan
6244,1.93455537185e-13,0,4.28935892755e-05,nan,nan,4.84328187867e-05,nan,nan
6248,1.92898502369e-13,0,3.76018562561e-05,nan,nan,4.35323713554e-05,nan,nan
6252,1.9233576198e-13,0,3.53722735786e-05,nan,nan,4.15583828608e-05,nan,nan
6256,1.9178498031e-13,0,3.65530668118e-05,nan,nan,4.30916613056e-05,nan,nan
6260,1.91232621416e-13,0,4.04240902816e-05,nan,nan,4.76243502535e-05,nan,nan
6264,1.90677605783e-13,0,4.57819112747e-05,nan,nan,5.25870447312e-05,nan,nan
6268,1.90131562276e-13,0,5.16025256442e-05,nan,nan,5.42143727477e-05,nan,nan
6272,1.89583473251e-13,0,5.71941256817e-05,nan,nan,4.87708806894e-05,nan,nan
6276,1.89037482702e-13,0,6.20602359405e-05,nan,nan,3.36503921687e-05,nan,nan
6280,1.8849619784e-13,0,6.58741939926e-05,nan,nan,1.3499053875e-05,nan,nan
6284,1.87953407092e-13,0,6.83971257551e-05,nan,nan,2.16820144163e-05,nan,nan
6288,1.87415205682e-13,0,6.94717721186e-05,nan,nan,4.92321494517e-05,nan,nan
6292,1.86880646453e-13,0,6.90405574325e-05,nan,nan,7.09009762995e-05,nan,nan
6296,1.86343528167e-13,0,6.71019661836e-05,nan,nan,6.47629636349e-05,nan,nan
6300,1.85812281068e-13,0,6.37513570163e-05,nan,nan,2.85761290049e-05,nan,nan
6304,1.85279598848e-13,0,5.9166635013e-05,nan,nan,5.33330496359e-05,nan,nan
6308,1.8474974534e-13,0,5.36273835263e-05,nan,nan,9.63780528458e-05,nan,nan
6312,1.84225301715e-13,0,4.75497609251e-05,nan,nan,0.000107013376498,nan,nan
6316,1.83697853113e-13,0,4.15380182866e-05,nan,nan,9.48335605198e-05,nan,nan
6320,1.83174983682e-13,0,3.64602499241e-05,nan,nan,8.18255332295e-05,nan,nan
6324,1.82654512839e-13,0,3.33855688521e-05,nan,nan,7.56726882988e-05,nan,nan
6328,1.82134969904e-13,0,3.31741473875e-05,nan,nan,7.26822488013e-05,nan,nan
6332,1.81617539225e-13,0,3.57807710513e-05,nan,nan,7.01340565097e-05,nan,nan
6336,1.81104016228e-13,0,4.02578161347e-05,nan,nan,6.51620892927e-05,nan,nan
6340,1.80587989654e-13,0,4.54729187577e-05,nan,nan,5.44771297165e-05,nan,nan
6344,1.80077191072e-13,0,5.05216669821e-05,nan,nan,3.78203019852e-05,nan,nan
6348,1.79567479299e-13,0,5.47697483815e-05,nan,nan,1.76619532284e-05,nan,nan
6352,1.79056863003e-13,0,5.78019599333e-05,nan,nan,6.21159609839e-06,nan,nan
6356,1.78551816984e-13,0,5.93499848811e-05,nan,nan,2.46588383703e-05,nan,nan
6360,1.78050618011e-13,0,5.92776685451e-05,nan,nan,4.01959206973e-05,nan,nan
6364,1.7754515387e-13,0,5.75736497527e-05,nan,nan,5.03428868714e-05,nan,nan
6368,1.77045626297e-13,0,5.43471607659e-05,nan,nan,5.43948069451e-05,nan,nan
6372,1.76549256109e-13,0,4.98482910939e-05,nan,nan,5.27411871786e-05,nan,nan
6376,1.76049537123e-13,0,4.44913983664e-05,nan,nan,4.67523051961e-05,nan,nan
6380,1.75552683777e-13,0,3.8943799096e-05,nan,nan,3.83597014947e-05,nan,nan
6384,1.75060450936e-13,0,3.41846442586e-05,nan,nan,3.00455192526e-05,nan,nan
6388,1.7457091099e-13,0,3.14518172962e-05,nan,nan,2.44258487232e-05,nan,nan
6392,1.74078696495e-13,0,3.17058142701e-05,nan,nan,2.30260125635e-05,nan,nan
6396,1.73593219737e-13,0,3.47761729672e-05,nan,nan,2.48288902871e-05,nan,nan
6400,1.73107678482e-13,0,3.95195677144e-05,nan,nan,2.78302820614e-05,nan,nan
6404,1.7261981161e-13,0,4.46947379652e-05,nan,nan,3.10307952512e-05,nan,nan
6408,1.72138036568e-13,0,4.93482414476e-05,nan,nan,3.42456566245e-05,nan,nan
6412,1.71658059352e-13,0,5.28390645246e-05,nan,nan,3.73016778468e-05,nan,nan
6416,1.71178664324e-13,0,5.47672254189e-05,nan,nan,3.98116255998e-05,nan,nan
6420,1.70700371701e-13,0,5.49200007001e-05,nan,nan,4.12116001796e-05,nan,nan
6424,1.70226706118e-13,0,5.32604097496e-05,nan,nan,4.09285100423e-05,nan,nan
6428,1.69750967065e-13,0,4.99103923137e-05,nan,nan,3.86074474128e-05,nan,nan
6432,1.69278396976e-13,0,4.52061767561e-05,nan,nan,3.41374049001e-05,nan,nan
6436,1.68806430094e-13,0,3.97464931857e-05,nan,nan,2.77195685275e-05,nan,nan
6440,1.68339740726e-13,0,3.44764966574e-05,nan,nan,1.99135812303e-05,nan,nan
6444,1.67872027154e-13,0,3.07696119207e-05,nan,nan,1.21977161004e-05,nan,nan
6448,1.67410031456e-13,0,3.00346533585e-05,nan,nan,1.00944818943e-05,nan,nan
6452,1.66939812777e-13,0,3.25959606095e-05,nan,nan,1.70973047969e-05,nan,nan
6456,1.6647953814e-13,0,3.73362801335e-05,nan,nan,2.66178480701e-05,nan,nan
6460,1.66020311216e-13,0,4.27271759777e-05,nan,nan,3.59748876938e-05,nan,nan
6464,1.65561392614e-13,0,4.75803207623e-05,nan,nan,4.42405592248e-05,nan,nan
6468,1.65103635374e-13,0,5.11161101509e-05,nan,nan,5.08388123142e-05,nan,nan
6472,1.64647741185e-13,0,5.28475669538e-05,nan,nan,5.53460946655e-05,nan,nan
6476,1.64193122677e-13,0,5.25463006891e-05,nan,nan,5.74347430646e-05,nan,nan
6480,1.63741408771e-13,0,5.02082937191e-05,nan,nan,5.69011980251e-05,nan,nan
6484,1.63290695879e-13,0,4.60666554308e-05,nan,nan,5.36868828805e-05,nan,nan
6488,1.62841491179e-13,0,4.06592127488e-05,nan,nan,4.79237541228e-05,nan,nan
6492,1.62395545204e-13,0,3.49281328508e-05,nan,nan,4.00398158388e-05,nan,nan
6496,1.61946638102e-13,0,3.03825772596e-05,nan,nan,3.10631810132e-05,nan,nan
6500,1.61501578706e-13,0,2.88736288582e-05,nan,nan,2.3628889782e-05,nan,nan
6504,1.6105969249e-13,0,3.12241722278e-05,nan,nan,2.32227983813e-05,nan,nan
6508,1.60623176366e-13,0,3.62664018258e-05,nan,nan,3.17853446986e-05,nan,nan
6512,1.60178969109e-13,0,4.21180615681e-05,nan,nan,4.46592792454e-05,nan,nan
6516,1.5973913302e-13,0,4.73092945382e-05,nan,nan,5.85072428992e-05,nan,nan
6520,1.59303464131e-13,0,5.09065593679e-05,nan,nan,7.16915224945e-05,nan,nan
6524,1.58873058732e-13,0,5.23603921386e-05,nan,nan,8.32020977569e-05,nan,nan
6528,1.58436864555e-13,0,5.14313779531e-05,nan,nan,9.2313313189e-05,nan,nan
6532,1.58001846681e-13,0,4.81853647266e-05,nan,nan,9.8500958453e-05,nan,nan
6536,1.57572240292e-13,0,4.30158199162e-05,nan,nan,0.000101435581501,nan,nan
6540,1.57148634658e-13,0,3.67692976927e-05,nan,nan,0.000101009461685,nan,nan
6544,1.56716879973e-13,0,3.09664004318e-05,nan,nan,9.73444085316e-05,nan,nan
6548,1.56290968075e-13,0,2.79262723055e-05,nan,nan,9.08280714366e-05,nan,nan
6552,1.55864068861e-13,0,2.94907351275e-05,nan,nan,8.21650321246e-05,nan,nan
6556,1.55444916931e-13,0,3.48017135962e-05,nan,nan,7.24395677552e-05,nan,nan
6560,1.55024434581e-13,0,4.14308709898e-05,nan,nan,6.32290092045e-05,nan,nan
6564,1.54602482446e-13,0,4.74236709654e-05,nan,nan,5.65772699068e-05,nan,nan
6568,1.54184189693e-13,0,5.15544972727e-05,nan,nan,5.44105216402e-05,nan,nan
6572,1.53766610082e-13,0,5.31268895385e-05,nan,nan,5.71389074485e-05,nan,nan
6576,1.53351155036e-13,0,5.1845944224e-05,nan,nan,6.32072144277e-05,nan,nan
6580,1.5293796982e-13,0,4.77912521684e-05,nan,nan,7.03916565689e-05,nan,nan
6584,1.52523509253e-13,0,4.15169457577e-05,nan,nan,7.69011252978e-05,nan,nan
6588,1.52114666763e-13,0,3.42147683044e-05,nan,nan,8.1605477028e-05,nan,nan
6592,1.51703533852e-13,0,2.82200999563e-05,nan,nan,8.38845966499e-05,nan,nan
6596,1.51294094185e-13,0,2.69822158913e-05,nan,nan,8.35582521575e-05,nan,nan
6600,1.50887857725e-13,0,3.16784372922e-05,nan,nan,8.07684685996e-05,nan,nan
6604,1.50486004026e-13,0,3.9438008982e-05,nan,nan,7.59297663579e-05,nan,nan
6608,1.50078560079e-13,0,4.71782328561e-05,nan,nan,6.97027653394e-05,nan,nan
6612,1.49673672221e-13,0,5.2965102622e-05,nan,nan,6.28685173968e-05,nan,nan
6616,1.4927429511e-13,0,5.57106575511e-05,nan,nan,5.62665878262e-05,nan,nan
6620,1.48876445401e-13,0,5.48988147333e-05,nan,nan,5.05731945696e-05,nan,nan
6624,1.48474690486e-13,0,5.04407696419e-05,nan,nan,4.60644620125e-05,nan,nan
6628,1.48078996746e-13,0,4.2869748995e-05,nan,nan,4.25258283235e-05,nan,nan
6632,1.47684638659e-13,0,3.34548676294e-05,nan,nan,3.92498893523e-05,nan,nan
6636,1.47288470745e-13,0,2.53163427472e-05,nan,nan,3.54038692399e-05,nan,nan
6640,1.468933509e-13,0,2.48839739586e-05,nan,nan,3.03622754985e-05,nan,nan
6644,1.46505156623e-13,0,3.3842378072e-05,nan,nan,2.39198428208e-05,nan,nan
6648,1.46115757705e-13,0,4.58884889569e-05,nan,nan,1.72910936356e-05,nan,nan
6652,1.45721208064e-13,0,5.63855858981e-05,nan,nan,1.48189987565e-05,nan,nan
6656,1.45338599508e-13,0,6.27025383142e-05,nan,nan,2.02318260652e-05,nan,nan
6660,1.44952747718e-13,0,6.37091482941e-05,nan,nan,2.8761592503e-05,nan,nan
6664,1.44562506301e-13,0,6.02761965721e-05,nan,nan,3.63794566935e-05,nan,nan
6668,1.44181202483e-13,0,5.42082284564e-05,nan,nan,4.20961832353e-05,nan,nan
6672,1.43802262212e-13,0,4.72492567583e-05,nan,nan,4.68155992245e-05,nan,nan
6676,1.43417667764e-13,0,3.8312562614e-05,nan,nan,5.33239638966e-05,nan,nan
6680,1.43038483588e-13,0,2.63831954642e-05,nan,nan,6.25622828636e-05,nan,nan
6684,1.42660771168e-13,0,2.89785491227e-05,nan,nan,7.22964314772e-05,nan,nan
6688,1.42284104928e-13,0,5.66396683409e-05,nan,nan,7.92169838484e-05,nan,nan
6692,1.41904459673e-13,0,8.68426446056e-05,nan,nan,7.96682768449e-05,nan,nan
6696,1.41533482916e-13,0,0.000105375846218,nan,nan,7.3304883121e-05,nan,nan
6700,1.41161370346e-13,0,0.000106458395119,nan,nan,6.14170250126e-05,nan,nan
6704,1.40785688494e-13,0,7.78716410287e-05,nan,nan,3.82038066671e-05,nan,nan
6708,1.40417300392e-13,0,8.90521347031e-06,nan,nan,6.19618818289e-06,nan,nan
6712,1.4004882093e-13,0,9.28708748998e-05,nan,nan,6.14144553664e-05,nan,nan
6716,1.39677555252e-13,0,0.00016382446927,nan,nan,0.000109979800941,nan,nan
6720,1.39311446789e-13,0,0.000169275898982,nan,nan,0.000127619128003,nan,nan
6724,1.38948015822e-13,0,0.000124060150774,nan,nan,0.000109540280763,nan,nan
6728,1.3857885853e-13,0,8.87312278434e-05,nan,nan,7.36521391269e-05,nan,nan
6732,1.38219733772e-13,0,9.49601357134e-05,nan,nan,4.45127003779e-05,nan,nan
6736,1.37858304433e-13,0,0.000117338582606,nan,nan,3.49039774619e-05,nan,nan
6740,1.37492773879e-13,0,0.000140194742396,nan,nan,4.296325566e-05,nan,nan
6744,1.37138654249e-13,0,0.000151443307882,nan,nan,5.74033449343e-05,nan,nan
6748,1.36777700968e-13,0,0.000147052626052,nan,nan,7.08438627963e-05,nan,nan
6752,1.36417680226e-13,0,0.000127433026013,nan,nan,8.04619687827e-05,nan,nan
6756,1.3606938429e-13,0,9.58016626342e-05,nan,nan,8.46351614012e-05,nan,nan
6760,1.35706828523e-13,0,6.05835260186e-05,nan,nan,8.3915465474e-05,nan,nan
6764,1.35356310454e-13,0,3.50915704663e-05,nan,nan,8.00380237381e-05,nan,nan
6768,1.35005053341e-13,0,3.79499266388e-05,nan,nan,7.40086034669e-05,nan,nan
6772,1.34651357735e-13,0,5.45022874823e-05,nan,nan,6.63629495692e-05,nan,nan
6776,1.34304473162e-13,0,6.72867482707e-05,nan,nan,5.74157992777e-05,nan,nan
6780,1.33955501511e-13,0,7.30520342979e-05,nan,nan,4.7214559577e-05,nan,nan
6784,1.33603135198e-13,0,7.21283383514e-05,nan,nan,3.62302857727e-05,nan,nan
6788,1.33262339342e-13,0,6.61671282842e-05,nan,nan,2.55343938754e-05,nan,nan
6792,1.32915704733e-13,0,5.69030162646e-05,nan,nan,1.70035066865e-05,nan,nan
6796,1.32568434157e-13,0,4.58446490963e-05,nan,nan,1.4191355028e-05,nan,nan
6800,1.32230408833e-13,0,3.42889485337e-05,nan,nan,1.75108749502e-05,nan,nan
6804,1.31882299311e-13,0,2.31899372777e-05,nan,nan,2.25314029984e-05,nan,nan
6808,1.31546876088e-13,0,1.40040610206e-05,nan,nan,2.69628620279e-05,nan,nan
6812,1.31205899901e-13,0,1.0652252943e-05,nan,nan,3.03172207423e-05,nan,nan
6816,1.30865597022e-13,0,1.47977604013e-05,nan,nan,3.27238105183e-05,nan,nan
6820,1.3053190597e-13,0,2.06350716252e-05,nan,nan,3.43537176502e-05,nan,nan
6824,1.3019035013e-13,0,2.53774277928e-05,nan,nan,3.53065591837e-05,nan,nan
6828,1.29860608674e-13,0,2.84083246399e-05,nan,nan,3.56112277051e-05,nan,nan
6832,1.29525138289e-13,0,2.96751646884e-05,nan,nan,3.5214936919e-05,nan,nan
6836,1.29190482412e-13,0,2.94270921406e-05,nan,nan,3.41203884079e-05,nan,nan
6840,1.2886155631e-13,0,2.81130127143e-05,nan,nan,3.23983324485e-05,nan,nan
6844,1.28528991334e-13,0,2.62051221363e-05,nan,nan,3.01848883129e-05,nan,nan
6848,1.28200469199e-13,0,2.41985655403e-05,nan,nan,2.77317233071e-05,nan,nan
6852,1.27870101203e-13,0,2.24849121965e-05,nan,nan,2.53793651984e-05,nan,nan
6856,1.27544497748e-13,0,2.13107413688e-05,nan,nan,2.36065971692e-05,nan,nan
6860,1.27219534726e-13,0,2.08018527439e-05,nan,nan,2.29965545438e-05,nan,nan
6864,1.26891358774e-13,0,2.09148833413e-05,nan,nan,2.39806184181e-05,nan,nan
6868,1.26570751327e-13,0,2.15248127223e-05,nan,nan,2.65542748196e-05,nan,nan
6872,1.26242857736e-13,0,2.2441440565e-05,nan,nan,3.02664380424e-05,nan,nan
6876,1.25924784924e-13,0,2.34439331319e-05,nan,nan,3.44651133046e-05,nan,nan
6880,1.25604719284e-13,0,2.43426125477e-05,nan,nan,3.85243909597e-05,nan,nan
6884,1.25280010095e-13,0,2.4966057628e-05,nan,nan,4.18981234402e-05,nan,nan
6888,1.24966372126e-13,0,2.52042983047e-05,nan,nan,4.41325038644e-05,nan,nan
6892,1.24644999831e-13,0,2.49987762289e-05,nan,nan,4.48869322424e-05,nan,nan
6896,1.24331008301e-13,0,2.43369011299e-05,nan,nan,4.39170509408e-05,nan,nan
6900,1.24012497761e-13,0,2.32675471474e-05,nan,nan,4.11001024538e-05,nan,nan
6904,1.23701382804e-13,0,2.18719747941e-05,nan,nan,3.64323049965e-05,nan,nan
6908,1.23384272576e-13,0,2.02938149081e-05,nan,nan,3.00208133799e-05,nan,nan
6912,1.23074483339e-13,0,1.87314509247e-05,nan,nan,2.21135958552e-05,nan,nan
6916,1.22762143032e-13,0,1.743602546e-05,nan,nan,1.3133346155e-05,nan,nan
6920,1.22450383467e-13,0,1.66948449497e-05,nan,nan,4.70992771515e-06,nan,nan
6924,1.22142866281e-13,0,1.67136440678e-05,nan,nan,9.0383066991e-06,nan,nan
6928,1.21830390921e-13,0,1.75152493592e-05,nan,nan,1.88879586803e-05,nan,nan
6932,1.21529833746e-13,0,1.8918519982e-05,nan,nan,2.84862552863e-05,nan,nan
6936,1.21216833303e-13,0,2.06208698294e-05,nan,nan,3.70573850405e-05,nan,nan
6940,1.20916380117e-13,0,2.2321640487e-05,nan,nan,4.41108662951e-05,nan,nan
6944,1.20606029238e-13,0,2.37643656832e-05,nan,nan,4.92663591661e-05,nan,nan
6948,1.20309444488e-13,0,2.4748475256e-05,nan,nan,5.22692880888e-05,nan,nan
6952,1.20000157974e-13,0,2.51378697592e-05,nan,nan,5.29913448964e-05,nan,nan
6956,1.1970548818e-13,0,2.48499659857e-05,nan,nan,5.14634347674e-05,nan,nan
6960,1.19399684175e-13,0,2.38630127906e-05,nan,nan,4.78838655085e-05,nan,nan
6964,1.19102806646e-13,0,2.22223417653e-05,nan,nan,4.26259549104e-05,nan,nan
6968,1.18802586483e-13,0,2.00540534649e-05,nan,nan,3.62868088612e-05,nan,nan
6972,1.18506942226e-13,0,1.75964552422e-05,nan,nan,2.97210930885e-05,nan,nan
6976,1.18206944222e-13,0,1.52497940234e-05,nan,nan,2.41511658189e-05,nan,nan
6980,1.17914569889e-13,0,1.36237556138e-05,nan,nan,2.10637416774e-05,nan,nan
6984,1.17619200498e-13,0,1.33707349143e-05,nan,nan,2.11462458876e-05,nan,nan
6988,1.17324201369e-13,0,1.4670223186e-05,nan,nan,2.3253008527e-05,nan,nan
6992,1.17032256462e-13,0,1.70331414071e-05,nan,nan,2.55645769516e-05,nan,nan
6996,1.16740824879e-13,0,1.97737167752e-05,nan,nan,2.68153203317e-05,nan,nan
7000,1.16448697609e-13,0,2.23491840617e-05,nan,nan,2.64019710847e-05,nan,nan
7004,1.16159059056e-13,0,2.43876755362e-05,nan,nan,2.42348370032e-05,nan,nan
7008,1.15870988843e-13,0,2.56341104896e-05,nan,nan,2.07118839705e-05,nan,nan
7012,1.15581835283e-13,0,2.59278595614e-05,nan,nan,1.70604944143e-05,nan,nan
7016,1.1529517194e-13,0,2.51932073837e-05,nan,nan,1.5760832579e-05,nan,nan
7020,1.15006901091e-13,0,2.34340776996e-05,nan,nan,1.88455433167e-05,nan,nan
7024,1.14725900879e-13,0,2.07556502347e-05,nan,nan,2.49834702372e-05,nan,nan
7028,1.1443655598e-13,0,1.73973344397e-05,nan,nan,3.19138657812e-05,nan,nan
7032,1.14156829497e-13,0,1.38293409736e-05,nan,nan,3.81877730395e-05,nan,nan
7036,1.13869986334e-13,0,1.10111804937e-05,nan,nan,4.29953472999e-05,nan,nan
7040,1.13595022198e-13,0,1.04939200204e-05,nan,nan,4.58479652224e-05,nan,nan
7044,1.13306681879e-13,0,1.27958888755e-05,nan,nan,4.64593495546e-05,nan,nan
7048,1.13032547057e-13,0,1.65574801787e-05,nan,nan,4.482152009e-05,nan,nan
7052,1.12748899409e-13,0,2.05024762852e-05,nan,nan,4.11209183263e-05,nan,nan
7056,1.1247584786e-13,0,2.39145928879e-05,nan,nan,3.60422931953e-05,nan,nan
7060,1.12192593083e-13,0,2.63658977594e-05,nan,nan,3.09621090913e-05,nan,nan
7064,1.11922348769e-13,0,2.75849194738e-05,nan,nan,2.75238720706e-05,nan,nan
7068,1.11640660166e-13,0,2.74101459373e-05,nan,nan,2.6704371638e-05,nan,nan
7072,1.11370894371e-13,0,2.57815815855e-05,nan,nan,2.79395755563e-05,nan,nan
7076,1.11096241021e-13,0,2.27535479154e-05,nan,nan,3.03034453719e-05,nan,nan
7080,1.10821870735e-13,0,1.85138575032e-05,nan,nan,3.41216476978e-05,nan,nan
7084,1.10551351782e-13,0,1.34582051584e-05,nan,nan,3.91270260918e-05,nan,nan
7088,1.1027957794e-13,0,8.59606828965e-06,nan,nan,4.26437760134e-05,nan,nan
7092,1.10010070458e-13,0,7.20781204456e-06,nan,nan,4.21355579219e-05,nan,nan
7096,1.09738168662e-13,0,1.12882279893e-05,nan,nan,3.74395752711e-05,nan,nan
7100,1.09472941775e-13,0,1.69976592932e-05,nan,nan,3.43081529187e-05,nan,nan
7104,1.0920199423e-13,0,2.24194679566e-05,nan,nan,4.08063982518e-05,nan,nan
7108,1.08938437159e-13,0,2.68134391237e-05,nan,nan,5.35754939118e-05,nan,nan
7112,1.08670900657e-13,0,2.97289252304e-05,nan,nan,6.06667744544e-05,nan,nan
7116,1.08404092597e-13,0,3.08620486858e-05,nan,nan,4.93449888078e-05,nan,nan
7120,1.08142337616e-13,0,3.0034654492e-05,nan,nan,3.9983681652e-05,nan,nan
7124,1.07876788602e-13,0,2.72021955056e-05,nan,nan,7.53119200008e-05,nan,nan
7128,1.07617155068e-13,0,2.24595405608e-05,nan,nan,0.000104943767468,nan,nan
7132,1.07350571859e-13,0,1.60444395686e-05,nan,nan,0.000105759286665,nan,nan
7136,1.07093817483e-13,0,8.38350068679e-06,nan,nan,8.90589328646e-05,nan,nan
7140,1.06832121682e-13,0,2.19283851571e-06,nan,nan,7.61572679846e-05,nan,nan
7144,1.06572809852e-13,0,9.76478825741e-06,nan,nan,7.65260104212e-05,nan,nan
7148,1.06313891127e-13,0,1.83370133737e-05,nan,nan,8.42116541393e-05,nan,nan
7152,1.06054760336e-13,0,2.60613821168e-05,nan,nan,9.00989404246e-05,nan,nan
7156,1.05800949438e-13,0,3.22837880115e-05,nan,nan,8.92399285279e-05,nan,nan
7160,1.0554336662e-13,0,3.64667805168e-05,nan,nan,7.9234072987e-05,nan,nan
7164,1.0528679144e-13,0,3.81959307024e-05,nan,nan,6.12644708764e-05,nan,nan
7168,1.05035334302e-13,0,3.72209155055e-05,nan,nan,4.2011231229e-05,nan,nan
7172,1.04777177443e-13,0,3.35030757219e-05,nan,nan,3.36666519659e-05,nan,nan
7176,1.04528816613e-13,0,2.72928639649e-05,nan,nan,4.13347979214e-05,nan,nan
7180,1.04273560849e-13,0,1.94058180686e-05,nan,nan,5.17909575697e-05,nan,nan
7184,1.04022562182e-13,0,1.26873371512e-05,nan,nan,5.65136167716e-05,nan,nan
7188,1.03773925825e-13,0,1.493466967e-05,nan,nan,5.30291687681e-05,nan,nan
7192,1.03521839781e-13,0,2.51050680232e-05,nan,nan,4.16851601426e-05,nan,nan
7196,1.03273549725e-13,0,3.69648602656e-05,nan,nan,2.45539751419e-05,nan,nan
7200,1.03027371866e-13,0,4.82096364823e-05,nan,nan,5.24997810459e-06,nan,nan
7204,1.02775037682e-13,0,5.7670263756e-05,nan,nan,1.66823925903e-05,nan,nan
7208,1.02533056692e-13,0,6.45346638592e-05,nan,nan,3.41431828597e-05,nan,nan
7212,1.02284947641e-13,0,6.8279597295e-05,nan,nan,4.71770416798e-05,nan,nan
7216,1.02039492168e-13,0,6.87622257906e-05,nan,nan,5.47920986019e-05,nan,nan
7220,1.01796765861e-13,0,6.63236958293e-05,nan,nan,5.72920140277e-05,nan,nan
7224,1.0155116668e-13,0,6.20401683684e-05,nan,nan,5.60415417832e-05,nan,nan
7228,1.01309710058e-13,0,5.78952222926e-05,nan,nan,5.32562565038e-05,nan,nan
7232,1.01067447315e-13,0,5.6683108404e-05,nan,nan,5.13934839926e-05,nan,nan
7236,1.00823631972e-13,0,6.07014736675e-05,nan,nan,5.19352388793e-05,nan,nan
7240,1.00586918219e-13,0,7.00141003579e-05,nan,nan,5.46331367266e-05,nan,nan
7244,1.00343752729e-13,0,8.27444460156e-05,nan,nan,5.80461527119e-05,nan,nan
7248,1.00106209239e-13,0,9.65400271471e-05,nan,nan,6.08821008601e-05,nan,nan
7252,9.98675268068e-14,0,0.000109292822532,nan,nan,6.25958032321e-05,nan,nan
7256,9.96302675502e-14,0,0.000119081537221,nan,nan,6.34293356714e-05,nan,nan
7260,9.93918753808e-14,0,0.000124522188331,nan,nan,6.41362533865e-05,nan,nan
7264,9.91578925844e-14,0,0.00012512424678,nan,nan,6.55403298208e-05,nan,nan
7268,9.89201415029e-14,0,0.000121879429093,nan,nan,6.81391717135e-05,nan,nan
7272,9.86841864281e-14,0,0.000117069320676,nan,nan,7.18436604897e-05,nan,nan
7276,9.84544498204e-14,0,0.00011266151921,nan,nan,7.61303848501e-05,nan,nan
7280,9.82169225061e-14,0,0.000108696393687,nan,nan,8.03022380556e-05,nan,nan
7284,9.79874407229e-14,0,0.000103258410572,nan,nan,8.37435005438e-05,nan,nan
7288,9.77545489812e-14,0,9.73888086045e-05,nan,nan,8.60220486083e-05,nan,nan
7292,9.75217894637e-14,0,9.803106838e-05,nan,nan,8.68937458848e-05,nan,nan
7296,9.72919252756e-14,0,0.000111179022398,nan,nan,8.62804218324e-05,nan,nan
7300,9.70642725867e-14,0,0.000130036998666,nan,nan,8.42086495382e-05,nan,nan
7304,9.68332165259e-14,0,0.000141345159065,nan,nan,8.07974215536e-05,nan,nan
7308,9.6602484427e-14,0,0.000137946096143,nan,nan,7.62164512365e-05,nan,nan
7312,9.63803885136e-14,0,0.000113236820426,nan,nan,7.06850691884e-05,nan,nan
7316,9.61508500447e-14,0,7.47618003063e-05,nan,nan,6.44640565526e-05,nan,nan
7320,9.59225920903e-14,0,8.61747017613e-05,nan,nan,5.78361959353e-05,nan,nan
7324,9.5698479505e-14,0,0.00012407646314,nan,nan,5.11064979033e-05,nan,nan
7328,9.54741725473e-14,0,0.000122889830403,nan,nan,4.4564958763e-05,nan,nan
7332,9.52477338811e-14,0,8.29491779491e-05,nan,nan,3.84767015483e-05,nan,nan
7336,9.5027559554e-14,0,3.46940510147e-05,nan,nan,3.30513804464e-05,nan,nan
7340,9.48033851549e-14,0,4.23032281033e-06,nan,nan,2.84433504033e-05,nan,nan
7344,9.45784801724e-14,0,2.05734508674e-05,nan,nan,2.47899460109e-05,nan,nan
7348,9.43596646044e-14,0,3.68891685799e-05,nan,nan,2.22612564287e-05,nan,nan
7352,9.41375098586e-14,0,5.09254262974e-05,nan,nan,2.1122424769e-05,nan,nan
7356,9.3920270179e-14,0,6.345431923e-05,nan,nan,2.16295256657e-05,nan,nan
7360,9.36970708959e-14,0,7.5165669105e-05,nan,nan,2.38098010535e-05,nan,nan
7364,9.3479132829e-14,0,8.45034903255e-05,nan,nan,2.73723461813e-05,nan,nan
7368,9.32625809346e-14,0,8.93235999821e-05,nan,nan,3.18348030554e-05,nan,nan
7372,9.30412875954e-14,0,8.83299404636e-05,nan,nan,3.6689673664e-05,nan,nan
7376,9.28292032607e-14,0,8.12468573831e-05,nan,nan,4.1463960012e-05,nan,nan
7380,9.26105795473e-14,0,6.9441373305e-05,nan,nan,4.57393306246e-05,nan,nan
7384,9.23946909333e-14,0,5.6011457322e-05,nan,nan,4.91630900773e-05,nan,nan
7388,9.21797375448e-14,0,4.5913265304e-05,nan,nan,5.14553766287e-05,nan,nan
7392,9.19663239487e-14,0,4.43388407658e-05,nan,nan,5.24306338902e-05,nan,nan
7396,9.17531683727e-14,0,5.02263648668e-05,nan,nan,5.20004631218e-05,nan,nan
7400,9.15375271583e-14,0,5.78045776455e-05,nan,nan,5.01836232134e-05,nan,nan
7404,9.13259534575e-14,0,6.30507268212e-05,nan,nan,4.71129363612e-05,nan,nan
7408,9.1116854232e-14,0,6.45459343494e-05,nan,nan,4.30203808401e-05,nan,nan
7412,9.09047002123e-14,0,6.24783008366e-05,nan,nan,3.82434515769e-05,nan,nan
7416,9.06919789301e-14,0,5.78331387022e-05,nan,nan,3.32058721409e-05,nan,nan
7420,9.04843545602e-14,0,5.19905971042e-05,nan,nan,2.840178606e-05,nan,nan
7424,9.02739207749e-14,0,4.63125386451e-05,nan,nan,2.43641241352e-05,nan,nan
7428,9.00672219653e-14,0,4.1866975883e-05,nan,nan,2.15584284394e-05,nan,nan
7432,8.9856681078e-14,0,3.92744487663e-05,nan,nan,2.02206139379e-05,nan,nan
7436,8.9651312683e-14,0,3.86338390531e-05,nan,nan,2.02039776532e-05,nan,nan
7440,8.94442089597e-14,0,3.96925493534e-05,nan,nan,2.10990337264e-05,nan,nan
7444,8.92383977136e-14,0,4.20112431262e-05,nan,nan,2.25421839564e-05,nan,nan
7448,8.9031634645e-14,0,4.50471468417e-05,nan,nan,2.43594791683e-05,nan,nan
7452,8.88272118498e-14,0,4.82430604252e-05,nan,nan,2.65931452493e-05,nan,nan
7456,8.86227643954e-14,0,5.10626814968e-05,nan,nan,2.93069164627e-05,nan,nan
7460,8.84203426088e-14,0,5.30729129655e-05,nan,nan,3.2336445609e-05,nan,nan
7464,8.82171750846e-14,0,5.39973957516e-05,nan,nan,3.52084988531e-05,nan,nan
7468,8.80133085091e-14,0,5.37243195615e-05,nan,nan,3.72115172101e-05,nan,nan
7472,8.78129899774e-14,0,5.23148117273e-05,nan,nan,3.78320044261e-05,nan,nan
7476,8.7610425891e-14,0,4.99627705287e-05,nan,nan,3.7035915092e-05,nan,nan
7480,8.74113357171e-14,0,4.69772885269e-05,nan,nan,3.54564540158e-05,nan,nan
7484,8.72099168015e-14,0,4.37555797432e-05,nan,nan,3.41674089146e-05,nan,nan
7488,8.70102495216e-14,0,4.07496622181e-05,nan,nan,3.36867586868e-05,nan,nan
7492,8.68124723156e-14,0,3.84342722997e-05,nan,nan,3.39092210181e-05,nan,nan
7496,8.66140048915e-14,0,3.72031880158e-05,nan,nan,3.45399687125e-05,nan,nan
7500,8.64157383392e-14,0,3.72357784198e-05,nan,nan,3.52919348e-05,nan,nan
7504,8.62196148733e-14,0,3.84182742458e-05,nan,nan,3.58266477344e-05,nan,nan
7508,8.60222395376e-14,0,4.03908432444e-05,nan,nan,3.43523516956e-05,nan,nan
7512,8.58261576915e-14,0,4.26900987104e-05,nan,nan,2.74172904952e-05,nan,nan
7516,8.56318478014e-14,0,4.48753036754e-05,nan,nan,2.17918079055e-05,nan,nan
7520,8.54358682399e-14,0,4.65931768908e-05,nan,nan,3.76974610902e-05,nan,nan
7524,8.52424506967e-14,0,4.76044893198e-05,nan,nan,5.48679774005e-05,nan,nan
7528,8.50482086333e-14,0,4.77797322215e-05,nan,nan,5.61910300301e-05,nan,nan
7532,8.48554802362e-14,0,4.70975941283e-05,nan,nan,4.25513068312e-05,nan,nan
7536,8.4662870614e-14,0,4.56464976462e-05,nan,nan,2.57173027706e-05,nan,nan
7540,8.44712936662e-14,0,4.36181816702e-05,nan,nan,1.47745063957e-05,nan,nan
7544,8.42796620775e-14,0,4.1304596352e-05,nan,nan,1.01445439683e-05,nan,nan
7548,8.40888048131e-14,0,3.90778516372e-05,nan,nan,1.26316068757e-05,nan,nan
7552,8.38979943775e-14,0,3.73411952698e-05,nan,nan,1.68574417259e-05,nan,nan
7556,8.3708689644e-14,0,3.64368626409e-05,nan,nan,1.90912798016e-05,nan,nan
7560,8.35204419568e-14,0,3.65211714041e-05,nan,nan,1.99094218748e-05,nan,nan
7564,8.33309539097e-14,0,3.74969094799e-05,nan,nan,2.21828702275e-05,nan,nan
7568,8.31436626681e-14,0,3.90571677516e-05,nan,nan,2.79456338442e-05,nan,nan
7572,8.29548304443e-14,0,4.0802311326e-05,nan,nan,3.57758894061e-05,nan,nan
7576,8.27693417836e-14,0,4.23570786412e-05,nan,nan,4.31648006886e-05,nan,nan
7580,8.25801129632e-14,0,4.34328197795e-05,nan,nan,4.83898235355e-05,nan,nan
7584,8.23972819287e-14,0,4.38529311819e-05,nan,nan,5.06609821162e-05,nan,nan
7588,8.2212717019e-14,0,4.35613007445e-05,nan,nan,4.99006139212e-05,nan,nan
7592,8.20248375253e-14,0,4.26159674803e-05,nan,nan,4.66816193616e-05,nan,nan
7596,8.18418126888e-14,0,4.11858912501e-05,nan,nan,4.19669186219e-05,nan,nan
7600,8.16587533567e-14,0,3.95328383842e-05,nan,nan,3.67913334035e-05,nan,nan
7604,8.14753329328e-14,0,3.79776383223e-05,nan,nan,3.19384900293e-05,nan,nan
7608,8.12923907168e-14,0,3.68402174004e-05,nan,nan,2.76123869061e-05,nan,nan
7612,8.11110383097e-14,0,3.63484668881e-05,nan,nan,2.34980890585e-05,nan,nan
7616,8.09282747524e-14,0,3.65589128086e-05,nan,nan,1.90963362604e-05,nan,nan
7620,8.07478624686e-14,0,3.73362221178e-05,nan,nan,1.41664438001e-05,nan,nan
7624,8.05670614308e-14,0,3.8410839365e-05,nan,nan,9.25892353159e-06,nan,nan
7628,8.03869660315e-14,0,3.94776558425e-05,nan,nan,7.22978496589e-06,nan,nan
7632,8.02092334358e-14,0,4.02784888371e-05,nan,nan,1.09636028089e-05,nan,nan
7636,8.00273101837e-14,0,4.06502318953e-05,nan,nan,1.68764913609e-05,nan,nan
7640,7.98508609428e-14,0,4.05439140303e-05,nan,nan,2.2743010097e-05,nan,nan
7644,7.96718783136e-14,0,4.00229324484e-05,nan,nan,2.7832244528e-05,nan,nan
7648,7.94964572387e-14,0,3.92425664748e-05,nan,nan,3.18431047226e-05,nan,nan
7652,7.93169496963e-14,0,3.84145434717e-05,nan,nan,3.46830246078e-05,nan,nan
7656,7.91418075447e-14,0,3.77482202672e-05,nan,nan,3.64060447073e-05,nan,nan
7660,7.89662207368e-14,0,3.73845891485e-05,nan,nan,3.71657892164e-05,nan,nan
7664,7.87894708886e-14,0,3.73471248988e-05,nan,nan,3.71731481148e-05,nan,nan
7668,7.86164373892e-14,0,3.75328657471e-05,nan,nan,3.6661602861e-05,nan,nan
7672,7.84405416251e-14,0,3.77600763619e-05,nan,nan,3.5844465361e-05,nan,nan
7676,7.82677344639e-14,0,3.78436542686e-05,nan,nan,3.48827592844e-05,nan,nan
7680,7.80941465628e-14,0,3.76649293753e-05,nan,nan,3.38595527428e-05,nan,nan
7684,7.79211195678e-14,0,3.72313741787e-05,nan,nan,3.27683805514e-05,nan,nan
7688,7.77489686429e-14,0,3.66926482298e-05,nan,nan,3.15316759446e-05,nan,nan
7692,7.75753409826e-14,0,3.63205622527e-05,nan,nan,3.00341419823e-05,nan,nan
7696,7.74060261383e-14,0,3.64279303295e-05,nan,nan,2.81680843612e-05,nan,nan
7700,7.72346692417e-14,0,3.72224329882e-05,nan,nan,2.58824305587e-05,nan,nan
7704,7.706342776e-14,0,3.86809614626e-05,nan,nan,2.32210931751e-05,nan,nan
7708,7.68940486793e-14,0,4.05138548411e-05,nan,nan,2.0365804052e-05,nan,nan
7712,7.6725329177e-14,0,4.22409895016e-05,nan,nan,1.76787793863e-05,nan,nan
7716,7.65558486826e-14,0,4.33285084402e-05,nan,nan,1.57124348452e-05,nan,nan
7720,7.63873008266e-14,0,4.32914610059e-05,nan,nan,1.50433647095e-05,nan,nan
7724,7.62182600579e-14,0,4.17786864595e-05,nan,nan,1.58263338032e-05,nan,nan
7728,7.60525528795e-14,0,3.86476910644e-05,nan,nan,1.76014659888e-05,nan,nan
7732,7.58836053943e-14,0,3.40538314955e-05,nan,nan,1.96896751802e-05,nan,nan
7736,7.57181188101e-14,0,2.86608550521e-05,nan,nan,2.15631825137e-05,nan,nan
7740,7.55512528749e-14,0,2.40758520759e-05,nan,nan,2.29340896744e-05,nan,nan
7744,7.53890942138e-14,0,2.31060053907e-05,nan,nan,2.37283005044e-05,nan,nan
7748,7.52188519477e-14,0,2.74719650958e-05,nan,nan,2.40750566384e-05,nan,nan
7752,7.50569978974e-14,0,3.54642664385e-05,nan,nan,2.42781144303e-05,nan,nan
7756,7.48929799648e-14,0,4.45846193078e-05,nan,nan,2.47372813461e-05,nan,nan
7760,7.47280242397e-14,0,5.3119754739e-05,nan,nan,2.58069536836e-05,nan,nan
7764,7.45645892697e-14,0,5.99032553055e-05,nan,nan,2.76062101257e-05,nan,nan
7768,7.44031464898e-14,0,6.40787281338e-05,nan,nan,2.99467461907e-05,nan,nan
7772,7.42394330928e-14,0,6.50440012423e-05,nan,nan,3.2429192343e-05,nan,nan
7776,7.40781234698e-14,0,6.24241053676e-05,nan,nan,3.4578908147e-05,nan,nan
7780,7.39168664525e-14,0,5.61032939714e-05,nan,nan,3.59712965491e-05,nan,nan
7784,7.37555178957e-14,0,4.62284211518e-05,nan,nan,3.63010679294e-05,nan,nan
7788,7.35948759516e-14,0,3.31997804948e-05,nan,nan,3.54081179176e-05,nan,nan
7792,7.34362105302e-14,0,1.77037683104e-05,nan,nan,3.33258891042e-05,nan,nan
7796,7.32742017067e-14,0,2.45621647481e-06,nan,nan,3.03017915276e-05,nan,nan
7800,7.31162586341e-14,0,1.78353737228e-05,nan,nan,2.68346572845e-05,nan,nan
7804,7.29571987236e-14,0,3.52564979543e-05,nan,nan,2.37139511549e-05,nan,nan
7808,7.27999485769e-14,0,5.11772368282e-05,nan,nan,2.18586972718e-05,nan,nan
7812,7.2640825842e-14,0,6.44696278113e-05,nan,nan,2.17978293601e-05,nan,nan
7816,7.24827019475e-14,0,7.4246748804e-05,nan,nan,2.31419856668e-05,nan,nan
7820,7.23278850596e-14,0,7.98889345419e-05,nan,nan,2.48553927771e-05,nan,nan
7824,7.2170345147e-14,0,8.11014031868e-05,nan,nan,2.59574870468e-05,nan,nan
7828,7.20147658177e-14,0,7.79489013385e-05,nan,nan,2.58230280794e-05,nan,nan
7832,7.18584006022e-14,0,7.0678363963e-05,nan,nan,2.41285134078e-05,nan,nan
7836,7.17030095142e-14,0,5.97390315094e-05,nan,nan,2.08976910674e-05,nan,nan
7840,7.15486565976e-14,0,4.57508802504e-05,nan,nan,1.6700723329e-05,nan,nan
7844,7.13938182235e-14,0,2.97294572256e-05,nan,nan,1.34393462989e-05,nan,nan
7848,7.12401168669e-14,0,1.42542994783e-05,nan,nan,1.46371390453e-05,nan,nan
7852,7.10873151925e-14,0,1.13811843693e-05,nan,nan,2.01241396591e-05,nan,nan
7856,7.093421598e-14,0,2.21297635107e-05,nan,nan,2.62524376719e-05,nan,nan
7860,7.07803571059e-14,0,3.06461401151e-05,nan,nan,3.06200435857e-05,nan,nan
7864,7.06298037981e-14,0,3.47278252362e-05,nan,nan,3.24543859002e-05,nan,nan
7868,7.0477808167e-14,0,3.57164593762e-05,nan,nan,3.25127424696e-05,nan,nan
7872,7.03253308439e-14,0,3.72543334912e-05,nan,nan,3.28325691987e-05,nan,nan
7876,7.01737053152e-14,0,4.19842884855e-05,nan,nan,3.39406210615e-05,nan,nan
7880,7.0024592718e-14,0,4.95592061552e-05,nan,nan,3.38426336825e-05,nan,nan
7884,6.987418595e-14,0,5.97723683236e-05,nan,nan,3.2138426656e-05,nan,nan
7888,6.97246991335e-14,0,7.19727222067e-05,nan,nan,3.40746899946e-05,nan,nan
7892,6.95748581573e-14,0,8.31209446754e-05,nan,nan,4.48943772368e-05,nan,nan
7896,6.94279206041e-14,0,8.9276420082e-05,nan,nan,5.94948912824e-05,nan,nan
7900,6.92769347822e-14,0,8.38401658355e-05,nan,nan,6.82735322062e-05,nan,nan
7904,6.91303245536e-14,0,5.62779781312e-05,nan,nan,5.74065683995e-05,nan,nan
7908,6.89819369564e-14,0,2.50053783272e-05,nan,nan,1.69898630548e-05,nan,nan
7912,6.88352988308e-14,0,7.34446988749e-05,nan,nan,4.24614078867e-05,nan,nan
7916,6.86889809277e-14,0,0.0001122401106,nan,nan,9.02175220888e-05,nan,nan
7920,6.85410502321e-14,0,0.000114108014659,nan,nan,0.000100742987738,nan,nan
7924,6.83953003707e-14,0,9.25200668368e-05,nan,nan,7.5350336024e-05,nan,nan
7928,6.82509163369e-14,0,7.50470157438e-05,nan,nan,3.84598369642e-05,nan,nan
7932,6.81045288718e-14,0,7.47853420822e-05,nan,nan,2.43791936781e-05,nan,nan
7936,6.79608106145e-14,0,8.58822192602e-05,nan,nan,4.80072980505e-05,nan,nan
7940,6.78162132879e-14,0,9.79123545057e-05,nan,nan,7.59759378323e-05,nan,nan
7944,6.76718663866e-14,0,0.000104549265433,nan,nan,9.66012362297e-05,nan,nan
7948,6.75273543691e-14,0,0.000104600849903,nan,nan,0.000104590818196,nan,nan
7952,6.73862306988e-14,0,9.95071098145e-05,nan,nan,9.70050237281e-05,nan,nan
7956,6.72412281964e-14,0,9.28359626908e-05,nan,nan,7.46991281819e-05,nan,nan
7960,6.7100459969e-14,0,8.78193226949e-05,nan,nan,4.22082665816e-05,nan,nan
7964,6.69578309916e-14,0,8.41775158574e-05,nan,nan,5.50574278026e-06,nan,nan
7968,6.68164909028e-14,0,7.90752936496e-05,nan,nan,3.11999750823e-05,nan,nan
7972,6.66736452818e-14,0,7.01190305905e-05,nan,nan,6.16382986944e-05,nan,nan
7976,6.65356048974e-14,0,5.66321975882e-05,nan,nan,8.32053572707e-05,nan,nan
7980,6.63922469401e-14,0,3.99966778581e-05,nan,nan,9.41327808833e-05,nan,nan
7984,6.62534752713e-14,0,2.46953268461e-05,nan,nan,9.44307999176e-05,nan,nan
7988,6.61139635286e-14,0,2.1112399994e-05,nan,nan,8.58131196012e-05,nan,nan
7992,6.5974862614e-14,0,3.01711083401e-05,nan,nan,7.13490130443e-05,nan,nan
7996,6.58366802012e-14,0,3.94500201011e-05,nan,nan,5.53785214661e-05,nan,nan
8000,6.56954268032e-14,0,4.4290295563e-05,nan,nan,4.32548489556e-05,nan,nan
8004,6.55591558569e-14,0,4.39232349948e-05,nan,nan,3.94251952645e-05,nan,nan
8008,6.54194135346e-14,0,3.90934810008e-05,nan,nan,4.22089087212e-05,nan,nan
8012,6.52839232617e-14,0,3.14100755676e-05,nan,nan,4.58795327247e-05,nan,nan
8016,6.51479633992e-14,0,2.29420981067e-05,nan,nan,4.69552014477e-05,nan,nan
8020,6.50078520696e-14,0,1.61264915359e-05,nan,nan,4.45420761745e-05,nan,nan
8024,6.4873740974e-14,0,1.31600200729e-05,nan,nan,3.91743143512e-05,nan,nan
8028,6.47383315767e-14,0,1.34167040611e-05,nan,nan,3.20014545533e-05,nan,nan
8032,6.46016291291e-14,0,1.41159860795e-05,nan,nan,2.43534623093e-05,nan,nan
8036,6.44661323601e-14,0,1.41061541399e-05,nan,nan,1.74454780196e-05,nan,nan
8040,6.4331278525e-14,0,1.39549841385e-05,nan,nan,1.21533086388e-05,nan,nan
8044,6.41980014971e-14,0,1.48206076389e-05,nan,nan,8.9012036633e-06,nan,nan
8048,6.40619775601e-14,0,1.70282399852e-05,nan,nan,7.64324349726e-06,nan,nan
8052,6.39301780147e-14,0,1.97691877353e-05,nan,nan,8.24846718849e-06,nan,nan
8056,6.37953645602e-14,0,2.20160760221e-05,nan,nan,1.05988739088e-05,nan,nan
8060,6.3663855518e-14,0,2.3063688201e-05,nan,nan,1.42628026774e-05,nan,nan
8064,6.35289840037e-14,0,2.26127714372e-05,nan,nan,1.865440073e-05,nan,nan
8068,6.33992825017e-14,0,2.066148542e-05,nan,nan,2.32447125333e-05,nan,nan
8072,6.32658344539e-14,0,1.74324678241e-05,nan,nan,2.76253153144e-05,nan,nan
8076,6.3133805087e-14,0,1.32780737359e-05,nan,nan,3.15102613093e-05,nan,nan
8080,6.30025330755e-14,0,8.63513723147e-06,nan,nan,3.47009587846e-05,nan,nan
8084,6.28727977366e-14,0,4.28730545195e-06,nan,nan,3.70697096674e-05,nan,nan
8088,6.27419349341e-14,0,3.83727403445e-06,nan,nan,3.85223324274e-05,nan,nan
8092,6.26107986811e-14,0,7.75875613299e-06,nan,nan,3.89877778675e-05,nan,nan
8096,6.2482150418e-14,0,1.20078841953e-05,nan,nan,3.84256401846e-05,nan,nan
8100,6.23521843093e-14,0,1.58577899843e-05,nan,nan,3.6830561739e-05,nan,nan
8104,6.22228461642e-14,0,1.90763414342e-05,nan,nan,3.42615139235e-05,nan,nan
8108,6.20938533475e-14,0,2.15023730522e-05,nan,nan,3.08531897825e-05,nan,nan
8112,6.19653120201e-14,0,2.2992213729e-05,nan,nan,2.68405285262e-05,nan,nan
8116,6.18379877083e-14,0,2.34376123673e-05,nan,nan,2.25836967747e-05,nan,nan
8120,6.17097493269e-14,0,2.27675636016e-05,nan,nan,1.86058538832e-05,nan,nan
8124,6.15822615256e-14,0,2.09662991042e-05,nan,nan,1.56408232257e-05,nan,nan
8128,6.14555260525e-14,0,1.80829355139e-05,nan,nan,1.44484654105e-05,nan,nan
8132,6.13289472643e-14,0,1.4227394371e-05,nan,nan,1.51688986526e-05,nan,nan
8136,6.12015143481e-14,0,9.57407355425e-06,nan,nan,1.70804658033e-05,nan,nan
8140,6.10761653445e-14,0,4.3435170094e-06,nan,nan,1.93193934424e-05,nan,nan
8144,6.09506550441e-14,0,1.23144440358e-06,nan,nan,2.13481723587e-05,nan,nan
8148,6.08248295799e-14,0,6.80368877927e-06,nan,nan,2.2931497632e-05,nan,nan
8152,6.06999178174e-14,0,1.21297399011e-05,nan,nan,2.40270131574e-05,nan,nan
8156,6.0574924571e-14,0,1.69062359316e-05,nan,nan,2.47021914849e-05,nan,nan
8160,6.04499544031e-14,0,2.08645169848e-05,nan,nan,2.50635532975e-05,nan,nan
8164,6.03278649451e-14,0,2.37677616e-05,nan,nan,2.51947794546e-05,nan,nan
8168,6.02030834477e-14,0,2.54274773136e-05,nan,nan,2.51084940594e-05,nan,nan
8172,6.00784529887e-14,0,2.57164772929e-05,nan,nan,2.47263555061e-05,nan,nan
8176,5.99574834905e-14,0,2.45770261289e-05,nan,nan,2.3895740811e-05,nan,nan
8180,5.98336665249e-14,0,2.2034912709e-05,nan,nan,2.2434960779e-05,nan,nan
8184,5.97107472327e-14,0,1.82102639814e-05,nan,nan,2.0192871154e-05,nan,nan
8188,5.9588631459e-14,0,1.33628241418e-05,nan,nan,1.71281486891e-05,nan,nan
8192,5.94680923034e-14,0,8.12631579298e-06,nan,nan,1.34497694591e-05,nan,nan
8196,5.93459553188e-14,0,5.34473971073e-06,nan,nan,1.00389142652e-05,nan,nan
8200,5.92244959569e-14,0,9.35251086071e-06,nan,nan,9.32972176143e-06,nan,nan
8204,5.91036083136e-14,0,1.56534196184e-05,nan,nan,1.29511279638e-05,nan,nan
8208,5.89848775119e-14,0,2.19635541375e-05,nan,nan,1.8851571027e-05,nan,nan
8212,5.88634046735e-14,0,2.76065538264e-05,nan,nan,2.53178335349e-05,nan,nan
8216,5.87417180637e-14,0,3.21723667569e-05,nan,nan,3.15065906464e-05,nan,nan
8220,5.86237856122e-14,0,3.53639733837e-05,nan,nan,3.68588304741e-05,nan,nan
8224,5.85067061129e-14,0,3.69903249548e-05,nan,nan,4.08968602241e-05,nan,nan
8228,5.83835560461e-14,0,3.69844187277e-05,nan,nan,4.31765140011e-05,nan,nan
8232,5.82680328564e-14,0,3.54437343601e-05,nan,nan,4.33681238186e-05,nan,nan
8236,5.81482901392e-14,0,3.26889482948e-05,nan,nan,4.13788553405e-05,nan,nan
8240,5.80321047542e-14,0,2.93781280352e-05,nan,nan,3.75039193165e-05,nan,nan
8244,5.79128764675e-14,0,2.66551262579e-05,nan,nan,3.23996256215e-05,nan,nan
8248,5.77954883779e-14,0,2.60658434026e-05,nan,nan,2.67417695063e-05,nan,nan
8252,5.76777659903e-14,0,2.86552755884e-05,nan,nan,2.0787762954e-05,nan,nan
8256,5.75636356999e-14,0,3.40076506096e-05,nan,nan,1.44832734108e-05,nan,nan
8260,5.74448767426e-14,0,4.08552797206e-05,nan,nan,1.0360924424e-05,nan,nan
8264,5.73287268842e-14,0,4.80138909114e-05,nan,nan,1.49707193432e-05,nan,nan
8268,5.72147295249e-14,0,5.46145379926e-05,nan,nan,2.38188291723e-05,nan,nan
8272,5.7098527645e-14,0,6.00449785513e-05,nan,nan,3.0668086451e-05,nan,nan
8276,5.69831157029e-14,0,6.38956895991e-05,nan,nan,3.30994585043e-05,nan,nan
8280,5.68666612758e-14,0,6.59386676114e-05,nan,nan,3.17817265161e-05,nan,nan
8284,5.67537420018e-14,0,6.61278131039e-05,nan,nan,3.21637765497e-05,nan,nan
8288,5.66391342919e-14,0,6.46101978823e-05,nan,nan,4.31653094708e-05,nan,nan
8292,5.65252489694e-14,0,6.17385309086e-05,nan,nan,5.73047485624e-05,nan,nan
8296,5.64107533458e-14,0,5.80843352225e-05,nan,nan,5.99328027411e-05,nan,nan
8300,5.62968372239e-14,0,5.44210201577e-05,nan,nan,5.01731284678e-05,nan,nan
8304,5.61870724357e-14,0,5.16354039383e-05,nan,nan,4.52230846755e-05,nan,nan
8308,5.60714295617e-14,0,5.04899119887e-05,nan,nan,5.29522790343e-05,nan,nan
8312,5.59580585981e-14,0,5.1286213584e-05,nan,nan,6.00829423464e-05,nan,nan
8316,5.58475101948e-14,0,5.36969244723e-05,nan,nan,6.22898834306e-05,nan,nan
8320,5.57351588236e-14,0,5.69496197518e-05,nan,nan,6.05497734204e-05,nan,nan
8324,5.56233011573e-14,0,6.01732162455e-05,nan,nan,5.45886351587e-05,nan,nan
8328,5.55130371437e-14,0,6.26297292766e-05,nan,nan,4.43798577529e-05,nan,nan
8332,5.54000089522e-14,0,6.38034314702e-05,nan,nan,3.09275515525e-05,nan,nan
8336,5.52904191347e-14,0,6.34027407679e-05,nan,nan,1.63579066382e-05,nan,nan
8340,5.51794807392e-14,0,6.13423334724e-05,nan,nan,6.22807845956e-06,nan,nan
8344,5.50703435233e-14,0,5.77148605462e-05,nan,nan,1.26339068427e-05,nan,nan
8348,5.4958672379e-14,0,5.27551146685e-05,nan,nan,2.02031652592e-05,nan,nan
8352,5.48498358078e-14,0,4.68109595224e-05,nan,nan,2.44490638493e-05,nan,nan
8356,5.47399985567e-14,0,4.02972710686e-05,nan,nan,2.54938208234e-05,nan,nan
8360,5.46316570882e-14,0,3.36603818514e-05,nan,nan,2.4176887832e-05,nan,nan
8364,5.45225394636e-14,0,2.73402031555e-05,nan,nan,2.16949598993e-05,nan,nan
8368,5.44145250035e-14,0,2.17370886477e-05,nan,nan,1.93802317077e-05,nan,nan
8372,5.43068319184e-14,0,1.72120819301e-05,nan,nan,1.83035536878e-05,nan,nan
8376,5.41961230032e-14,0,1.40970897978e-05,nan,nan,1.88208618877e-05,nan,nan
8380,5.40909309176e-14,0,1.2698433107e-05,nan,nan,2.05632332782e-05,nan,nan
8384,5.39810795891e-14,0,1.31353688433e-05,nan,nan,2.30182223859e-05,nan,nan
8388,5.38764467722e-14,0,1.51639746631e-05,nan,nan,2.58456057698e-05,nan,nan
8392,5.37699305843e-14,0,1.83371817225e-05,nan,nan,2.88017731654e-05,nan,nan
8396,5.36601792247e-14,0,2.22153506719e-05,nan,nan,3.16419371748e-05,nan,nan
8400,5.35574374171e-14,0,2.64324246335e-05,nan,nan,3.40970569289e-05,nan,nan
8404,5.34486034932e-14,0,3.06624112037e-05,nan,nan,3.59241649178e-05,nan,nan
8408,5.33448512234e-14,0,3.45959992603e-05,nan,nan,3.69600114894e-05,nan,nan
8412,5.32382407796e-14,0,3.79055903679e-05,nan,nan,3.71368316162e-05,nan,nan
8416,5.31324219632e-14,0,4.02025830211e-05,nan,nan,3.64836857183e-05,nan,nan
8420,5.30288978646e-14,0,4.11200351053e-05,nan,nan,3.50983787538e-05,nan,nan
8424,5.29239456413e-14,0,4.04228848173e-05,nan,nan,3.31169797754e-05,nan,nan
8428,5.28185716923e-14,0,3.8194305921e-05,nan,nan,3.06939487069e-05,nan,nan
8432,5.27157773536e-14,0,3.49900245838e-05,nan,nan,2.79796026769e-05,nan,nan
8436,5.26104850579e-14,0,3.16976488238e-05,nan,nan,2.51162107611e-05,nan,nan
8440,5.25077169035e-14,0,2.91586114872e-05,nan,nan,2.22303425223e-05,nan,nan
8444,5.24037036245e-14,0,2.73714733151e-05,nan,nan,1.94197620365e-05,nan,nan
8448,5.2301437465e-14,0,2.52170776954e-05,nan,nan,1.67451735751e-05,nan,nan
8452,5.21976333288e-14,0,2.13199862735e-05,nan,nan,1.42116284774e-05,nan,nan
8456,5.20965809659e-14,0,1.4714826532e-05,nan,nan,1.17682803761e-05,nan,nan
8460,5.19934727717e-14,0,5.63155428584e-06,nan,nan,9.32664657222e-06,nan,nan
8464,5.18905252197e-14,0,7.07661247476e-06,nan,nan,6.78784006921e-06,nan,nan
8468,5.1789615875e-14,0,1.92587473584e-05,nan,nan,4.08341857396e-06,nan,nan
8472,5.16886849268e-14,0,3.11648812957e-05,nan,nan,1.21049064463e-06,nan,nan
8476,5.15854194196e-14,0,3.77497960624e-05,nan,nan,1.88534826421e-06,nan,nan
8480,5.14873642265e-14,0,3.28861288265e-05,nan,nan,4.97800956861e-06,nan,nan
8484,5.13845134517e-14,0,1.54642306574e-05,nan,nan,8.02268027531e-06,nan,nan
8488,5.12839022472e-14,0,1.04653738959e-05,nan,nan,1.08870777411e-05,nan,nan
8492,5.11840927554e-14,0,3.06958481891e-05,nan,nan,1.34656750365e-05,nan,nan
8496,5.1084119332e-14,0,4.22224351005e-05,nan,nan,1.57034301305e-05,nan,nan
8500,5.09846765802e-14,0,4.60188314158e-05,nan,nan,1.76115726316e-05,nan,nan
8504,5.0884528254e-14,0,4.67784995638e-05,nan,nan,1.92794580584e-05,nan,nan
8508,5.07866581572e-14,0,4.64801862718e-05,nan,nan,2.08614371124e-05,nan,nan
8512,5.0688071299e-14,0,4.45150682357e-05,nan,nan,2.25301428298e-05,nan,nan
8516,5.05859587103e-14,0,4.0272908136e-05,nan,nan,2.4412592159e-05,nan,nan
8520,5.04897427715e-14,0,3.34415323916e-05,nan,nan,2.65240674106e-05,nan,nan
8524,5.0391725867e-14,0,2.41478871904e-05,nan,nan,2.8742877725e-05,nan,nan
8528,5.029313697e-14,0,1.32163297452e-05,nan,nan,3.08370054651e-05,nan,nan
8532,5.01947828066e-14,0,1.88989912422e-06,nan,nan,3.2511636281e-05,nan,nan
8536,5.00991608227e-14,0,9.25924067703e-06,nan,nan,3.34682022804e-05,nan,nan
8540,5.0000634022e-14,0,1.86478980436e-05,nan,nan,3.34539719031e-05,nan,nan
8544,4.99040416973e-14,0,2.58117731407e-05,nan,nan,3.22983139168e-05,nan,nan
8548,4.98068481509e-14,0,3.03822037246e-05,nan,nan,2.99538162847e-05,nan,nan
8552,4.97115365065e-14,0,3.23699692625e-05,nan,nan,2.65325968651e-05,nan,nan
8556,4.96128778948e-14,0,3.22017303634e-05,nan,nan,2.23735964973e-05,nan,nan
8560,4.9517314638e-14,0,3.05945660053e-05,nan,nan,1.81869658095e-05,nan,nan
8564,4.94245303479e-14,0,2.83423902272e-05,nan,nan,1.52617009868e-05,nan,nan
8568,4.93263885289e-14,0,2.60829695398e-05,nan,nan,1.51139769581e-05,nan,nan
8572,4.92310305057e-14,0,2.40970246061e-05,nan,nan,1.77125296707e-05,nan,nan
8576,4.91375439352e-14,0,2.23593014196e-05,nan,nan,2.14446576915e-05,nan,nan
8580,4.90411261108e-14,0,2.08120370035e-05,nan,nan,2.49183045478e-05,nan,nan
8584,4.89454946285e-14,0,1.95873530889e-05,nan,nan,2.73439564654e-05,nan,nan
8588,4.88550993024e-14,0,1.90051936317e-05,nan,nan,2.82823920824e-05,nan,nan
8592,4.87578660871e-14,0,1.92697917991e-05,nan,nan,2.75143301458e-05,nan,nan
8596,4.86646206283e-14,0,2.01627777586e-05,nan,nan,2.50419384837e-05,nan,nan
8600,4.85720105714e-14,0,2.11309357642e-05,nan,nan,2.13881813464e-05,nan,nan
8604,4.84756587992e-14,0,2.15957559882e-05,nan,nan,1.83513188472e-05,nan,nan
8608,4.83849023945e-14,0,2.11902788218e-05,nan,nan,1.90711793833e-05,nan,nan
8612,4.82938122098e-14,0,1.98356096652e-05,nan,nan,2.4177925934e-05,nan,nan
8616,4.81960125157e-14,0,1.77496960702e-05,nan,nan,3.05467060035e-05,nan,nan
8620,4.81072598807e-14,0,1.54672549778e-05,nan,nan,3.54472162339e-05,nan,nan
8624,4.80149638937e-14,0,1.38296241917e-05,nan,nan,3.7873006113e-05,nan,nan
8628,4.79194549098e-14,0,1.37079107726e-05,nan,nan,3.88044684287e-05,nan,nan
8632,4.78315356992e-14,0,1.52818243084e-05,nan,nan,4.03058072889e-05,nan,nan
8636,4.77401184266e-14,0,1.789936957e-05,nan,nan,4.24912487698e-05,nan,nan
8640,4.76451838907e-14,0,2.07831977545e-05,nan,nan,4.23973313734e-05,nan,nan
8644,4.75568827527e-14,0,2.33889211139e-05,nan,nan,3.63505324418e-05,nan,nan
8648,4.74651650675e-14,0,2.53651772328e-05,nan,nan,2.3448490098e-05,nan,nan
8652,4.73735742257e-14,0,2.64745089611e-05,nan,nan,1.11831293211e-05,nan,nan
8656,4.72864673323e-14,0,2.65454709533e-05,nan,nan,2.46070518124e-05,nan,nan
8660,4.71924364602e-14,0,2.54589387219e-05,nan,nan,4.12840429978e-05,nan,nan
8664,4.7102986227e-14,0,2.31543297702e-05,nan,nan,4.31445022897e-05,nan,nan
8668,4.70154002579e-14,0,1.96439205986e-05,nan,nan,2.41781464347e-05,nan,nan
8672,4.69240821797e-14,0,1.50445706097e-05,nan,nan,1.7325630218e-05,nan,nan
8676,4.68355843003e-14,0,9.6811707329e-06,nan,nan,4.71667964603e-05,nan,nan
8680,4.67463401473e-14,0,4.99202387283e-06,nan,nan,6.36282372486e-05,nan,nan
8684,4.66564583578e-14,0,7.02801120717e-06,nan,nan,6.45973544415e-05,nan,nan
8688,4.65699203716e-14,0,1.34785791346e-05,nan,nan,5.78742774338e-05,nan,nan
8692,4.64771592115e-14,0,2.040168311e-05,nan,nan,4.88763365549e-05,nan,nan
8696,4.63939519683e-14,0,2.69480144556e-05,nan,nan,3.92476427576e-05,nan,nan
8700,4.63044904356e-14,0,3.26573373392e-05,nan,nan,3.10119859062e-05,nan,nan
8704,4.62147874606e-14,0,3.71653470898e-05,nan,nan,2.60356384135e-05,nan,nan
8708,4.61298126348e-14,0,4.01799109903e-05,nan,nan,2.33506650848e-05,nan,nan
8712,4.60385679074e-14,0,4.14904731462e-05,nan,nan,2.04496262703e-05,nan,nan
8716,4.59555139668e-14,0,4.09912453139e-05,nan,nan,1.73904575954e-05,nan,nan
8720,4.58675611824e-14,0,3.87151936664e-05,nan,nan,1.81811041628e-05,nan,nan
8724,4.57787604088e-14,0,3.48966177943e-05,nan,nan,2.47374053257e-05,nan,nan
8728,4.56953918035e-14,0,3.01020570537e-05,nan,nan,3.32811864119e-05,nan,nan
8732,4.56046957317e-14,0,2.55235120738e-05,nan,nan,4.03198137526e-05,nan,nan
8736,4.55238887959e-14,0,2.33355480907e-05,nan,nan,4.3876227613e-05,nan,nan
8740,4.54335178457e-14,0,2.572587854e-05,nan,nan,4.31136513336e-05,nan,nan
8744,4.53513103261e-14,0,3.23806709901e-05,nan,nan,3.81478246705e-05,nan,nan
8748,4.52644662676e-14,0,4.13065211293e-05,nan,nan,2.98409820528e-05,nan,nan
8752,4.51778786516e-14,0,5.08723553892e-05,nan,nan,1.96084221008e-05,nan,nan
8756,4.50952674244e-14,0,6.00179350162e-05,nan,nan,9.33478816499e-06,nan,nan
8760,4.50077156379e-14,0,6.80117763303e-05,nan,nan,4.82070401643e-06,nan,nan
8764,4.49251352662e-14,0,7.43250514529e-05,nan,nan,1.0639463736e-05,nan,nan
8768,4.48396703567e-14,0,7.85932847928e-05,nan,nan,1.54814497907e-05,nan,nan
8772,4.47574671506e-14,0,8.0614545442e-05,nan,nan,1.7716622019e-05,nan,nan
8776,4.46713468288e-14,0,8.03629763543e-05,nan,nan,1.75242492007e-05,nan,nan
8780,4.45860582566e-14,0,7.80097620564e-05,nan,nan,1.55458000935e-05,nan,nan
8784,4.45071261235e-14,0,7.39461761608e-05,nan,nan,1.25975510493e-05,nan,nan
8788,4.44187070102e-14,0,6.88122910653e-05,nan,nan,9.4378696635e-06,nan,nan
8792,4.43400864213e-14,0,6.35113871688e-05,nan,nan,6.51072467684e-06,nan,nan
8796,4.42533776539e-14,0,5.91569379119e-05,nan,nan,3.84589484036e-06,nan,nan
8800,4.4172998573e-14,0,5.6837786623e-05,nan,nan,2.02831169293e-06,nan,nan
8804,4.40883487793e-14,0,5.71563927748e-05,nan,nan,4.39563034541e-06,nan,nan
8808,4.40078500607e-14,0,5.98605427398e-05,nan,nan,8.83804663456e-06,nan,nan
8812,4.39240635794e-14,0,6.39892974094e-05,nan,nan,1.39703191502e-05,nan,nan
8816,4.38438444445e-14,0,6.83663740999e-05,nan,nan,1.92112861879e-05,nan,nan
8820,4.37601762509e-14,0,7.19683186985e-05,nan,nan,2.40015123188e-05,nan,nan
8824,4.36804956466e-14,0,7.40542552629e-05,nan,nan,2.78243834144e-05,nan,nan
8828,4.35988911067e-14,0,7.41718299107e-05,nan,nan,3.02593937381e-05,nan,nan
8832,4.35154048073e-14,0,7.21291917776e-05,nan,nan,3.10225390231e-05,nan,nan
8836,4.34360696581e-14,0,6.79661562184e-05,nan,nan,2.99776994573e-05,nan,nan
8840,4.33537013455e-14,0,6.19232310234e-05,nan,nan,2.71355804656e-05,nan,nan
8844,4.3276177978e-14,0,5.44132793389e-05,nan,nan,2.26390429795e-05,nan,nan
8848,4.31936989899e-14,0,4.59933126658e-05,nan,nan,1.67457903163e-05,nan,nan
8852,4.31154169088e-14,0,3.73381648514e-05,nan,nan,9.83238444833e-06,nan,nan
8856,4.30313920798e-14,0,2.92210903829e-05,nan,nan,2.84264561242e-06,nan,nan
8860,4.29548506662e-14,0,2.24833870401e-05,nan,nan,6.38627588412e-06,nan,nan
8864,4.28744313601e-14,0,1.78793917116e-05,nan,nan,1.39277549267e-05,nan,nan
8868,4.27934681038e-14,0,1.55655483553e-05,nan,nan,2.09664309649e-05,nan,nan
8872,4.2717160128e-14,0,1.46698362159e-05,nan,nan,2.69865309368e-05,nan,nan
8876,4.26345154492e-14,0,1.39963934909e-05,nan,nan,3.16372043652e-05,nan,nan
8880,4.25593838155e-14,0,1.30445302301e-05,nan,nan,3.46866444729e-05,nan,nan
8884,4.24785043008e-14,0,1.24234627674e-05,nan,nan,3.6051687309e-05,nan,nan
8888,4.24010455759e-14,0,1.36661895049e-05,nan,nan,3.58408605766e-05,nan,nan
8892,4.23211112007e-14,0,1.76330674663e-05,nan,nan,3.44042795056e-05,nan,nan
8896,4.22452857959e-14,0,2.35872626117e-05,nan,nan,3.23905946471e-05,nan,nan
8900,4.21645263332e-14,0,3.03815017047e-05,nan,nan,3.07533076571e-05,nan,nan
8904,4.20874333785e-14,0,3.70819573477e-05,nan,nan,3.05362062628e-05,nan,nan
8908,4.20126669552e-14,0,4.29625099973e-05,nan,nan,3.23243225441e-05,nan,nan
8912,4.19325015042e-14,0,4.74641726581e-05,nan,nan,3.58181892347e-05,nan,nan
8916,4.18560314907e-14,0,5.01959423344e-05,nan,nan,4.01031154478e-05,nan,nan
8920,4.17790869797e-14,0,5.09447773681e-05,nan,nan,4.41765543572e-05,nan,nan
8924,4.17021224812e-14,0,4.96983388901e-05,nan,nan,4.7223171835e-05,nan,nan
8928,4.16250561735e-14,0,4.66553467301e-05,nan,nan,4.86860979681e-05,nan,nan
8932,4.15496597449e-14,0,4.22339773043e-05,nan,nan,4.82878675576e-05,nan,nan
8936,4.14721504039e-14,0,3.70712934496e-05,nan,nan,4.60675616131e-05,nan,nan
8940,4.13989773694e-14,0,3.1976635627e-05,nan,nan,4.242278942e-05,nan,nan
8944,4.13180165431e-14,0,2.78138936903e-05,nan,nan,3.81682796692e-05,nan,nan
8948,4.1246823029e-14,0,2.51990679197e-05,nan,nan,3.45545022748e-05,nan,nan
8952,4.1166792848e-14,0,2.40863785354e-05,nan,nan,3.3070206623e-05,nan,nan
8956,4.10982183213e-14,0,2.37136491519e-05,nan,nan,3.47067104045e-05,nan,nan
8960,4.101473411e-14,0,2.30454727081e-05,nan,nan,3.91788262689e-05,nan,nan
8964,4.09478005317e-14,0,2.12618662722e-05,nan,nan,4.52226481455e-05,nan,nan
8968,4.08653111098e-14,0,1.81303531692e-05,nan,nan,5.13235913082e-05,nan,nan
8972,4.07968670256e-14,0,1.45288185208e-05,nan,nan,5.60926368501e-05,nan,nan
8976,4.07192905832e-14,0,1.3233909465e-05,nan,nan,5.8452449124e-05,nan,nan
8980,4.0645274714e-14,0,1.63090384691e-05,nan,nan,5.79276895651e-05,nan,nan
8984,4.0572127924e-14,0,2.11773886242e-05,nan,nan,5.48759461996e-05,nan,nan
8988,4.04950975878e-14,0,2.50110602204e-05,nan,nan,5.03799997501e-05,nan,nan
8992,4.04267215246e-14,0,2.71034431902e-05,nan,nan,4.56088642326e-05,nan,nan
8996,4.03478341785e-14,0,2.89541889487e-05,nan,nan,4.07155451142e-05,nan,nan
9000,4.02779536955e-14,0,3.26592383305e-05,nan,nan,3.46747311521e-05,nan,nan
9004,4.02034768708e-14,0,3.81125122205e-05,nan,nan,2.64567193173e-05,nan,nan
9008,4.01282124554e-14,0,4.29576817672e-05,nan,nan,1.62077606313e-05,nan,nan
9012,4.00611169846e-14,0,4.52403867673e-05,nan,nan,5.53707407655e-06,nan,nan
9016,3.99813438632e-14,0,4.48805569428e-05,nan,nan,4.81071648553e-06,nan,nan
9020,3.99140966383e-14,0,4.20157721556e-05,nan,nan,1.24931709943e-05,nan,nan
9024,3.98376314973e-14,0,3.46943616056e-05,nan,nan,1.81198106874e-05,nan,nan
9028,3.97681689967e-14,0,2.00665849883e-05,nan,nan,2.08013877811e-05,nan,nan
9032,3.96950862172e-14,0,1.02050525845e-05,nan,nan,1.83996432785e-05,nan,nan
9036,3.96234412913e-14,0,3.21133992685e-05,nan,nan,9.00640727658e-06,nan,nan
9040,3.95537340484e-14,0,4.91790224085e-05,nan,nan,5.96544121321e-06,nan,nan
9044,3.94768984196e-14,0,5.32534606843e-05,nan,nan,2.03922963878e-05,nan,nan
9048,3.94099111368e-14,0,4.6795976564e-05,nan,nan,3.04680243833e-05,nan,nan
9052,3.93387291185e-14,0,3.5755365274e-05,nan,nan,3.57939677556e-05,nan,nan
9056,3.92632591265e-14,0,2.32463724444e-05,nan,nan,3.75245100189e-05,nan,nan
9060,3.92000506771e-14,0,1.15392419211e-05,nan,nan,3.54844769312e-05,nan,nan
9064,3.91221944137e-14,0,1.26314772112e-05,nan,nan,2.9169928797e-05,nan,nan
9068,3.905411907e-14,0,2.35324954237e-05,nan,nan,1.89409309814e-05,nan,nan
9072,3.89848833241e-14,0,3.27271343955e-05,nan,nan,6.44116473085e-06,nan,nan
9076,3.89118785268e-14,0,3.81362509953e-05,nan,nan,8.49717777606e-06,nan,nan
9080,3.88461404667e-14,0,4.0280800973e-05,nan,nan,2.04050542725e-05,nan,nan
9084,3.87733186586e-14,0,4.0921548631e-05,nan,nan,2.96733452668e-05,nan,nan
9088,3.87012456308e-14,0,4.17946506893e-05,nan,nan,3.53773445437e-05,nan,nan
9092,3.86380346563e-14,0,4.34091043569e-05,nan,nan,3.75316793327e-05,nan,nan
9096,3.85616652942e-14,0,4.48356772103e-05,nan,nan,3.67699938942e-05,nan,nan
9100,3.84977490146e-14,0,4.46498855515e-05,nan,nan,3.40801214162e-05,nan,nan
9104,3.84276331091e-14,0,4.18974777741e-05,nan,nan,3.05301468063e-05,nan,nan
9108,3.83540688329e-14,0,3.64384646388e-05,nan,nan,2.69360523221e-05,nan,nan
9112,3.82915322021e-14,0,2.89024199298e-05,nan,nan,2.36509825161e-05,nan,nan
9116,3.82218686522e-14,0,2.05486095665e-05,nan,nan,2.06873501944e-05,nan,nan
9120,3.81490113469e-14,0,1.32362150323e-05,nan,nan,1.81136444055e-05,nan,nan
9124,3.8086113611e-14,0,9.67929288373e-06,nan,nan,1.64235030257e-05,nan,nan
9128,3.80131177466e-14,0,1.06493745055e-05,nan,nan,1.63652838757e-05,nan,nan
9132,3.79467259975e-14,0,1.25621747171e-05,nan,nan,1.80422312495e-05,nan,nan
9136,3.78839802578e-14,0,1.35051626507e-05,nan,nan,2.05995618572e-05,nan,nan
9140,3.78079791924e-14,0,1.37061446495e-05,nan,nan,2.29775890843e-05,nan,nan
9144,3.77463708321e-14,0,1.42663383534e-05,nan,nan,2.44408074445e-05,nan,nan
9148,3.76784127272e-14,0,1.60584582853e-05,nan,nan,2.46438743398e-05,nan,nan
9152,3.76075948836e-14,0,1.88852135728e-05,nan,nan,2.35622717874e-05,nan,nan
9156,3.75446233633e-14,0,2.18957411332e-05,nan,nan,2.14162789345e-05,nan,nan
9160,3.7477372818e-14,0,2.43234924831e-05,nan,nan,1.85855584212e-05,nan,nan
9164,3.74062973516e-14,0,2.57275468148e-05,nan,nan,1.5528965022e-05,nan,nan
9168,3.73424406141e-14,0,2.59713880379e-05,nan,nan,1.27115844387e-05,nan,nan
9172,3.72800243387e-14,0,2.51336257594e-05,nan,nan,1.05205306577e-05,nan,nan
9176,3.720706582e-14,0,2.3418823193e-05,nan,nan,9.15644723879e-06,nan,nan
9180,3.71454897174e-14,0,2.1083414735e-05,nan,nan,8.54359425274e-06,nan,nan
9184,3.70794170136e-14,0,1.83952914413e-05,nan,nan,8.41530166613e-06,nan,nan
9188,3.70095549856e-14,0,1.56555451774e-05,nan,nan,8.53318261897e-06,nan,nan
9192,3.69470280346e-14,0,1.32779055291e-05,nan,nan,8.79261332652e-06,nan,nan
9196,3.68844723769e-14,0,1.18655165844e-05,nan,nan,9.1867926441e-06,nan,nan
9200,3.68138370874e-14,0,1.19886142628e-05,nan,nan,9.73401265935e-06,nan,nan
9204,3.67482743056e-14,0,1.35925983497e-05,nan,nan,1.04260427055e-05,nan,nan
9208,3.66887330886e-14,0,1.60129143666e-05,nan,nan,1.12135112235e-05,nan,nan
9212,3.66198306894e-14,0,1.85518585101e-05,nan,nan,1.20103800433e-05,nan,nan
9216,3.655459699e-14,0,2.07093583328e-05,nan,nan,1.27098857877e-05,nan,nan
9220,3.64933656736e-14,0,2.21612401464e-05,nan,nan,1.32026300793e-05,nan,nan
9224,3.64270071475e-14,0,2.27180904415e-05,nan,nan,1.33979008244e-05,nan,nan
9228,3.63610141546e-14,0,2.23063790057e-05,nan,nan,1.3251143954e-05,nan,nan
9232,3.6298819401e-14,0,2.09645464214e-05,nan,nan,1.2794781934e-05,nan,nan
9236,3.62357409997e-14,0,1.88484671616e-05,nan,nan,1.2175237508e-05,nan,nan
9240,3.61685571677e-14,0,1.62590875017e-05,nan,nan,1.16775787021e-05,nan,nan
9244,3.61073326436e-14,0,1.37058032089e-05,nan,nan,1.1681430839e-05,nan,nan
9248,3.6044426503e-14,0,1.19733431184e-05,nan,nan,1.24748358979e-05,nan,nan
9252,3.59805521013e-14,0,1.18730918403e-05,nan,nan,1.40413263116e-05,nan,nan
9256,3.59133936908e-14,0,1.34459344365e-05,nan,nan,1.60852376169e-05,nan,nan
9260,3.58548993397e-14,0,1.59018895804e-05,nan,nan,1.82221148219e-05,nan,nan
9264,3.5790607021e-14,0,1.8423323969e-05,nan,nan,2.01050568143e-05,nan,nan
9268,3.57289313487e-14,0,2.04687045044e-05,nan,nan,2.14650579933e-05,nan,nan
9272,3.56622075541e-14,0,2.17138770697e-05,nan,nan,2.21189875488e-05,nan,nan
9276,3.56037288745e-14,0,2.19859159267e-05,nan,nan,2.1974418957e-05,nan,nan
9280,3.5540700404e-14,0,2.12350160944e-05,nan,nan,2.10377426264e-05,nan,nan
9284,3.54770741703e-14,0,1.95324588867e-05,nan,nan,1.9424157373e-05,nan,nan
9288,3.54143986499e-14,0,1.70890996471e-05,nan,nan,1.73729361421e-05,nan,nan
9292,3.53555120807e-14,0,1.43103235561e-05,nan,nan,1.525958945e-05,nan,nan
9296,3.5291740776e-14,0,1.1912003113e-05,nan,nan,1.35777228992e-05,nan,nan
9300,3.52287883044e-14,0,1.09354021123e-05,nan,nan,1.27989987182e-05,nan,nan
9304,3.51671691213e-14,0,1.19898540691e-05,nan,nan,1.30617339713e-05,nan,nan
9308,3.51089585891e-14,0,1.4429486995e-05,nan,nan,1.40224908806e-05,nan,nan
9312,3.50454467925e-14,0,1.72030636365e-05,nan,nan,1.51168170736e-05,nan,nan
9316,3.49843516227e-14,0,1.9581400089e-05,nan,nan,1.58407361562e-05,nan,nan
9320,3.49215677096e-14,0,2.11371356124e-05,nan,nan,1.58531479058e-05,nan,nan
9324,3.48639581669e-14,0,2.16375374441e-05,nan,nan,1.50190463071e-05,nan,nan
9328,3.48043833795e-14,0,2.09992357453e-05,nan,nan,1.34565219422e-05,nan,nan
9332,3.47376123079e-14,0,1.92801088759e-05,nan,nan,1.15476844523e-05,nan,nan
9336,3.4681569013e-14,0,1.66983161926e-05,nan,nan,9.76309247681e-06,nan,nan
9340,3.46209253625e-14,0,1.37003163495e-05,nan,nan,8.26838596494e-06,nan,nan
9344,3.456257438e-14,0,1.11255258929e-05,nan,nan,6.69472912995e-06,nan,nan
9348,3.44986069909e-14,0,1.02653036677e-05,nan,nan,4.57104010208e-06,nan,nan
9352,3.44388243993e-14,0,1.1756779566e-05,nan,nan,1.97260559331e-06,nan,nan
9356,3.43794593302e-14,0,1.46091502744e-05,nan,nan,3.79887640415e-07,nan,nan
9360,3.43242012942e-14,0,1.75959715764e-05,nan,nan,1.34206283051e-06,nan,nan
9364,3.42615748365e-14,0,1.99700040732e-05,nan,nan,1.01227813504e-06,nan,nan
9368,3.42002911658e-14,0,2.13158677317e-05,nan,nan,4.62531208285e-06,nan,nan
9372,3.41412800262e-14,0,2.14248735387e-05,nan,nan,1.07943906556e-05,nan,nan
9376,3.40852328858e-14,0,2.0255601448e-05,nan,nan,1.75212764816e-05,nan,nan
9380,3.40256422428e-14,0,1.7935476538e-05,nan,nan,2.18079952875e-05,nan,nan
9384,3.39662664657e-14,0,1.4805672939e-05,nan,nan,2.0648471817e-05,nan,nan
9388,3.39054559863e-14,0,1.15686217252e-05,nan,nan,1.44158279438e-05,nan,nan
9392,3.38481959259e-14,0,9.59829556403e-06,nan,nan,1.06770800014e-05,nan,nan
9396,3.37900774721e-14,0,1.03872482993e-05,nan,nan,1.46797585447e-05,nan,nan
9400,3.37326232825e-14,0,1.33187097877e-05,nan,nan,1.75399832569e-05,nan,nan
9404,3.36746953187e-14,0,1.67283917283e-05,nan,nan,1.70748341823e-05,nan,nan
9408,3.36136085082e-14,0,1.95809861612e-05,nan,nan,1.55083814813e-05,nan,nan
9412,3.35576513449e-14,0,2.13291437823e-05,nan,nan,1.56437851489e-05,nan,nan
9416,3.34994818673e-14,0,2.16913922709e-05,nan,nan,1.87756017962e-05,nan,nan
9420,3.34430234115e-14,0,2.05845268763e-05,nan,nan,2.34508895192e-05,nan,nan
9424,3.33852410729e-14,0,1.81193576865e-05,nan,nan,2.7378046519e-05,nan,nan
9428,3.33265652601e-14,0,1.46486245763e-05,nan,nan,2.88737907404e-05,nan,nan
9432,3.32695317086e-14,0,1.09524330463e-05,nan,nan,2.72018224012e-05,nan,nan
9436,3.32100552062e-14,0,8.76425618348e-06,nan,nan,2.25423559635e-05,nan,nan
9440,3.31576234332e-14,0,1.00724769203e-05,nan,nan,1.5775580511e-05,nan,nan
9444,3.31008131855e-14,0,1.37061177735e-05,nan,nan,8.34478044647e-06,nan,nan
9448,3.3041399727e-14,0,1.75665981756e-05,nan,nan,3.67900900386e-06,nan,nan
9452,3.29851794362e-14,0,2.05685114092e-05,nan,nan,6.8425447576e-06,nan,nan
9456,3.29261352653e-14,0,2.21582668251e-05,nan,nan,9.77549317566e-06,nan,nan
9460,3.2874704372e-14,0,2.20647404776e-05,nan,nan,1.01735684786e-05,nan,nan
9464,3.28150067236e-14,0,2.02544206902e-05,nan,nan,8.49051932746e-06,nan,nan
9468,3.27600165496e-14,0,1.69413133269e-05,nan,nan,7.58324241345e-06,nan,nan
9472,3.27065642691e-14,0,1.26684179456e-05,nan,nan,1.13890697708e-05,nan,nan
9476,3.26457450559e-14,0,8.71830687908e-06,nan,nan,1.79538096635e-05,nan,nan
9480,3.25926153369e-14,0,8.10756827133e-06,nan,nan,2.46086860913e-05,nan,nan
9484,3.25360538544e-14,0,1.17871852305e-05,nan,nan,2.99417948681e-05,nan,nan
9488,3.24807748194e-14,0,1.66662673859e-05,nan,nan,3.31444602887e-05,nan,nan
9492,3.24275581372e-14,0,2.09098657214e-05,nan,nan,3.38599109605e-05,nan,nan
9496,3.23694488312e-14,0,2.35350248529e-05,nan,nan,3.21557913442e-05,nan,nan
9500,3.23165431215e-14,0,2.38797868609e-05,nan,nan,2.85084603828e-05,nan,nan
9504,3.22599459304e-14,0,2.16742707463e-05,nan,nan,2.38319106586e-05,nan,nan
9508,3.2204603034e-14,0,1.72420472215e-05,nan,nan,1.96350587236e-05,nan,nan
9512,3.21499441829e-14,0,1.15522976961e-05,nan,nan,1.80387495762e-05,nan,nan
9516,3.20951013994e-14,0,6.12271107198e-06,nan,nan,2.0251627963e-05,nan,nan
9520,3.20422129957e-14,0,4.17342944328e-06,nan,nan,2.50549153998e-05,nan,nan
9524,3.19882813242e-14,0,8.51288777467e-06,nan,nan,3.07000662772e-05,nan,nan
9528,3.19319962037e-14,0,1.57431461612e-05,nan,nan,3.61436399848e-05,nan,nan
9532,3.18787140154e-14,0,2.41562161709e-05,nan,nan,4.08359872536e-05,nan,nan
9536,3.18251177449e-14,0,3.12059926858e-05,nan,nan,4.44522282548e-05,nan,nan
9540,3.17691956462e-14,0,3.39889849234e-05,nan,nan,4.67730956874e-05,nan,nan
9544,3.17154767204e-14,0,3.05644954301e-05,nan,nan,4.76540618257e-05,nan,nan
9548,3.16632267824e-14,0,2.08150758947e-05,nan,nan,4.70368239337e-05,nan,nan
9552,3.16098252023e-14,0,1.01144646701e-05,nan,nan,4.49819372345e-05,nan,nan
9556,3.15554771693e-14,0,1.37205076963e-05,nan,nan,4.17073686759e-05,nan,nan
9560,3.15032063625e-14,0,1.60130730785e-05,nan,nan,3.76288578844e-05,nan,nan
9564,3.14501843742e-14,0,6.56302735556e-06,nan,nan,3.33970530514e-05,nan,nan
9568,3.13947314767e-14,0,1.06954056796e-05,nan,nan,2.98890879711e-05,nan,nan
9572,3.13436306368e-14,0,2.71850825759e-05,nan,nan,2.80135054644e-05,nan,nan
9576,3.12898470976e-14,0,3.71333977094e-05,nan,nan,2.82005338384e-05,nan,nan
9580,3.12373251074e-14,0,3.98235235941e-05,nan,nan,3.0014095285e-05,nan,nan
9584,3.11839354625e-14,0,3.63319893626e-05,nan,nan,3.24788739395e-05,nan,nan
9588,3.11325284761e-14,0,2.74845551658e-05,nan,nan,3.46572127351e-05,nan,nan
9592,3.10784500101e-14,0,1.63329925086e-05,nan,nan,3.58977449978e-05,nan,nan
9596,3.1028933065e-14,0,1.67326258726e-05,nan,nan,3.58408936442e-05,nan,nan
9600,3.09751701861e-14,0,3.05877710305e-05,nan,nan,3.4370358061e-05,nan,nan
9604,3.09236198346e-14,0,4.35659886783e-05,nan,nan,3.15686198357e-05,nan,nan
9608,3.08706128287e-14,0,5.06320224782e-05,nan,nan,2.76847163474e-05,nan,nan
9612,3.08208299519e-14,0,4.99920169918e-05,nan,nan,2.31123427069e-05,nan,nan
9616,3.07678588317e-14,0,4.16725880584e-05,nan,nan,1.83816136117e-05,nan,nan
9620,3.07150526623e-14,0,2.71462673464e-05,nan,nan,1.4169571411e-05,nan,nan
9624,3.06628570091e-14,0,9.35341917406e-06,nan,nan,1.12525411572e-05,nan,nan
9628,3.06138898105e-14,0,1.22180614957e-05,nan,nan,1.00737944354e-05,nan,nan
9632,3.05626118427e-14,0,2.93718259086e-05,nan,nan,1.00599638538e-05,nan,nan
9636,3.05100461855e-14,0,4.2602827038e-05,nan,nan,1.00965222781e-05,nan,nan
9640,3.04599191101e-14,0,5.00569332559e-05,nan,nan,9.47731474785e-06,nan,nan
9644,3.04071715367e-14,0,5.13165351359e-05,nan,nan,8.11459553056e-06,nan,nan
9648,3.03576847983e-14,0,4.72777843859e-05,nan,nan,6.66827365811e-06,nan,nan
9652,3.03076442089e-14,0,4.02527346795e-05,nan,nan,6.90317501088e-06,nan,nan
9656,3.02561834725e-14,0,3.4180558993e-05,nan,nan,9.87439367774e-06,nan,nan
9660,3.02051136214e-14,0,3.35097127294e-05,nan,nan,1.44431547731e-05,nan,nan
9664,3.01557615084e-14,0,3.86234310195e-05,nan,nan,1.94660890986e-05,nan,nan
9668,3.01056516362e-14,0,4.56532655572e-05,nan,nan,2.41021805012e-05,nan,nan
9672,3.0054611358e-14,0,5.13821493798e-05,nan,nan,2.75956503861e-05,nan,nan
9676,3.00052907983e-14,0,5.44625745598e-05,nan,nan,2.93443968632e-05,nan,nan
9680,2.99541863884e-14,0,5.48635067608e-05,nan,nan,2.91158958045e-05,nan,nan
9684,2.99062479336e-14,0,5.33913358914e-05,nan,nan,2.72108907085e-05,nan,nan
9688,2.98546778804e-14,0,5.127609426e-05,nan,nan,2.43968609892e-05,nan,nan
9692,2.98056301745e-14,0,4.96887896276e-05,nan,nan,2.14276086178e-05,nan,nan
9696,2.97555465028e-14,0,4.92330794905e-05,nan,nan,1.84287705548e-05,nan,nan
9700,2.97059633288e-14,0,4.97327089683e-05,nan,nan,1.51189158287e-05,nan,nan
9704,2.96591264962e-14,0,5.05131085312e-05,nan,nan,1.20167996143e-05,nan,nan
9708,2.96065949813e-14,0,5.08818005518e-05,nan,nan,1.10073531314e-05,nan,nan
9712,2.95596125863e-14,0,5.0427482736e-05,nan,nan,1.2131501694e-05,nan,nan
9716,2.9508923104e-14,0,4.90695802549e-05,nan,nan,1.21432627332e-05,nan,nan
9720,2.94619719768e-14,0,4.69711521835e-05,nan,nan,8.38573082384e-06,nan,nan
9724,2.94118021854e-14,0,4.44054696357e-05,nan,nan,2.87461006431e-06,nan,nan
9728,2.93633699393e-14,0,4.16333828754e-05,nan,nan,1.02104813407e-05,nan,nan
9732,2.93149256039e-14,0,3.88226257421e-05,nan,nan,1.56600305888e-05,nan,nan
9736,2.92671755675e-14,0,3.60261965868e-05,nan,nan,1.39154489794e-05,nan,nan
9740,2.92175867615e-14,0,3.32155855974e-05,nan,nan,8.13004965658e-06,nan,nan
9744,2.91695707728e-14,0,3.0339029121e-05,nan,nan,1.30703971166e-05,nan,nan
9748,2.91217716956e-14,0,2.73749921173e-05,nan,nan,2.32002993818e-05,nan,nan
9752,2.90737358662e-14,0,2.43607566704e-05,nan,nan,3.14363579914e-05,nan,nan
9756,2.90256871049e-14,0,2.13988291966e-05,nan,nan,3.66534985005e-05,nan,nan
9760,2.89777302473e-14,0,1.86513721248e-05,nan,nan,3.81102512467e-05,nan,nan
9764,2.8929390176e-14,0,1.63291654214e-05,nan,nan,3.5233345513e-05,nan,nan
9768,2.8882209335e-14,0,1.46668971478e-05,nan,nan,2.81861873565e-05,nan,nan
9772,2.88361942309e-14,0,1.38545463966e-05,nan,nan,1.82223635773e-05,nan,nan
9776,2.87858982807e-14,0,1.39301214831e-05,nan,nan,8.4087773008e-06,nan,nan
9780,2.87401152106e-14,0,1.47354515521e-05,nan,nan,8.81601984065e-06,nan,nan
9784,2.86927879243e-14,0,1.60032718541e-05,nan,nan,1.57638675208e-05,nan,nan
9788,2.86456250208e-14,0,1.74741221868e-05,nan,nan,2.00717538426e-05,nan,nan
9792,2.85994656282e-14,0,1.89472215297e-05,nan,nan,2.02955102053e-05,nan,nan
9796,2.85509666417e-14,0,2.02807490927e-05,nan,nan,1.64636692352e-05,nan,nan
9800,2.85050152992e-14,0,2.13787201474e-05,nan,nan,9.34064240734e-06,nan,nan
9804,2.84577398016e-14,0,2.21791797397e-05,nan,nan,8.24791621411e-07,nan,nan
9808,2.84104444145e-14,0,2.26468479523e-05,nan,nan,9.79370610369e-06,nan,nan
9812,2.83656441595e-14,0,2.27680685352e-05,nan,nan,1.88706244049e-05,nan,nan
9816,2.83174764496e-14,0,2.2547696581e-05,nan,nan,2.60791655886e-05,nan,nan
9820,2.82731282937e-14,0,2.20072769223e-05,nan,nan,3.07127110778e-05,nan,nan
9824,2.82254362465e-14,0,2.11837883992e-05,nan,nan,3.25642532174e-05,nan,nan
9828,2.81795510323e-14,0,2.01295683006e-05,nan,nan,3.19128299237e-05,nan,nan
9832,2.81324895437e-14,0,1.89124914463e-05,nan,nan,2.94477669565e-05,nan,nan
9836,2.80888322721e-14,0,1.76165607369e-05,nan,nan,2.61410898842e-05,nan,nan
9840,2.80417428333e-14,0,1.63413103312e-05,nan,nan,2.30429315961e-05,nan,nan
9844,2.79965295189e-14,0,1.51976141893e-05,nan,nan,2.09305882553e-05,nan,nan
9848,2.79497545145e-14,0,1.42962070568e-05,nan,nan,1.99139603561e-05,nan,nan
9852,2.79035498302e-14,0,1.37254946938e-05,nan,nan,1.94444431586e-05,nan,nan
9856,2.785825941e-14,0,1.35239355869e-05,nan,nan,1.88189749085e-05,nan,nan
9860,2.7815216604e-14,0,1.36630910898e-05,nan,nan,1.75941111868e-05,nan,nan
9864,2.77687315397e-14,0,1.40564501665e-05,nan,nan,1.56591412294e-05,nan,nan
9868,2.77243053278e-14,0,1.45886746361e-05,nan,nan,1.31441468158e-05,nan,nan
9872,2.76781606442e-14,0,1.5145394122e-05,nan,nan,1.03042279762e-05,nan,nan
9876,2.76324656434e-14,0,1.5631620979e-05,nan,nan,7.42726336093e-06,nan,nan
9880,2.75887189698e-14,0,1.5978897307e-05,nan,nan,4.77428808724e-06,nan,nan
9884,2.75433915556e-14,0,1.61462304376e-05,nan,nan,2.57154951054e-06,nan,nan
9888,2.74984826654e-14,0,1.6118857205e-05,nan,nan,1.22429063825e-06,nan,nan
9892,2.74549681984e-14,0,1.59063082949e-05,nan,nan,1.52442086461e-06,nan,nan
9896,2.74095867699e-14,0,1.55403405938e-05,nan,nan,2.33789821758e-06,nan,nan
9900,2.73662571331e-14,0,1.50721180361e-05,nan,nan,3.02221143333e-06,nan,nan
9904,2.73202450544e-14,0,1.45674953152e-05,nan,nan,3.6050428708e-06,nan,nan
9908,2.72770575812e-14,0,1.40991442762e-05,nan,nan,4.19781579441e-06,nan,nan
9912,2.72332087344e-14,0,1.37343555443e-05,nan,nan,4.89907445113e-06,nan,nan
9916,2.71871015216e-14,0,1.35198039322e-05,nan,nan,5.75966139375e-06,nan,nan
9920,2.71469237559e-14,0,1.34681365019e-05,nan,nan,6.77438971191e-06,nan,nan
9924,2.70988760754e-14,0,1.35529042985e-05,nan,nan,7.89347140391e-06,nan,nan
9928,2.70571029978e-14,0,1.37152767873e-05,nan,nan,9.04057167262e-06,nan,nan
9932,2.70136084227e-14,0,1.38790540394e-05,nan,nan,1.01297961077e-05,nan,nan
9936,2.69697485034e-14,0,1.3967277382e-05,nan,nan,1.1079204195e-05,nan,nan
9940,2.69262093285e-14,0,1.39159018935e-05,nan,nan,1.18215449829e-05,nan,nan
9944,2.68829694787e-14,0,1.36834933683e-05,nan,nan,1.23130608272e-05,nan,nan
9948,2.68396880282e-14,0,1.32584822086e-05,nan,nan,1.25401398252e-05,nan,nan
9952,2.67962449036e-14,0,1.26656576447e-05,nan,nan,1.25246373988e-05,nan,nan
9956,2.6752457682e-14,0,1.19727895199e-05,nan,nan,1.23273641417e-05,nan,nan
9960,2.67102691054e-14,0,1.1295638625e-05,nan,nan,1.20477300417e-05,nan,nan
9964,2.66674523153e-14,0,1.07927282764e-05,nan,nan,1.18149741926e-05,nan,nan
9968,2.66248873299e-14,0,1.06329762699e-05,nan,nan,1.17629846674e-05,nan,nan
9972,2.65815928799e-14,0,1.09282150186e-05,nan,nan,1.19877409081e-05,nan,nan
9976,2.65382239753e-14,0,1.16701257207e-05,nan,nan,1.25059936216e-05,nan,nan
9980,2.6496728378e-14,0,1.27327108033e-05,nan,nan,1.32448267788e-05,nan,nan
9984,2.64535729946e-14,0,1.39306488871e-05,nan,nan,1.40686560422e-05,nan,nan
9988,2.64118001191e-14,0,1.50738687928e-05,nan,nan,1.48189211045e-05,nan,nan
9992,2.63679700933e-14,0,1.59932697413e-05,nan,nan,1.53440371344e-05,nan,nan
9996,2.6326939023e-14,0,1.65476016076e-05,nan,nan,1.55158236787e-05,nan,nan
10000,2.62845132339e-14,0,1.66241871257e-05,nan,nan,1.5237004244e-05,nan,nan
10004,2.62429299715e-14,0,1.61387611773e-05,nan,nan,1.44447244963e-05,nan,nan
10008,2.61995670821e-14,0,1.50358975812e-05,nan,nan,1.31121877745e-05,nan,nan
10012,2.61591866076e-14,0,1.32899363697e-05,nan,nan,1.12489971031e-05,nan,nan
10016,2.6116444695e-14,0,1.09059900717e-05,nan,nan,8.90072510557e-06,nan,nan
10020,2.60764576764e-14,0,7.92187169298e-06,nan,nan,6.14841152571e-06,nan,nan
10024,2.60331081908e-14,0,4.41877315681e-06,nan,nan,3.11915219155e-06,nan,nan
10028,2.59924357652e-14,0,9.1851198902e-07,nan,nan,7.45435355634e-07,nan,nan
10032,2.59493357661e-14,0,4.07426104066e-06,nan,nan,3.56183773335e-06,nan,nan
10036,2.590982895e-14,0,8.55341160565e-06,nan,nan,6.68437440308e-06,nan,nan
10040,2.58681801765e-14,0,1.31106911102e-05,nan,nan,9.55624263647e-06,nan,nan
10044,2.582636542e-14,0,1.7558036085e-05,nan,nan,1.20212412429e-05,nan,nan
10048,2.57847118715e-14,0,2.17244666027e-05,nan,nan,1.3959314615e-05,nan,nan
10052,2.57455641296e-14,0,2.54467149315e-05,nan,nan,1.52881575115e-05,nan,nan
10056,2.57029557154e-14,0,2.85750080684e-05,nan,nan,1.59755565004e-05,nan,nan
10060,2.56635447809e-14,0,3.09808964119e-05,nan,nan,1.60562127525e-05,nan,nan
10064,2.56217308094e-14,0,3.25658625072e-05,nan,nan,1.56541378732e-05,nan,nan
10068,2.5582000888e-14,0,3.32704146831e-05,nan,nan,1.50103451013e-05,nan,nan
10072,2.55392963065e-14,0,3.30842016677e-05,nan,nan,1.44989147295e-05,nan,nan
10076,2.54995378539e-14,0,3.20583146786e-05,nan,nan,1.45717624637e-05,nan,nan
10080,2.5460179918e-14,0,3.03218637881e-05,nan,nan,1.55655798229e-05,nan,nan
10084,2.54198482417e-14,0,2.81059822494e-05,nan,nan,1.74933657561e-05,nan,nan
10088,2.5379668014e-14,0,2.57756074903e-05,nan,nan,2.00697386591e-05,nan,nan
10092,2.53379603421e-14,0,2.38511515601e-05,nan,nan,2.29009968189e-05,nan,nan
10096,2.52986289392e-14,0,2.2948259248e-05,nan,nan,2.56166028048e-05,nan,nan
10100,2.52597007974e-14,0,2.35363892708e-05,nan,nan,2.79096135629e-05,nan,nan
10104,2.52183108575e-14,0,2.56387072559e-05,nan,nan,2.95413360461e-05,nan,nan
10108,2.51781499073e-14,0,2.88385134661e-05,nan,nan,3.03407206219e-05,nan,nan
10112,2.51401556396e-14,0,3.25627575193e-05,nan,nan,3.02057568043e-05,nan,nan
10116,2.5099649892e-14,0,3.62936839283e-05,nan,nan,2.91071265696e-05,nan,nan
10120,2.50592830064e-14,0,3.9625750281e-05,nan,nan,2.70938771907e-05,nan,nan
10124,2.50217251675e-14,0,4.22573994774e-05,nan,nan,2.43029778396e-05,nan,nan
10128,2.49789051122e-14,0,4.39745210745e-05,nan,nan,2.09788396954e-05,nan,nan
10132,2.49412759411e-14,0,4.46391533462e-05,nan,nan,1.7516517577e-05,nan,nan
10136,2.49040622115e-14,0,4.41830787235e-05,nan,nan,1.45394306256e-05,nan,nan
10140,2.48630555577e-14,0,4.26036023161e-05,nan,nan,1.29056089759e-05,nan,nan
10144,2.48229952056e-14,0,3.99595439853e-05,nan,nan,1.32142644539e-05,nan,nan
10148,2.47854773809e-14,0,3.63663328716e-05,nan,nan,1.50695435645e-05,nan,nan
10152,2.47443230578e-14,0,3.19896001922e-05,nan,nan,1.75117632207e-05,nan,nan
10156,2.47084368078e-14,0,2.70373923588e-05,nan,nan,1.97761533291e-05,nan,nan
10160,2.4667718034e-14,0,2.17516787414e-05,nan,nan,2.14063945893e-05,nan,nan
10164,2.46296080281e-14,0,1.6401628e-05,nan,nan,2.21565616913e-05,nan,nan
10168,2.45909840992e-14,0,1.12870119561e-05,nan,nan,2.19247941456e-05,nan,nan
10172,2.45519554905e-14,0,6.79286042972e-06,nan,nan,2.07245583667e-05,nan,nan
10176,2.45134899768e-14,0,3.74046354238e-06,nan,nan,1.86760700194e-05,nan,nan
10180,2.44760285734e-14,0,3.73773669271e-06,nan,nan,1.60138729932e-05,nan,nan
10184,2.44365165461e-14,0,5.26441618584e-06,nan,nan,1.31219832748e-05,nan,nan
10188,2.43990034803e-14,0,6.3041287911e-06,nan,nan,1.06158897475e-05,nan,nan
10192,2.43601017358e-14,0,6.38819632383e-06,nan,nan,9.35920397765e-06,nan,nan
10196,2.43236993473e-14,0,5.44042887909e-06,nan,nan,9.86786100828e-06,nan,nan
10200,2.4284562578e-14,0,3.52401709437e-06,nan,nan,1.15664912573e-05,nan,nan
10204,2.42452706851e-14,0,1.00128837162e-06,nan,nan,1.35091270006e-05,nan,nan
10208,2.42097058671e-14,0,2.98839038886e-06,nan,nan,1.50776429257e-05,nan,nan
10212,2.41701369181e-14,0,6.89436040112e-06,nan,nan,1.59638680327e-05,nan,nan
10216,2.41338551752e-14,0,1.10565253117e-05,nan,nan,1.60602398218e-05,nan,nan
10220,2.40955506082e-14,0,1.51767879167e-05,nan,nan,1.54121183882e-05,nan,nan
10224,2.40564005264e-14,0,1.89879036551e-05,nan,nan,1.42077620171e-05,nan,nan
10228,2.40206552112e-14,0,2.22452522553e-05,nan,nan,1.27842494079e-05,nan,nan
10232,2.39841721313e-14,0,2.47388640899e-05,nan,nan,1.16127019973e-05,nan,nan
10236,2.39444373695e-14,0,2.63061579914e-05,nan,nan,1.11599611743e-05,nan,nan
10240,2.39092510765e-14,0,2.68428578539e-05,nan,nan,1.15718552653e-05,nan,nan
10244,2.3870329397e-14,0,2.63112838727e-05,nan,nan,1.25204818585e-05,nan,nan
10248,2.38351993159e-14,0,2.47459780661e-05,nan,nan,1.34674215425e-05,nan,nan
10252,2.37977094415e-14,0,2.22576086496e-05,nan,nan,1.39456940033e-05,nan,nan
10256,2.37603415831e-14,0,1.90385315676e-05,nan,nan,1.36430198373e-05,nan,nan
10260,2.37221071497e-14,0,1.5379907442e-05,nan,nan,1.23946929162e-05,nan,nan
10264,2.36861951145e-14,0,1.17295999665e-05,nan,nan,1.01647026114e-05,nan,nan
10268,2.36507018219e-14,0,8.85027906396e-06,nan,nan,7.03004823783e-06,nan,nan
10272,2.36132385966e-14,0,7.86524517864e-06,nan,nan,3.16963325382e-06,nan,nan
10276,2.35766496067e-14,0,9.03007761054e-06,nan,nan,1.24322282334e-06,nan,nan
10280,2.3538647043e-14,0,1.11015672196e-05,nan,nan,5.72506301543e-06,nan,nan
10284,2.35038844786e-14,0,1.30144374081e-05,nan,nan,1.00611117194e-05,nan,nan
10288,2.346811421e-14,0,1.42683753494e-05,nan,nan,1.38778618085e-05,nan,nan
10292,2.34301033473e-14,0,1.46618482156e-05,nan,nan,1.68684872346e-05,nan,nan
10296,2.33962105931e-14,0,1.41644923074e-05,nan,nan,1.88079692813e-05,nan,nan
10300,2.3357206325e-14,0,1.28834125e-05,nan,nan,1.95877046252e-05,nan,nan
10304,2.33237750154e-14,0,1.10754677054e-05,nan,nan,1.92423565667e-05,nan,nan
10308,2.32847776999e-14,0,9.20705757069e-06,nan,nan,1.79815681204e-05,nan,nan
10312,2.32507331103e-14,0,8.02250202627e-06,nan,nan,1.62657772859e-05,nan,nan
10316,2.32149694735e-14,0,8.22622237949e-06,nan,nan,1.49445256097e-05,nan,nan
10320,2.31799444615e-14,0,9.64712031529e-06,nan,nan,1.5171017163e-05,nan,nan
10324,2.31412540438e-14,0,1.14650057404e-05,nan,nan,1.74968909272e-05,nan,nan
10328,2.31092709555e-14,0,1.30005394013e-05,nan,nan,2.11997642593e-05,nan,nan
10332,2.30724883298e-14,0,1.38447680425e-05,nan,nan,2.50466041948e-05,nan,nan
10336,2.3035805558e-14,0,1.37759828045e-05,nan,nan,2.80354298429e-05,nan,nan
10340,2.30004383239e-14,0,1.27162891807e-05,nan,nan,2.96364513337e-05,nan,nan
10344,2.29657868926e-14,0,1.07333852179e-05,nan,nan,2.98391315422e-05,nan,nan
10348,2.29312499785e-14,0,8.11367948115e-06,nan,nan,2.89627539757e-05,nan,nan
10352,2.28941587443e-14,0,5.72521053498e-06,nan,nan,2.71875441949e-05,nan,nan
10356,2.28609477514e-14,0,5.76323399469e-06,nan,nan,2.418997419e-05,nan,nan
10360,2.28255449255e-14,0,8.75873522413e-06,nan,nan,1.94364242127e-05,nan,nan
10364,2.27894631451e-14,0,1.2707380919e-05,nan,nan,1.327810415e-05,nan,nan
10368,2.27546898353e-14,0,1.65412409475e-05,nan,nan,9.67453984203e-06,nan,nan
10372,2.2719636994e-14,0,1.97469192119e-05,nan,nan,1.43220631666e-05,nan,nan
10376,2.2686302734e-14,0,2.19933297837e-05,nan,nan,2.10493616477e-05,nan,nan
10380,2.26507230842e-14,0,2.30591162717e-05,nan,nan,2.47909897149e-05,nan,nan
10384,2.26167603784e-14,0,2.28239097248e-05,nan,nan,2.48812333998e-05,nan,nan
10388,2.25813798677e-14,0,2.1270370924e-05,nan,nan,2.44669981664e-05,nan,nan
10392,2.25461913788e-14,0,1.84841623541e-05,nan,nan,2.66738547639e-05,nan,nan
10396,2.2511303085e-14,0,1.46482981239e-05,nan,nan,2.95493581165e-05,nan,nan
10400,2.24797832011e-14,0,1.003196403e-05,nan,nan,3.00274696998e-05,nan,nan
10404,2.24442606588e-14,0,4.98440075498e-06,nan,nan,2.75462610741e-05,nan,nan
10408,2.24095763164e-14,0,9.19144154749e-07,nan,nan,2.31055487423e-05,nan,nan
10412,2.23745913253e-14,0,5.24436608982e-06,nan,nan,1.82106121402e-05,nan,nan
10416,2.23415403444e-14,0,9.47787032423e-06,nan,nan,1.50132777999e-05,nan,nan
10420,2.23068322315e-14,0,1.28101686072e-05,nan,nan,1.54035614295e-05,nan,nan
10424,2.22735660748e-14,0,1.50192324768e-05,nan,nan,1.8145660439e-05,nan,nan
10428,2.22396737653e-14,0,1.60140235862e-05,nan,nan,2.06669767179e-05,nan,nan
10432,2.22062377032e-14,0,1.58593406627e-05,nan,nan,2.16408465326e-05,nan,nan
10436,2.2170976948e-14,0,1.48253378859e-05,nan,nan,2.0891386666e-05,nan,nan
10440,2.21362484492e-14,0,1.34626166134e-05,nan,nan,1.89051438551e-05,nan,nan
10444,2.21060668363e-14,0,1.26310843725e-05,nan,nan,1.64296201266e-05,nan,nan
10448,2.2072532371e-14,0,1.31538367962e-05,nan,nan,1.40835357857e-05,nan,nan
10452,2.20362942636e-14,0,1.5074149211e-05,nan,nan,1.20309118955e-05,nan,nan
10456,2.20035416889e-14,0,1.76697445768e-05,nan,nan,9.96616774966e-06,nan,nan
10460,2.19698970128e-14,0,2.01416587265e-05,nan,nan,7.4677558372e-06,nan,nan
10464,2.19384470307e-14,0,2.19134708679e-05,nan,nan,4.35110192016e-06,nan,nan
10468,2.19049440949e-14,0,2.26105021114e-05,nan,nan,9.04772982299e-07,nan,nan
10472,2.18700445439e-14,0,2.1993333915e-05,nan,nan,3.16553755335e-06,nan,nan
10476,2.1836888508e-14,0,1.99266696579e-05,nan,nan,6.60705179705e-06,nan,nan
10480,2.18041379792e-14,0,1.64057113707e-05,nan,nan,9.35028009189e-06,nan,nan
10484,2.17728560949e-14,0,1.16395575968e-05,nan,nan,1.10932098821e-05,nan,nan
10488,2.17396126773e-14,0,6.2622735643e-06,nan,nan,1.17265346484e-05,nan,nan
10492,2.17055441645e-14,0,3.44667317165e-06,nan,nan,1.13290578363e-05,nan,nan
10496,2.16719059515e-14,0,7.53113453796e-06,nan,nan,1.01404606201e-05,nan,nan
10500,2.16413806925e-14,0,1.22616617842e-05,nan,nan,8.5126175265e-06,nan,nan
10504,2.16092231381e-14,0,1.62582740929e-05,nan,nan,6.84795397731e-06,nan,nan
10508,2.15729284299e-14,0,1.96271180222e-05,nan,nan,5.51428672905e-06,nan,nan
10512,2.15430839772e-14,0,2.25466978172e-05,nan,nan,4.70107304792e-06,nan,nan
10516,2.15112150044e-14,0,2.47299124055e-05,nan,nan,4.29518244776e-06,nan,nan
10520,2.14783477739e-14,0,2.54327137109e-05,nan,nan,4.01773783659e-06,nan,nan
10524,2.14453492218e-14,0,2.39376314951e-05,nan,nan,3.68794896428e-06,nan,nan
10528,2.14125949779e-14,0,2.00396256401e-05,nan,nan,3.29694574987e-06,nan,nan
10532,2.13811752333e-14,0,1.43727788066e-05,nan,nan,2.93836102576e-06,nan,nan
10536,2.1350058735e-14,0,8.80604475628e-06,nan,nan,2.71380868405e-06,nan,nan
10540,2.1314977766e-14,0,6.61015476643e-06,nan,nan,2.67757742818e-06,nan,nan
10544,2.12861768524e-14,0,7.4450447346e-06,nan,nan,2.87065338133e-06,nan,nan
10548,2.12513507093e-14,0,7.38015186497e-06,nan,nan,3.37141526741e-06,nan,nan
10552,2.12230252258e-14,0,5.59848956854e-06,nan,nan,4.23984939087e-06,nan,nan
10556,2.11879032618e-14,0,2.74247419039e-06,nan,nan,5.43687401021e-06,nan,nan
10560,2.11568715792e-14,0,7.56234038992e-07,nan,nan,6.83482381283e-06,nan,nan
10564,2.11262167327e-14,0,4.16549093823e-06,nan,nan,8.26619421954e-06,nan,nan
10568,2.10953968864e-14,0,7.69206894404e-06,nan,nan,9.55749624033e-06,nan,nan
10572,2.10607986362e-14,0,1.0964510868e-05,nan,nan,1.05496113549e-05,nan,nan
10576,2.10303226347e-14,0,1.35017591086e-05,nan,nan,1.11121895843e-05,nan,nan
10580,2.1001713563e-14,0,1.47707963531e-05,nan,nan,1.11549545926e-05,nan,nan
10584,2.09672491976e-14,0,1.4420606733e-05,nan,nan,1.06377864753e-05,nan,nan
10588,2.09356168164e-14,0,1.25243928171e-05,nan,nan,9.58335789391e-06,nan,nan
10592,2.09061496015e-14,0,9.83756012476e-06,nan,nan,8.10288836051e-06,nan,nan
10596,2.08751398398e-14,0,8.19021734075e-06,nan,nan,6.46672699153e-06,nan,nan
10600,2.08421134698e-14,0,9.43840378523e-06,nan,nan,5.28026487668e-06,nan,nan
10604,2.08112667194e-14,0,1.23586203937e-05,nan,nan,5.45918315545e-06,nan,nan
10608,2.07825635305e-14,0,1.49594475597e-05,nan,nan,7.09050968111e-06,nan,nan
10612,2.07494711727e-14,0,1.62852317079e-05,nan,nan,9.37270981235e-06,nan,nan
10616,2.07190652192e-14,0,1.6068009392e-05,nan,nan,1.17081174472e-05,nan,nan
10620,2.06880165526e-14,0,1.44820747666e-05,nan,nan,1.37699199961e-05,nan,nan
10624,2.06590223289e-14,0,1.20114327756e-05,nan,nan,1.5356578565e-05,nan,nan
10628,2.06246375831e-14,0,9.32217667448e-06,nan,nan,1.63373132283e-05,nan,nan
10632,2.05960420582e-14,0,7.08912135429e-06,nan,nan,1.66478285184e-05,nan,nan
10636,2.05676597201e-14,0,5.68833811718e-06,nan,nan,1.630764568e-05,nan,nan
10640,2.0532994033e-14,0,4.91742877033e-06,nan,nan,1.54344747925e-05,nan,nan
10644,2.0504824592e-14,0,4.42541581746e-06,nan,nan,1.42243120833e-05,nan,nan
10648,2.0473721145e-14,0,4.49275013922e-06,nan,nan,1.2876521909e-05,nan,nan
10652,2.04434006375e-14,0,5.71232180278e-06,nan,nan,1.14973844424e-05,nan,nan
10656,2.04129215396e-14,0,7.83658325732e-06,nan,nan,1.00844683183e-05,nan,nan
10660,2.03844077767e-14,0,1.01492309854e-05,nan,nan,8.65609239092e-06,nan,nan
10664,2.03525856696e-14,0,1.2063459101e-05,nan,nan,7.39884059295e-06,nan,nan
10668,2.03212741435e-14,0,1.31890592131e-05,nan,nan,6.5515433764e-06,nan,nan
10672,2.02938386597e-14,0,1.33215752588e-05,nan,nan,5.97581047472e-06,nan,nan
10676,2.0262654198e-14,0,1.24308055952e-05,nan,nan,5.09322514814e-06,nan,nan
10680,2.02310243075e-14,0,1.06358523825e-05,nan,nan,3.45893505441e-06,nan,nan
10684,2.02043283339e-14,0,8.16442996724e-06,nan,nan,1.67091465364e-06,nan,nan
10688,2.01725394366e-14,0,5.30327984281e-06,nan,nan,3.09350962177e-06,nan,nan
10692,2.01417747268e-14,0,2.35342797217e-06,nan,nan,5.38508600097e-06,nan,nan
10696,2.01146264668e-14,0,5.97469143153e-07,nan,nan,6.55640611489e-06,nan,nan
10700,2.00838783904e-14,0,2.95572745393e-06,nan,nan,6.53143051438e-06,nan,nan
10704,2.00532860262e-14,0,4.92425704003e-06,nan,nan,6.27284444143e-06,nan,nan
10708,2.00257341453e-14,0,6.36314745049e-06,nan,nan,6.53186332158e-06,nan,nan
10712,1.99932140936e-14,0,7.25839063398e-06,nan,nan,6.77039279547e-06,nan,nan
10716,1.9964333717e-14,0,7.63161705725e-06,nan,nan,6.25444065811e-06,nan,nan
10720,1.9938235497e-14,0,7.5328665816e-06,nan,nan,4.8182997818e-06,nan,nan
10724,1.9905566836e-14,0,7.05748752403e-06,nan,nan,2.87952043888e-06,nan,nan
10728,1.98781870211e-14,0,6.39549255249e-06,nan,nan,2.60380524822e-06,nan,nan
10732,1.98497296158e-14,0,5.906226242e-06,nan,nan,4.97226748961e-06,nan,nan
10736,1.9816234467e-14,0,6.08098851877e-06,nan,nan,7.42383430966e-06,nan,nan
10740,1.97910031727e-14,0,7.15708174839e-06,nan,nan,8.93859362118e-06,nan,nan
10744,1.9761603282e-14,0,8.87556721396e-06,nan,nan,9.06151721571e-06,nan,nan
10748,1.9730371012e-14,0,1.08054817876e-05,nan,nan,7.70982304362e-06,nan,nan
10752,1.97048171486e-14,0,1.25806947481e-05,nan,nan,5.29743161563e-06,nan,nan
10756,1.96725599514e-14,0,1.39224199593e-05,nan,nan,3.66489147519e-06,nan,nan
10760,1.96458772705e-14,0,1.46275628758e-05,nan,nan,5.87665399647e-06,nan,nan
10764,1.96167842929e-14,0,1.45698509625e-05,nan,nan,9.59174755647e-06,nan,nan
10768,1.95855046041e-14,0,1.37135822927e-05,nan,nan,1.29315614247e-05,nan,nan
10772,1.95612662849e-14,0,1.21452581116e-05,nan,nan,1.52456444898e-05,nan,nan
10776,1.95290648708e-14,0,1.0153697077e-05,nan,nan,1.62797685828e-05,nan,nan
10780,1.95013974893e-14,0,8.43214703748e-06,nan,nan,1.60547536299e-05,nan,nan
10784,1.94762237132e-14,0,8.22946709337e-06,nan,nan,1.48149561887e-05,nan,nan
10788,1.94426127326e-14,0,1.02395961257e-05,nan,nan,1.29586639556e-05,nan,nan
10792,1.94175269787e-14,0,1.36554431357e-05,nan,nan,1.09450683351e-05,nan,nan
10796,1.93878918398e-14,0,1.75167662558e-05,nan,nan,9.19076321543e-06,nan,nan
10800,1.93586633096e-14,0,2.12351385036e-05,nan,nan,7.99807191395e-06,nan,nan
10804,1.9333344564e-14,0,2.44411178916e-05,nan,nan,7.58738583129e-06,nan,nan
10808,1.93009517029e-14,0,2.68912743855e-05,nan,nan,8.17985987078e-06,nan,nan
10812,1.92763799967e-14,0,2.84450266216e-05,nan,nan,9.88690284944e-06,nan,nan
10816,1.92477445648e-14,0,2.90677406034e-05,nan,nan,1.25373661243e-05,nan,nan
10820,1.92195776963e-14,0,2.88427189591e-05,nan,nan,1.57543554672e-05,nan,nan
10824,1.91910379434e-14,0,2.79845638677e-05,nan,nan,1.91047245426e-05,nan,nan
10828,1.91621338711e-14,0,2.6844045786e-05,nan,nan,2.21801128332e-05,nan,nan
10832,1.91368279928e-14,0,2.58802953452e-05,nan,nan,2.46412415372e-05,nan,nan
10836,1.91055531086e-14,0,2.55586843636e-05,nan,nan,2.62487971178e-05,nan,nan
10840,1.9082155751e-14,0,2.61666932412e-05,nan,nan,2.68830476909e-05,nan,nan
10844,1.90510436557e-14,0,2.76641565665e-05,nan,nan,2.65518656512e-05,nan,nan
10848,1.90242621257e-14,0,2.97185860316e-05,nan,nan,2.53892542871e-05,nan,nan
10852,1.89979879425e-14,0,3.18810534073e-05,nan,nan,2.36476847729e-05,nan,nan
10856,1.89680189872e-14,0,3.37429210722e-05,nan,nan,2.16846727266e-05,nan,nan
10860,1.89436946338e-14,0,3.50132325327e-05,nan,nan,1.99310911554e-05,nan,nan
10864,1.89117171919e-14,0,3.55434468481e-05,nan,nan,1.88065671703e-05,nan,nan
10868,1.88891074632e-14,0,3.53299127892e-05,nan,nan,1.85602335571e-05,nan,nan
10872,1.88594093847e-14,0,3.45053714447e-05,nan,nan,1.91335146972e-05,nan,nan
10876,1.8831683265e-14,0,3.33176151078e-05,nan,nan,2.02067163192e-05,nan,nan
10880,1.880647552e-14,0,3.20853848673e-05,nan,nan,2.13837314991e-05,nan,nan
10884,1.87760875989e-14,0,3.11202838832e-05,nan,nan,2.23335883497e-05,nan,nan
10888,1.87528664682e-14,0,3.06210494965e-05,nan,nan,2.28374253586e-05,nan,nan
10892,1.87215302743e-14,0,3.05861722267e-05,nan,nan,2.2786944302e-05,nan,nan
10896,1.86983304973e-14,0,3.08078153898e-05,nan,nan,2.21702487639e-05,nan,nan
10900,1.86680029811e-14,0,3.09559440208e-05,nan,nan,2.10551135915e-05,nan,nan
10904,1.86449035118e-14,0,3.0693612617e-05,nan,nan,1.95684953392e-05,nan,nan
10908,1.86140630176e-14,0,2.97637175819e-05,nan,nan,1.7870216384e-05,nan,nan
10912,1.85916430978e-14,0,2.80290076851e-05,nan,nan,1.6121781046e-05,nan,nan
10916,1.85594695735e-14,0,2.54744153848e-05,nan,nan,1.44547884242e-05,nan,nan
10920,1.85375281131e-14,0,2.21881861385e-05,nan,nan,1.29443006729e-05,nan,nan
10924,1.85077150525e-14,0,1.83383225338e-05,nan,nan,1.15912649116e-05,nan,nan
10928,1.84828853025e-14,0,1.41563218597e-05,nan,nan,1.03199018648e-05,nan,nan
10932,1.84548422651e-14,0,9.92918347467e-06,nan,nan,9.0003963612e-06,nan,nan
10936,1.84303335844e-14,0,5.98677861977e-06,nan,nan,7.50220041623e-06,nan,nan
10940,1.84019126517e-14,0,2.66716713272e-06,nan,nan,5.76392504394e-06,nan,nan
10944,1.83768942779e-14,0,3.19030324781e-07,nan,nan,3.85759929336e-06,nan,nan
10948,1.83503342623e-14,0,1.22007037656e-06,nan,nan,2.09515980641e-06,nan,nan
10952,1.83218164559e-14,0,1.7390957387e-06,nan,nan,1.60345184267e-06,nan,nan
10956,1.82977203491e-14,0,1.7793687665e-06,nan,nan,2.73604153236e-06,nan,nan
10960,1.82719851904e-14,0,2.07117767453e-06,nan,nan,4.03427401842e-06,nan,nan
10964,1.82430874883e-14,0,3.22186818785e-06,nan,nan,5.17265574821e-06,nan,nan
10968,1.82206594996e-14,0,5.30585479241e-06,nan,nan,6.04483597509e-06,nan,nan
10972,1.81911428541e-14,0,8.16954878465e-06,nan,nan,6.46190083382e-06,nan,nan
10976,1.81673502436e-14,0,1.13764662778e-05,nan,nan,6.3117446134e-06,nan,nan
10980,1.8140765603e-14,0,1.42081746591e-05,nan,nan,5.98474437485e-06,nan,nan
10984,1.81138977667e-14,0,1.59033385015e-05,nan,nan,6.62518117875e-06,nan,nan
10988,1.80893988765e-14,0,1.60503314037e-05,nan,nan,8.74891728433e-06,nan,nan
10992,1.80631740926e-14,0,1.49968062184e-05,nan,nan,1.13081118755e-05,nan,nan
10996,1.80368070956e-14,0,1.38107421163e-05,nan,nan,1.31980038526e-05,nan,nan
11000,1.8011476396e-14,0,1.32321024968e-05,nan,nan,1.40923031413e-05,nan,nan
11004,1.79856226598e-14,0,1.27525707064e-05,nan,nan,1.43700384451e-05,nan,nan
11008,1.79599641061e-14,0,1.15655088143e-05,nan,nan,1.44697690499e-05,nan,nan
11012,1.79348105258e-14,0,9.6256742979e-06,nan,nan,1.43449370156e-05,nan,nan
11016,1.79077055432e-14,0,7.55763679193e-06,nan,nan,1.36462421651e-05,nan,nan
11020,1.78833424836e-14,0,6.19113946744e-06,nan,nan,1.21342980408e-05,nan,nan
11024,1.7859843978e-14,0,5.953514768e-06,nan,nan,9.81883872297e-06,nan,nan
11028,1.78314979412e-14,0,6.40827421427e-06,nan,nan,6.98232993451e-06,nan,nan
11032,1.78071262248e-14,0,7.00658464447e-06,nan,nan,4.38235480583e-06,nan,nan
11036,1.77810439739e-14,0,7.7429041315e-06,nan,nan,3.77559544558e-06,nan,nan
11040,1.77583683273e-14,0,8.9037078721e-06,nan,nan,5.27888879441e-06,nan,nan
11044,1.77295446805e-14,0,1.05140038234e-05,nan,nan,6.74556480924e-06,nan,nan
11048,1.77061391235e-14,0,1.21779644419e-05,nan,nan,7.33894027061e-06,nan,nan
11052,1.76824215509e-14,0,1.33633439473e-05,nan,nan,7.00706287631e-06,nan,nan
11056,1.76539179356e-14,0,1.36666208884e-05,nan,nan,6.157489789e-06,nan,nan
11060,1.76342599124e-14,0,1.29248523798e-05,nan,nan,5.6160586896e-06,nan,nan
11064,1.76040247679e-14,0,1.12388125956e-05,nan,nan,6.12431595106e-06,nan,nan
11068,1.75801668876e-14,0,8.95894951197e-06,nan,nan,7.40000415767e-06,nan,nan
11072,1.7556297919e-14,0,6.6761307473e-06,nan,nan,8.64990873783e-06,nan,nan
11076,1.75315734552e-14,0,5.20279151682e-06,nan,nan,9.35648504865e-06,nan,nan
11080,1.75066133381e-14,0,5.05794620164e-06,nan,nan,9.34408297924e-06,nan,nan
11084,1.74807800663e-14,0,5.62791983822e-06,nan,nan,8.70814561326e-06,nan,nan
11088,1.7458014272e-14,0,6.07386786962e-06,nan,nan,7.76637301226e-06,nan,nan
11092,1.74304056982e-14,0,6.1052231571e-06,nan,nan,6.98566773078e-06,nan,nan
11096,1.74100380656e-14,0,5.81932768949e-06,nan,nan,6.76102464914e-06,nan,nan
11100,1.73822873991e-14,0,5.48297627016e-06,nan,nan,7.08148840214e-06,nan,nan
11104,1.735810581e-14,0,5.32679925305e-06,nan,nan,7.56889228498e-06,nan,nan
11108,1.73336750825e-14,0,5.37311400784e-06,nan,nan,7.84917823398e-06,nan,nan
11112,1.7309168151e-14,0,5.46999441992e-06,nan,nan,7.73518901954e-06,nan,nan
11116,1.72858094624e-14,0,5.48557097027e-06,nan,nan,7.22101534476e-06,nan,nan
11120,1.72619735245e-14,0,5.43257208511e-06,nan,nan,6.43704883361e-06,nan,nan
11124,1.72354559521e-14,0,5.45442898245e-06,nan,nan,5.60554795311e-06,nan,nan
11128,1.72120215084e-14,0,5.69485190424e-06,nan,nan,4.97783720374e-06,nan,nan
11132,1.71894218258e-14,0,6.14203090153e-06,nan,nan,4.71193352782e-06,nan,nan
11136,1.71623473108e-14,0,6.61623975326e-06,nan,nan,4.75048874441e-06,nan,nan
11140,1.71406333604e-14,0,6.88802176506e-06,nan,nan,4.88022341109e-06,nan,nan
11144,1.71154523681e-14,0,6.77522864801e-06,nan,nan,4.89933367055e-06,nan,nan
11148,1.70909044699e-14,0,6.1760643303e-06,nan,nan,4.69263469152e-06,nan,nan
11152,1.70679653563e-14,0,5.06719550524e-06,nan,nan,4.22389279917e-06,nan,nan
11156,1.704360432e-14,0,3.48987022574e-06,nan,nan,3.51160762721e-06,nan,nan
11160,1.701873413e-14,0,1.55010986528e-06,nan,nan,2.61217760227e-06,nan,nan
11164,1.69977897815e-14,0,9.4521261059e-07,nan,nan,1.62073661826e-06,nan,nan
11168,1.69713736135e-14,0,3.31428920972e-06,nan,nan,7.80721750341e-07,nan,nan
11172,1.69481433678e-14,0,5.85110101561e-06,nan,nan,9.69657168756e-07,nan,nan
11176,1.69240408412e-14,0,8.38091208619e-06,nan,nan,1.74765451443e-06,nan,nan
11180,1.69017510826e-14,0,1.08003006637e-05,nan,nan,2.42514141104e-06,nan,nan
11184,1.68779249001e-14,0,1.30120654954e-05,nan,nan,2.88101506092e-06,nan,nan
11188,1.68523783865e-14,0,1.49212497312e-05,nan,nan,3.11179369741e-06,nan,nan
11192,1.6829936834e-14,0,1.6437923942e-05,nan,nan,3.20910989605e-06,nan,nan
11196,1.68065009956e-14,0,1.74839404902e-05,nan,nan,3.36860545576e-06,nan,nan
11200,1.67823355473e-14,0,1.80018719472e-05,nan,nan,3.81530016859e-06,nan,nan
11204,1.6761034222e-14,0,1.79642316433e-05,nan,nan,4.63116042362e-06,nan,nan
11208,1.67350918528e-14,0,1.73814467006e-05,nan,nan,5.70665453882e-06,nan,nan
11212,1.6713954012e-14,0,1.63079840407e-05,nan,nan,6.84972448912e-06,nan,nan
11216,1.66894486293e-14,0,1.48471499943e-05,nan,nan,7.86121044192e-06,nan,nan
11220,1.66654850081e-14,0,1.31561514371e-05,nan,nan,8.55279019732e-06,nan,nan
11224,1.66438516174e-14,0,1.14522614503e-05,nan,nan,8.75684159398e-06,nan,nan
11228,1.66195750158e-14,0,1.00118862281e-05,nan,nan,8.34871289773e-06,nan,nan
11232,1.65970520014e-14,0,9.12488501507e-06,nan,nan,7.27851158356e-06,nan,nan
11236,1.65722371454e-14,0,8.95357587753e-06,nan,nan,5.59892142285e-06,nan,nan
11240,1.65513092961e-14,0,9.39376236489e-06,nan,nan,3.49417938201e-06,nan,nan
11244,1.65290507219e-14,0,1.01510050234e-05,nan,nan,1.64776063881e-06,nan,nan
11248,1.65023943871e-14,0,1.09333820828e-05,nan,nan,2.80581932314e-06,nan,nan
11252,1.64825374981e-14,0,1.1543433459e-05,nan,nan,5.53141530285e-06,nan,nan
11256,1.64591297786e-14,0,1.18771172327e-05,nan,nan,8.47606296009e-06,nan,nan
11260,1.643632892e-14,0,1.18990546735e-05,nan,nan,1.13232548604e-05,nan,nan
11264,1.64122399544e-14,0,1.16191531763e-05,nan,nan,1.37290064176e-05,nan,nan
11268,1.63915071294e-14,0,1.10727500047e-05,nan,nan,1.53338036447e-05,nan,nan
11272,1.63667516622e-14,0,1.03030878889e-05,nan,nan,1.59563420666e-05,nan,nan
11276,1.63456906667e-14,0,9.34648705257e-06,nan,nan,1.57991914172e-05,nan,nan
11280,1.63211421904e-14,0,8.2224018356e-06,nan,nan,1.54234497375e-05,nan,nan
11284,1.63012597764e-14,0,6.93111804213e-06,nan,nan,1.5278910352e-05,nan,nan
11288,1.6276205526e-14,0,5.46065261019e-06,nan,nan,1.52512617949e-05,nan,nan
11292,1.62552506179e-14,0,3.80399473146e-06,nan,nan,1.49995583426e-05,nan,nan
11296,1.62319090852e-14,0,2.00942481066e-06,nan,nan,1.45700535881e-05,nan,nan
11300,1.62109953602e-14,0,9.42281051744e-07,nan,nan,1.4383166493e-05,nan,nan
11304,1.61855188797e-14,0,2.6740034845e-06,nan,nan,1.47051324855e-05,nan,nan
11308,1.61669687931e-14,0,4.89051395267e-06,nan,nan,1.53212692263e-05,nan,nan
11312,1.61415859211e-14,0,7.10395902665e-06,nan,nan,1.57357225439e-05,nan,nan
11316,1.61201730376e-14,0,9.15523934368e-06,nan,nan,1.55193054372e-05,nan,nan
11320,1.60985491738e-14,0,1.09033879445e-05,nan,nan,1.45392996017e-05,nan,nan
11324,1.60761274941e-14,0,1.22188763972e-05,nan,nan,1.31126125843e-05,nan,nan
11328,1.60535825369e-14,0,1.29940460946e-05,nan,nan,1.20636295397e-05,nan,nan
11332,1.60327484817e-14,0,1.31550617337e-05,nan,nan,1.23163319315e-05,nan,nan
11336,1.60087394272e-14,0,1.26717392005e-05,nan,nan,1.39055150504e-05,nan,nan
11340,1.5987850038e-14,0,1.15637075912e-05,nan,nan,1.59318891305e-05,nan,nan
11344,1.596641225e-14,0,9.90390334629e-06,nan,nan,1.74810551165e-05,nan,nan
11348,1.59440331958e-14,0,7.8258148761e-06,nan,nan,1.80320234959e-05,nan,nan
11352,1.59197217044e-14,0,5.55915117064e-06,nan,nan,1.74516570056e-05,nan,nan
11356,1.59009989341e-14,0,3.60733551086e-06,nan,nan,1.59228272832e-05,nan,nan
11360,1.58780816416e-14,0,3.18439014699e-06,nan,nan,1.38657681277e-05,nan,nan
11364,1.58563644444e-14,0,4.54881259903e-06,nan,nan,1.18301811469e-05,nan,nan
11368,1.58350766921e-14,0,6.27790162697e-06,nan,nan,1.03013350914e-05,nan,nan
11372,1.5812059123e-14,0,7.70060403472e-06,nan,nan,9.4128883027e-06,nan,nan
11376,1.5791728788e-14,0,8.61295869378e-06,nan,nan,8.84238157604e-06,nan,nan
11380,1.57687080042e-14,0,8.9770430023e-06,nan,nan,8.11215451991e-06,nan,nan
11384,1.57488102052e-14,0,8.83098184087e-06,nan,nan,6.92039054361e-06,nan,nan
11388,1.5726085687e-14,0,8.24874915354e-06,nan,nan,5.22633578171e-06,nan,nan
11392,1.57045814167e-14,0,7.36233544995e-06,nan,nan,3.22388197989e-06,nan,nan
11396,1.56832856403e-14,0,6.46647053407e-06,nan,nan,1.57810356288e-06,nan,nan
11400,1.56619497039e-14,0,6.08377519352e-06,nan,nan,2.22588949359e-06,nan,nan
11404,1.56404382433e-14,0,6.586796035e-06,nan,nan,3.84943305622e-06,nan,nan
11408,1.56200710233e-14,0,7.67001431753e-06,nan,nan,5.18209283125e-06,nan,nan
11412,1.559606544e-14,0,8.77028674253e-06,nan,nan,6.03583987217e-06,nan,nan
11416,1.55771555868e-14,0,9.65625760651e-06,nan,nan,6.44538493024e-06,nan,nan
11420,1.55559252714e-14,0,1.04786964196e-05,nan,nan,6.57203818272e-06,nan,nan
11424,1.55336618531e-14,0,1.14258391833e-05,nan,nan,6.65897069515e-06,nan,nan
11428,1.55128740977e-14,0,1.23859657556e-05,nan,nan,6.94911853314e-06,nan,nan
11432,1.54914939325e-14,0,1.30718129226e-05,nan,nan,7.57204521049e-06,nan,nan
11436,1.54697513286e-14,0,1.33486119449e-05,nan,nan,8.4973896034e-06,nan,nan
11440,1.54510479147e-14,0,1.3305975312e-05,nan,nan,9.60062415498e-06,nan,nan
11444,1.54279554215e-14,0,1.30919343513e-05,nan,nan,1.07467886954e-05,nan,nan
11448,1.54071344272e-14,0,1.27499848308e-05,nan,nan,1.18245469797e-05,nan,nan
11452,1.53861548214e-14,0,1.21932974131e-05,nan,nan,1.27445749561e-05,nan,nan
11456,1.53660337271e-14,0,1.13107882546e-05,nan,nan,1.34298987806e-05,nan,nan
11460,1.53442618598e-14,0,1.01620904997e-05,nan,nan,1.38114033359e-05,nan,nan
11464,1.53255705538e-14,0,9.21727643081e-06,nan,nan,1.38311683957e-05,nan,nan
11468,1.53016197937e-14,0,9.37220058347e-06,nan,nan,1.34512932706e-05,nan,nan
11472,1.528346802e-14,0,1.11080831272e-05,nan,nan,1.26647358393e-05,nan,nan
11476,1.52605509611e-14,0,1.38410147498e-05,nan,nan,1.15061380671e-05,nan,nan
11480,1.52404716811e-14,0,1.6681222849e-05,nan,nan,1.00640062213e-05,nan,nan
11484,1.52201889299e-14,0,1.89861604353e-05,nan,nan,8.50074096389e-06,nan,nan
11488,1.52010744985e-14,0,2.0407206205e-05,nan,nan,7.08890692692e-06,nan,nan
11492,1.5177523593e-14,0,2.08526592197e-05,nan,nan,6.23129667484e-06,nan,nan
11496,1.51587991888e-14,0,2.04459936893e-05,nan,nan,6.27625199322e-06,nan,nan
11500,1.51389106344e-14,0,1.94642280618e-05,nan,nan,7.13004978131e-06,nan,nan
11504,1.51166899349e-14,0,1.82463460369e-05,nan,nan,8.35994409929e-06,nan,nan
11508,1.50970838453e-14,0,1.70801680927e-05,nan,nan,9.59287458493e-06,nan,nan
11512,1.50768061839e-14,0,1.61081979355e-05,nan,nan,1.0616052097e-05,nan,nan
11516,1.50559655857e-14,0,1.53144425104e-05,nan,nan,1.13298542439e-05,nan,nan
11520,1.50354280522e-14,0,1.46081690073e-05,nan,nan,1.16999336969e-05,nan,nan
11524,1.50160357814e-14,0,1.39358328578e-05,nan,nan,1.17277176688e-05,nan,nan
11528,1.49961836301e-14,0,1.33369464004e-05,nan,nan,1.14413439624e-05,nan,nan
11532,1.49744320096e-14,0,1.29133638999e-05,nan,nan,1.09044886273e-05,nan,nan
11536,1.49547615479e-14,0,1.27373459199e-05,nan,nan,1.02259932264e-05,nan,nan
11540,1.49352168861e-14,0,1.27690579964e-05,nan,nan,9.54256712653e-06,nan,nan
11544,1.49139413582e-14,0,1.28551831018e-05,nan,nan,8.96159846037e-06,nan,nan
11548,1.48953196539e-14,0,1.28018831075e-05,nan,nan,8.50156531366e-06,nan,nan
11552,1.48740323204e-14,0,1.24532187974e-05,nan,nan,8.10367972642e-06,nan,nan
11556,1.48551194475e-14,0,1.17318121364e-05,nan,nan,7.71718798106e-06,nan,nan
11560,1.48338345351e-14,0,1.06434868594e-05,nan,nan,7.35317931023e-06,nan,nan
11564,1.48154611678e-14,0,9.26167583822e-06,nan,nan,7.03782451728e-06,nan,nan
11568,1.47940572466e-14,0,7.70384527687e-06,nan,nan,6.74121258043e-06,nan,nan
11572,1.47749030877e-14,0,6.10711985803e-06,nan,nan,6.39102865929e-06,nan,nan
11576,1.47559300586e-14,0,4.60713100078e-06,nan,nan,5.94392082796e-06,nan,nan
11580,1.47331971578e-14,0,3.32214402677e-06,nan,nan,5.42328546779e-06,nan,nan
11584,1.4715160787e-14,0,2.34262852877e-06,nan,nan,4.90854183753e-06,nan,nan
11588,1.46981249326e-14,0,1.72385931888e-06,nan,nan,4.50674493049e-06,nan,nan
11592,1.46747088524e-14,0,1.47893090244e-06,nan,nan,4.31757922436e-06,nan,nan
11596,1.46571918835e-14,0,1.58550065503e-06,nan,nan,4.3910642077e-06,nan,nan
11600,1.46361339463e-14,0,2.00838076336e-06,nan,nan,4.70032573525e-06,nan,nan
11604,1.46167418526e-14,0,2.69562600389e-06,nan,nan,5.15336771238e-06,nan,nan
11608,1.45963737466e-14,0,3.56994763031e-06,nan,nan,5.62483424239e-06,nan,nan
11612,1.45806849458e-14,0,4.53672801643e-06,nan,nan,5.98260263088e-06,nan,nan
11616,1.45568001839e-14,0,5.49406680413e-06,nan,nan,6.10912719773e-06,nan,nan
11620,1.45396310671e-14,0,6.34125229606e-06,nan,nan,5.92119385661e-06,nan,nan
11624,1.45191402059e-14,0,6.98696295325e-06,nan,nan,5.3856139351e-06,nan,nan
11628,1.45002624093e-14,0,7.35747074094e-06,nan,nan,4.52766669126e-06,nan,nan
11632,1.4481548521e-14,0,7.40439975707e-06,nan,nan,3.43307157003e-06,nan,nan
11636,1.44617177662e-14,0,7.11163703636e-06,nan,nan,2.25723645545e-06,nan,nan
11640,1.44412521654e-14,0,6.50154408915e-06,nan,nan,1.32466756056e-06,nan,nan
11644,1.44233762613e-14,0,5.64206518534e-06,nan,nan,1.32437766678e-06,nan,nan
11648,1.44037117966e-14,0,4.65946345504e-06,nan,nan,1.98751986549e-06,nan,nan
11652,1.43859257825e-14,0,3.76357595389e-06,nan,nan,2.59757446623e-06,nan,nan
11656,1.43637874292e-14,0,3.25502823921e-06,nan,nan,2.97647592913e-06,nan,nan
11660,1.43469167608e-14,0,3.33646879592e-06,nan,nan,3.12978785396e-06,nan,nan
11664,1.43267609878e-14,0,3.82628906568e-06,nan,nan,3.14802814691e-06,nan,nan
11668,1.43091836588e-14,0,4.37764707338e-06,nan,nan,3.17792054431e-06,nan,nan
11672,1.42876027583e-14,0,4.76045554821e-06,nan,nan,3.37130186312e-06,nan,nan
11676,1.42713430477e-14,0,4.87840277329e-06,nan,nan,3.8021852635e-06,nan,nan
11680,1.42514422257e-14,0,4.74289023409e-06,nan,nan,4.4349785392e-06,nan,nan
11684,1.42314501912e-14,0,4.47539464833e-06,nan,nan,5.1774570472e-06,nan,nan
11688,1.42133312848e-14,0,4.31496804005e-06,nan,nan,5.93475561031e-06,nan,nan
11692,1.41943970479e-14,0,4.53837091289e-06,nan,nan,6.62693806784e-06,nan,nan
11696,1.41763928816e-14,0,5.23953646717e-06,nan,nan,7.19062500351e-06,nan,nan
11700,1.41565433723e-14,0,6.25211110155e-06,nan,nan,7.58122134578e-06,nan,nan
11704,1.41387626369e-14,0,7.32014393383e-06,nan,nan,7.78001039008e-06,nan,nan
11708,1.41190594161e-14,0,8.22283321558e-06,nan,nan,7.80496850185e-06,nan,nan
11712,1.4099886784e-14,0,8.80051506847e-06,nan,nan,7.72134115667e-06,nan,nan
11716,1.40821306726e-14,0,8.95736068305e-06,nan,nan,7.64326118572e-06,nan,nan
11720,1.40641574799e-14,0,8.66845638301e-06,nan,nan,7.71068530749e-06,nan,nan
11724,1.40460205862e-14,0,7.99622552626e-06,nan,nan,8.03139146412e-06,nan,nan
11728,1.40251125347e-14,0,7.12124910193e-06,nan,nan,8.61717129825e-06,nan,nan
11732,1.40074882462e-14,0,6.38376917306e-06,nan,nan,9.37248766518e-06,nan,nan
11736,1.3990544597e-14,0,6.2415261706e-06,nan,nan,1.01412872975e-05,nan,nan
11740,1.39691901914e-14,0,6.9480791535e-06,nan,nan,1.07618390065e-05,nan,nan
11744,1.395370827e-14,0,8.29170246039e-06,nan,nan,1.10991052627e-05,nan,nan
11748,1.39325476382e-14,0,9.87144947341e-06,nan,nan,1.1057746699e-05,nan,nan
11752,1.39160923233e-14,0,1.13703418976e-05,nan,nan,1.05866117278e-05,nan,nan
11756,1.38970786328e-14,0,1.2597351403e-05,nan,nan,9.6820831867e-06,nan,nan
11760,1.38780365564e-14,0,1.34776182638e-05,nan,nan,8.39403663081e-06,nan,nan
11764,1.38620672903e-14,0,1.40536672964e-05,nan,nan,6.836876419e-06,nan,nan
11768,1.38427786211e-14,0,1.44795668386e-05,nan,nan,5.21350434536e-06,nan,nan
11772,1.38233850445e-14,0,1.49723912897e-05,nan,nan,3.87715286976e-06,nan,nan
11776,1.38058667117e-14,0,1.57097856619e-05,nan,nan,3.36367402639e-06,nan,nan
11780,1.37881350774e-14,0,1.67333885102e-05,nan,nan,3.85269440533e-06,nan,nan
11784,1.37694485428e-14,0,1.79451120637e-05,nan,nan,4.80337485067e-06,nan,nan
11788,1.37514911257e-14,0,1.91844617209e-05,nan,nan,5.74605590033e-06,nan,nan
11792,1.37333743069e-14,0,2.02886894342e-05,nan,nan,6.46326634882e-06,nan,nan
11796,1.37159108011e-14,0,2.10890191006e-05,nan,nan,6.85060024007e-06,nan,nan
11800,1.3697624534e-14,0,2.13918173952e-05,nan,nan,6.8891569792e-06,nan,nan
11804,1.36796275096e-14,0,2.10183537998e-05,nan,nan,6.69118715231e-06,nan,nan
11808,1.36604434558e-14,0,1.99182248554e-05,nan,nan,6.5182970416e-06,nan,nan
11812,1.3644290958e-14,0,1.82898551683e-05,nan,nan,6.63883990204e-06,nan,nan
11816,1.36268303655e-14,0,1.65874460711e-05,nan,nan,7.06475562566e-06,nan,nan
11820,1.36073863239e-14,0,1.53086589557e-05,nan,nan,7.54949742794e-06,nan,nan
11824,1.35907785006e-14,0,1.46671062446e-05,nan,nan,7.87431674988e-06,nan,nan
11828,1.35713659811e-14,0,1.45380699087e-05,nan,nan,8.01084465663e-06,nan,nan
11832,1.35551560992e-14,0,1.47334128812e-05,nan,nan,8.04465321954e-06,nan,nan
11836,1.35369578763e-14,0,1.51378464877e-05,nan,nan,8.03151933875e-06,nan,nan
11840,1.35193509974e-14,0,1.55959377906e-05,nan,nan,7.97470095165e-06,nan,nan
11844,1.35009707478e-14,0,1.58485840699e-05,nan,nan,7.92860912749e-06,nan,nan
11848,1.34843547733e-14,0,1.56238844379e-05,nan,nan,8.0798987292e-06,nan,nan
11852,1.34669910389e-14,0,1.47617021338e-05,nan,nan,8.67280009301e-06,nan,nan
11856,1.34482086851e-14,0,1.32923115192e-05,nan,nan,9.79120781768e-06,nan,nan
11860,1.34301551104e-14,0,1.14648188269e-05,nan,nan,1.12439389611e-05,nan,nan
11864,1.3414814934e-14,0,9.7125592851e-06,nan,nan,1.26830582343e-05,nan,nan
11868,1.33963256559e-14,0,8.48117158252e-06,nan,nan,1.3774382443e-05,nan,nan
11872,1.33779597681e-14,0,7.8780963502e-06,nan,nan,1.4300190552e-05,nan,nan
11876,1.33617528762e-14,0,7.51339625175e-06,nan,nan,1.42045862341e-05,nan,nan
11880,1.33441551008e-14,0,6.8573505131e-06,nan,nan,1.36006071435e-05,nan,nan
11884,1.33266807229e-14,0,5.60386042986e-06,nan,nan,1.27389338449e-05,nan,nan
11888,1.3309073374e-14,0,3.73294318368e-06,nan,nan,1.1924588794e-05,nan,nan
11892,1.32914427937e-14,0,1.44538292344e-06,nan,nan,1.13778539486e-05,nan,nan
11896,1.32759162418e-14,0,1.07330604652e-06,nan,nan,1.11086002285e-05,nan,nan
11900,1.32572442359e-14,0,3.2960866717e-06,nan,nan,1.0930747127e-05,nan,nan
11904,1.3239405165e-14,0,5.09381244997e-06,nan,nan,1.0613287501e-05,nan,nan
11908,1.32225897373e-14,0,6.300271431e-06,nan,nan,1.00240768289e-05,nan,nan
11912,1.32070123837e-14,0,6.92575683606e-06,nan,nan,9.19095563086e-06,nan,nan
11916,1.31894489036e-14,0,7.14551382226e-06,nan,nan,8.29732443537e-06,nan,nan
11920,1.31710643319e-14,0,7.2511748894e-06,nan,nan,7.62039599649e-06,nan,nan
11924,1.31530892843e-14,0,7.51519062798e-06,nan,nan,7.38181659057e-06,nan,nan
11928,1.31385866915e-14,0,8.01713350986e-06,nan,nan,7.56989813549e-06,nan,nan
11932,1.31207504725e-14,0,8.60937753192e-06,nan,nan,7.94960957129e-06,nan,nan
11936,1.31035129328e-14,0,9.05406470113e-06,nan,nan,8.25019263264e-06,nan,nan
11940,1.30857121626e-14,0,9.16001941357e-06,nan,nan,8.29413734138e-06,nan,nan
11944,1.30711708011e-14,0,8.8367369864e-06,nan,nan,8.01645843451e-06,nan,nan
11948,1.30519750157e-14,0,8.09302765808e-06,nan,nan,7.43947598367e-06,nan,nan
11952,1.30361533267e-14,0,7.01298433621e-06,nan,nan,6.63984930971e-06,nan,nan
11956,1.30192941385e-14,0,5.72528903728e-06,nan,nan,5.71746164297e-06,nan,nan
11960,1.30018051519e-14,0,4.3758185026e-06,nan,nan,4.76871357014e-06,nan,nan
11964,1.29854661103e-14,0,3.11670030684e-06,nan,nan,3.86627433277e-06,nan,nan
11968,1.29685960667e-14,0,2.14044963452e-06,nan,nan,3.04798744204e-06,nan,nan
11972,1.29521378245e-14,0,1.75542855695e-06,nan,nan,2.31760571918e-06,nan,nan
11976,1.29355663219e-14,0,2.07726269744e-06,nan,nan,1.65773787036e-06,nan,nan
11980,1.29185030737e-14,0,2.72621187578e-06,nan,nan,1.05382445255e-06,nan,nan
11984,1.29022349769e-14,0,3.41241117706e-06,nan,nan,5.62716904856e-07,nan,nan
11988,1.28849361818e-14,0,4.01799652795e-06,nan,nan,5.91005605254e-07,nan,nan
11992,1.28698987453e-14,0,4.48465455591e-06,nan,nan,1.12322340504e-06,nan,nan
11996,1.28512860242e-14,0,4.78248594309e-06,nan,nan,1.7714560152e-06,nan,nan
12000,1.28351033402e-14,0,4.91058658619e-06,nan,nan,2.46134270302e-06,nan,nan
12004,1.28190092771e-14,0,4.90232398225e-06,nan,nan,3.1685577943e-06,nan,nan
12008,1.28026237467e-14,0,4.82482527352e-06,nan,nan,3.8671351236e-06,nan,nan
12012,1.27876545063e-14,0,4.76507319649e-06,nan,nan,4.52206048668e-06,nan,nan
12016,1.27700008059e-14,0,4.79787918335e-06,nan,nan,5.09104378214e-06,nan,nan
12020,1.27525381376e-14,0,4.94728226644e-06,nan,nan,5.53042951032e-06,nan,nan
12024,1.27370228271e-14,0,5.17207610432e-06,nan,nan,5.80225672536e-06,nan,nan
12028,1.27206013486e-14,0,5.3885234277e-06,nan,nan,5.87978583083e-06,nan,nan
12032,1.27044259387e-14,0,5.50624829677e-06,nan,nan,5.74992444713e-06,nan,nan
12036,1.26901528022e-14,0,5.45288359738e-06,nan,nan,5.41307438837e-06,nan,nan
12040,1.26700727405e-14,0,5.18459025889e-06,nan,nan,4.88255679872e-06,nan,nan
12044,1.26556533374e-14,0,4.68897575776e-06,nan,nan,4.18566821016e-06,nan,nan
12048,1.26397087002e-14,0,3.98665127633e-06,nan,nan,3.36616039434e-06,nan,nan
12052,1.26240869999e-14,0,3.13886009922e-06,nan,nan,2.48616688007e-06,nan,nan
12056,1.2605722399e-14,0,2.28334276621e-06,nan,nan,1.63065290546e-06,nan,nan
12060,1.25921393839e-14,0,1.75663265225e-06,nan,nan,9.54594876186e-07,nan,nan
12064,1.25750197827e-14,0,2.01548401969e-06,nan,nan,8.4704760807e-07,nan,nan
12068,1.25588950988e-14,0,2.84281205382e-06,nan,nan,1.30074849542e-06,nan,nan
12072,1.25424067311e-14,0,3.80173166453e-06,nan,nan,1.85087586244e-06,nan,nan
12076,1.25270926279e-14,0,4.69379150071e-06,nan,nan,2.3457161832e-06,nan,nan
12080,1.25112791889e-14,0,5.43030162923e-06,nan,nan,2.740870859e-06,nan,nan
12084,1.24942599404e-14,0,5.96657897058e-06,nan,nan,3.0287274082e-06,nan,nan
12088,1.24788371866e-14,0,6.28365216032e-06,nan,nan,3.23436528179e-06,nan,nan
12092,1.24637013142e-14,0,6.38128266712e-06,nan,nan,3.40579378641e-06,nan,nan
12096,1.24464837017e-14,0,6.27309141617e-06,nan,nan,3.5911814944e-06,nan,nan
12100,1.24318939654e-14,0,5.98193403117e-06,nan,nan,3.81595033667e-06,nan,nan
12104,1.24152741706e-14,0,5.53592884285e-06,nan,nan,4.07627546354e-06,nan,nan
12108,1.23995213744e-14,0,4.96665072063e-06,nan,nan,4.35150937849e-06,nan,nan
12112,1.23852724142e-14,0,4.31178494869e-06,nan,nan,4.62092126679e-06,nan,nan
12116,1.23670862983e-14,0,3.62610754918e-06,nan,nan,4.86967380671e-06,nan,nan
12120,1.23523797505e-14,0,3.00764917136e-06,nan,nan,5.081583051e-06,nan,nan
12124,1.23374230328e-14,0,2.63543350791e-06,nan,nan,5.22809898131e-06,nan,nan
12128,1.23204494834e-14,0,2.72095107004e-06,nan,nan,5.26573535227e-06,nan,nan
12132,1.23059679425e-14,0,3.27899571598e-06,nan,nan,5.14734047493e-06,nan,nan
12136,1.22892148049e-14,0,4.11454791585e-06,nan,nan,4.84399510108e-06,nan,nan
12140,1.22751155162e-14,0,5.03232808009e-06,nan,nan,4.37305709067e-06,nan,nan
12144,1.2258795005e-14,0,5.89318440413e-06,nan,nan,3.83361437019e-06,nan,nan
12148,1.22421524029e-14,0,6.59675243121e-06,nan,nan,3.4448694997e-06,nan,nan
12152,1.2227895489e-14,0,7.07241484161e-06,nan,nan,3.49676576561e-06,nan,nan
12156,1.22127957383e-14,0,7.27826410219e-06,nan,nan,4.08412328115e-06,nan,nan
12160,1.21962917611e-14,0,7.20040266821e-06,nan,nan,5.00630067046e-06,nan,nan
12164,1.2182781976e-14,0,6.85285182053e-06,nan,nan,6.01337868937e-06,nan,nan
12168,1.21647797369e-14,0,6.28496435298e-06,nan,nan,6.93454410566e-06,nan,nan
12172,1.21496271946e-14,0,5.60288683143e-06,nan,nan,7.67294360475e-06,nan,nan
12176,1.21352854494e-14,0,4.99702019519e-06,nan,nan,8.18628248623e-06,nan,nan
12180,1.21200417378e-14,0,4.7195183456e-06,nan,nan,8.47405887654e-06,nan,nan
12184,1.21059982501e-14,0,4.92189072676e-06,nan,nan,8.56795377636e-06,nan,nan
12188,1.20872554855e-14,0,5.50122346018e-06,nan,nan,8.52274151281e-06,nan,nan
12192,1.20743272487e-14,0,6.22912815851e-06,nan,nan,8.40660451722e-06,nan,nan
12196,1.20593097675e-14,0,6.93644241958e-06,nan,nan,8.28998027038e-06,nan,nan
12200,1.20430836469e-14,0,7.54336631406e-06,nan,nan,8.23251256847e-06,nan,nan
12204,1.20297529196e-14,0,8.02086441638e-06,nan,nan,8.26980177422e-06,nan,nan
12208,1.20108505608e-14,0,8.36589541288e-06,nan,nan,8.40480430462e-06,nan,nan
12212,1.19990803336e-14,0,8.60336682093e-06,nan,nan,8.60884659436e-06,nan,nan
12216,1.1983205968e-14,0,8.79208365352e-06,nan,nan,8.83224811464e-06,nan,nan
12220,1.19680734508e-14,0,9.01054682099e-06,nan,nan,9.01923239599e-06,nan,nan
12224,1.19521348132e-14,0,9.31819585054e-06,nan,nan,9.12142273198e-06,nan,nan
12228,1.19388863488e-14,0,9.71506655947e-06,nan,nan,9.10730405309e-06,nan,nan
12232,1.19217694963e-14,0,1.01345229528e-05,nan,nan,8.9676192528e-06,nan,nan
12236,1.1907800515e-14,0,1.04785216199e-05,nan,nan,8.71733650971e-06,nan,nan
12240,1.18922065915e-14,0,1.06701518826e-05,nan,nan,8.39404538715e-06,nan,nan
12244,1.18794241128e-14,0,1.06931522471e-05,nan,nan,8.05138078528e-06,nan,nan
12248,1.18617970639e-14,0,1.06025184934e-05,nan,nan,7.74575217763e-06,nan,nan
12252,1.18485251916e-14,0,1.05016240407e-05,nan,nan,7.51779371986e-06,nan,nan
12256,1.18330822025e-14,0,1.04915602161e-05,nan,nan,7.37660337158e-06,nan,nan
12260,1.18185800981e-14,0,1.06175605005e-05,nan,nan,7.29786660087e-06,nan,nan
12264,1.18033064323e-14,0,1.08508116512e-05,nan,nan,7.23798948187e-06,nan,nan
12268,1.17894708576e-14,0,1.11195006145e-05,nan,nan,7.15313681157e-06,nan,nan
12272,1.17740382387e-14,0,1.13597972266e-05,nan,nan,7.01072916483e-06,nan,nan
12276,1.17588767119e-14,0,1.15486628204e-05,nan,nan,6.79133823687e-06,nan,nan
12280,1.1744752731e-14,0,1.17035365873e-05,nan,nan,6.48786079469e-06,nan,nan
12284,1.17300872822e-14,0,1.18556178704e-05,nan,nan,6.10791448646e-06,nan,nan
12288,1.17147342784e-14,0,1.20153836236e-05,nan,nan,5.67658477057e-06,nan,nan
12292,1.17003660823e-14,0,1.21521913387e-05,nan,nan,5.22927863536e-06,nan,nan
12296,1.16872575783e-14,0,1.21997387623e-05,nan,nan,4.78975425461e-06,nan,nan
12300,1.16696762179e-14,0,1.20810091339e-05,nan,nan,4.34846028895e-06,nan,nan
12304,1.16582139237e-14,0,1.17363931314e-05,nan,nan,3.86944415159e-06,nan,nan
12308,1.16421566316e-14,0,1.11428054437e-05,nan,nan,3.3322013194e-06,nan,nan
12312,1.16267577043e-14,0,1.03203733079e-05,nan,nan,2.7827118232e-06,nan,nan
12316,1.16146878669e-14,0,9.32887686053e-06,nan,nan,2.36770694268e-06,nan,nan
12320,1.15976494034e-14,0,8.25747101348e-06,nan,nan,2.29798766776e-06,nan,nan
12324,1.15858404322e-14,0,7.21010422816e-06,nan,nan,2.64651210332e-06,nan,nan
12328,1.15678547742e-14,0,6.28660473683e-06,nan,nan,3.26703636205e-06,nan,nan
12332,1.1555988767e-14,0,5.55795462614e-06,nan,nan,3.98952953162e-06,nan,nan
12336,1.15417834805e-14,0,5.04002522174e-06,nan,nan,4.69821080262e-06,nan,nan
12340,1.15269436737e-14,0,4.68373219841e-06,nan,nan,5.30636403516e-06,nan,nan
12344,1.15128064852e-14,0,4.39739715658e-06,nan,nan,5.73969434186e-06,nan,nan
12348,1.14971887984e-14,0,4.08637046616e-06,nan,nan,5.939349948e-06,nan,nan
12352,1.1483391896e-14,0,3.68135879775e-06,nan,nan,5.87452580988e-06,nan,nan
12356,1.14697871616e-14,0,3.14799982683e-06,nan,nan,5.55599446607e-06,nan,nan
12360,1.14559985144e-14,0,2.48819370954e-06,nan,nan,5.0445848667e-06,nan,nan
12364,1.14415092828e-14,0,1.7500266151e-06,nan,nan,4.45010768722e-06,nan,nan
12368,1.14258236039e-14,0,1.10362965432e-06,nan,nan,3.91293250283e-06,nan,nan
12372,1.14133988142e-14,0,1.07363274179e-06,nan,nan,3.55290034746e-06,nan,nan
12376,1.13984205406e-14,0,1.72955037064e-06,nan,nan,3.39287201438e-06,nan,nan
12380,1.13841490095e-14,0,2.53379989463e-06,nan,nan,3.33827139892e-06,nan,nan
12384,1.13710353342e-14,0,3.27842934626e-06,nan,nan,3.25628651567e-06,nan,nan
12388,1.13563031483e-14,0,3.88361147994e-06,nan,nan,3.05783066307e-06,nan,nan
12392,1.13416823449e-14,0,4.30868177877e-06,nan,nan,2.72057306669e-06,nan,nan
12396,1.1329315303e-14,0,4.53800184467e-06,nan,nan,2.27733779905e-06,nan,nan
12400,1.13127020942e-14,0,4.57860176746e-06,nan,nan,1.79598873221e-06,nan,nan
12404,1.13007704914e-14,0,4.4590617554e-06,nan,nan,1.35882130983e-06,nan,nan
12408,1.12855374644e-14,0,4.22724592199e-06,nan,nan,1.03940725111e-06,nan,nan
12412,1.12727456212e-14,0,3.94551133078e-06,nan,nan,8.72163460096e-07,nan,nan
12416,1.12582186627e-14,0,3.68138527069e-06,nan,nan,8.45327662055e-07,nan,nan
12420,1.12456235446e-14,0,3.49203811274e-06,nan,nan,9.56903734819e-07,nan,nan
12424,1.12295632924e-14,0,3.40653883789e-06,nan,nan,1.22932963331e-06,nan,nan
12428,1.12177139188e-14,0,3.41947606929e-06,nan,nan,1.6524787372e-06,nan,nan
12432,1.12012497403e-14,0,3.50547473291e-06,nan,nan,2.17901777409e-06,nan,nan
12436,1.11903611169e-14,0,3.64350233985e-06,nan,nan,2.7540558229e-06,nan,nan
12440,1.11755560377e-14,0,3.83184785849e-06,nan,nan,3.33104591824e-06,nan,nan
12444,1.11614786827e-14,0,4.08629635415e-06,nan,nan,3.876640502e-06,nan,nan
12448,1.11477746499e-14,0,4.42569865961e-06,nan,nan,4.37045449884e-06,nan,nan
12452,1.11339457485e-14,0,4.85543715998e-06,nan,nan,4.8015201628e-06,nan,nan
12456,1.111953186e-14,0,5.35958203199e-06,nan,nan,5.16296728907e-06,nan,nan
12460,1.11079321431e-14,0,5.90490117146e-06,nan,nan,5.44714542949e-06,nan,nan
12464,1.10924765322e-14,0,6.4515825578e-06,nan,nan,5.6433505199e-06,nan,nan
12468,1.10798572002e-14,0,6.96448852772e-06,nan,nan,5.7393646684e-06,nan,nan
12472,1.10654540734e-14,0,7.42190829561e-06,nan,nan,5.72651984374e-06,nan,nan
12476,1.10522067243e-14,0,7.82043051819e-06,nan,nan,5.60678859027e-06,nan,nan
12480,1.1038906365e-14,0,8.17432137978e-06,nan,nan,5.39971407136e-06,nan,nan
12484,1.10255746238e-14,0,8.50791813749e-06,nan,nan,5.14657832753e-06,nan,nan
12488,1.10105187198e-14,0,8.84240308423e-06,nan,nan,4.90852446317e-06,nan,nan
12492,1.09996638182e-14,0,9.18269042826e-06,nan,nan,4.75461813869e-06,nan,nan
12496,1.0983109081e-14,0,9.51157495107e-06,nan,nan,4.73875075208e-06,nan,nan
12500,1.09712907487e-14,0,9.79332160034e-06,nan,nan,4.87540825438e-06,nan,nan
12504,1.09583712619e-14,0,9.98220322368e-06,nan,nan,5.13309904519e-06,nan,nan
12508,1.0944754527e-14,0,1.00305086138e-05,nan,nan,5.45016209343e-06,nan,nan
12512,1.09302761727e-14,0,9.8954753833e-06,nan,nan,5.75778746545e-06,nan,nan
12516,1.09178859211e-14,0,9.54882474694e-06,nan,nan,5.99794221248e-06,nan,nan
12520,1.09039647467e-14,0,8.99074026385e-06,nan,nan,6.13519017943e-06,nan,nan
12524,1.08908589776e-14,0,8.26393486919e-06,nan,nan,6.16295199207e-06,nan,nan
12528,1.08783679808e-14,0,7.45846329987e-06,nan,nan,6.10168775707e-06,nan,nan
12532,1.08630443882e-14,0,6.69863334813e-06,nan,nan,5.98753173676e-06,nan,nan
12536,1.08516720706e-14,0,6.10914221394e-06,nan,nan,5.85606407414e-06,nan,nan
12540,1.08377009018e-14,0,5.7680591599e-06,nan,nan,5.73070121029e-06,nan,nan
12544,1.08248754736e-14,0,5.67147121476e-06,nan,nan,5.62102014887e-06,nan,nan
12548,1.08115999804e-14,0,5.73927554221e-06,nan,nan,5.52666592773e-06,nan,nan
12552,1.07981962815e-14,0,5.8564930005e-06,nan,nan,5.43965159752e-06,nan,nan
12556,1.07850733455e-14,0,5.91534416665e-06,nan,nan,5.34442155155e-06,nan,nan
12560,1.07714247238e-14,0,5.84178084079e-06,nan,nan,5.22056679943e-06,nan,nan
12564,1.07584345061e-14,0,5.61142528342e-06,nan,nan,5.0512104924e-06,nan,nan
12568,1.07461463262e-14,0,5.25966694277e-06,nan,nan,4.83481959878e-06,nan,nan
12572,1.0732022091e-14,0,4.88181770953e-06,nan,nan,4.59468295145e-06,nan,nan
12576,1.07210250482e-14,0,4.60779886041e-06,nan,nan,4.37873364248e-06,nan,nan
12580,1.07069569509e-14,0,4.53502686472e-06,nan,nan,4.24263985048e-06,nan,nan
12584,1.06926159157e-14,0,4.65522732097e-06,nan,nan,4.21781047576e-06,nan,nan
12588,1.06802072533e-14,0,4.86311129848e-06,nan,nan,4.28635151664e-06,nan,nan
12592,1.06672310789e-14,0,5.03995128927e-06,nan,nan,4.38875024123e-06,nan,nan
12596,1.06545696493e-14,0,5.11954220951e-06,nan,nan,4.45717106504e-06,nan,nan
12600,1.06420471995e-14,0,5.10443931857e-06,nan,nan,4.44595880392e-06,nan,nan
12604,1.06284921433e-14,0,5.04840577422e-06,nan,nan,4.34557126828e-06,nan,nan
12608,1.0617219578e-14,0,5.01874382824e-06,nan,nan,4.18174556818e-06,nan,nan
12612,1.06033796921e-14,0,5.05397717395e-06,nan,nan,4.00347605937e-06,nan,nan
12616,1.05890015299e-14,0,5.14365644755e-06,nan,nan,3.86177984792e-06,nan,nan
12620,1.05769250828e-14,0,5.24564220147e-06,nan,nan,3.78524951094e-06,nan,nan
12624,1.05639582294e-14,0,5.32216274865e-06,nan,nan,3.76655476324e-06,nan,nan
12628,1.05530187087e-14,0,5.36474130151e-06,nan,nan,3.77065619747e-06,nan,nan
12632,1.05385150688e-14,0,5.39481704707e-06,nan,nan,3.75659168767e-06,nan,nan
12636,1.0526722399e-14,0,5.44317079377e-06,nan,nan,3.69548869407e-06,nan,nan
12640,1.05130414574e-14,0,5.52153509115e-06,nan,nan,3.57689959909e-06,nan,nan
12644,1.0500934091e-14,0,5.60573224867e-06,nan,nan,3.40581902903e-06,nan,nan
12648,1.04888321511e-14,0,5.64185451497e-06,nan,nan,3.19544108292e-06,nan,nan
12652,1.04745565311e-14,0,5.56826591119e-06,nan,nan,2.96001525021e-06,nan,nan
12656,1.04630940196e-14,0,5.33775451283e-06,nan,nan,2.71097352282e-06,nan,nan
12660,1.04508964498e-14,0,4.93089860283e-06,nan,nan,2.45785679332e-06,nan,nan
12664,1.04365641255e-14,0,4.360540092e-06,nan,nan,2.21318708884e-06,nan,nan
12668,1.04256828788e-14,0,3.67137695823e-06,nan,nan,1.99788997627e-06,nan,nan
12672,1.04111425868e-14,0,2.94055475147e-06,nan,nan,1.84146574176e-06,nan,nan
12676,1.04019517496e-14,0,2.28719034032e-06,nan,nan,1.77015759838e-06,nan,nan
12680,1.03866808556e-14,0,1.88494944014e-06,nan,nan,1.7857541829e-06,nan,nan
12684,1.03750939948e-14,0,1.87701823223e-06,nan,nan,1.85667486551e-06,nan,nan
12688,1.03622589174e-14,0,2.179130945e-06,nan,nan,1.93396172763e-06,nan,nan
12692,1.03487482326e-14,0,2.58823318911e-06,nan,nan,1.9736916791e-06,nan,nan
12696,1.03387247394e-14,0,2.97813634345e-06,nan,nan,1.95003882064e-06,nan,nan
12700,1.03233186907e-14,0,3.3005857068e-06,nan,nan,1.86133581612e-06,nan,nan
12704,1.03142913712e-14,0,3.54875980802e-06,nan,nan,1.73543978829e-06,nan,nan
12708,1.02995551807e-14,0,3.73675070426e-06,nan,nan,1.63550133468e-06,nan,nan
12712,1.02889087813e-14,0,3.88764634111e-06,nan,nan,1.65087761999e-06,nan,nan
12716,1.02749139637e-14,0,4.02429232518e-06,nan,nan,1.84478079042e-06,nan,nan
12720,1.02631816563e-14,0,4.16167782389e-06,nan,nan,2.20196165645e-06,nan,nan
12724,1.02514152704e-14,0,4.30258932461e-06,nan,nan,2.65580991459e-06,nan,nan
12728,1.02375108512e-14,0,4.43829899141e-06,nan,nan,3.13751418178e-06,nan,nan
12732,1.02274129036e-14,0,4.55410727188e-06,nan,nan,3.59314191499e-06,nan,nan
12736,1.02134456561e-14,0,4.63751211856e-06,nan,nan,3.98477915384e-06,nan,nan
12740,1.020262619e-14,0,4.68628277506e-06,nan,nan,4.28943332857e-06,nan,nan
12744,1.01894670014e-14,0,4.71412394104e-06,nan,nan,4.49729973564e-06,nan,nan
12748,1.01770649511e-14,0,4.75161030401e-06,nan,nan,4.60895509648e-06,nan,nan
12752,1.01651271631e-14,0,4.83978082784e-06,nan,nan,4.6322361751e-06,nan,nan
12756,1.01530742234e-14,0,5.0155521325e-06,nan,nan,4.58002079114e-06,nan,nan
12760,1.01418587071e-14,0,5.29431594565e-06,nan,nan,4.46911727279e-06,nan,nan
12764,1.01280355215e-14,0,5.66053539062e-06,nan,nan,4.3191341271e-06,nan,nan
12768,1.01167926888e-14,0,6.07235820743e-06,nan,nan,4.14995324357e-06,nan,nan
12772,1.01058967648e-14,0,6.47508093621e-06,nan,nan,3.97762072105e-06,nan,nan
12776,1.00912294908e-14,0,6.81481631208e-06,nan,nan,3.81027114822e-06,nan,nan
12780,1.00808027085e-14,0,7.04823848249e-06,nan,nan,3.64681978543e-06,nan,nan
12784,1.00681079395e-14,0,7.14845624805e-06,nan,nan,3.48021013456e-06,nan,nan
12788,1.00580161473e-14,0,7.10795965361e-06,nan,nan,3.30429837588e-06,nan,nan
12792,1.00441383194e-14,0,6.93897009196e-06,nan,nan,3.12111950303e-06,nan,nan
12796,1.003168177e-14,0,6.67104516895e-06,nan,nan,2.94487859051e-06,nan,nan
12800,1.00207076744e-14,0,6.34576637323e-06,nan,nan,2.79994647571e-06,nan,nan
12804,1.00107408959e-14,0,6.00882322538e-06,nan,nan,2.71180549813e-06,nan,nan
12808,9.99451505903e-15,0,5.70033121204e-06,nan,nan,2.69406147317e-06,nan,nan
12812,9.98616902262e-15,0,5.44510795397e-06,nan,nan,2.7403327489e-06,nan,nan
12816,9.97265385184e-15,0,5.2459149259e-06,nan,nan,2.82819502071e-06,nan,nan
12820,9.96189053384e-15,0,5.08354017669e-06,nan,nan,2.9310186714e-06,nan,nan
12824,9.94816307811e-15,0,4.92566191146e-06,nan,nan,3.02773410701e-06,nan,nan
12828,9.93913679455e-15,0,4.74167146314e-06,nan,nan,3.10589872716e-06,nan,nan
12832,9.92323100364e-15,0,4.51687484332e-06,nan,nan,3.15956251184e-06,nan,nan
12836,9.91625299266e-15,0,4.25936199901e-06,nan,nan,3.18525519417e-06,nan,nan
12840,9.90064362238e-15,0,3.99589220485e-06,nan,nan,3.17883792263e-06,nan,nan
12844,9.89212981619e-15,0,3.75805427395e-06,nan,nan,3.13473187582e-06,nan,nan
12848,9.87866755992e-15,0,3.56597481064e-06,nan,nan,3.04754435603e-06,nan,nan
12852,9.86607903051e-15,0,3.41954258814e-06,nan,nan,2.91505006746e-06,nan,nan
12856,9.85436640888e-15,0,3.30149296835e-06,nan,nan,2.74113556139e-06,nan,nan
12860,9.84552237426e-15,0,3.18709678206e-06,nan,nan,2.53762469192e-06,nan,nan
12864,9.83034136599e-15,0,3.05346363912e-06,nan,nan,2.32425197347e-06,nan,nan
12868,9.82261529664e-15,0,2.8873000549e-06,nan,nan,2.12600158736e-06,nan,nan
12872,9.80714580392e-15,0,2.69334963592e-06,nan,nan,1.96689347122e-06,nan,nan
12876,9.79836750616e-15,0,2.50318024225e-06,nan,nan,1.8606619448e-06,nan,nan
12880,9.78449366829e-15,0,2.37640759121e-06,nan,nan,1.80317399228e-06,nan,nan
12884,9.77427824686e-15,0,2.37708324172e-06,nan,nan,1.77363514241e-06,nan,nan
12888,9.76225817231e-15,0,2.52420698989e-06,nan,nan,1.7445537133e-06,nan,nan
12892,9.75152955903e-15,0,2.76942681973e-06,nan,nan,1.69244811313e-06,nan,nan
12896,9.73901993699e-15,0,3.03322872847e-06,nan,nan,1.60364387531e-06,nan,nan
12900,9.72805614848e-15,0,3.25031703498e-06,nan,nan,1.47559369584e-06,nan,nan
12904,9.71682122936e-15,0,3.39094650677e-06,nan,nan,1.31637100972e-06,nan,nan
12908,9.7037880518e-15,0,3.46434111867e-06,nan,nan,1.14453616642e-06,nan,nan
12912,9.69512043405e-15,0,3.51067060857e-06,nan,nan,9.90102150312e-07,nan,nan
12916,9.6797664248e-15,0,3.58129136593e-06,nan,nan,8.92580642299e-07,nan,nan
12920,9.67429187119e-15,0,3.71098267994e-06,nan,nan,8.83374853561e-07,nan,nan
12924,9.65696773291e-15,0,3.89819832018e-06,nan,nan,9.56847673891e-07,nan,nan
12928,9.64919642648e-15,0,4.10885352008e-06,nan,nan,1.07459863528e-06,nan,nan
12932,9.63447615136e-15,0,4.29771675828e-06,nan,nan,1.19747145859e-06,nan,nan
12936,9.6275991046e-15,0,4.42893712325e-06,nan,nan,1.3011657566e-06,nan,nan
12940,9.6139969828e-15,0,4.48581153648e-06,nan,nan,1.37560021185e-06,nan,nan
12944,9.60195732255e-15,0,4.47034455529e-06,nan,nan,1.4203815433e-06,nan,nan
12948,9.59178111881e-15,0,4.39633699027e-06,nan,nan,1.44046028365e-06,nan,nan
12952,9.57891038286e-15,0,4.27991756387e-06,nan,nan,1.44298865549e-06,nan,nan
12956,9.5707812297e-15,0,4.13144078899e-06,nan,nan,1.43562218986e-06,nan,nan
12960,9.55607123277e-15,0,3.95209720064e-06,nan,nan,1.42566201836e-06,nan,nan
12964,9.54738626243e-15,0,3.73634492436e-06,nan,nan,1.41899229754e-06,nan,nan
12968,9.53502669958e-15,0,3.47828012097e-06,nan,nan,1.41841234424e-06,nan,nan
12972,9.5236950006e-15,0,3.17855434625e-06,nan,nan,1.42219342915e-06,nan,nan
12976,9.51413439342e-15,0,2.84920726345e-06,nan,nan,1.42421278378e-06,nan,nan
12980,9.50086215669e-15,0,2.5154484893e-06,nan,nan,1.41613670761e-06,nan,nan
12984,9.4922474433e-15,0,2.21395963618e-06,nan,nan,1.39076174426e-06,nan,nan
12988,9.47668225806e-15,0,1.98575878686e-06,nan,nan,1.34511339327e-06,nan,nan
12992,9.47034505484e-15,0,1.86045949344e-06,nan,nan,1.28226859505e-06,nan,nan
12996,9.45830401776e-15,0,1.83755490278e-06,nan,nan,1.21133571671e-06,nan,nan
13000,9.44453641649e-15,0,1.88478064056e-06,nan,nan,1.14517645028e-06,nan,nan
13004,9.43668778864e-15,0,1.9582907453e-06,nan,nan,1.09575376713e-06,nan,nan
13008,9.42324309072e-15,0,2.02206645596e-06,nan,nan,1.06848598689e-06,nan,nan
13012,9.41317118583e-15,0,2.0539731632e-06,nan,nan,1.05919430645e-06,nan,nan
13016,9.40233706193e-15,0,2.04377716771e-06,nan,nan,1.05636640834e-06,nan,nan
13020,9.39072627757e-15,0,1.98952180537e-06,nan,nan,1.04677829392e-06,nan,nan
13024,9.38300011416e-15,0,1.89467987522e-06,nan,nan,1.02030535679e-06,nan,nan
13028,9.3662543228e-15,0,1.76641074989e-06,nan,nan,9.72064354475e-07,nan,nan
13032,9.36010155952e-15,0,1.61466290254e-06,nan,nan,9.02432476839e-07,nan,nan
13036,9.34758453067e-15,0,1.45167068272e-06,nan,nan,8.15998454237e-07,nan,nan
13040,9.33644724533e-15,0,1.29135291329e-06,nan,nan,7.20147140052e-07,nan,nan
13044,9.32619513501e-15,0,1.14793617507e-06,nan,nan,6.23621599048e-07,nan,nan
13048,9.31398304131e-15,0,1.03311321181e-06,nan,nan,5.35145319147e-07,nan,nan
13052,9.30479952523e-15,0,9.51851304348e-07,nan,nan,4.61987240238e-07,nan,nan
13056,9.29459265739e-15,0,8.99297217783e-07,nan,nan,4.08345917134e-07,nan,nan
13060,9.27973818896e-15,0,8.62244138345e-07,nan,nan,3.74031540646e-07,nan,nan
13064,9.27470390853e-15,0,8.24757982993e-07,nan,nan,3.54772301885e-07,nan,nan
13068,9.25974387186e-15,0,7.73655657208e-07,nan,nan,3.44563175029e-07,nan,nan
13072,9.24921498698e-15,0,7.01157144453e-07,nan,nan,3.38278187521e-07,nan,nan
13076,9.24137669315e-15,0,6.05308990187e-07,nan,nan,3.32820443828e-07,nan,nan
13080,9.22764779119e-15,0,4.89730389069e-07,nan,nan,3.26908545694e-07,nan,nan
13084,9.21650881015e-15,0,3.64457765419e-07,nan,nan,3.20349774584e-07,nan,nan
13088,9.21033659857e-15,0,2.52184754102e-07,nan,nan,3.13344633901e-07,nan,nan
13092,9.19401329711e-15,0,2.05775274545e-07,nan,nan,3.060201698e-07,nan,nan
13096,9.18709333188e-15,0,2.61689769786e-07,nan,nan,2.98205835939e-07,nan,nan
13100,9.1757860134e-15,0,3.61809456453e-07,nan,nan,2.8941599335e-07,nan,nan
13104,9.16346618734e-15,0,4.59332678705e-07,nan,nan,2.78966278636e-07,nan,nan
13108,9.15572757813e-15,0,5.36008642107e-07,nan,nan,2.66141878094e-07,nan,nan
13112,9.14381057832e-15,0,5.83793848745e-07,nan,nan,2.50362715308e-07,nan,nan
13116,9.13070412916e-15,0,5.99251404529e-07,nan,nan,2.31298701517e-07,nan,nan
13120,9.12476599818e-15,0,5.82041005561e-07,nan,nan,2.08932158316e-07,nan,nan
13124,9.11028220557e-15,0,5.34329255775e-07,nan,nan,1.83569015762e-07,nan,nan
13128,9.10110092921e-15,0,4.60414912043e-07,nan,nan,1.55810293451e-07,nan,nan
13132,9.09084589199e-15,0,3.66445959928e-07,nan,nan,1.26515178513e-07,nan,nan
13136,9.08235661098e-15,0,2.60516325123e-07,nan,nan,9.67847167485e-08,nan,nan
13140,9.06825277226e-15,0,1.5513419481e-07,nan,nan,6.80950184888e-08,nan,nan
13144,9.05905944907e-15,0,8.89550548385e-08,nan,nan,4.31094312264e-08,nan,nan
13148,9.04999868754e-15,0,1.33162426016e-07,nan,nan,2.9290985737e-08,nan,nan
13152,9.03691566868e-15,0,2.15314699755e-07,nan,nan,3.59862431914e-08,nan,nan
13156,9.02835515613e-15,0,2.89008449621e-07,nan,nan,5.22515757167e-08,nan,nan
13160,9.01877490053e-15,0,3.44463873674e-07,nan,nan,6.85322326109e-08,nan,nan
13164,9.0053620495e-15,0,3.78618481427e-07,nan,nan,8.2220692724e-08,nan,nan
13168,8.99933327563e-15,0,3.91115014203e-07,nan,nan,9.25410092716e-08,nan,nan
13172,8.98616616002e-15,0,3.83443032953e-07,nan,nan,9.92553693276e-08,nan,nan
13176,8.97481503537e-15,0,3.58499777686e-07,nan,nan,1.02355477152e-07,nan,nan
13180,8.96554474056e-15,0,3.2018603731e-07,nan,nan,1.01962618196e-07,nan,nan
13184,8.95752411015e-15,0,2.72972832896e-07,nan,nan,9.82828573112e-08,nan,nan
13188,8.94576235929e-15,0,2.21440687457e-07,nan,nan,9.15994109525e-08,nan,nan
13192,8.9321746497e-15,0,1.69807206966e-07,nan,nan,8.22887481218e-08,nan,nan
13196,8.92621975482e-15,0,1.21464086284e-07,nan,nan,7.08857125238e-08,nan,nan
13200,8.91503099514e-15,0,7.85538116226e-08,nan,nan,5.82695532434e-08,nan,nan
13204,8.90183111265e-15,0,4.16774355612e-08,nan,nan,4.61682878307e-08,nan,nan
13208,8.8958776399e-15,0,1.01496654403e-08,nan,nan,3.83023784197e-08,nan,nan
13212,8.88422966363e-15,0,1.96337719017e-08,nan,nan,4.00353576513e-08,nan,nan
13216,8.87370755871e-15,0,4.75848922047e-08,nan,nan,5.18691190403e-08,nan,nan
13220,8.86284035847e-15,0,7.58692184719e-08,nan,nan,6.9421396331e-08,nan,nan
13224,8.85400494799e-15,0,1.04056863127e-07,nan,nan,8.9489213059e-08,nan,nan
13228,8.84240252757e-15,0,1.30601766162e-07,nan,nan,1.10466629802e-07,nan,nan
13232,8.83242704088e-15,0,1.53306581194e-07,nan,nan,1.31446494861e-07,nan,nan
13236,8.82326573823e-15,0,1.6987549158e-07,nan,nan,1.51821550092e-07,nan,nan
13240,8.81429627853e-15,0,1.7836380614e-07,nan,nan,1.71142409626e-07,nan,nan
13244,8.80215362158e-15,0,1.77501844463e-07,nan,nan,1.89067073937e-07,nan,nan
13248,8.79212216033e-15,0,1.66889895216e-07,nan,nan,2.05343970617e-07,nan,nan
13252,8.78298136886e-15,0,1.47074869771e-07,nan,nan,2.1979410556e-07,nan,nan
13256,8.77398800694e-15,0,1.19527049533e-07,nan,nan,2.32294130793e-07,nan,nan
13260,8.76115252275e-15,0,8.65432966849e-08,nan,nan,2.42754676989e-07,nan,nan
13264,8.75235949712e-15,0,5.1238073948e-08,nan,nan,2.51096960452e-07,nan,nan
13268,8.74268757645e-15,0,1.95573405685e-08,nan,nan,2.57245199132e-07,nan,nan
13272,8.7347240644e-15,0,2.42675545113e-08,nan,nan,2.61131087338e-07,nan,nan
13276,8.72043587324e-15,0,4.842641055e-08,nan,nan,2.62715952706e-07,nan,nan
13280,8.71241541844e-15,0,6.63459807684e-08,nan,nan,2.62024128962e-07,nan,nan
13284,8.70509089318e-15,0,7.50806546594e-08,nan,nan,2.59164487177e-07,nan,nan
13288,8.69125758823e-15,0,7.38798010412e-08,nan,nan,2.5433578062e-07,nan,nan
13292,8.6849350668e-15,0,6.31090719615e-08,nan,nan,2.47804301062e-07,nan,nan
13296,8.66918476541e-15,0,4.40738815446e-08,nan,nan,2.39858684425e-07,nan,nan
13300,8.66620699697e-15,0,1.8861064984e-08,nan,nan,2.30767251123e-07,nan,nan
13304,8.65387175287e-15,0,9.87695476021e-09,nan,nan,2.2074758243e-07,nan,nan
13308,8.6422291972e-15,0,3.91817611109e-08,nan,nan,2.09965037948e-07,nan,nan
13312,8.63254320188e-15,0,6.6088146128e-08,nan,nan,1.98560604955e-07,nan,nan
13316,8.6251195194e-15,0,8.79328227462e-08,nan,nan,1.86689147351e-07,nan,nan
13320,8.61526891178e-15,0,1.02648623215e-07,nan,nan,1.74562943732e-07,nan,nan
13324,8.60554379254e-15,0,1.0902899129e-07,nan,nan,1.62482080931e-07,nan,nan
13328,8.59192675544e-15,0,1.06952641339e-07,nan,nan,1.50840035942e-07,nan,nan
13332,8.58556872494e-15,0,9.7637659838e-08,nan,nan,1.4010208247e-07,nan,nan
13336,8.57520399379e-15,0,8.41041334422e-08,nan,nan,1.30739286841e-07,nan,nan
13340,8.56619650291e-15,0,7.20520080692e-08,nan,nan,1.23125321971e-07,nan,nan
13344,8.55521627065e-15,0,6.95170067382e-08,nan,nan,1.17419356505e-07,nan,nan
13348,8.54593670339e-15,0,8.00538320519e-08,nan,nan,1.13480261232e-07,nan,nan
13352,8.53535356471e-15,0,9.81735615478e-08,nan,nan,1.10873628693e-07,nan,nan
13356,8.52704569215e-15,0,1.16781292767e-07,nan,nan,1.08970583792e-07,nan,nan
13360,8.51782589671e-15,0,1.31313388643e-07,nan,nan,1.07090902244e-07,nan,nan
13364,8.50759732278e-15,0,1.3943126089e-07,nan,nan,1.04630778251e-07,nan,nan
13368,8.49577545737e-15,0,1.40514239692e-07,nan,nan,1.01136112621e-07,nan,nan
13372,8.48960972456e-15,0,1.35452923548e-07,nan,nan,9.63312950038e-08,nan,nan
13376,8.47776651787e-15,0,1.2654255725e-07,nan,nan,9.01160606332e-08,nan,nan
13380,8.47004985376e-15,0,1.17276617242e-07,nan,nan,8.25446739988e-08,nan,nan
13384,8.45876465284e-15,0,1.11619489649e-07,nan,nan,7.38041033554e-08,nan,nan
13388,8.44963203524e-15,0,1.12252331432e-07,nan,nan,6.41923354485e-08,nan,nan
13392,8.44074026884e-15,0,1.18761949406e-07,nan,nan,5.41091523495e-08,nan,nan
13396,8.42991396021e-15,0,1.28077625692e-07,nan,nan,4.40759433924e-08,nan,nan
13400,8.4217250221e-15,0,1.36568583483e-07,nan,nan,3.48117597306e-08,nan,nan
13404,8.41257861808e-15,0,1.41462881429e-07,nan,nan,2.74105577411e-08,nan,nan
13408,8.40270039124e-15,0,1.41238584537e-07,nan,nan,2.34191602084e-08,nan,nan
13412,8.39150563218e-15,0,1.35587182535e-07,nan,nan,2.38164870317e-08,nan,nan
13416,8.38295969277e-15,0,1.25249707343e-07,nan,nan,2.74943361806e-08,nan,nan
13420,8.37469619986e-15,0,1.11781875399e-07,nan,nan,3.24854431427e-08,nan,nan
13424,8.36539037231e-15,0,9.72442543805e-08,nan,nan,3.75012302975e-08,nan,nan
13428,8.35419844142e-15,0,8.38353032095e-08,nan,nan,4.19166454461e-08,nan,nan
13432,8.347009371e-15,0,7.34937962205e-08,nan,nan,4.54654350741e-08,nan,nan
13436,8.33570210712e-15,0,6.75188137825e-08,nan,nan,4.80743447467e-08,nan,nan
13440,8.32481587343e-15,0,6.63313125203e-08,nan,nan,4.97848193639e-08,nan,nan
13444,8.31859439262e-15,0,6.95099512429e-08,nan,nan,5.07113795976e-08,nan,nan
13448,8.30935635962e-15,0,7.60199679993e-08,nan,nan,5.10102771974e-08,nan,nan
13452,8.29913965008e-15,0,8.44248568803e-08,nan,nan,5.08524831337e-08,nan,nan
13456,8.28990190569e-15,0,9.30792816255e-08,nan,nan,5.04024889958e-08,nan,nan
13460,8.27904422267e-15,0,1.00382909707e-07,nan,nan,4.98030000789e-08,nan,nan
13464,8.27166901575e-15,0,1.05055291007e-07,nan,nan,4.91696232638e-08,nan,nan
13468,8.26107601767e-15,0,1.06359498494e-07,nan,nan,4.85931976471e-08,nan,nan
13472,8.2525384356e-15,0,1.04221093431e-07,nan,nan,4.814560825e-08,nan,nan
13476,8.24384471326e-15,0,9.92228982143e-08,nan,nan,4.78858521549e-08,nan,nan
13480,8.23497960939e-15,0,9.24805538626e-08,nan,nan,4.78607728853e-08,nan,nan
13484,8.22422713469e-15,0,8.53955124706e-08,nan,nan,4.81005156988e-08,nan,nan
13488,8.21597078386e-15,0,7.93048508685e-08,nan,nan,4.86103460694e-08,nan,nan
13492,8.2047394293e-15,0,7.50982453536e-08,nan,nan,4.93624782356e-08,nan,nan
13496,8.19847990615e-15,0,7.29894669296e-08,nan,nan,5.02932803342e-08,nan,nan
13500,8.18793065942e-15,0,7.26325767514e-08,nan,nan,5.13071965633e-08,nan,nan
13504,8.17779964013e-15,0,7.34716465857e-08,nan,nan,5.22872670567e-08,nan,nan
13508,8.17035336087e-15,0,7.5013776983e-08,nan,nan,5.31090988439e-08,nan,nan
13512,8.1618485677e-15,0,7.68791649375e-08,nan,nan,5.36547886241e-08,nan,nan
13516,8.15156944496e-15,0,7.87197908322e-08,nan,nan,5.38248253276e-08,nan,nan
13520,8.14200876912e-15,0,8.01746111624e-08,nan,nan,5.35461160466e-08,nan,nan
13524,8.13401614002e-15,0,8.09196828813e-08,nan,nan,5.27766172306e-08,nan,nan
13528,8.12384214863e-15,0,8.07852827582e-08,nan,nan,5.15065029662e-08,nan,nan
13532,8.11481245619e-15,0,7.98738526782e-08,nan,nan,4.97563720772e-08,nan,nan
13536,8.10606806623e-15,0,7.85987669648e-08,nan,nan,4.75739258658e-08,nan,nan
13540,8.09725363125e-15,0,7.76034228183e-08,nan,nan,4.50288776075e-08,nan,nan
13544,8.08775928549e-15,0,7.75320904315e-08,nan,nan,4.22076961717e-08,nan,nan
13548,8.07966349234e-15,0,7.87211667633e-08,nan,nan,3.9208873954e-08,nan,nan
13552,8.07075922657e-15,0,8.10003615048e-08,nan,nan,3.61382826332e-08,nan,nan
13556,8.06104176761e-15,0,8.37403196355e-08,nan,nan,3.31059333073e-08,nan,nan
13560,8.05293024817e-15,0,8.61003329692e-08,nan,nan,3.02222834751e-08,nan,nan
13564,8.04221491778e-15,0,8.73002644967e-08,nan,nan,2.7592536837e-08,nan,nan
13568,8.03547200222e-15,0,8.67996632433e-08,nan,nan,2.53081929045e-08,nan,nan
13572,8.02467561778e-15,0,8.438929245e-08,nan,nan,2.34334444201e-08,nan,nan
13576,8.01622471948e-15,0,8.02130594813e-08,nan,nan,2.19906910782e-08,nan,nan
13580,8.00759535571e-15,0,7.47378809114e-08,nan,nan,2.09523522895e-08,nan,nan
13584,7.99901381562e-15,0,6.86783095396e-08,nan,nan,2.02453604375e-08,nan,nan
13588,7.9890572434e-15,0,6.28494739025e-08,nan,nan,1.97708228252e-08,nan,nan
13592,7.9817147728e-15,0,5.79478821669e-08,nan,nan,1.94283862374e-08,nan,nan
13596,7.97148398406e-15,0,5.4301567806e-08,nan,nan,1.91350691968e-08,nan,nan
13600,7.9641806262e-15,0,5.17232825823e-08,nan,nan,1.88345905194e-08,nan,nan
13604,7.95573481698e-15,0,4.96136637354e-08,nan,nan,1.8496413792e-08,nan,nan
13608,7.94427850577e-15,0,4.72478261573e-08,nan,nan,1.81103327176e-08,nan,nan
13612,7.93563906966e-15,0,4.40445320288e-08,nan,nan,1.76798854787e-08,nan,nan
13616,7.92967342629e-15,0,3.97097496713e-08,nan,nan,1.72157729625e-08,nan,nan
13620,7.91919008059e-15,0,3.4259259831e-08,nan,nan,1.67323275887e-08,nan,nan
13624,7.91118624967e-15,0,2.79775629026e-08,nan,nan,1.62456463269e-08,nan,nan
13628,7.90165064113e-15,0,2.13444189803e-08,nan,nan,1.57727502346e-08,nan,nan
13632,7.89288685121e-15,0,1.4936533081e-08,nan,nan,1.53323871046e-08,nan,nan
13636,7.88362340833e-15,0,9.32236440297e-09,nan,nan,1.49446876192e-08,nan,nan
13640,7.87658735428e-15,0,4.95389407901e-09,nan,nan,1.46295565911e-08,nan,nan
13644,7.86779612437e-15,0,2.13986177724e-09,nan,nan,1.44044180468e-08,nan,nan
13648,7.85657126908e-15,0,1.67692792041e-09,nan,nan,1.42801169834e-08,nan,nan
13652,7.85066536996e-15,0,3.28323559798e-09,nan,nan,1.42571687467e-08,nan,nan
13656,7.84055495296e-15,0,5.76155236434e-09,nan,nan,1.4324260295e-08,nan,nan
13660,7.83286384303e-15,0,8.80054309514e-09,nan,nan,1.44584260131e-08,nan,nan
13664,7.82365796616e-15,0,1.19484507735e-08,nan,nan,1.46278153831e-08,nan,nan
13668,7.81397798352e-15,0,1.46959822695e-08,nan,nan,1.47963070564e-08,nan,nan
13672,7.80698036805e-15,0,1.6614137143e-08,nan,nan,1.49273658028e-08,nan,nan
13676,7.79839017746e-15,0,1.74370456492e-08,nan,nan,1.49873791316e-08,nan,nan
13680,7.78934417672e-15,0,1.70978135161e-08,nan,nan,1.49483429157e-08,nan,nan
13684,7.77922827402e-15,0,1.57273548094e-08,nan,nan,1.47887362207e-08,nan,nan
13688,7.77346432794e-15,0,1.36225263142e-08,nan,nan,1.44940675334e-08,nan,nan
13692,7.76473306264e-15,0,1.11905267968e-08,nan,nan,1.40574081668e-08,nan,nan
13696,7.75394258389e-15,0,8.88286788217e-09,nan,nan,1.34789011025e-08,nan,nan
13700,7.74648951272e-15,0,7.10943653679e-09,nan,nan,1.27655411903e-08,nan,nan
13704,7.73736776338e-15,0,6.10836525946e-09,nan,nan,1.19309487086e-08,nan,nan
13708,7.73062253893e-15,0,5.83780204108e-09,nan,nan,1.09939486126e-08,nan,nan
13712,7.72107673768e-15,0,6.10400483344e-09,nan,nan,9.9772991525e-09,nan,nan
13716,7.71287528413e-15,0,6.78209100792e-09,nan,nan,8.90623941319e-09,nan,nan
13720,7.70444502972e-15,0,7.79275544436e-09,nan,nan,7.80629854414e-09,nan,nan
13724,7.69552408237e-15,0,8.9860227529e-09,nan,nan,6.70251755095e-09,nan,nan
13728,7.68692092486e-15,0,1.01397572072e-08,nan,nan,5.62018730568e-09,nan,nan
13732,7.67939940765e-15,0,1.10305632637e-08,nan,nan,4.58820584604e-09,nan,nan
13736,7.67040441528e-15,0,1.15007437804e-08,nan,nan,3.65046329967e-09,nan,nan
13740,7.66161197798e-15,0,1.14949707606e-08,nan,nan,2.89058041491e-09,nan,nan
13744,7.65303346407e-15,0,1.10768744655e-08,nan,nan,2.46346972749e-09,nan,nan
13748,7.64681221029e-15,0,1.04294016218e-08,nan,nan,2.53039896829e-09,nan,nan
13752,7.63507332936e-15,0,9.82838336825e-09,nan,nan,3.04911959622e-09,nan,nan
13756,7.63092630496e-15,0,9.56681875198e-09,nan,nan,3.83037263842e-09,nan,nan
13760,7.62032434838e-15,0,9.81383733487e-09,nan,nan,4.73235173835e-09,nan,nan
13764,7.61049499096e-15,0,1.05165276455e-08,nan,nan,5.67848006136e-09,nan,nan
13768,7.60425078989e-15,0,1.1466162734e-08,nan,nan,6.6251104844e-09,nan,nan
13772,7.59413517746e-15,0,1.24317079037e-08,nan,nan,7.54223665694e-09,nan,nan
13776,7.58867480032e-15,0,1.32344204882e-08,nan,nan,8.40628194806e-09,nan,nan
13780,7.57927367545e-15,0,1.37625095319e-08,nan,nan,9.19812010574e-09,nan,nan
13784,7.56882999067e-15,0,1.39657634499e-08,nan,nan,9.90154171759e-09,nan,nan
13788,7.56283528034e-15,0,1.38579350289e-08,nan,nan,1.05037096888e-08,nan,nan
13792,7.55397902659e-15,0,1.35209211777e-08,nan,nan,1.09955598084e-08,nan,nan
13796,7.54655935804e-15,0,1.31075951297e-08,nan,nan,1.13710109503e-08,nan,nan
13800,7.53614751288e-15,0,1.28283853365e-08,nan,nan,1.16277089611e-08,nan,nan
13804,7.52995447033e-15,0,1.28923326203e-08,nan,nan,1.17668423274e-08,nan,nan
13808,7.52209445167e-15,0,1.34128132266e-08,nan,nan,1.17921202411e-08,nan,nan
13812,7.51202617456e-15,0,1.43394367875e-08,nan,nan,1.17104410545e-08,nan,nan
13816,7.50477415777e-15,0,1.54814035796e-08,nan,nan,1.15311330228e-08,nan,nan
13820,7.49705136154e-15,0,1.65969235158e-08,nan,nan,1.12649440257e-08,nan,nan
13824,7.48918740359e-15,0,1.74705362757e-08,nan,nan,1.09246529839e-08,nan,nan
13828,7.47984974474e-15,0,1.79583951456e-08,nan,nan,1.05238029418e-08,nan,nan
13832,7.47242692948e-15,0,1.8015038934e-08,nan,nan,1.00758640944e-08,nan,nan
13836,7.4629674042e-15,0,1.77021808425e-08,nan,nan,9.59476272164e-09,nan,nan
13840,7.45681713911e-15,0,1.71826485588e-08,nan,nan,9.09332571827e-09,nan,nan
13844,7.44858075881e-15,0,1.66843635217e-08,nan,nan,8.5829726841e-09,nan,nan
13848,7.43914577048e-15,0,1.64189186333e-08,nan,nan,8.07436194531e-09,nan,nan
13852,7.43146958938e-15,0,1.64815441124e-08,nan,nan,7.57598656853e-09,nan,nan
13856,7.42367632266e-15,0,1.67965451825e-08,nan,nan,7.09470585376e-09,nan,nan
13860,7.41638263939e-15,0,1.71593672198e-08,nan,nan,6.63652595364e-09,nan,nan
13864,7.40721191992e-15,0,1.73406717734e-08,nan,nan,6.2054915669e-09,nan,nan
13868,7.40029996088e-15,0,1.71731193182e-08,nan,nan,5.80486308039e-09,nan,nan
13872,7.39181291484e-15,0,1.65940917551e-08,nan,nan,5.4376533397e-09,nan,nan
13876,7.38276984246e-15,0,1.5655590072e-08,nan,nan,5.10557120628e-09,nan,nan
13880,7.37524378734e-15,0,1.45077629744e-08,nan,nan,4.81030670624e-09,nan,nan
13884,7.36883956641e-15,0,1.33624273208e-08,nan,nan,4.55342901714e-09,nan,nan
13888,7.36000189134e-15,0,1.24300321514e-08,nan,nan,4.33518109306e-09,nan,nan
13892,7.35151494564e-15,0,1.18310457128e-08,nan,nan,4.15561186372e-09,nan,nan
13896,7.34333803393e-15,0,1.15329144251e-08,nan,nan,4.01398784361e-09,nan,nan
13900,7.33616696763e-15,0,1.13728462967e-08,nan,nan,3.9077638673e-09,nan,nan
13904,7.32817597866e-15,0,1.1150085969e-08,nan,nan,3.83396244943e-09,nan,nan
13908,7.31946851423e-15,0,1.07131502244e-08,nan,nan,3.7887405984e-09,nan,nan
13912,7.31245877606e-15,0,9.99942197145e-09,nan,nan,3.76701144186e-09,nan,nan
13916,7.30376807325e-15,0,9.03763409335e-09,nan,nan,3.76426996936e-09,nan,nan
13920,7.29815538039e-15,0,7.93578669568e-09,nan,nan,3.77619489527e-09,nan,nan
13924,7.28689707468e-15,0,6.85885261768e-09,nan,nan,3.79846178057e-09,nan,nan
13928,7.28206202159e-15,0,5.98836742029e-09,nan,nan,3.82830591724e-09,nan,nan
13932,7.27124866052e-15,0,5.4465294652e-09,nan,nan,3.86345959069e-09,nan,nan
13936,7.26693381061e-15,0,5.20768225083e-09,nan,nan,3.9017712344e-09,nan,nan
13940,7.25590387985e-15,0,5.10414612953e-09,nan,nan,3.94225968297e-09,nan,nan
13944,7.24895363241e-15,0,4.94001836964e-09,nan,nan,3.98353859785e-09,nan,nan
13948,7.24237991678e-15,0,4.58306953946e-09,nan,nan,4.02373583012e-09,nan,nan
13952,7.23410612079e-15,0,3.9874556477e-09,nan,nan,4.06140365075e-09,nan,nan
13956,7.22711342e-15,0,3.18616918333e-09,nan,nan,4.09402302706e-09,nan,nan
13960,7.21654743244e-15,0,2.28342678546e-09,nan,nan,4.11866513643e-09,nan,nan
13964,7.21062094948e-15,0,1.47977379664e-09,nan,nan,4.13283635278e-09,nan,nan
13968,7.20266207955e-15,0,1.14807348409e-09,nan,nan,4.1332602201e-09,nan,nan
13972,7.19563428306e-15,0,1.38951538284e-09,nan,nan,4.11709174347e-09,nan,nan
13976,7.18793048117e-15,0,1.70003710137e-09,nan,nan,4.08237873628e-09,nan,nan
13980,7.17914866602e-15,0,1.80442151863e-09,nan,nan,4.02700246058e-09,nan,nan
13984,7.17235947195e-15,0,1.67370350452e-09,nan,nan,3.95002626116e-09,nan,nan
13988,7.16385441644e-15,0,1.44266897732e-09,nan,nan,3.851549428e-09,nan,nan
13992,7.15629975782e-15,0,1.42506501178e-09,nan,nan,3.73179065069e-09,nan,nan
13996,7.14874008798e-15,0,1.82669301027e-09,nan,nan,3.59234661694e-09,nan,nan
14000,7.14108382156e-15,0,2.44252645708e-09,nan,nan,3.43550641761e-09,nan,nan
14004,7.13490375979e-15,0,3.02123880336e-09,nan,nan,3.26364306317e-09,nan,nan
14008,7.12560191503e-15,0,3.41932180332e-09,nan,nan,3.08034413104e-09,nan,nan
14012,7.1186852169e-15,0,3.57706746216e-09,nan,nan,2.88941340272e-09,nan,nan
14016,7.1111789015e-15,0,3.50698893231e-09,nan,nan,2.69476083545e-09,nan,nan
14020,7.10224259139e-15,0,3.29194080582e-09,nan,nan,2.5013527942e-09,nan,nan
14024,7.09544574152e-15,0,3.07343312856e-09,nan,nan,2.31408896581e-09,nan,nan
14028,7.08718095397e-15,0,3.0015009661e-09,nan,nan,2.13819072863e-09,nan,nan
14032,7.08100459988e-15,0,3.13295561898e-09,nan,nan,1.97963247393e-09,nan,nan
14036,7.07385443265e-15,0,3.38437938907e-09,nan,nan,1.84376536498e-09,nan,nan
14040,7.06519986269e-15,0,3.61534518578e-09,nan,nan,1.73561982217e-09,nan,nan
14044,7.05795626303e-15,0,3.71805624206e-09,nan,nan,1.6590016554e-09,nan,nan
14048,7.05020632736e-15,0,3.64448757494e-09,nan,nan,1.61488292334e-09,nan,nan
14052,7.04236778278e-15,0,3.40439704523e-09,nan,nan,1.60190523452e-09,nan,nan
14056,7.03436084774e-15,0,3.05745349101e-09,nan,nan,1.61590698303e-09,nan,nan
14060,7.02928231065e-15,0,2.70215291142e-09,nan,nan,1.65082165056e-09,nan,nan
14064,7.0198689987e-15,0,2.45275159324e-09,nan,nan,1.70052809373e-09,nan,nan
14068,7.01233918702e-15,0,2.38262887534e-09,nan,nan,1.75894120895e-09,nan,nan
14072,7.00511023041e-15,0,2.46496765332e-09,nan,nan,1.82107183471e-09,nan,nan
14076,6.9982822192e-15,0,2.59944832562e-09,nan,nan,1.88327591922e-09,nan,nan
14080,6.99112544898e-15,0,2.6889648392e-09,nan,nan,1.94256175902e-09,nan,nan
14084,6.98284265305e-15,0,2.67590853166e-09,nan,nan,1.99709618819e-09,nan,nan
14088,6.9747120844e-15,0,2.54389081142e-09,nan,nan,2.04567092857e-09,nan,nan
14092,6.96816245698e-15,0,2.31204652395e-09,nan,nan,2.08728674503e-09,nan,nan
14096,6.96109532922e-15,0,2.03141888931e-09,nan,nan,2.12159971232e-09,nan,nan
14100,6.9544522287e-15,0,1.78284920353e-09,nan,nan,2.14827468046e-09,nan,nan
14104,6.94519210284e-15,0,1.65597175239e-09,nan,nan,2.16704703955e-09,nan,nan
14108,6.93806590067e-15,0,1.68695243317e-09,nan,nan,2.17804555609e-09,nan,nan
14112,6.9321579016e-15,0,1.81779587373e-09,nan,nan,2.18118229308e-09,nan,nan
14116,6.9246032636e-15,0,1.95076981848e-09,nan,nan,2.1765539719e-09,nan,nan
14120,6.91531030883e-15,0,2.0108940459e-09,nan,nan,2.16451124363e-09,nan,nan
14124,6.90966411716e-15,0,1.96240430392e-09,nan,nan,2.14513876749e-09,nan,nan
14128,6.90280270552e-15,0,1.80544460667e-09,nan,nan,2.11883926213e-09,nan,nan
14132,6.89247904848e-15,0,1.57217826703e-09,nan,nan,2.0861061639e-09,nan,nan
14136,6.88913876903e-15,0,1.32704906762e-09,nan,nan,2.04716714668e-09,nan,nan
14140,6.88038896552e-15,0,1.15953336622e-09,nan,nan,2.00264926883e-09,nan,nan
14144,6.87290120771e-15,0,1.13610710131e-09,nan,nan,1.95308671957e-09,nan,nan
14148,6.86454887947e-15,0,1.2265523165e-09,nan,nan,1.89879525486e-09,nan,nan
14152,6.85826642829e-15,0,1.33580119341e-09,nan,nan,1.84053738798e-09,nan,nan
14156,6.85058512552e-15,0,1.38719118979e-09,nan,nan,1.77881196493e-09,nan,nan
14160,6.84507252925e-15,0,1.34529072719e-09,nan,nan,1.71398678e-09,nan,nan
14164,6.83658560731e-15,0,1.20812129709e-09,nan,nan,1.64688802541e-09,nan,nan
14168,6.82796877867e-15,0,1.00037916036e-09,nan,nan,1.57792666932e-09,nan,nan
14172,6.82260091683e-15,0,7.73716913637e-10,nan,nan,1.50749341957e-09,nan,nan
14176,6.81420520463e-15,0,6.09963133272e-10,nan,nan,1.43641205961e-09,nan,nan
14180,6.80807318269e-15,0,5.8726322341e-10,nan,nan,1.36496481405e-09,nan,nan
14184,6.80129504565e-15,0,6.70571248265e-10,nan,nan,1.29353924234e-09,nan,nan
14188,6.79442476447e-15,0,7.5763432337e-10,nan,nan,1.22289694198e-09,nan,nan
14192,6.78562187449e-15,0,7.88208522163e-10,nan,nan,1.15315666878e-09,nan,nan
14196,6.7787004534e-15,0,7.44697787639e-10,nan,nan,1.08467248978e-09,nan,nan
14200,6.77120041547e-15,0,6.32909621299e-10,nan,nan,1.01808624144e-09,nan,nan
14204,6.76643430093e-15,0,4.72657100831e-10,nan,nan,9.53325611566e-10,nan,nan
14208,6.75719757564e-15,0,2.94368099256e-10,nan,nan,8.90686045593e-10,nan,nan
14212,6.7503396375e-15,0,1.51575675897e-10,nan,nan,8.30651632582e-10,nan,nan
14216,6.74418606998e-15,0,1.67409048839e-10,nan,nan,7.72961069171e-10,nan,nan
14220,6.73532263844e-15,0,2.68398517712e-10,nan,nan,7.17853891682e-10,nan,nan
14224,6.72941861568e-15,0,3.45930606862e-10,nan,nan,6.6565303909e-10,nan,nan
14228,6.72271224923e-15,0,3.81531345534e-10,nan,nan,6.1594464652e-10,nan,nan
14232,6.71482413197e-15,0,3.76054242802e-10,nan,nan,5.68941032589e-10,nan,nan
14236,6.70900944873e-15,0,3.35073066789e-10,nan,nan,5.24826511435e-10,nan,nan
14240,6.70053900495e-15,0,2.66796362315e-10,nan,nan,4.83088400606e-10,nan,nan
14244,6.69519039897e-15,0,1.80336614087e-10,nan,nan,4.43948537211e-10,nan,nan
14248,6.68547691526e-15,0,8.61772227646e-11,nan,nan,4.07484516454e-10,nan,nan
14252,6.68162585095e-15,0,4.03641180002e-11,nan,nan,3.73136877965e-10,nan,nan
14256,6.673202433e-15,0,1.17195940811e-10,nan,nan,3.41164286677e-10,nan,nan
14260,6.66412314386e-15,0,1.90086435927e-10,nan,nan,3.11564736443e-10,nan,nan
14264,6.66086761992e-15,0,2.39905878524e-10,nan,nan,2.83771034787e-10,nan,nan
14268,6.65148249538e-15,0,2.60973155753e-10,nan,nan,2.58089589128e-10,nan,nan
14272,6.64449742423e-15,0,2.50973000334e-10,nan,nan,2.34455716686e-10,nan,nan
14276,6.63894155925e-15,0,2.1287547265e-10,nan,nan,2.1231942934e-10,nan,nan
14280,6.63227233527e-15,0,1.53875386135e-10,nan,nan,1.92033321612e-10,nan,nan
14284,6.62421017409e-15,0,8.89701116013e-11,nan,nan,1.73478845034e-10,nan,nan
14288,6.61750404037e-15,0,6.38422107218e-11,nan,nan,1.56137075445e-10,nan,nan
14292,6.60883591578e-15,0,1.07928776383e-10,nan,nan,1.40399163027e-10,nan,nan
14296,6.60463670862e-15,0,1.56930987188e-10,nan,nan,1.26097951288e-10,nan,nan
14300,6.59763447002e-15,0,1.8744100666e-10,nan,nan,1.12752183844e-10,nan,nan
14304,6.58798311233e-15,0,1.94531074735e-10,nan,nan,1.00782430253e-10,nan,nan
14308,6.58400208018e-15,0,1.78956753393e-10,nan,nan,8.99789191015e-11,nan,nan
14312,6.57766798347e-15,0,1.46997479679e-10,nan,nan,7.99015355227e-11,nan,nan
14316,6.56696359955e-15,0,1.09482603864e-10,nan,nan,7.09914490342e-11,nan,nan
14320,6.5632208777e-15,0,8.567131826e-11,nan,nan,6.3003919831e-11,nan,nan
14324,6.5555101118e-15,0,9.22737549483e-11,nan,nan,5.55426017694e-11,nan,nan
14328,6.54734523538e-15,0,1.15560328344e-10,nan,nan,4.90607502378e-11,nan,nan
14332,6.54255879713e-15,0,1.3530155109e-10,nan,nan,4.3286246953e-11,nan,nan
14336,6.53577197269e-15,0,1.43363517886e-10,nan,nan,3.78688304918e-11,nan,nan
14340,6.5298904082e-15,0,1.38897283322e-10,nan,nan,3.32663379562e-11,nan,nan
14344,6.52046841033e-15,0,1.24971784933e-10,nan,nan,2.91858180709e-11,nan,nan
14348,6.51328560575e-15,0,1.08074789676e-10,nan,nan,2.53245395414e-11,nan,nan
14352,6.50936309888e-15,0,9.58841232526e-11,nan,nan,2.21389170801e-11,nan,nan
14356,6.5005154576e-15,0,9.39574976535e-11,nan,nan,1.93207154693e-11,nan,nan
14360,6.49516022884e-15,0,9.99717472528e-11,nan,nan,1.66140952618e-11,nan,nan
14364,6.48813945692e-15,0,1.07440536255e-10,nan,nan,1.44686750257e-11,nan,nan
14368,6.48116066653e-15,0,1.11410353149e-10,nan,nan,1.25661915774e-11,nan,nan
14372,6.47282795598e-15,0,1.10307516794e-10,nan,nan,1.06952336279e-11,nan,nan
14376,6.4684178088e-15,0,1.05148497178e-10,nan,nan,9.2930970182e-12,nan,nan
14380,6.4586609193e-15,0,9.83588871299e-11,nan,nan,8.0369278368e-12,nan,nan
14384,6.4568103777e-15,0,9.28727872593e-11,nan,nan,6.75687691538e-12,nan,nan
14388,6.44710834756e-15,0,9.03592856884e-11,nan,nan,5.87204440764e-12,nan,nan
14392,6.43962182296e-15,0,9.06339452835e-11,nan,nan,5.05977039876e-12,nan,nan
14396,6.43549317626e-15,0,9.19975760923e-11,nan,nan,4.18909178565e-12,nan,nan
14400,6.42581337163e-15,0,9.27082305195e-11,nan,nan,3.65543253328e-12,nan,nan
14404,6.4219976527e-15,0,9.19801953862e-11,nan,nan,3.13981737113e-12,nan,nan
14408,6.41438080993e-15,0,8.97785737507e-11,nan,nan,2.54742632562e-12,nan,nan
14412,6.40737100691e-15,0,8.69974450075e-11,nan,nan,2.24614194668e-12,nan,nan
14416,6.40029927314e-15,0,8.43238014559e-11,nan,nan,1.92346433175e-12,nan,nan
14420,6.39378993312e-15,0,8.2511511485e-11,nan,nan,1.51723576534e-12,nan,nan
14424,6.38705630843e-15,0,8.14455453197e-11,nan,nan,1.3654871602e-12,nan,nan
14428,6.38350417959e-15,0,8.08702448893e-11,nan,nan,1.16521491691e-12,nan,nan
14432,6.37413193876e-15,0,8.02667035931e-11,nan,nan,8.82482805465e-13,nan,nan
14436,6.36621196694e-15,0,7.92935486663e-11,nan,nan,8.23755022822e-13,nan,nan
14440,6.36152368125e-15,0,7.80278114963e-11,nan,nan,6.99179022845e-13,nan,nan
14444,6.3564840152e-15,0,7.6415724019e-11,nan,nan,4.98557279554e-13,nan,nan
14448,6.34772779466e-15,0,7.49711216609e-11,nan,nan,4.95206096132e-13,nan,nan
14452,6.34027693045e-15,0,7.35180580239e-11,nan,nan,4.16127106616e-13,nan,nan
14456,6.33578598533e-15,0,7.24741299798e-11,nan,nan,2.7091470229e-13,nan,nan
14460,6.32817018007e-15,0,7.13993621058e-11,nan,nan,2.98715601068e-13,nan,nan
14464,6.32353694123e-15,0,7.05259936709e-11,nan,nan,2.46366513271e-13,nan,nan
14468,6.31535009243e-15,0,6.94874731509e-11,nan,nan,1.39226801249e-13,nan,nan
14472,6.30720280161e-15,0,6.84430470427e-11,nan,nan,1.82725513569e-13,nan,nan
14476,6.3037611277e-15,0,6.73387482699e-11,nan,nan,1.45996478111e-13,nan,nan
14480,6.29662631495e-15,0,6.6178256251e-11,nan,nan,6.54910222911e-14,nan,nan
14484,6.28966202457e-15,0,6.51738527179e-11,nan,nan,1.14414433673e-13,nan,nan
14488,6.2821361538e-15,0,6.40596823873e-11,nan,nan,8.73414774412e-14,nan,nan
14492,6.27633396275e-15,0,6.32076531222e-11,nan,nan,2.67067102069e-14,nan,nan
14496,6.27139747395e-15,0,6.21490820676e-11,nan,nan,7.35426456069e-14,nan,nan
14500,6.26415498881e-15,0,6.13440746177e-11,nan,nan,5.32468294052e-14,nan,nan
14504,6.25694126676e-15,0,6.03040541928e-11,nan,nan,1.11107553172e-14,nan,nan
14508,6.25041139178e-15,0,5.94666668764e-11,nan,nan,4.82832719243e-14,nan,nan
14512,6.24450866756e-15,0,5.84787585819e-11,nan,nan,3.30837312558e-14,nan,nan
14516,6.23873171947e-15,0,5.76068824568e-11,nan,nan,1.03677409091e-14,nan,nan
14520,6.23075197155e-15,0,5.67228721198e-11,nan,nan,3.18264597534e-14,nan,nan
14524,6.22617894227e-15,0,5.58271370556e-11,nan,nan,2.07360323671e-14,nan,nan
14528,6.21995545591e-15,0,5.50484109947e-11,nan,nan,1.06426910344e-14,nan,nan
14532,6.21136250673e-15,0,5.41300030414e-11,nan,nan,2.03606528325e-14,nan,nan
14536,6.20595485677e-15,0,5.34195477144e-11,nan,nan,1.30227500703e-14,nan,nan
14540,6.19965862959e-15,0,5.2496147039e-11,nan,nan,8.88526765784e-15,nan,nan
14544,6.19598874553e-15,0,5.18152499776e-11,nan,nan,1.18308831009e-14,nan,nan
14548,6.18558769733e-15,0,5.09255289285e-11,nan,nan,7.93678383714e-15,nan,nan
14552,6.17952111796e-15,0,5.02439855784e-11,nan,nan,5.82389520687e-15,nan,nan
14556,6.17632995749e-15,0,4.94231310503e-11,nan,nan,5.23291389434e-15,nan,nan
14560,6.16886685271e-15,0,4.87175776981e-11,nan,nan,4.15690696751e-15,nan,nan
14564,6.16076629522e-15,0,4.79793491424e-11,nan,nan,2.17726906095e-15,nan,nan
14568,6.15493391504e-15,0,4.72403491734e-11,nan,nan,7.07526119738e-16,nan,nan
14572,6.15153956741e-15,0,4.6577967585e-11,nan,nan,9.80229988755e-16,nan,nan
14576,6.14348786346e-15,0,4.58168909067e-11,nan,nan,2.6478692742e-15,nan,nan
14580,6.13350162053e-15,0,4.52095473856e-11,nan,nan,3.47049551801e-15,nan,nan
14584,6.13282088273e-15,0,4.44525489638e-11,nan,nan,2.66190328468e-15,nan,nan
14588,6.12492133567e-15,0,4.38713288825e-11,nan,nan,6.29252874444e-15,nan,nan
14592,6.11574601337e-15,0,4.31465215081e-11,nan,nan,6.02550663545e-15,nan,nan
14596,6.11319422711e-15,0,4.25640548329e-11,nan,nan,6.04356460568e-15,nan,nan
14600,6.10648522008e-15,0,4.1891865352e-11,nan,nan,9.22860044136e-15,nan,nan
14604,6.0984605375e-15,0,4.12926314494e-11,nan,nan,8.14351684067e-15,nan,nan
14608,6.09292866411e-15,0,4.06797526275e-11,nan,nan,9.2324476955e-15,nan,nan
14612,6.08858605647e-15,0,4.00636129305e-11,nan,nan,1.12389824814e-14,nan,nan
14616,6.0801527709e-15,0,3.95011213782e-11,nan,nan,1.02002482818e-14,nan,nan
14620,6.07408880349e-15,0,3.88807479192e-11,nan,nan,1.17242507419e-14,nan,nan
14624,6.06900799933e-15,0,3.83496270684e-11,nan,nan,1.26850894748e-14,nan,nan
14628,6.06214332594e-15,0,3.7744791284e-11,nan,nan,1.20963180169e-14,nan,nan
14632,6.05495190341e-15,0,3.72251724119e-11,nan,nan,1.33705544823e-14,nan,nan
14636,6.05185712425e-15,0,3.66536050024e-11,nan,nan,1.3949703086e-14,nan,nan
14640,6.04211353537e-15,0,3.61317376791e-11,nan,nan,1.34419603157e-14,nan,nan
14644,6.03718820899e-15,0,3.56006546704e-11,nan,nan,1.4536676761e-14,nan,nan
14648,6.03453874687e-15,0,3.50733618851e-11,nan,nan,1.49205340707e-14,nan,nan
14652,6.02447381381e-15,0,3.45776292744e-11,nan,nan,1.42231969314e-14,nan,nan
14656,6.01800944788e-15,0,3.40533433989e-11,nan,nan,1.55282246775e-14,nan,nan
14660,6.01516727622e-15,0,3.35791574309e-11,nan,nan,1.53266512672e-14,nan,nan
14664,6.00583084726e-15,0,3.30728160985e-11,nan,nan,1.48164033026e-14,nan,nan
14668,6.00090387396e-15,0,3.26037977211e-11,nan,nan,1.62439302552e-14,nan,nan
14672,5.99584444926e-15,0,3.21287552695e-11,nan,nan,1.52837380471e-14,nan,nan
14676,5.98834691588e-15,0,3.16538979714e-11,nan,nan,1.55034401913e-14,nan,nan
14680,5.98299480235e-15,0,3.12158269169e-11,nan,nan,1.64662081016e-14,nan,nan
14684,5.97726108009e-15,0,3.07352942777e-11,nan,nan,1.52727124976e-14,nan,nan
14688,5.97022433512e-15,0,3.03285478537e-11,nan,nan,1.62136081484e-14,nan,nan
14692,5.96494687472e-15,0,2.98529756972e-11,nan,nan,1.63250453777e-14,nan,nan
14696,5.95923323275e-15,0,2.94612116814e-11,nan,nan,1.57051331016e-14,nan,nan
14700,5.95219189652e-15,0,2.9007057466e-11,nan,nan,1.67169527144e-14,nan,nan
14704,5.94703960721e-15,0,2.86106190914e-11,nan,nan,1.63697048102e-14,nan,nan
14708,5.94049326579e-15,0,2.8194292115e-11,nan,nan,1.65721165232e-14,nan,nan
14712,5.9338484221e-15,0,2.77796225098e-11,nan,nan,1.70960683076e-14,nan,nan
14716,5.93029608058e-15,0,2.74097417072e-11,nan,nan,1.71048044879e-14,nan,nan
14720,5.9217543733e-15,0,2.69747751572e-11,nan,nan,1.76125653297e-14,nan,nan
14724,5.91641850411e-15,0,2.6646165679e-11,nan,nan,1.78460229209e-14,nan,nan
14728,5.91172079405e-15,0,2.62018100232e-11,nan,nan,1.85477523658e-14,nan,nan
14732,5.90460396731e-15,0,2.58965024185e-11,nan,nan,1.8795981389e-14,nan,nan
14736,5.89909597787e-15,0,2.54641283749e-11,nan,nan,1.93981223283e-14,nan,nan
14740,5.89338159345e-15,0,2.5157687946e-11,nan,nan,2.03864951575e-14,nan,nan
14744,5.88584946622e-15,0,2.47610633899e-11,nan,nan,2.04264557474e-14,nan,nan
14748,5.88133535199e-15,0,2.44308763133e-11,nan,nan,2.17155460923e-14,nan,nan
14752,5.87419124163e-15,0,2.40865545524e-11,nan,nan,2.24398038879e-14,nan,nan
14756,5.87170613489e-15,0,2.37210675124e-11,nan,nan,2.27737290761e-14,nan,nan
14760,5.86145133027e-15,0,2.3432305641e-11,nan,nan,2.44369168576e-14,nan,nan
14764,5.85670956941e-15,0,2.30367643626e-11,nan,nan,2.48200426277e-14,nan,nan
14768,5.85401277533e-15,0,2.27910543482e-11,nan,nan,2.57537202278e-14,nan,nan
14772,5.84404125393e-15,0,2.23853329246e-11,nan,nan,2.72914544279e-14,nan,nan
14776,5.84125657811e-15,0,2.21567780012e-11,nan,nan,2.76772106307e-14,nan,nan
14780,5.83297058929e-15,0,2.17682045005e-11,nan,nan,2.90215676211e-14,nan,nan
14784,5.82859011434e-15,0,2.15268624131e-11,nan,nan,3.03027605559e-14,nan,nan
14788,5.82272787722e-15,0,2.11817257169e-11,nan,nan,3.08934821371e-14,nan,nan
14792,5.81436819494e-15,0,2.09051340413e-11,nan,nan,3.23402356693e-14,nan,nan
14796,5.81187745771e-15,0,2.06191432533e-11,nan,nan,3.35385615639e-14,nan,nan
14800,5.80446705375e-15,0,2.02997084169e-11,nan,nan,3.41776343529e-14,nan,nan
14804,5.79982079964e-15,0,2.00711902503e-11,nan,nan,3.57392115031e-14,nan,nan
14808,5.79309059686e-15,0,1.97187678677e-11,nan,nan,3.68102992316e-14,nan,nan
14812,5.78676311635e-15,0,1.95294073089e-11,nan,nan,3.7415353842e-14,nan,nan
14816,5.78188687065e-15,0,1.91685164456e-11,nan,nan,3.92232418758e-14,nan,nan
14820,5.77588497863e-15,0,1.89898528713e-11,nan,nan,3.98378390201e-14,nan,nan
14824,5.77049643832e-15,0,1.86503825002e-11,nan,nan,4.07217404195e-14,nan,nan
14828,5.76229147325e-15,0,1.84528992038e-11,nan,nan,4.25154428125e-14,nan,nan
14832,5.76044802775e-15,0,1.81590106702e-11,nan,nan,4.26107594812e-14,nan,nan
14836,5.75200295324e-15,0,1.79228607726e-11,nan,nan,4.40988531873e-14,nan,nan
14840,5.74746182369e-15,0,1.76855755265e-11,nan,nan,4.52846557518e-14,nan,nan
14844,5.74020622351e-15,0,1.7408189373e-11,nan,nan,4.53653635551e-14,nan,nan
14848,5.73601608755e-15,0,1.72218715223e-11,nan,nan,4.72156757741e-14,nan,nan
14852,5.73075384946e-15,0,1.69174631658e-11,nan,nan,4.75369797759e-14,nan,nan
14856,5.72204346448e-15,0,1.67611969767e-11,nan,nan,4.81744444117e-14,nan,nan
14860,5.72038504053e-15,0,1.64544336549e-11,nan,nan,4.96843758458e-14,nan,nan
14864,5.71097193937e-15,0,1.63003162234e-11,nan,nan,4.95678073653e-14,nan,nan
14868,5.70830475468e-15,0,1.6017841682e-11,nan,nan,5.07361071393e-14,nan,nan
14872,5.70088344534e-15,0,1.58419030007e-11,nan,nan,5.14672174693e-14,nan,nan
14876,5.69556761394e-15,0,1.56025251824e-11,nan,nan,5.15198835685e-14,nan,nan
14880,5.69049859014e-15,0,1.53924528237e-11,nan,nan,5.26792218331e-14,nan,nan
14884,5.68270288908e-15,0,1.51999915075e-11,nan,nan,5.28078669522e-14,nan,nan
14888,5.67949916532e-15,0,1.49588441164e-11,nan,nan,5.32008989309e-14,nan,nan
14892,5.67293699459e-15,0,1.48021663112e-11,nan,nan,5.39109702758e-14,nan,nan
14896,5.66754396808e-15,0,1.45470034644e-11,nan,nan,5.38632764934e-14,nan,nan
14900,5.66153028837e-15,0,1.44053239016e-11,nan,nan,5.433184597e-14,nan,nan
14904,5.65550596422e-15,0,1.41592633506e-11,nan,nan,5.45731784869e-14,nan,nan
14908,5.65121091205e-15,0,1.40096786322e-11,nan,nan,5.45488364271e-14,nan,nan
14912,5.64407162573e-15,0,1.37919045662e-11,nan,nan,5.48123534722e-14,nan,nan
14916,5.6393084936e-15,0,1.36186119165e-11,nan,nan,5.47812141528e-14,nan,nan
14920,5.6350916581e-15,0,1.3437852712e-11,nan,nan,5.46969766021e-14,nan,nan
14924,5.62725254913e-15,0,1.32388477287e-11,nan,nan,5.47120085357e-14,nan,nan
14928,5.622641045e-15,0,1.30904997379e-11,nan,nan,5.44882650033e-14,nan,nan
14932,5.61570860083e-15,0,1.28770354538e-11,nan,nan,5.4272012642e-14,nan,nan
14936,5.61230001579e-15,0,1.27446711059e-11,nan,nan,5.40616306949e-14,nan,nan
14940,5.60488937351e-15,0,1.25355696337e-11,nan,nan,5.36359775751e-14,nan,nan
14944,5.60074725728e-15,0,1.23984770039e-11,nan,nan,5.3304392992e-14,nan,nan
14948,5.59450539277e-15,0,1.22126938959e-11,nan,nan,5.28144491204e-14,nan,nan
14952,5.58965674022e-15,0,1.20552872778e-11,nan,nan,5.22721360805e-14,nan,nan
14956,5.58214872858e-15,0,1.19035479887e-11,nan,nan,5.17383196319e-14,nan,nan
14960,5.5790450396e-15,0,1.17213262856e-11,nan,nan,5.10146178737e-14,nan,nan
14964,5.57316932886e-15,0,1.16006647725e-11,nan,nan,5.03817016185e-14,nan,nan
14968,5.56685004731e-15,0,1.14023002572e-11,nan,nan,4.95616008782e-14,nan,nan
14972,5.56194224992e-15,0,1.12976248379e-11,nan,nan,4.87348546838e-14,nan,nan
14976,5.55476956957e-15,0,1.11024008179e-11,nan,nan,4.78842657355e-14,nan,nan
14980,5.55152285653e-15,0,1.09927282129e-11,nan,nan,4.68816319975e-14,nan,nan
14984,5.54343726675e-15,0,1.08220881601e-11,nan,nan,4.59131948844e-14,nan,nan
14988,5.54110238696e-15,0,1.06882070692e-11,nan,nan,4.48452362328e-14,nan,nan
14992,5.53335950511e-15,0,1.05560583568e-11,nan,nan,4.37249192009e-14,nan,nan
14996,5.52965979801e-15,0,1.03889649114e-11,nan,nan,4.25212370946e-14,nan,nan
15000,5.52233554832e-15,0,1.02961931399e-11,nan,nan,4.13839686513e-14,nan,nan
15004,5.51852454876e-15,0,1.0102347092e-11,nan,nan,4.00036484068e-14,nan,nan
15008,5.51065126831e-15,0,1.0035653546e-11,nan,nan,3.87105487966e-14,nan,nan
15012,5.50833392904e-15,0,9.83475038506e-12,nan,nan,3.74540857585e-14,nan,nan
15016,5.50196149378e-15,0,9.77013298745e-12,nan,nan,3.57646532536e-14,nan,nan
15020,5.49501652457e-15,0,9.58768202464e-12,nan,nan,3.46008735322e-14,nan,nan
15024,5.49087706255e-15,0,9.49958008387e-12,nan,nan,3.29410661135e-14,nan,nan
15028,5.48476747485e-15,0,9.35795733298e-12,nan,nan,3.12473710976e-14,nan,nan
15032,5.48021104895e-15,0,9.2295405428e-12,nan,nan,3.00839672274e-14,nan,nan
15036,5.4751408995e-15,0,9.13881796617e-12,nan,nan,2.79428742478e-14,nan,nan
15040,5.46989839935e-15,0,8.9681448699e-12,nan,nan,2.66009271797e-14,nan,nan
15044,5.46239805528e-15,0,8.92083676087e-12,nan,nan,2.49937325811e-14,nan,nan
15048,5.45866481431e-15,0,8.72244442881e-12,nan,nan,2.27847291598e-14,nan,nan
15052,5.45166911421e-15,0,8.69615941197e-12,nan,nan,2.16756163254e-14,nan,nan
15056,5.4480197333e-15,0,8.49733875335e-12,nan,nan,1.94494154087e-14,nan,nan
15060,5.44339787192e-15,0,8.46269351659e-12,nan,nan,1.76554436431e-14,nan,nan
15064,5.4355311574e-15,0,8.29342278525e-12,nan,nan,1.62723395423e-14,nan,nan
15068,5.43271359739e-15,0,8.22352256146e-12,nan,nan,1.38141666424e-14,nan,nan
15072,5.42561458191e-15,0,8.10494081889e-12,nan,nan,1.24117821636e-14,nan,nan
15076,5.42203512342e-15,0,7.98527679923e-12,nan,nan,1.05065264712e-14,nan,nan
15080,5.41540886302e-15,0,7.92255304316e-12,nan,nan,8.28462183898e-15,nan,nan
15084,5.41025195117e-15,0,7.75717884086e-12,nan,nan,6.89365263123e-15,nan,nan
15088,5.40397244734e-15,0,7.73746491025e-12,nan,nan,4.69802504736e-15,nan,nan
15092,5.3998094145e-15,0,7.54727260826e-12,nan,nan,2.77614184532e-15,nan,nan
15096,5.39704363588e-15,0,7.54329791231e-12,nan,nan,1.24067322968e-15,nan,nan
15100,5.38690296391e-15,0,7.35844295658e-12,nan,nan,1.02669494728e-15,nan,nan
15104,5.3844921407e-15,0,7.33853476883e-12,nan,nan,2.8290578303e-15,nan,nan
15108,5.37821472735e-15,0,7.18852390271e-12,nan,nan,4.46679884145e-15,nan,nan
15112,5.37316725901e-15,0,7.12824175254e-12,nan,nan,6.61586661168e-15,nan,nan
15116,5.3690539862e-15,0,7.03122496674e-12,nan,nan,8.32174531699e-15,nan,nan
15120,5.36210127322e-15,0,6.92105827548e-12,nan,nan,9.97629304358e-15,nan,nan
15124,5.3575336759e-15,0,6.87683484175e-12,nan,nan,1.21353277919e-14,nan,nan
15128,5.35349945749e-15,0,6.72524123957e-12,nan,nan,1.35905249698e-14,nan,nan
15132,5.34661987959e-15,0,6.71635994552e-12,nan,nan,1.53723890756e-14,nan,nan
15136,5.3413508254e-15,0,6.54718288234e-12,nan,nan,1.74139139991e-14,nan,nan
15140,5.3380614066e-15,0,6.5459326199e-12,nan,nan,1.86156479626e-14,nan,nan
15144,5.33067552972e-15,0,6.38908564424e-12,nan,nan,2.06046754294e-14,nan,nan
15148,5.32717345684e-15,0,6.36685247701e-12,nan,nan,2.22919163867e-14,nan,nan
15152,5.32030044993e-15,0,6.24678717361e-12,nan,nan,2.34441176788e-14,nan,nan
15156,5.31573271173e-15,0,6.18441844681e-12,nan,nan,2.55266409837e-14,nan,nan
15160,5.3117567288e-15,0,6.11216899277e-12,nan,nan,2.67417734517e-14,nan,nan
15164,5.30506659998e-15,0,6.00713593319e-12,nan,nan,2.8060438249e-14,nan,nan
15168,5.30098459545e-15,0,5.9769478617e-12,nan,nan,2.99746013902e-14,nan,nan
15172,5.29578251451e-15,0,5.84300295212e-12,nan,nan,3.08183714821e-14,nan,nan
15176,5.28891354733e-15,0,5.83446475551e-12,nan,nan,3.23719054406e-14,nan,nan
15180,5.28534954581e-15,0,5.69557317043e-12,nan,nan,3.38532186958e-14,nan,nan
15184,5.28162338257e-15,0,5.6822846119e-12,nan,nan,3.45832271825e-14,nan,nan
15188,5.27326470018e-15,0,5.56394017823e-12,nan,nan,3.62165294547e-14,nan,nan
15192,5.27005252593e-15,0,5.52418602165e-12,nan,nan,3.7185631786e-14,nan,nan
15196,5.26369378603e-15,0,5.44342274217e-12,nan,nan,3.8027065259e-14,nan,nan
15200,5.25960620223e-15,0,5.36745283445e-12,nan,nan,3.94462578964e-14,nan,nan
15204,5.25655329329e-15,0,5.32588135581e-12,nan,nan,4.00804100921e-14,nan,nan
15208,5.24679054537e-15,0,5.21910753374e-12,nan,nan,4.10120874873e-14,nan,nan
15212,5.24539889192e-15,0,5.20342988613e-12,nan,nan,4.20593034657e-14,nan,nan
15216,5.23933456522e-15,0,5.0845978022e-12,nan,nan,4.25758193676e-14,nan,nan
15220,5.23288551187e-15,0,5.07264315698e-12,nan,nan,4.33960471847e-14,nan,nan
15224,5.22800830764e-15,0,4.96572045143e-12,nan,nan,4.41631135097e-14,nan,nan
15228,5.22513293349e-15,0,4.93472666748e-12,nan,nan,4.45676141926e-14,nan,nan
15232,5.21982546888e-15,0,4.85867215823e-12,nan,nan,4.51823216381e-14,nan,nan
15236,5.21087301837e-15,0,4.7945533388e-12,nan,nan,4.58029018553e-14,nan,nan
15240,5.21110140103e-15,0,4.75633094343e-12,nan,nan,4.59427671901e-14,nan,nan
15244,5.20222314874e-15,0,4.65988890421e-12,nan,nan,4.64805861283e-14,nan,nan
15248,5.19998827568e-15,0,4.65164200503e-12,nan,nan,4.68863464152e-14,nan,nan
15252,5.19276818292e-15,0,4.53771877674e-12,nan,nan,4.67284443004e-14,nan,nan
15256,5.18910574159e-15,0,4.53906374761e-12,nan,nan,4.7350728512e-14,nan,nan
15260,5.18333023696e-15,0,4.43051150142e-12,nan,nan,4.72877314284e-14,nan,nan
15264,5.17804209671e-15,0,4.41701734859e-12,nan,nan,4.70849800934e-14,nan,nan
15268,5.17414177942e-15,0,4.33648193095e-12,nan,nan,4.7689699936e-14,nan,nan
15272,5.16934149907e-15,0,4.28985299623e-12,nan,nan,4.7038237495e-14,nan,nan
15276,5.1620035867e-15,0,4.25049382101e-12,nan,nan,4.71298033738e-14,nan,nan
15280,5.15921663746e-15,0,4.16519445256e-12,nan,nan,4.73215499213e-14,nan,nan
15284,5.15306729156e-15,0,4.16443681044e-12,nan,nan,4.63572564829e-14,nan,nan
15288,5.14886758176e-15,0,4.05010585032e-12,nan,nan,4.67790227394e-14,nan,nan
15292,5.14385288702e-15,0,4.07071223191e-12,nan,nan,4.6225998075e-14,nan,nan
15296,5.13977089768e-15,0,3.94966055267e-12,nan,nan,4.54547249361e-14,nan,nan
15300,5.13265750641e-15,0,3.9662620718e-12,nan,nan,4.5824945199e-14,nan,nan
15304,5.12848817522e-15,0,3.86497461668e-12,nan,nan,4.46125262463e-14,nan,nan
15308,5.1249098136e-15,0,3.85282898933e-12,nan,nan,4.43448407404e-14,nan,nan
15312,5.11774469002e-15,0,3.79158021984e-12,nan,nan,4.41531070434e-14,nan,nan
15316,5.11499433876e-15,0,3.73613335655e-12,nan,nan,4.27710027771e-14,nan,nan
15320,5.10886055743e-15,0,3.7218775979e-12,nan,nan,4.28533023381e-14,nan,nan
15324,5.10485654659e-15,0,3.62491062148e-12,nan,nan,4.1879588536e-14,nan,nan
15328,5.09854863338e-15,0,3.64834630517e-12,nan,nan,4.08665377899e-14,nan,nan
15332,5.09493082931e-15,0,3.52691750831e-12,nan,nan,4.07795722675e-14,nan,nan
15336,5.08869690281e-15,0,3.56482344199e-12,nan,nan,3.93155323353e-14,nan,nan
15340,5.08582137155e-15,0,3.4449814128e-12,nan,nan,3.88219549786e-14,nan,nan
15344,5.07939862422e-15,0,3.46902721853e-12,nan,nan,3.81198259971e-14,nan,nan
15348,5.07426318069e-15,0,3.37729690263e-12,nan,nan,3.67514925788e-14,nan,nan
15352,5.07149128548e-15,0,3.36489059506e-12,nan,nan,3.64163918225e-14,nan,nan
15356,5.06300786868e-15,0,3.318584682e-12,nan,nan,3.51430428531e-14,nan,nan
15360,5.06188363001e-15,0,3.26033565766e-12,nan,nan,3.4236860414e-14,nan,nan
15364,5.05374368774e-15,0,3.26067271958e-12,nan,nan,3.3550956047e-14,nan,nan
15368,5.05234335926e-15,0,3.1634636782e-12,nan,nan,3.22046196101e-14,nan,nan
15372,5.04489855973e-15,0,3.19573209459e-12,nan,nan,3.15899857394e-14,nan,nan
15376,5.0413956215e-15,0,3.08058499392e-12,nan,nan,3.043205218e-14,nan,nan
15380,5.03628421942e-15,0,3.11984325982e-12,nan,nan,2.94581102802e-14,nan,nan
15384,5.03090444748e-15,0,3.01377835985e-12,nan,nan,2.86692921948e-14,nan,nan
15388,5.02634337765e-15,0,3.03332019553e-12,nan,nan,2.74389883532e-14,nan,nan
15392,5.02210042473e-15,0,2.95918555299e-12,nan,nan,2.67738368788e-14,nan,nan
15396,5.01603059569e-15,0,2.94049253902e-12,nan,nan,2.56489488356e-14,nan,nan
15400,5.01349372478e-15,0,2.90964930813e-12,nan,nan,2.47746063745e-14,nan,nan
15404,5.00625481937e-15,0,2.84941513885e-12,nan,nan,2.40227606801e-14,nan,nan
15408,5.00233128928e-15,0,2.85805468938e-12,nan,nan,2.29092290742e-14,nan,nan
15412,4.99844363574e-15,0,2.76816130978e-12,nan,nan,2.23424679796e-14,nan,nan
15416,4.9921649636e-15,0,2.79841811453e-12,nan,nan,2.13915211583e-14,nan,nan
15420,4.99047016238e-15,0,2.70063022988e-12,nan,nan,2.06391193338e-14,nan,nan
15424,4.98203657083e-15,0,2.72798234106e-12,nan,nan,2.00620086049e-14,nan,nan
15428,4.97753401753e-15,0,2.64627129117e-12,nan,nan,1.92321029924e-14,nan,nan
15432,4.97530182047e-15,0,2.64933959179e-12,nan,nan,1.87449947933e-14,nan,nan
15436,4.9699699306e-15,0,2.6008756262e-12,nan,nan,1.81433851266e-14,nan,nan
15440,4.96184418426e-15,0,2.56866081264e-12,nan,nan,1.76499641713e-14,nan,nan
15444,4.96189474951e-15,0,2.55717268638e-12,nan,nan,1.71843161629e-14,nan,nan
15448,4.95410159925e-15,0,2.49265616791e-12,nan,nan,1.68539231078e-14,nan,nan
15452,4.95029972079e-15,0,2.50811274367e-12,nan,nan,1.64843487937e-14,nan,nan
15456,4.94545983244e-15,0,2.42708316761e-12,nan,nan,1.61460706145e-14,nan,nan
15460,4.94041548093e-15,0,2.45025592752e-12,nan,nan,1.61298761273e-14,nan,nan
15464,4.93775840455e-15,0,2.37434878156e-12,nan,nan,1.56607715943e-14,nan,nan
15468,4.93173156001e-15,0,2.38385221832e-12,nan,nan,1.57546659651e-14,nan,nan
15472,4.92580862859e-15,0,2.33158860714e-12,nan,nan,1.56581296958e-14,nan,nan
15476,4.92218506276e-15,0,2.31248560665e-12,nan,nan,1.53118209056e-14,nan,nan
15480,4.91682008853e-15,0,2.29287933464e-12,nan,nan,1.57500144385e-14,nan,nan
15484,4.91265338069e-15,0,2.2428862608e-12,nan,nan,1.52973081639e-14,nan,nan
15488,4.909529187e-15,0,2.25222056477e-12,nan,nan,1.54599708239e-14,nan,nan
15492,4.90331699031e-15,0,2.18166084001e-12,nan,nan,1.56933176976e-14,nan,nan
15496,4.89929793743e-15,0,2.20448738815e-12,nan,nan,1.51752730552e-14,nan,nan
15500,4.89265851852e-15,0,2.13164960519e-12,nan,nan,1.57655839505e-14,nan,nan
15504,4.89049139916e-15,0,2.14743665793e-12,nan,nan,1.54239267991e-14,nan,nan
15508,4.88439603689e-15,0,2.09192193428e-12,nan,nan,1.53417123656e-14,nan,nan
15512,4.88030604702e-15,0,2.0837509527e-12,nan,nan,1.57717900535e-14,nan,nan
15516,4.87643863578e-15,0,2.0586458905e-12,nan,nan,1.511795699e-14,nan,nan
15520,4.87010161097e-15,0,2.01932959269e-12,nan,nan,1.551128715e-14,nan,nan
15524,4.86726363751e-15,0,2.02551735407e-12,nan,nan,1.53351617733e-14,nan,nan
15528,4.86107460837e-15,0,1.96030031543e-12,nan,nan,1.49078828705e-14,nan,nan
15532,4.85734704165e-15,0,1.98658384949e-12,nan,nan,1.52913158685e-14,nan,nan
15536,4.853699033e-15,0,1.91154878354e-12,nan,nan,1.46539688291e-14,nan,nan
15540,4.84705290911e-15,0,1.93913899053e-12,nan,nan,1.46279786872e-14,nan,nan
15544,4.84376988015e-15,0,1.87453192261e-12,nan,nan,1.45561413076e-14,nan,nan
15548,4.83882604979e-15,0,1.88370405229e-12,nan,nan,1.39213092672e-14,nan,nan
15552,4.83478543742e-15,0,1.84575862476e-12,nan,nan,1.39914597957e-14,nan,nan
15556,4.82890511827e-15,0,1.82385366343e-12,nan,nan,1.34952115927e-14,nan,nan
15560,4.82547987326e-15,0,1.8192807e-12,nan,nan,1.30907536095e-14,nan,nan
15564,4.82033202998e-15,0,1.7662108965e-12,nan,nan,1.29061271153e-14,nan,nan
15568,4.81570749462e-15,0,1.78964435832e-12,nan,nan,1.23387134528e-14,nan,nan
15572,4.81345299502e-15,0,1.7172843499e-12,nan,nan,1.19907008486e-14,nan,nan
15576,4.8056540098e-15,0,1.75249793397e-12,nan,nan,1.15752557924e-14,nan,nan
15580,4.80268190413e-15,0,1.67970800504e-12,nan,nan,1.11264491714e-14,nan,nan
15584,4.79869840352e-15,0,1.70605698205e-12,nan,nan,1.06117602122e-14,nan,nan
15588,4.79330067439e-15,0,1.65216928334e-12,nan,nan,1.02907746033e-14,nan,nan
15592,4.78846452939e-15,0,1.65293145695e-12,nan,nan,9.79007423027e-15,nan,nan
15596,4.78462644037e-15,0,1.63046265154e-12,nan,nan,9.27012617528e-15,nan,nan
15600,4.77932100499e-15,0,1.59869514761e-12,nan,nan,9.17279441359e-15,nan,nan
15604,4.77631003326e-15,0,1.60827165052e-12,nan,nan,8.49732086379e-15,nan,nan
15608,4.7702502457e-15,0,1.54929402601e-12,nan,nan,8.39424542828e-15,nan,nan
15612,4.76694510388e-15,0,1.5800420324e-12,nan,nan,8.28225895783e-15,nan,nan
15616,4.76346264184e-15,0,1.50966245295e-12,nan,nan,7.80420749291e-15,nan,nan
15620,4.75510816786e-15,0,1.54350842256e-12,nan,nan,8.17036892699e-15,nan,nan
15624,4.75354430902e-15,0,1.4813830737e-12,nan,nan,7.98486110596e-15,nan,nan
15628,4.75013629828e-15,0,1.49923885071e-12,nan,nan,8.15266871172e-15,nan,nan
15632,4.74388207847e-15,0,1.46104506989e-12,nan,nan,8.60920726847e-15,nan,nan
15636,4.73734185381e-15,0,1.45036285148e-12,nan,nan,8.73431960391e-15,nan,nan
15640,4.73672391093e-15,0,1.44281258672e-12,nan,nan,9.35929356769e-15,nan,nan
15644,4.73010678847e-15,0,1.40286399018e-12,nan,nan,9.78198426763e-15,nan,nan
15648,4.72670304581e-15,0,1.42154441824e-12,nan,nan,1.04079563258e-14,nan,nan
15652,4.72199572179e-15,0,1.36283014608e-12,nan,nan,1.10332308411e-14,nan,nan
15656,4.71848982447e-15,0,1.39341604016e-12,nan,nan,1.16618874294e-14,nan,nan
15660,4.71237284586e-15,0,1.33288753885e-12,nan,nan,1.2496827162e-14,nan,nan
15664,4.70944526397e-15,0,1.35705753614e-12,nan,nan,1.30235776042e-14,nan,nan
15668,4.70340339116e-15,0,1.31195287051e-12,nan,nan,1.39717366349e-14,nan,nan
15672,4.70012804398e-15,0,1.31491058268e-12,nan,nan,1.46330837919e-14,nan,nan
15676,4.69540751308e-15,0,1.29609913877e-12,nan,nan,1.53105184182e-14,nan,nan
15680,4.68945384233e-15,0,1.27179548963e-12,nan,nan,1.63155243365e-14,nan,nan
15684,4.68896282224e-15,0,1.27941522635e-12,nan,nan,1.67710974163e-14,nan,nan
15688,4.68185158292e-15,0,1.23275617765e-12,nan,nan,1.77356608643e-14,nan,nan
15692,4.67690255308e-15,0,1.25698401738e-12,nan,nan,1.84333822364e-14,nan,nan
15696,4.6738821482e-15,0,1.20207664446e-12,nan,nan,1.90029542216e-14,nan,nan
15700,4.67036989121e-15,0,1.22726732486e-12,nan,nan,1.99673408174e-14,nan,nan
15704,4.66483753627e-15,0,1.18110293288e-12,nan,nan,2.03866672334e-14,nan,nan
15708,4.66038889061e-15,0,1.19131211793e-12,nan,nan,2.12115189235e-14,nan,nan
15712,4.6559666111e-15,0,1.16656418461e-12,nan,nan,2.18172360282e-14,nan,nan
15716,4.65159892842e-15,0,1.15212510466e-12,nan,nan,2.23198513843e-14,nan,nan
15720,4.64708395036e-15,0,1.15296908387e-12,nan,nan,2.30902351496e-14,nan,nan
15724,4.64268073657e-15,0,1.11492818676e-12,nan,nan,2.34154392888e-14,nan,nan
15728,4.63990716417e-15,0,1.13568279357e-12,nan,nan,2.41167428572e-14,nan,nan
15732,4.634270905e-15,0,1.08481451915e-12,nan,nan,2.45167548665e-14,nan,nan
15736,4.62874041312e-15,0,1.11164077834e-12,nan,nan,2.49084058566e-14,nan,nan
15740,4.62801783652e-15,0,1.06364829347e-12,nan,nan,2.551707214e-14,nan,nan
15744,4.62129440019e-15,0,1.08033365481e-12,nan,nan,2.56411477209e-14,nan,nan
15748,4.61671931535e-15,0,1.04997282501e-12,nan,nan,2.61964024131e-14,nan,nan
15752,4.61348113248e-15,0,1.0447317559e-12,nan,nan,2.64484516511e-14,nan,nan
15756,4.60799901078e-15,0,1.0398072271e-12,nan,nan,2.65954870081e-14,nan,nan
15760,4.60524974266e-15,0,1.00955950723e-12,nan,nan,2.70865064875e-14,nan,nan
15764,4.59967000168e-15,0,1.02745391158e-12,nan,nan,2.70440848549e-14,nan,nan
15768,4.59582252787e-15,0,9.79219323119e-13,nan,nan,2.73263072155e-14,nan,nan
15772,4.59141445457e-15,0,1.00846651749e-12,nan,nan,2.75301844465e-14,nan,nan
15776,4.58703299056e-15,0,9.57126223487e-13,nan,nan,2.74319880556e-14,nan,nan
15780,4.58383665725e-15,0,9.82027354595e-13,nan,nan,2.77062022096e-14,nan,nan
15784,4.57845395498e-15,0,9.43914803625e-13,nan,nan,2.7635551712e-14,nan,nan
15788,4.57457279015e-15,0,9.5003143864e-13,nan,nan,2.76117235321e-14,nan,nan
15792,4.56998023037e-15,0,9.35989032826e-13,nan,nan,2.76991135553e-14,nan,nan
15796,4.56759210668e-15,0,9.1607700886e-13,nan,nan,2.75375271292e-14,nan,nan
15800,4.56013748821e-15,0,9.27824351887e-13,nan,nan,2.75049715728e-14,nan,nan
15804,4.55837462343e-15,0,8.85349898964e-13,nan,nan,2.74038277854e-14,nan,nan
15808,4.55403578251e-15,0,9.14866831913e-13,nan,nan,2.72739751109e-14,nan,nan
15812,4.54873821298e-15,0,8.62359147664e-13,nan,nan,2.7089589062e-14,nan,nan
15816,4.54563028102e-15,0,8.94326403477e-13,nan,nan,2.69699164587e-14,nan,nan
15820,4.53981467832e-15,0,8.48210467685e-13,nan,nan,2.67905112866e-14,nan,nan
15824,4.5359821157e-15,0,8.66247318557e-13,nan,nan,2.647529511e-14,nan,nan
15828,4.53333741264e-15,0,8.40883653371e-13,nan,nan,2.64611884585e-14,nan,nan
15832,4.52784808772e-15,0,8.34292568792e-13,nan,nan,2.60667188258e-14,nan,nan
15836,4.52474966795e-15,0,8.36205881649e-13,nan,nan,2.58449321532e-14,nan,nan
15840,4.51963654291e-15,0,8.03702851437e-13,nan,nan,2.58166978311e-14,nan,nan
15844,4.51591563925e-15,0,8.28572326171e-13,nan,nan,2.52342522971e-14,nan,nan
15848,4.51060398993e-15,0,7.78910783916e-13,nan,nan,2.52847357959e-14,nan,nan
15852,4.50769806794e-15,0,8.13672634841e-13,nan,nan,2.4992439073e-14,nan,nan
15856,4.50368182488e-15,0,7.62822850727e-13,nan,nan,2.45237131481e-14,nan,nan
15860,4.49895784393e-15,0,7.90821719396e-13,nan,nan,2.47069351504e-14,nan,nan
15864,4.49465915598e-15,0,7.553629037e-13,nan,nan,2.41336077695e-14,nan,nan
15868,4.49045650119e-15,0,7.62231247867e-13,nan,nan,2.40362944898e-14,nan,nan
15872,4.48716477711e-15,0,7.52464408555e-13,nan,nan,2.40328628009e-14,nan,nan
15876,4.4826207045e-15,0,7.31981789487e-13,nan,nan,2.34964611922e-14,nan,nan
15880,4.47791341875e-15,0,7.48563841942e-13,nan,nan,2.36593571505e-14,nan,nan
15884,4.47495136323e-15,0,7.05624614085e-13,nan,nan,2.33937704731e-14,nan,nan
15888,4.4691138754e-15,0,7.39302614192e-13,nan,nan,2.31753062245e-14,nan,nan
15892,4.46662794957e-15,0,6.87630002049e-13,nan,nan,2.32877567854e-14,nan,nan
15896,4.46125108246e-15,0,7.22094278847e-13,nan,nan,2.3019833807e-14,nan,nan
15900,4.45810085071e-15,0,6.78651691544e-13,nan,nan,2.30408471454e-14,nan,nan
15904,4.45423017597e-15,0,6.97174031886e-13,nan,nan,2.30145377209e-14,nan,nan
15908,4.44945470897e-15,0,6.76077437353e-13,nan,nan,2.29666713076e-14,nan,nan
15912,4.44654992049e-15,0,6.68454109016e-13,nan,nan,2.29748338691e-14,nan,nan
15916,4.43954910612e-15,0,6.75388302242e-13,nan,nan,2.30073857557e-14,nan,nan
15920,4.43851323795e-15,0,6.41519044454e-13,nan,nan,2.30860844326e-14,nan,nan
15924,4.43163081999e-15,0,6.71041947232e-13,nan,nan,2.30331122905e-14,nan,nan
15928,4.43047362098e-15,0,6.21027697585e-13,nan,nan,2.32672538101e-14,nan,nan
15932,4.42477170161e-15,0,6.58984132865e-13,nan,nan,2.3254071169e-14,nan,nan
15936,4.42168453934e-15,0,6.09720921491e-13,nan,nan,2.33239280216e-14,nan,nan
15940,4.41762505975e-15,0,6.38719953644e-13,nan,nan,2.36258938431e-14,nan,nan
15944,4.41208699501e-15,0,6.0697799436e-13,nan,nan,2.35042767592e-14,nan,nan
15948,4.40848586152e-15,0,6.1265218841e-13,nan,nan,2.38126499633e-14,nan,nan
15952,4.40556394699e-15,0,6.08209207515e-13,nan,nan,2.39512997182e-14,nan,nan
15956,4.40178158511e-15,0,5.85179707741e-13,nan,nan,2.39209944775e-14,nan,nan
15960,4.39571426492e-15,0,6.07674948072e-13,nan,nan,2.43226150228e-14,nan,nan
15964,4.3931965573e-15,0,5.62196634266e-13,nan,nan,2.42648407947e-14,nan,nan
15968,4.3880549744e-15,0,6.01144119051e-13,nan,nan,2.44703330981e-14,nan,nan
15972,4.3858315847e-15,0,5.483110922e-13,nan,nan,2.47113344489e-14,nan,nan
15976,4.38049723521e-15,0,5.86241899126e-13,nan,nan,2.46550671046e-14,nan,nan
15980,4.3776569224e-15,0,5.43886199316e-13,nan,nan,2.49881805122e-14,nan,nan
15984,4.3715628164e-15,0,5.63353885388e-13,nan,nan,2.49840107418e-14,nan,nan
15988,4.36977483173e-15,0,5.4570610234e-13,nan,nan,2.51262302914e-14,nan,nan
15992,4.36462137123e-15,0,5.36563678098e-13,nan,nan,2.53150985405e-14,nan,nan
15996,4.36042822021e-15,0,5.48763323003e-13,nan,nan,2.52530148808e-14,nan,nan
16000,4.3563947081e-15,0,5.11821387449e-13,nan,nan,2.55316048879e-14,nan,nan
16004,4.35327517044e-15,0,5.47441552402e-13,nan,nan,2.54442652447e-14,nan,nan
16008,4.35006008868e-15,0,4.94222033244e-13,nan,nan,2.55706265403e-14,nan,nan
16012,4.34350040779e-15,0,5.37860482992e-13,nan,nan,2.56929936136e-14,nan,nan
16016,4.34177093309e-15,0,4.8663075234e-13,nan,nan,2.55250820491e-14,nan,nan
16020,4.33655873771e-15,0,5.19639179775e-13,nan,nan,2.57973575912e-14,nan,nan
16024,4.33353975947e-15,0,4.88032911628e-13,nan,nan,2.56105816719e-14,nan,nan
16028,4.32880330116e-15,0,4.95215401003e-13,nan,nan,2.56387645233e-14,nan,nan
16032,4.3253147982e-15,0,4.93206949542e-13,nan,nan,2.57481299686e-14,nan,nan
16036,4.32218989091e-15,0,4.69163069247e-13,nan,nan,2.5464879809e-14,nan,nan
16040,4.31722357581e-15,0,4.96032341182e-13,nan,nan,2.56443744193e-14,nan,nan
16044,4.31341106224e-15,0,4.47811847793e-13,nan,nan,2.54446164333e-14,nan,nan
16048,4.30811566266e-15,0,4.92265979128e-13,nan,nan,2.53434506611e-14,nan,nan
16052,4.30586343497e-15,0,4.36268685843e-13,nan,nan,2.53660004771e-14,nan,nan
16056,4.30286938663e-15,0,4.79678651432e-13,nan,nan,2.50847751093e-14,nan,nan
16060,4.29682493305e-15,0,4.35020846198e-13,nan,nan,2.51006558551e-14,nan,nan
16064,4.29409627286e-15,0,4.58700897427e-13,nan,nan,2.48524400146e-14,nan,nan
16068,4.28997601163e-15,0,4.40455217235e-13,nan,nan,2.474758966e-14,nan,nan
16072,4.28614971116e-15,0,4.3335603032e-13,nan,nan,2.45784711802e-14,nan,nan
16076,4.28155315685e-15,0,4.46985420876e-13,nan,nan,2.43091652408e-14,nan,nan
16080,4.2792502909e-15,0,4.09726193023e-13,nan,nan,2.42842827636e-14,nan,nan
16084,4.27420845152e-15,0,4.48674875733e-13,nan,nan,2.3846488137e-14,nan,nan
16088,4.2709370553e-15,0,3.9338855498e-13,nan,nan,2.38101942337e-14,nan,nan
16092,4.26646763974e-15,0,4.41655740644e-13,nan,nan,2.35441696839e-14,nan,nan
16096,4.26205072871e-15,0,3.87712379056e-13,nan,nan,2.31198147285e-14,nan,nan
16100,4.25919966191e-15,0,4.25610209924e-13,nan,nan,2.32039063516e-14,nan,nan
16104,4.25565617217e-15,0,3.91757867428e-13,nan,nan,2.26052460397e-14,nan,nan
16108,4.25129598621e-15,0,4.02935656779e-13,nan,nan,2.24798974247e-14,nan,nan
16112,4.24736757142e-15,0,3.99964694002e-13,nan,nan,2.23371635729e-14,nan,nan
16116,4.24334283765e-15,0,3.78158364807e-13,nan,nan,2.16897662401e-14,nan,nan
16120,4.23920907158e-15,0,4.05834805386e-13,nan,nan,2.17846538925e-14,nan,nan
16124,4.23626395212e-15,0,3.57782914937e-13,nan,nan,2.12784608422e-14,nan,nan
16128,4.23276993995e-15,0,4.0488512106e-13,nan,nan,2.08933777477e-14,nan,nan
16132,4.22790862497e-15,0,3.47376761159e-13,nan,nan,2.08842703378e-14,nan,nan
16136,4.22363517124e-15,0,3.94773166493e-13,nan,nan,2.02362561964e-14,nan,nan
16140,4.22204272362e-15,0,3.47809086292e-13,nan,nan,2.01043596616e-14,nan,nan
16144,4.21617382387e-15,0,3.75843864118e-13,nan,nan,1.98242956035e-14,nan,nan
16148,4.21250517099e-15,0,3.55445897748e-13,nan,nan,1.9315618182e-14,nan,nan
16152,4.2093496538e-15,0,3.51986543329e-13,nan,nan,1.91931801804e-14,nan,nan
16156,4.20646471178e-15,0,3.64452701343e-13,nan,nan,1.87814011107e-14,nan,nan
16160,4.20168511046e-15,0,3.29292290007e-13,nan,nan,1.84423013439e-14,nan,nan
16164,4.19615352876e-15,0,3.68728921773e-13,nan,nan,1.81876626304e-14,nan,nan
16168,4.19516557471e-15,0,3.13695563527e-13,nan,nan,1.78598666322e-14,nan,nan
16172,4.18977299343e-15,0,3.64334898026e-13,nan,nan,1.75118062804e-14,nan,nan
16176,4.18724689749e-15,0,3.09081304391e-13,nan,nan,1.72403381632e-14,nan,nan
16180,4.18268319471e-15,0,3.50754103422e-13,nan,nan,1.70011705551e-14,nan,nan
16184,4.17796225129e-15,0,3.14706783489e-13,nan,nan,1.65569714418e-14,nan,nan
16188,4.17711270591e-15,0,3.30056165962e-13,nan,nan,1.64453793753e-14,nan,nan
16192,4.17021119224e-15,0,3.24843947862e-13,nan,nan,1.61148385348e-14,nan,nan
16196,4.1679208191e-15,0,3.06516091039e-13,nan,nan,1.57284030862e-14,nan,nan
16200,4.16420476674e-15,0,3.32819542055e-13,nan,nan,1.57355865311e-14,nan,nan
16204,4.1600247864e-15,0,2.8669990762e-13,nan,nan,1.52528550369e-14,nan,nan
16208,4.1560938376e-15,0,3.34098407696e-13,nan,nan,1.51058866071e-14,nan,nan
16212,4.15291609585e-15,0,2.76673443926e-13,nan,nan,1.50224359627e-14,nan,nan
16216,4.15018948704e-15,0,3.26325576476e-13,nan,nan,1.45733007056e-14,nan,nan
16220,4.14335215056e-15,0,2.77878543145e-13,nan,nan,1.46026392783e-14,nan,nan
16224,4.14336777804e-15,0,3.0968374381e-13,nan,nan,1.43727175519e-14,nan,nan
16228,4.13601530289e-15,0,2.86833208335e-13,nan,nan,1.41328275718e-14,nan,nan
16232,4.13487825492e-15,0,2.87648163796e-13,nan,nan,1.41325847555e-14,nan,nan
16236,4.13202723827e-15,0,2.97534868465e-13,nan,nan,1.39372811884e-14,nan,nan
16240,4.12556711627e-15,0,2.65973338269e-13,nan,nan,1.38212306772e-14,nan,nan
16244,4.12356783201e-15,0,3.03775748439e-13,nan,nan,1.37716457523e-14,nan,nan
16248,4.11931557853e-15,0,2.50730107859e-13,nan,nan,1.37365145105e-14,nan,nan
16252,4.11514068893e-15,0,3.01598037236e-13,nan,nan,1.35571541731e-14,nan,nan
16256,4.11253547504e-15,0,2.46350547323e-13,nan,nan,1.3652284455e-14,nan,nan
16260,4.10822593027e-15,0,2.90366775484e-13,nan,nan,1.36242685214e-14,nan,nan
16264,4.10435864339e-15,0,2.52550446442e-13,nan,nan,1.34329534055e-14,nan,nan
16268,4.10201585574e-15,0,2.71847444537e-13,nan,nan,1.37498040553e-14,nan,nan
16272,4.09675184156e-15,0,2.63708412606e-13,nan,nan,1.35167385917e-14,nan,nan
16276,4.0929848252e-15,0,2.49898195345e-13,nan,nan,1.35724039023e-14,nan,nan
16280,4.09072088417e-15,0,2.73134440863e-13,nan,nan,1.38760303391e-14,nan,nan
16284,4.08597738445e-15,0,2.30815382599e-13,nan,nan,1.35239838949e-14,nan,nan
16288,4.08268789804e-15,0,2.76291327714e-13,nan,nan,1.39156094454e-14,nan,nan
16292,4.07927605265e-15,0,2.20928905658e-13,nan,nan,1.39336092543e-14,nan,nan
16296,4.07630268874e-15,0,2.70796241991e-13,nan,nan,1.37749275593e-14,nan,nan
16300,4.07168428687e-15,0,2.22260314814e-13,nan,nan,1.42519134578e-14,nan,nan
16304,4.0678490375e-15,0,2.56598325407e-13,nan,nan,1.40312704601e-14,nan,nan
16308,4.06520746792e-15,0,2.31642751784e-13,nan,nan,1.42044768868e-14,nan,nan
16312,4.05953332726e-15,0,2.36674767103e-13,nan,nan,1.44750776271e-14,nan,nan
16316,4.05762815449e-15,0,2.43110272515e-13,nan,nan,1.42909189366e-14,nan,nan
16320,4.05438788425e-15,0,2.16264815109e-13,nan,nan,1.46216416766e-14,nan,nan
16324,4.04956958109e-15,0,2.50499096619e-13,nan,nan,1.46640037928e-14,nan,nan
16328,4.04643545255e-15,0,2.01329841418e-13,nan,nan,1.46674638904e-14,nan,nan
16332,4.04284930941e-15,0,2.49973767824e-13,nan,nan,1.49295997023e-14,nan,nan
16336,4.04041661004e-15,0,1.96736583088e-13,nan,nan,1.4909018288e-14,nan,nan
16340,4.03556994413e-15,0,2.40919370229e-13,nan,nan,1.50264121865e-14,nan,nan
16344,4.03090812451e-15,0,2.02788242043e-13,nan,nan,1.51635354483e-14,nan,nan
16348,4.02923167494e-15,0,2.24839308498e-13,nan,nan,1.51898770145e-14,nan,nan
16352,4.02500897544e-15,0,2.1416962196e-13,nan,nan,1.52960930192e-14,nan,nan
16356,4.02137581386e-15,0,2.0500061583e-13,nan,nan,1.53752480594e-14,nan,nan
16360,4.01692807536e-15,0,2.24295786028e-13,nan,nan,1.54303246132e-14,nan,nan
16364,4.01521819789e-15,0,1.87087470243e-13,nan,nan,1.5478281957e-14,nan,nan
16368,4.01093636021e-15,0,2.28648234601e-13,nan,nan,1.55635438323e-14,nan,nan
16372,4.00709562481e-15,0,1.77335343959e-13,nan,nan,1.55788362614e-14,nan,nan
16376,4.00323176546e-15,0,2.24846916882e-13,nan,nan,1.5603658203e-14,nan,nan
16380,3.99950472786e-15,0,1.78241805479e-13,nan,nan,1.56842602907e-14,nan,nan
16384,3.99720938852e-15,0,2.1280409087e-13,nan,nan,1.56264057124e-14,nan,nan
16388,3.99233354032e-15,0,1.87183867871e-13,nan,nan,1.56868453339e-14,nan,nan
16392,3.99095556408e-15,0,1.95212220185e-13,nan,nan,1.56866858578e-14,nan,nan
16396,3.98573480923e-15,0,1.98594891659e-13,nan,nan,1.56123949762e-14,nan,nan
16400,3.98129349358e-15,0,1.76736970127e-13,nan,nan,1.56868426553e-14,nan,nan
16404,3.97821154439e-15,0,2.06570970144e-13,nan,nan,1.55649022837e-14,nan,nan
16408,3.97662548451e-15,0,1.62816254003e-13,nan,nan,1.55696685617e-14,nan,nan
16412,3.97156608917e-15,0,2.07330911404e-13,nan,nan,1.5533262389e-14,nan,nan
16416,3.96822573699e-15,0,1.58272681816e-13,nan,nan,1.53932530911e-14,nan,nan
16420,3.96406147662e-15,0,2.00118514756e-13,nan,nan,1.54387251197e-14,nan,nan
16424,3.96271968256e-15,0,1.63770602231e-13,nan,nan,1.52347565513e-14,nan,nan
16428,3.95696068456e-15,0,1.86202224466e-13,nan,nan,1.52247851586e-14,nan,nan
16432,3.95412804507e-15,0,1.74443105707e-13,nan,nan,1.51208284501e-14,nan,nan
16436,3.95126345695e-15,0,1.68503831573e-13,nan,nan,1.49153415813e-14,nan,nan
16440,3.94786475424e-15,0,1.84215701354e-13,nan,nan,1.49675552313e-14,nan,nan
16444,3.94297058323e-15,0,1.52215408281e-13,nan,nan,1.46510359115e-14,nan,nan
16448,3.94084131151e-15,0,1.88985093702e-13,nan,nan,1.46393849919e-14,nan,nan
16452,3.93645115167e-15,0,1.43216778413e-13,nan,nan,1.45009159113e-14,nan,nan
16456,3.93370590465e-15,0,1.86494411141e-13,nan,nan,1.42013020828e-14,nan,nan
16460,3.92976092594e-15,0,1.44054475642e-13,nan,nan,1.42843745366e-14,nan,nan
16464,3.92716259631e-15,0,1.76470506506e-13,nan,nan,1.38925287083e-14,nan,nan
16468,3.92196554495e-15,0,1.52387888656e-13,nan,nan,1.38395144178e-14,nan,nan
16472,3.91923071713e-15,0,1.61174067667e-13,nan,nan,1.37252902017e-14,nan,nan
16476,3.91713011373e-15,0,1.63025931592e-13,nan,nan,1.33438595361e-14,nan,nan
16480,3.91307664832e-15,0,1.44743216962e-13,nan,nan,1.34343565288e-14,nan,nan
16484,3.90942745374e-15,0,1.7053998248e-13,nan,nan,1.30517846137e-14,nan,nan
16488,3.90526260657e-15,0,1.32161200412e-13,nan,nan,1.29302404914e-14,nan,nan
16492,3.90265627543e-15,0,1.71595496347e-13,nan,nan,1.28727604774e-14,nan,nan
16496,3.89829657978e-15,0,1.28059828467e-13,nan,nan,1.24747382935e-14,nan,nan
16500,3.89602892881e-15,0,1.65633070334e-13,nan,nan,1.25402434991e-14,nan,nan
16504,3.89213850362e-15,0,1.33219844263e-13,nan,nan,1.22495082116e-14,nan,nan
16508,3.88833123805e-15,0,1.53763672581e-13,nan,nan,1.20848422539e-14,nan,nan
16512,3.88540459227e-15,0,1.43121963978e-13,nan,nan,1.20833459882e-14,nan,nan
16516,3.8821387222e-15,0,1.38431131639e-13,nan,nan,1.17723887025e-14,nan,nan
16520,3.87957627133e-15,0,1.52147284873e-13,nan,nan,1.18022762509e-14,nan,nan
16524,3.87263632557e-15,0,1.24184183593e-13,nan,nan,1.16533088574e-14,nan,nan
16528,3.87427814932e-15,0,1.56569042736e-13,nan,nan,1.15396123761e-14,nan,nan
16532,3.86651154198e-15,0,1.16385385015e-13,nan,nan,1.15600986749e-14,nan,nan
16536,3.86572887696e-15,0,1.54420924568e-13,nan,nan,1.14476499716e-14,nan,nan
16540,3.86138337839e-15,0,1.17399401486e-13,nan,nan,1.14829217943e-14,nan,nan
16544,3.85793284813e-15,0,1.45607839131e-13,nan,nan,1.14578973202e-14,nan,nan
16548,3.85383388048e-15,0,1.25073657592e-13,nan,nan,1.15368709106e-14,nan,nan
16552,3.8532405858e-15,0,1.32289951969e-13,nan,nan,1.15491963453e-14,nan,nan
16556,3.84724179993e-15,0,1.34722779054e-13,nan,nan,1.16643537686e-14,nan,nan
16560,3.84481408042e-15,0,1.18152882974e-13,nan,nan,1.18207187707e-14,nan,nan
16564,3.84195294584e-15,0,1.41479517237e-13,nan,nan,1.18412378505e-14,nan,nan
16568,3.83647146069e-15,0,1.07563660947e-13,nan,nan,1.2181868481e-14,nan,nan
16572,3.8351869464e-15,0,1.42345472424e-13,nan,nan,1.22415365386e-14,nan,nan
16576,3.83105426209e-15,0,1.04593428331e-13,nan,nan,1.24820302907e-14,nan,nan
16580,3.82758366449e-15,0,1.36887868336e-13,nan,nan,1.28546357001e-14,nan,nan
16584,3.82526931028e-15,0,1.09734636567e-13,nan,nan,1.28970907804e-14,nan,nan
16588,3.82172717445e-15,0,1.26266759184e-13,nan,nan,1.34014630893e-14,nan,nan
16592,3.81735127969e-15,0,1.18718350098e-13,nan,nan,1.36106808563e-14,nan,nan
16596,3.81494598634e-15,0,1.12828030449e-13,nan,nan,1.38707255303e-14,nan,nan
16600,3.81084399893e-15,0,1.26601379457e-13,nan,nan,1.44065438756e-14,nan,nan
16604,3.80716718755e-15,0,1.00748628125e-13,nan,nan,1.45380889303e-14,nan,nan
16608,3.80622514878e-15,0,1.30235527349e-13,nan,nan,1.50581711589e-14,nan,nan
16612,3.79972692699e-15,0,9.48146106958e-14,nan,nan,1.54166200071e-14,nan,nan
16616,3.79977265449e-15,0,1.27946185576e-13,nan,nan,1.57031430366e-14,nan,nan
16620,3.794127915e-15,0,9.67748373032e-14,nan,nan,1.62621255609e-14,nan,nan
16624,3.79128317615e-15,0,1.19735083067e-13,nan,nan,1.65087819071e-14,nan,nan
16628,3.7876625051e-15,0,1.04211425658e-13,nan,nan,1.70039689769e-14,nan,nan
16632,3.78468839769e-15,0,1.07731115219e-13,nan,nan,1.74007233554e-14,nan,nan
16636,3.78142966345e-15,0,1.12820558732e-13,nan,nan,1.77460994068e-14,nan,nan
16640,3.77832642663e-15,0,9.5472651011e-14,nan,nan,1.82595925904e-14,nan,nan
16644,3.77480935928e-15,0,1.18435272195e-13,nan,nan,1.85422983424e-14,nan,nan
16648,3.77327323157e-15,0,8.7002399495e-14,nan,nan,1.90423280921e-14,nan,nan
16652,3.76619352584e-15,0,1.18565805144e-13,nan,nan,1.93929164766e-14,nan,nan
16656,3.76670907124e-15,0,8.57762671311e-14,nan,nan,1.97494473747e-14,nan,nan
16660,3.7614257257e-15,0,1.12984802623e-13,nan,nan,2.02368277156e-14,nan,nan
16664,3.7577781576e-15,0,9.15630145297e-14,nan,nan,2.04655688931e-14,nan,nan
16668,3.75567516954e-15,0,1.02936112885e-13,nan,nan,2.09529185659e-14,nan,nan
16672,3.75209409007e-15,0,1.00025023207e-13,nan,nan,2.12571192729e-14,nan,nan
16676,3.74973690649e-15,0,9.07900690608e-14,nan,nan,2.15438742925e-14,nan,nan
16680,3.7450233271e-15,0,1.06822938215e-13,nan,nan,2.20070187227e-14,nan,nan
16684,3.7412391565e-15,0,8.06142749584e-14,nan,nan,2.21622175334e-14,nan,nan
16688,3.74013339438e-15,0,1.09433216411e-13,nan,nan,2.25760199882e-14,nan,nan
16692,3.73705759079e-15,0,7.68348729262e-14,nan,nan,2.28374350975e-14,nan,nan
16696,3.73186352124e-15,0,1.06538437686e-13,nan,nan,2.30313450931e-14,nan,nan
16700,3.72835228105e-15,0,8.03770651607e-14,nan,nan,2.34208887903e-14,nan,nan
16704,3.72698373107e-15,0,9.82672831164e-14,nan,nan,2.35075782316e-14,nan,nan
16708,3.72273273691e-15,0,8.8156396966e-14,nan,nan,2.38264634659e-14,nan,nan
16712,3.71924344884e-15,0,8.68139402965e-14,nan,nan,2.39993690222e-14,nan,nan
16716,3.71673257099e-15,0,9.60878670035e-14,nan,nan,2.41157838108e-14,nan,nan
16720,3.71380027086e-15,0,7.58161545257e-14,nan,nan,2.44016617235e-14,nan,nan
16724,3.71016244088e-15,0,1.00690051268e-13,nan,nan,2.43889033797e-14,nan,nan
16728,3.70646900288e-15,0,6.93221883337e-14,nan,nan,2.46286312424e-14,nan,nan
16732,3.70429992848e-15,0,9.99853445245e-14,nan,nan,2.46827347426e-14,nan,nan
16736,3.69928409246e-15,0,7.0271600555e-14,nan,nan,2.47008031702e-14,nan,nan
16740,3.6989512158e-15,0,9.39051013216e-14,nan,nan,2.48993960277e-14,nan,nan
16744,3.69321226294e-15,0,7.73486173058e-14,nan,nan,2.47625490861e-14,nan,nan
16748,3.69191730688e-15,0,8.37409662166e-14,nan,nan,2.49007957738e-14,nan,nan
16752,3.68602276887e-15,0,8.58008177083e-14,nan,nan,2.48693367303e-14,nan,nan
16756,3.68585758531e-15,0,7.20078243254e-14,nan,nan,2.47511388187e-14,nan,nan
16760,3.68097630847e-15,0,9.179776092e-14,nan,nan,2.48550365844e-14,nan,nan
16764,3.67855673483e-15,0,6.30482579512e-14,nan,nan,2.46378421658e-14,nan,nan
16768,3.67536095581e-15,0,9.34736674065e-14,nan,nan,2.46152082171e-14,nan,nan
16772,3.67097264983e-15,0,6.1353935215e-14,nan,nan,2.45264959225e-14,nan,nan
16776,3.66913316349e-15,0,8.98870039355e-14,nan,nan,2.43024977071e-14,nan,nan
16780,3.66641638727e-15,0,6.69259995332e-14,nan,nan,2.42462710999e-14,nan,nan
16784,3.66180154129e-15,0,8.11981971279e-14,nan,nan,2.4012678186e-14,nan,nan
16788,3.65997972555e-15,0,7.56321606647e-14,nan,nan,2.38308750005e-14,nan,nan
16792,3.65630198394e-15,0,6.95557456682e-14,nan,nan,2.36351879697e-14,nan,nan
16796,3.65147723516e-15,0,8.33333254395e-14,nan,nan,2.33899403224e-14,nan,nan
16800,3.65159765179e-15,0,5.88460606093e-14,nan,nan,2.31467128183e-14,nan,nan
16804,3.64557696759e-15,0,8.71325331287e-14,nan,nan,2.28754055284e-14,nan,nan
16808,3.64384570436e-15,0,5.36606579086e-14,nan,nan,2.2625745837e-14,nan,nan
16812,3.64070187424e-15,0,8.56514399924e-14,nan,nan,2.22737636976e-14,nan,nan
16816,3.63768415877e-15,0,5.67846862141e-14,nan,nan,2.20155231722e-14,nan,nan
16820,3.63368907422e-15,0,7.90480764062e-14,nan,nan,2.16825598361e-14,nan,nan
16824,3.63203808993e-15,0,6.55886994053e-14,nan,nan,2.12921405482e-14,nan,nan
16828,3.62739650659e-15,0,6.85256854792e-14,nan,nan,2.10347491381e-14,nan,nan
16832,3.62547827814e-15,0,7.46734746921e-14,nan,nan,2.06047144443e-14,nan,nan
16836,3.62096812672e-15,0,5.65415334876e-14,nan,nan,2.02296589549e-14,nan,nan
16840,3.61925014306e-15,0,8.04535374307e-14,nan,nan,1.99403600448e-14,nan,nan
16844,3.61592759622e-15,0,4.78845779795e-14,nan,nan,1.94392639866e-14,nan,nan
16848,3.6132073316e-15,0,8.15143662143e-14,nan,nan,1.91072349544e-14,nan,nan
16852,3.60837273645e-15,0,4.77708841154e-14,nan,nan,1.87652049578e-14,nan,nan
16856,3.60697312912e-15,0,7.73249044081e-14,nan,nan,1.82154401577e-14,nan,nan
16860,3.60403345048e-15,0,5.53603216602e-14,nan,nan,1.79742605709e-14,nan,nan
16864,3.5978340821e-15,0,6.81719764853e-14,nan,nan,1.7507788815e-14,nan,nan
16868,3.59987304772e-15,0,6.53158469675e-14,nan,nan,1.70211724635e-14,nan,nan
16872,3.59217704871e-15,0,5.60286425448e-14,nan,nan,1.6822629983e-14,nan,nan
16876,3.59168382145e-15,0,7.34031051819e-14,nan,nan,1.62218697845e-14,nan,nan
16880,3.58749558655e-15,0,4.48414248381e-14,nan,nan,1.59308193044e-14,nan,nan
16884,3.58555452168e-15,0,7.70389966456e-14,nan,nan,1.56103885482e-14,nan,nan
16888,3.58151574064e-15,0,4.01467794792e-14,nan,nan,1.50579882451e-14,nan,nan
16892,3.58020153604e-15,0,7.51756134999e-14,nan,nan,1.48933545051e-14,nan,nan
16896,3.57430547869e-15,0,4.51297376667e-14,nan,nan,1.44237972834e-14,nan,nan
16900,3.57296156544e-15,0,6.81585015296e-14,nan,nan,1.40917326726e-14,nan,nan
16904,3.56909255106e-15,0,5.5560548048e-14,nan,nan,1.38505249833e-14,nan,nan
16908,3.56684249256e-15,0,5.71442266338e-14,nan,nan,1.34454496686e-14,nan,nan
16912,3.56471541824e-15,0,6.54241358056e-14,nan,nan,1.32399004655e-14,nan,nan
16916,3.55966485709e-15,0,4.43921921346e-14,nan,nan,1.29187637095e-14,nan,nan
16920,3.55899982685e-15,0,7.14349928403e-14,nan,nan,1.27227199042e-14,nan,nan
16924,3.55138835201e-15,0,3.50395307566e-14,nan,nan,1.2451482861e-14,nan,nan
16928,3.55352383852e-15,0,7.24519657391e-14,nan,nan,1.22729969057e-14,nan,nan
16932,3.54763796721e-15,0,3.58483046073e-14,nan,nan,1.21412245773e-14,nan,nan
16936,3.54489555102e-15,0,6.81464590129e-14,nan,nan,1.18593404618e-14,nan,nan
16940,3.5451423532e-15,0,4.52183877182e-14,nan,nan,1.19018277317e-14,nan,nan
16944,3.53753978636e-15,0,5.88378420225e-14,nan,nan,1.16599230544e-14,nan,nan
16948,3.53701496566e-15,0,5.63311020887e-14,nan,nan,1.15969261451e-14,nan,nan
16952,3.53344383636e-15,0,4.62019113424e-14,nan,nan,1.16495951003e-14,nan,nan
16956,3.53008764028e-15,0,6.4990258275e-14,nan,nan,1.14096498399e-14,nan,nan
16960,3.5279040602e-15,0,3.38848260042e-14,nan,nan,1.1577618134e-14,nan,nan
16964,3.52306248085e-15,0,6.8901476009e-14,nan,nan,1.14785148845e-14,nan,nan
16968,3.5230055268e-15,0,2.85621020153e-14,nan,nan,1.14653576305e-14,nan,nan
16972,3.51694649236e-15,0,6.72113067631e-14,nan,nan,1.16138941407e-14,nan,nan
16976,3.51689497867e-15,0,3.49095797664e-14,nan,nan,1.15057296677e-14,nan,nan
16980,3.51166924846e-15,0,6.03413735815e-14,nan,nan,1.16825658574e-14,nan,nan
16984,3.51081334468e-15,0,4.66751039816e-14,nan,nan,1.16773294781e-14,nan,nan
16988,3.5066777662e-15,0,4.93128645371e-14,nan,nan,1.17550063916e-14,nan,nan
16992,3.501581021e-15,0,5.72617855507e-14,nan,nan,1.1878275057e-14,nan,nan
16996,3.50266636592e-15,0,3.5914921228e-14,nan,nan,1.18675008623e-14,nan,nan
17000,3.49642493067e-15,0,6.37596073316e-14,nan,nan,1.20659672588e-14,nan,nan
17004,3.49513922252e-15,0,2.49976738775e-14,nan,nan,1.20435816227e-14,nan,nan
17008,3.49233501544e-15,0,6.51764085551e-14,nan,nan,1.21812681635e-14,nan,nan
17012,3.4865039962e-15,0,2.57493702025e-14,nan,nan,1.22918288697e-14,nan,nan
17016,3.48898773622e-15,0,6.12474892987e-14,nan,nan,1.22623828737e-14,nan,nan
17020,3.48137749657e-15,0,3.64294744544e-14,nan,nan,1.24785389729e-14,nan,nan
17024,3.4798375656e-15,0,5.23043330996e-14,nan,nan,1.24390642244e-14,nan,nan
17028,3.47863617517e-15,0,4.8311055227e-14,nan,nan,1.25279203818e-14,nan,nan
17032,3.47277881906e-15,0,3.97120143561e-14,nan,nan,1.26510585256e-14,nan,nan
17036,3.47185585566e-15,0,5.74453914662e-14,nan,nan,1.25809233268e-14,nan,nan
17040,3.46849699038e-15,0,2.63421498455e-14,nan,nan,1.27352556236e-14,nan,nan
17044,3.4646798157e-15,0,6.18463011271e-14,nan,nan,1.27083582008e-14,nan,nan
17048,3.46154934895e-15,0,1.92481967255e-14,nan,nan,1.27266683062e-14,nan,nan
17052,3.46100101364e-15,0,6.07191778043e-14,nan,nan,1.27982764416e-14,nan,nan
17056,3.45596516072e-15,0,2.63162474492e-14,nan,nan,1.27248108025e-14,nan,nan
17060,3.45481081188e-15,0,5.44390345064e-14,nan,nan,1.28017499391e-14,nan,nan
17064,3.45050184239e-15,0,3.88787918546e-14,nan,nan,1.2724230192e-14,nan,nan
17068,3.44579077845e-15,0,4.39249617848e-14,nan,nan,1.27365116009e-14,nan,nan
17072,3.44700807354e-15,0,4.9760419294e-14,nan,nan,1.27240144326e-14,nan,nan
17076,3.442381637e-15,0,3.05209236929e-14,nan,nan,1.26012774081e-14,nan,nan
17080,3.43841488599e-15,0,5.66038980633e-14,nan,nan,1.2687352822e-14,nan,nan
17084,3.43725615847e-15,0,1.79004113697e-14,nan,nan,1.24986178312e-14,nan,nan
17088,3.43379323708e-15,0,5.86090551358e-14,nan,nan,1.24966230944e-14,nan,nan
17092,3.42860740157e-15,0,1.7394227159e-14,nan,nan,1.24860423958e-14,nan,nan
17096,3.42862497481e-15,0,5.54691763471e-14,nan,nan,1.22372283653e-14,nan,nan
17100,3.42505218587e-15,0,2.88729313979e-14,nan,nan,1.23614841435e-14,nan,nan
17104,3.42154778769e-15,0,4.73991398373e-14,nan,nan,1.21367152848e-14,nan,nan
17108,3.41940201054e-15,0,4.10316417227e-14,nan,nan,1.20338955016e-14,nan,nan
17112,3.41710525545e-15,0,3.55061063911e-14,nan,nan,1.20915537982e-14,nan,nan
17116,3.41085720582e-15,0,5.02897959635e-14,nan,nan,1.17762827506e-14,nan,nan
17120,3.41277240108e-15,0,2.1876490952e-14,nan,nan,1.18423367293e-14,nan,nan
17124,3.40841371108e-15,0,5.50508600104e-14,nan,nan,1.16964944898e-14,nan,nan
17128,3.40121793603e-15,0,1.22670978135e-14,nan,nan,1.15143630332e-14,nan,nan
17132,3.404518184e-15,0,5.46698263727e-14,nan,nan,1.15520117846e-14,nan,nan
17136,3.39969998235e-15,0,1.91352065233e-14,nan,nan,1.1334148056e-14,nan,nan
17140,3.39449923952e-15,0,4.94397899512e-14,nan,nan,1.1294291602e-14,nan,nan
17144,3.39496019775e-15,0,3.19641696964e-14,nan,nan,1.11943117076e-14,nan,nan
17148,3.39041566117e-15,0,4.00589899558e-14,nan,nan,1.11032086378e-14,nan,nan
17152,3.386568438e-15,0,4.28426946906e-14,nan,nan,1.10176928104e-14,nan,nan
17156,3.3845571431e-15,0,2.74691342173e-14,nan,nan,1.0935716412e-14,nan,nan
17160,3.38371844141e-15,0,4.98373967299e-14,nan,nan,1.09254834734e-14,nan,nan
17164,3.37882093156e-15,0,1.40388007476e-14,nan,nan,1.07501836369e-14,nan,nan
17168,3.37518121815e-15,0,5.22783758683e-14,nan,nan,1.0840920964e-14,nan,nan
17172,3.37559513761e-15,0,1.10799592047e-14,nan,nan,1.07222213849e-14,nan,nan
17176,3.3697378425e-15,0,4.9908240737e-14,nan,nan,1.0652930883e-14,nan,nan
17180,3.36789069982e-15,0,2.26042331166e-14,nan,nan,1.08037564007e-14,nan,nan
17184,3.36470210356e-15,0,4.29489697475e-14,nan,nan,1.05873569139e-14,nan,nan
17188,3.3642105972e-15,0,3.4418190619e-14,nan,nan,1.07466523961e-14,nan,nan
17192,3.35831941348e-15,0,3.23317034928e-14,nan,nan,1.07569106292e-14,nan,nan
17196,3.35747050355e-15,0,4.34499598357e-14,nan,nan,1.06666224967e-14,nan,nan
17200,3.35442599818e-15,0,1.95404221018e-14,nan,nan,1.08981450951e-14,nan,nan
17204,3.35120772671e-15,0,4.8378182577e-14,nan,nan,1.08055523341e-14,nan,nan
17208,3.34696488511e-15,0,8.13593050553e-15,nan,nan,1.09371752799e-14,nan,nan
17212,3.34575089584e-15,0,4.85882600392e-14,nan,nan,1.1045421065e-14,nan,nan
17216,3.34405101119e-15,0,1.37588878589e-14,nan,nan,1.10695229636e-14,nan,nan
17220,3.34009789499e-15,0,4.43114984846e-14,nan,nan,1.12464644785e-14,nan,nan
17224,3.33595925511e-15,0,2.60875028773e-14,nan,nan,1.12946538565e-14,nan,nan
17228,3.33484437775e-15,0,3.61822859617e-14,nan,nan,1.14876942441e-14,nan,nan
17232,3.33314304438e-15,0,3.63361858077e-14,nan,nan,1.15451912771e-14,nan,nan
17236,3.32868840143e-15,0,2.49734110172e-14,nan,nan,1.17342794856e-14,nan,nan
17240,3.32611363685e-15,0,4.307039557e-14,nan,nan,1.19010244748e-14,nan,nan
17244,3.3214109274e-15,0,1.21996771233e-14,nan,nan,1.19397811336e-14,nan,nan
17248,3.32296096425e-15,0,4.57760234775e-14,nan,nan,1.22731211223e-14,nan,nan
17252,3.31790230298e-15,0,6.74774243205e-15,nan,nan,1.22823829686e-14,nan,nan
17256,3.31497522609e-15,0,4.41663590432e-14,nan,nan,1.24895658118e-14,nan,nan
17260,3.31142077833e-15,0,1.77146665775e-14,nan,nan,1.27651651064e-14,nan,nan
17264,3.31175300723e-15,0,3.83579625288e-14,nan,nan,1.27320075991e-14,nan,nan
17268,3.30661444443e-15,0,2.8728191527e-14,nan,nan,1.30961872491e-14,nan,nan
17272,3.30358321558e-15,0,2.91402793316e-14,nan,nan,1.31970893511e-14,nan,nan
17276,3.3003053264e-15,0,3.71629593874e-14,nan,nan,1.32871630032e-14,nan,nan
17280,3.30075610489e-15,0,1.77168779021e-14,nan,nan,1.3644532684e-14,nan,nan
17284,3.29632291029e-15,0,4.19053469874e-14,nan,nan,1.36419557283e-14,nan,nan
17288,3.29219475056e-15,0,6.20537506072e-15,nan,nan,1.38784719302e-14,nan,nan
17292,3.29094247566e-15,0,4.24157784418e-14,nan,nan,1.41150946836e-14,nan,nan
17296,3.28668411689e-15,0,1.01715666302e-14,nan,nan,1.41298609492e-14,nan,nan
17300,3.28731528801e-15,0,3.89090856154e-14,nan,nan,1.44297132823e-14,nan,nan
17304,3.2814082502e-15,0,2.14631191497e-14,nan,nan,1.45367139929e-14,nan,nan
17308,3.27983617766e-15,0,3.19668556388e-14,nan,nan,1.46399764645e-14,nan,nan
17312,3.27688788192e-15,0,3.07150366426e-14,nan,nan,1.48991679872e-14,nan,nan
17316,3.27417472426e-15,0,2.22375860632e-14,nan,nan,1.49445679483e-14,nan,nan
17320,3.27236791538e-15,0,3.68759865473e-14,nan,nan,1.51287876032e-14,nan,nan
17324,3.2693549104e-15,0,1.08247499716e-14,nan,nan,1.52796752014e-14,nan,nan
17328,3.26535438668e-15,0,3.95147431612e-14,nan,nan,1.53614396272e-14,nan,nan
17332,3.2636598749e-15,0,4.41285755141e-15,nan,nan,1.55324296192e-14,nan,nan
17336,3.26236991322e-15,0,3.82933389252e-14,nan,nan,1.56194151088e-14,nan,nan
17340,3.25759977961e-15,0,1.44348265914e-14,nan,nan,1.57522371369e-14,nan,nan
17344,3.25439271842e-15,0,3.32839073544e-14,nan,nan,1.58348917624e-14,nan,nan
17348,3.25379374437e-15,0,2.41909661751e-14,nan,nan,1.59605944994e-14,nan,nan
17352,3.24865396841e-15,0,2.52699667056e-14,nan,nan,1.60432459554e-14,nan,nan
17356,3.24931789914e-15,0,3.15770496735e-14,nan,nan,1.6102906328e-14,nan,nan
17360,3.24552977561e-15,0,1.53542270477e-14,nan,nan,1.6254406706e-14,nan,nan
17364,3.24056655174e-15,0,3.57682561804e-14,nan,nan,1.62342402787e-14,nan,nan
17368,3.23996112264e-15,0,4.96642460937e-15,nan,nan,1.63763708957e-14,nan,nan
17372,3.23579607443e-15,0,3.63414919024e-14,nan,nan,1.64230594483e-14,nan,nan
17376,3.23560205629e-15,0,8.1691124863e-15,nan,nan,1.64139599494e-14,nan,nan
17380,3.2305296992e-15,0,3.34015858143e-14,nan,nan,1.65819202535e-14,nan,nan
17384,3.23068642481e-15,0,1.82129589279e-14,nan,nan,1.64945051669e-14,nan,nan
17388,3.22638426686e-15,0,2.73666073951e-14,nan,nan,1.66121409103e-14,nan,nan
17392,3.22205534491e-15,0,2.62920798682e-14,nan,nan,1.66393850528e-14,nan,nan
17396,3.22025616214e-15,0,1.88306191949e-14,nan,nan,1.65794211448e-14,nan,nan
17400,3.21872000475e-15,0,3.1546467779e-14,nan,nan,1.67296443304e-14,nan,nan
17404,3.21655508014e-15,0,8.81713981972e-15,nan,nan,1.66041415916e-14,nan,nan
17408,3.21207405667e-15,0,3.37081837028e-14,nan,nan,1.66935640081e-14,nan,nan
17412,3.21211133138e-15,0,3.51252294277e-15,nan,nan,1.66871474284e-14,nan,nan
17416,3.20724859443e-15,0,3.25622033843e-14,nan,nan,1.66003346924e-14,nan,nan
17420,3.20540078853e-15,0,1.26142611472e-14,nan,nan,1.67194419976e-14,nan,nan
17424,3.20012009328e-15,0,2.81375688314e-14,nan,nan,1.65628347762e-14,nan,nan
17428,3.20121340694e-15,0,2.10715226178e-14,nan,nan,1.66278726112e-14,nan,nan
17432,3.19836997509e-15,0,2.10504046563e-14,nan,nan,1.65900823371e-14,nan,nan
17436,3.1941768519e-15,0,2.73868219495e-14,nan,nan,1.64759707287e-14,nan,nan
17440,3.19281478501e-15,0,1.22746477668e-14,nan,nan,1.65693585652e-14,nan,nan
17444,3.18809655284e-15,0,3.07933987027e-14,nan,nan,1.63879441287e-14,nan,nan
17448,3.18658788398e-15,0,3.17847380562e-15,nan,nan,1.64190519818e-14,nan,nan
17452,3.18603400098e-15,0,3.09484281301e-14,nan,nan,1.63704575663e-14,nan,nan
17456,3.18012914194e-15,0,7.85005805228e-15,nan,nan,1.621913376e-14,nan,nan
17460,3.18023326896e-15,0,2.80564008654e-14,nan,nan,1.62903687888e-14,nan,nan
17464,3.17672137115e-15,0,1.65248051531e-14,nan,nan,1.61019918378e-14,nan,nan
17468,3.17343686283e-15,0,2.25631139687e-14,nan,nan,1.60810312892e-14,nan,nan
17472,3.17175917379e-15,0,2.33198664412e-14,nan,nan,1.60412110243e-14,nan,nan
17476,3.16820745017e-15,0,1.49657799641e-14,nan,nan,1.58533983524e-14,nan,nan
17480,3.16549815894e-15,0,2.76225602386e-14,nan,nan,1.58959691726e-14,nan,nan
17484,3.1635890732e-15,0,6.06055706619e-15,nan,nan,1.57192080066e-14,nan,nan
17488,3.16169745246e-15,0,2.91939544989e-14,nan,nan,1.56392917197e-14,nan,nan
17492,3.15768688588e-15,0,3.91438990109e-15,nan,nan,1.56120515849e-14,nan,nan
17496,3.15707364922e-15,0,2.77896220765e-14,nan,nan,1.54012478246e-14,nan,nan
17500,3.15277197256e-15,0,1.24044247447e-14,nan,nan,1.54041442218e-14,nan,nan
17504,3.15052897091e-15,0,2.34417727662e-14,nan,nan,1.52534633188e-14,nan,nan
17508,3.14852863174e-15,0,1.9619960742e-14,nan,nan,1.51184932071e-14,nan,nan
17512,3.14682838231e-15,0,1.68029232329e-14,nan,nan,1.50956257342e-14,nan,nan
17516,3.14076885312e-15,0,2.47704233227e-14,nan,nan,1.48828855391e-14,nan,nan
17520,3.14211102429e-15,0,8.80958186152e-15,nan,nan,1.48385540503e-14,nan,nan
17524,3.13720947581e-15,0,2.7328992684e-14,nan,nan,1.47115339438e-14,nan,nan
17528,3.13601147571e-15,0,7.21081643964e-16,nan,nan,1.45491031604e-14,nan,nan
17532,3.13141084e-15,0,2.70409363128e-14,nan,nan,1.45039822533e-14,nan,nan
17536,3.13130718675e-15,0,8.60439296861e-15,nan,nan,1.43105149486e-14,nan,nan
17540,3.12771984351e-15,0,2.40248640024e-14,nan,nan,1.4232905853e-14,nan,nan
17544,3.12566944397e-15,0,1.63233109694e-14,nan,nan,1.40964132676e-14,nan,nan
17548,3.12221555462e-15,0,1.86559395835e-14,nan,nan,1.39538570775e-14,nan,nan
17552,3.12118487726e-15,0,2.2100530863e-14,nan,nan,1.38667120315e-14,nan,nan
17556,3.11738320799e-15,0,1.14645471156e-14,nan,nan,1.36829907073e-14,nan,nan
17560,3.1146897649e-15,0,2.54587150151e-14,nan,nan,1.36192082008e-14,nan,nan
17564,3.11318799225e-15,0,3.21565906438e-15,nan,nan,1.34316802286e-14,nan,nan
17568,3.11043298115e-15,0,2.63333543508e-14,nan,nan,1.33325046848e-14,nan,nan
17572,3.10733188519e-15,0,5.28266734139e-15,nan,nan,1.32234216022e-14,nan,nan
17576,3.10509000644e-15,0,2.46176276564e-14,nan,nan,1.30152578319e-14,nan,nan
17580,3.10320225861e-15,0,1.30372595852e-14,nan,nan,1.30017614915e-14,nan,nan
17584,3.09861068666e-15,0,2.02952734559e-14,nan,nan,1.27630472917e-14,nan,nan
17588,3.09796389702e-15,0,1.94195466903e-14,nan,nan,1.26843490162e-14,nan,nan
17592,3.09485707778e-15,0,1.38968390361e-14,nan,nan,1.25961053661e-14,nan,nan
17596,3.09380853878e-15,0,2.37982998458e-14,nan,nan,1.23454233225e-14,nan,nan
17600,3.08824869082e-15,0,6.39834131388e-15,nan,nan,1.23744198385e-14,nan,nan
17604,3.08914637031e-15,0,2.56885101105e-14,nan,nan,1.2126250901e-14,nan,nan
17608,3.08519771644e-15,0,2.5851591907e-15,nan,nan,1.20356299603e-14,nan,nan
17612,3.08214039722e-15,0,2.49377902904e-14,nan,nan,1.19808340969e-14,nan,nan
17616,3.07995389603e-15,0,9.99784693009e-15,nan,nan,1.17161540652e-14,nan,nan
17620,3.07697340794e-15,0,2.17400063351e-14,nan,nan,1.1753385042e-14,nan,nan
17624,3.07679243666e-15,0,1.68928816314e-14,nan,nan,1.15242910043e-14,nan,nan
17628,3.07239665342e-15,0,1.64810724351e-14,nan,nan,1.14317102226e-14,nan,nan
17632,3.0700196145e-15,0,2.19613520502e-14,nan,nan,1.138518876e-14,nan,nan
17636,3.06768154215e-15,0,9.77988988066e-15,nan,nan,1.11416779356e-14,nan,nan
17640,3.06506822153e-15,0,2.47217345415e-14,nan,nan,1.11795872235e-14,nan,nan
17644,3.06376723333e-15,0,3.64154793814e-15,nan,nan,1.09599961914e-14,nan,nan
17648,3.05900792953e-15,0,2.51534361042e-14,nan,nan,1.08971512445e-14,nan,nan
17652,3.0594778994e-15,0,7.35033121417e-15,nan,nan,1.08410934488e-14,nan,nan
17656,3.05534386161e-15,0,2.32410105843e-14,nan,nan,1.06277890089e-14,nan,nan
17660,3.05210517956e-15,0,1.41094169756e-14,nan,nan,1.0681019547e-14,nan,nan
17664,3.05143491738e-15,0,1.90102228513e-14,nan,nan,1.04622308979e-14,nan,nan
17668,3.04763764548e-15,0,1.98353287267e-14,nan,nan,1.04380701564e-14,nan,nan
17672,3.04555106863e-15,0,1.3031054653e-14,nan,nan,1.03791533112e-14,nan,nan
17676,3.04379677244e-15,0,2.3696063115e-14,nan,nan,1.01977099921e-14,nan,nan
17680,3.04045328611e-15,0,6.81430032901e-15,nan,nan,1.02644435716e-14,nan,nan
17684,3.03820841068e-15,0,2.52076954303e-14,nan,nan,1.00619654597e-14,nan,nan
17688,3.03599645244e-15,0,5.75731513181e-15,nan,nan,1.00719445642e-14,nan,nan
17692,3.0333573526e-15,0,2.43111165745e-14,nan,nan,1.0011257713e-14,nan,nan
17696,3.03173931542e-15,0,1.14965973492e-14,nan,nan,9.87729016166e-15,nan,nan
17700,3.0280397551e-15,0,2.12439343881e-14,nan,nan,9.94864059411e-15,nan,nan
17704,3.02619081262e-15,0,1.76132314046e-14,nan,nan,9.76889054482e-15,nan,nan
17708,3.02396658239e-15,0,1.63726346707e-14,nan,nan,9.82214007066e-15,nan,nan
17712,3.02223150076e-15,0,2.22581857777e-14,nan,nan,9.75557093881e-15,nan,nan
17716,3.0184545351e-15,0,1.0538209011e-14,nan,nan,9.66956275929e-15,nan,nan
17720,3.01671671589e-15,0,2.47475983866e-14,nan,nan,9.76026641804e-15,nan,nan
17724,3.01414743866e-15,0,6.64475999041e-15,nan,nan,9.59382192555e-15,nan,nan
17728,3.01065655025e-15,0,2.50214503806e-14,nan,nan,9.68945406533e-15,nan,nan
17732,3.00986190639e-15,0,9.47425231434e-15,nan,nan,9.6397422473e-15,nan,nan
17736,3.00787584145e-15,0,2.31921135517e-14,nan,nan,9.57668021954e-15,nan,nan
17740,3.00376919962e-15,0,1.50728660506e-14,nan,nan,9.69824818177e-15,nan,nan
17744,3.00245548642e-15,0,1.93592742269e-14,nan,nan,9.5625919669e-15,nan,nan
17748,2.99996183076e-15,0,2.02632137318e-14,nan,nan,9.66702817997e-15,nan,nan
17752,2.99685626817e-15,0,1.4060574358e-14,nan,nan,9.66075846032e-15,nan,nan
17756,2.99564596466e-15,0,2.3901475959e-14,nan,nan,9.6228941108e-15,nan,nan
17760,2.99245900327e-15,0,9.08898651536e-15,nan,nan,9.74373114011e-15,nan,nan
17764,2.99067344772e-15,0,2.52878125887e-14,nan,nan,9.67411740509e-15,nan,nan
17768,2.98685930694e-15,0,8.56294705971e-15,nan,nan,9.77185954355e-15,nan,nan
17772,2.98537623562e-15,0,2.43622157776e-14,nan,nan,9.78772810196e-15,nan,nan
17776,2.98325182491e-15,0,1.28901905775e-14,nan,nan,9.80984874316e-15,nan,nan
17780,2.98117072168e-15,0,2.15562146199e-14,nan,nan,9.90564550931e-15,nan,nan
17784,2.97828840742e-15,0,1.80333095944e-14,nan,nan,9.88533476469e-15,nan,nan
17788,2.97623076352e-15,0,1.73424011881e-14,nan,nan,1.00156659653e-14,nan,nan
17792,2.97338466954e-15,0,2.22045393524e-14,nan,nan,1.0014068535e-14,nan,nan
17796,2.97154901675e-15,0,1.2494521875e-14,nan,nan,1.00890950468e-14,nan,nan
17800,2.96776891119e-15,0,2.46154202545e-14,nan,nan,1.02033541897e-14,nan,nan
17804,2.96885465317e-15,0,9.40533594615e-15,nan,nan,1.01689821144e-14,nan,nan
17808,2.96236289307e-15,0,2.49723104532e-14,nan,nan,1.03532570371e-14,nan,nan
17812,2.96230610084e-15,0,1.11333544934e-14,nan,nan,1.03612178582e-14,nan,nan
17816,2.95926339096e-15,0,2.33433649323e-14,nan,nan,1.0415268403e-14,nan,nan
17820,2.95831492254e-15,0,1.55516352832e-14,nan,nan,1.06014223403e-14,nan,nan
17824,2.95341007691e-15,0,2.0011040863e-14,nan,nan,1.05425127345e-14,nan,nan
17828,2.95313333839e-15,0,2.00049673521e-14,nan,nan,1.07244989388e-14,nan,nan
17832,2.94975837172e-15,0,1.55565098163e-14,nan,nan,1.08049485118e-14,nan,nan
17836,2.94821708125e-15,0,2.33675053832e-14,nan,nan,1.0798878302e-14,nan,nan
17840,2.94599408287e-15,0,1.13845810391e-14,nan,nan,1.10247841993e-14,nan,nan
17844,2.94202710019e-15,0,2.4876535281e-14,nan,nan,1.10012911834e-14,nan,nan
17848,2.94271485274e-15,0,1.03447907056e-14,nan,nan,1.11227905978e-14,nan,nan
17852,2.93638959894e-15,0,2.42424929295e-14,nan,nan,1.12665691828e-14,nan,nan
17856,2.93675201638e-15,0,1.34143857968e-14,nan,nan,1.12544154687e-14,nan,nan
17860,2.93512981046e-15,0,2.17901248147e-14,nan,nan,1.14416359939e-14,nan,nan
17864,2.93003265819e-15,0,1.77648620804e-14,nan,nan,1.14774726154e-14,nan,nan
17868,2.92933644346e-15,0,1.80893415068e-14,nan,nan,1.15715070016e-14,nan,nan
17872,2.92737657767e-15,0,2.1471923751e-14,nan,nan,1.16906132305e-14,nan,nan
17876,2.92479801422e-15,0,1.39117247424e-14,nan,nan,1.17339747017e-14,nan,nan
17880,2.92240524419e-15,0,2.3745334606e-14,nan,nan,1.18733235457e-14,nan,nan
17884,2.92020190985e-15,0,1.10505636042e-14,nan,nan,1.19002077702e-14,nan,nan
17888,2.91676007336e-15,0,2.42344819048e-14,nan,nan,1.20454307389e-14,nan,nan
17892,2.91508357618e-15,0,1.18344694733e-14,nan,nan,1.20885422405e-14,nan,nan
17896,2.91420858155e-15,0,2.28775938002e-14,nan,nan,1.2159213271e-14,nan,nan
17900,2.91003273819e-15,0,1.52772819465e-14,nan,nan,1.23169832999e-14,nan,nan
17904,2.90935966295e-15,0,1.99535347671e-14,nan,nan,1.22647531604e-14,nan,nan
17908,2.90690570147e-15,0,1.9070095607e-14,nan,nan,1.2467772446e-14,nan,nan
17912,2.90158377707e-15,0,1.61033880538e-14,nan,nan,1.2477047018e-14,nan,nan
17916,2.9028897127e-15,0,2.20353765451e-14,nan,nan,1.25039459061e-14,nan,nan
17920,2.90030990564e-15,0,1.24948368881e-14,nan,nan,1.27084310739e-14,nan,nan
17924,2.89652067292e-15,0,2.34741049389e-14,nan,nan,1.25992887212e-14,nan,nan
17928,2.89469698278e-15,0,1.11545894719e-14,nan,nan,1.27883976689e-14,nan,nan
17932,2.89255645102e-15,0,2.30628459304e-14,nan,nan,1.28180179494e-14,nan,nan
17936,2.89086360248e-15,0,1.31563974789e-14,nan,nan,1.2791681135e-14,nan,nan
17940,2.88803458552e-15,0,2.10171704871e-14,nan,nan,1.29867345375e-14,nan,nan
17944,2.88409722079e-15,0,1.66457272334e-14,nan,nan,1.28904001521e-14,nan,nan
17948,2.88445693445e-15,0,1.78659474317e-14,nan,nan,1.30182789773e-14,nan,nan
17952,2.8821159694e-15,0,1.98185628576e-14,nan,nan,1.30523437187e-14,nan,nan
17956,2.87841213989e-15,0,1.42759897156e-14,nan,nan,1.30250888196e-14,nan,nan
17960,2.87658467053e-15,0,2.19078126553e-14,nan,nan,1.31519506355e-14,nan,nan
17964,2.8744400834e-15,0,1.1534257341e-14,nan,nan,1.30841299882e-14,nan,nan
17968,2.87220678431e-15,0,2.25423542326e-14,nan,nan,1.3174941409e-14,nan,nan
17972,2.87187079375e-15,0,1.1544899035e-14,nan,nan,1.31663847741e-14,nan,nan
17976,2.86579195477e-15,0,2.15138683629e-14,nan,nan,1.31616676728e-14,nan,nan
17980,2.86552932212e-15,0,1.41605617435e-14,nan,nan,1.32325829494e-14,nan,nan
17984,2.86343413349e-15,0,1.89776699233e-14,nan,nan,1.31511904083e-14,nan,nan
17988,2.86155219965e-15,0,1.74170415371e-14,nan,nan,1.3236847712e-14,nan,nan
17992,2.85808164114e-15,0,1.55700241952e-14,nan,nan,1.31848300177e-14,nan,nan
17996,2.85754598855e-15,0,2.0031996457e-14,nan,nan,1.31677919153e-14,nan,nan
18000,2.85364789519e-15,0,1.23393936501e-14,nan,nan,1.32235297598e-14,nan,nan
18004,2.85238437958e-15,0,2.13546348129e-14,nan,nan,1.31099593523e-14,nan,nan
18008,2.85002131089e-15,0,1.08481378493e-14,nan,nan,1.31739375733e-14,nan,nan
18012,2.84702826198e-15,0,2.10883763033e-14,nan,nan,1.31147139651e-14,nan,nan
18016,2.84495941987e-15,0,1.21688232519e-14,nan,nan,1.30572400072e-14,nan,nan
18020,2.84385534455e-15,0,1.93405241218e-14,nan,nan,1.30990235536e-14,nan,nan
18024,2.8425286005e-15,0,1.50462910726e-14,nan,nan,1.29767974165e-14,nan,nan
18028,2.83674965427e-15,0,1.65539912307e-14,nan,nan,1.29951215776e-14,nan,nan
18032,2.83699316536e-15,0,1.77614989525e-14,nan,nan,1.29365490737e-14,nan,nan
18036,2.83503269378e-15,0,1.33969464419e-14,nan,nan,1.2856010963e-14,nan,nan
18040,2.83216044407e-15,0,1.95359989511e-14,nan,nan,1.28628286274e-14,nan,nan
18044,2.83060919728e-15,0,1.09489894803e-14,nan,nan,1.27427553057e-14,nan,nan
18048,2.82662919403e-15,0,2.01003325418e-14,nan,nan,1.27308027513e-14,nan,nan
18052,2.82511545193e-15,0,1.06590569214e-14,nan,nan,1.26508860956e-14,nan,nan
18056,2.82445477183e-15,0,1.92769912601e-14,nan,nan,1.25637535765e-14,nan,nan
18060,2.82003939971e-15,0,1.26429915255e-14,nan,nan,1.25490114901e-14,nan,nan
18064,2.8204862835e-15,0,1.71008892002e-14,nan,nan,1.24057214532e-14,nan,nan
18068,2.81564970495e-15,0,1.54012251666e-14,nan,nan,1.23908683819e-14,nan,nan
18072,2.81516441136e-15,0,1.4087602624e-14,nan,nan,1.22929386702e-14,nan,nan
18076,2.81191308917e-15,0,1.76670132343e-14,nan,nan,1.2178954963e-14,nan,nan
18080,2.81138428815e-15,0,1.12330629905e-14,nan,nan,1.21746626298e-14,nan,nan
18084,2.80659417767e-15,0,1.87758534006e-14,nan,nan,1.20040352338e-14,nan,nan
18088,2.80605894943e-15,0,9.88339150952e-15,nan,nan,1.19713611139e-14,nan,nan
18092,2.80409481309e-15,0,1.85143965079e-14,nan,nan,1.18909339186e-14,nan,nan
18096,2.80213960105e-15,0,1.08648427726e-14,nan,nan,1.17394857246e-14,nan,nan
18100,2.80031875775e-15,0,1.70166934342e-14,nan,nan,1.1733525374e-14,nan,nan
18104,2.79597167919e-15,0,1.32260378005e-14,nan,nan,1.15801466417e-14,nan,nan
18108,2.79506722107e-15,0,1.46193168958e-14,nan,nan,1.15026835563e-14,nan,nan
18112,2.79212856354e-15,0,1.55545308269e-14,nan,nan,1.14424133275e-14,nan,nan
18116,2.79081005032e-15,0,1.18477591098e-14,nan,nan,1.12985365411e-14,nan,nan
18120,2.78862326717e-15,0,1.7103153807e-14,nan,nan,1.12476234648e-14,nan,nan
18124,2.7888236476e-15,0,9.69111524457e-15,nan,nan,1.11382810686e-14,nan,nan
18128,2.78253733765e-15,0,1.75677963498e-14,nan,nan,1.10468957105e-14,nan,nan
18132,2.78193595154e-15,0,9.48791113396e-15,nan,nan,1.09587596924e-14,nan,nan
18136,2.77993579396e-15,0,1.6786420715e-14,nan,nan,1.08712076975e-14,nan,nan
18140,2.77851571729e-15,0,1.12629249269e-14,nan,nan,1.07836525119e-14,nan,nan
18144,2.77567470416e-15,0,1.48293746143e-14,nan,nan,1.06772702002e-14,nan,nan
18148,2.77383634084e-15,0,1.36543546668e-14,nan,nan,1.0635338149e-14,nan,nan
18152,2.77115438918e-15,0,1.21960756757e-14,nan,nan,1.05010852761e-14,nan,nan
18156,2.76948650407e-15,0,1.55902658406e-14,nan,nan,1.04456313564e-14,nan,nan
18160,2.76635736785e-15,0,9.79272743855e-15,nan,nan,1.03914718708e-14,nan,nan
18164,2.76568201253e-15,0,1.65084699223e-14,nan,nan,1.02425079176e-14,nan,nan
18168,2.76330210283e-15,0,8.82227651495e-15,nan,nan,1.02548614083e-14,nan,nan
18172,2.75933151129e-15,0,1.62052620869e-14,nan,nan,1.01342023473e-14,nan,nan
18176,2.75967785715e-15,0,9.93322912268e-15,nan,nan,1.00486300368e-14,nan,nan
18180,2.75571574884e-15,0,1.47871221584e-14,nan,nan,1.00636884501e-14,nan,nan
18184,2.75436054148e-15,0,1.21476149228e-14,nan,nan,9.90610811105e-15,nan,nan
18188,2.7529190611e-15,0,1.26209906366e-14,nan,nan,9.91028165861e-15,nan,nan
18192,2.75017689736e-15,0,1.41646987458e-14,nan,nan,9.86170927548e-15,nan,nan
18196,2.7486541298e-15,0,1.03341689233e-14,nan,nan,9.74997660831e-15,nan,nan
18200,2.74581337139e-15,0,1.53774666456e-14,nan,nan,9.78458811227e-15,nan,nan
18204,2.74388639962e-15,0,8.87782914515e-15,nan,nan,9.6866837333e-15,nan,nan
18208,2.74282589974e-15,0,1.56493233289e-14,nan,nan,9.66028192239e-15,nan,nan
18212,2.73771967674e-15,0,9.12772546373e-15,nan,nan,9.65304344703e-15,nan,nan
18216,2.73655403874e-15,0,1.4922976413e-14,nan,nan,9.58215764656e-15,nan,nan
18220,2.73523782353e-15,0,1.08381454607e-14,nan,nan,9.59346478841e-15,nan,nan
18224,2.73472467081e-15,0,1.32412947513e-14,nan,nan,9.54403966671e-15,nan,nan
18228,2.73352042243e-15,0,1.2979210507e-14,nan,nan,9.5488255233e-15,nan,nan
18232,2.72697919758e-15,0,1.10375158551e-14,nan,nan,9.51991598227e-15,nan,nan
18236,2.72808804807e-15,0,1.46876227585e-14,nan,nan,9.5053350033e-15,nan,nan
18240,2.72443947396e-15,0,9.22772540818e-15,nan,nan,9.53835837351e-15,nan,nan
18244,2.72363450033e-15,0,1.54487603683e-14,nan,nan,9.46237897844e-15,nan,nan
18248,2.71936070966e-15,0,8.88997598732e-15,nan,nan,9.54330982224e-15,nan,nan
18252,2.71905045371e-15,0,1.51005198449e-14,nan,nan,9.50577960963e-15,nan,nan
18256,2.71784121844e-15,0,1.0255762399e-14,nan,nan,9.48144749911e-15,nan,nan
18260,2.71402698541e-15,0,1.3800568179e-14,nan,nan,9.5956967779e-15,nan,nan
18264,2.71209270128e-15,0,1.23573092242e-14,nan,nan,9.47856778632e-15,nan,nan
18268,2.71082741126e-15,0,1.19509374917e-14,nan,nan,9.58387361535e-15,nan,nan
18272,2.70824377736e-15,0,1.41650664864e-14,nan,nan,9.60435917e-15,nan,nan
18276,2.70716021974e-15,0,1.02083195457e-14,nan,nan,9.53026354634e-15,nan,nan
18280,2.70323325867e-15,0,1.51964623967e-14,nan,nan,9.69180735637e-15,nan,nan
18284,2.70230811996e-15,0,9.42859546543e-15,nan,nan,9.60572806596e-15,nan,nan
18288,2.70085537261e-15,0,1.53621799069e-14,nan,nan,9.66373469223e-15,nan,nan
18292,2.69760578038e-15,0,1.01039348502e-14,nan,nan,9.74505339902e-15,nan,nan
18296,2.69639672559e-15,0,1.46553472513e-14,nan,nan,9.67713261622e-15,nan,nan
18300,2.69454408608e-15,0,1.18163166231e-14,nan,nan,9.79492198844e-15,nan,nan
18304,2.69103185644e-15,0,1.31773622958e-14,nan,nan,9.78611307571e-15,nan,nan
18308,2.69010879497e-15,0,1.37417436504e-14,nan,nan,9.81095119791e-15,nan,nan
18312,2.68706182537e-15,0,1.14224875531e-14,nan,nan,9.87566919979e-15,nan,nan
18316,2.68632836132e-15,0,1.51905938011e-14,nan,nan,9.88039827858e-15,nan,nan
18320,2.6844060696e-15,0,1.02593001529e-14,nan,nan,9.93034544135e-15,nan,nan
18324,2.68143474213e-15,0,1.57760900635e-14,nan,nan,9.95065353481e-15,nan,nan
18328,2.68038080877e-15,0,1.03596992586e-14,nan,nan,1.00086217583e-14,nan,nan
18332,2.67617546577e-15,0,1.54450016699e-14,nan,nan,1.00080184968e-14,nan,nan
18336,2.67597595514e-15,0,1.16522329814e-14,nan,nan,1.0066537193e-14,nan,nan
18340,2.67477459121e-15,0,1.43595624633e-14,nan,nan,1.01060981647e-14,nan,nan
18344,2.67092297671e-15,0,1.34852902203e-14,nan,nan,1.00894325455e-14,nan,nan
18348,2.67034840216e-15,0,1.28418514083e-14,nan,nan,1.01936587824e-14,nan,nan
18352,2.66694780828e-15,0,1.51032085466e-14,nan,nan,1.01639809246e-14,nan,nan
18356,2.66458480928e-15,0,1.1482189785e-14,nan,nan,1.02053155617e-14,nan,nan
18360,2.66389914682e-15,0,1.60174619427e-14,nan,nan,1.02793652504e-14,nan,nan
18364,2.66245792007e-15,0,1.1022723611e-14,nan,nan,1.02254459852e-14,nan,nan
18368,2.65901768705e-15,0,1.61158939884e-14,nan,nan,1.03255700499e-14,nan,nan
18372,2.65805292925e-15,0,1.17180074822e-14,nan,nan,1.03208298681e-14,nan,nan
18376,2.65444930582e-15,0,1.54739784036e-14,nan,nan,1.03157134244e-14,nan,nan
18380,2.6537816073e-15,0,1.31599459797e-14,nan,nan,1.04057642492e-14,nan,nan
18384,2.65122013155e-15,0,1.4236071619e-14,nan,nan,1.03530544417e-14,nan,nan
18388,2.65045681436e-15,0,1.47896570192e-14,nan,nan,1.04152793405e-14,nan,nan
18392,2.64624044779e-15,0,1.27795681578e-14,nan,nan,1.04349198941e-14,nan,nan
18396,2.64593132121e-15,0,1.60755304098e-14,nan,nan,1.04071949849e-14,nan,nan
18400,2.64361872124e-15,0,1.17983310296e-14,nan,nan,1.04844921639e-14,nan,nan
18404,2.64183182589e-15,0,1.66002815283e-14,nan,nan,1.04376801483e-14,nan,nan
18408,2.64013600511e-15,0,1.18795171142e-14,nan,nan,1.04821938079e-14,nan,nan
18412,2.63625616388e-15,0,1.62592355355e-14,nan,nan,1.04936924706e-14,nan,nan
18416,2.63479145873e-15,0,1.29547021121e-14,nan,nan,1.04606372791e-14,nan,nan
18420,2.63403668734e-15,0,1.52622463154e-14,nan,nan,1.05326047688e-14,nan,nan
18424,2.63235109034e-15,0,1.44465849962e-14,nan,nan,1.04652880166e-14,nan,nan
18428,2.62918562075e-15,0,1.39605448948e-14,nan,nan,1.05154833187e-14,nan,nan
18432,2.62738644555e-15,0,1.57627418591e-14,nan,nan,1.05134907639e-14,nan,nan
18436,2.62480963278e-15,0,1.28010631079e-14,nan,nan,1.04630785004e-14,nan,nan
18440,2.62557810454e-15,0,1.65401582206e-14,nan,nan,1.05454633429e-14,nan,nan
18444,2.62147109981e-15,0,1.2291399368e-14,nan,nan,1.0454708967e-14,nan,nan
18448,2.61887933302e-15,0,1.66517410768e-14,nan,nan,1.05003128833e-14,nan,nan
18452,2.6177554994e-15,0,1.26909180317e-14,nan,nan,1.04994535856e-14,nan,nan
18456,2.61502993792e-15,0,1.60838183064e-14,nan,nan,1.04300702294e-14,nan,nan
18460,2.61553189953e-15,0,1.38086064238e-14,nan,nan,1.05077364618e-14,nan,nan
18464,2.61037428809e-15,0,1.49291250954e-14,nan,nan,1.0420368261e-14,nan,nan
18468,2.6104260309e-15,0,1.51724073256e-14,nan,nan,1.04428957766e-14,nan,nan
18472,2.60784502276e-15,0,1.35649745686e-14,nan,nan,1.04439544614e-14,nan,nan
18476,2.60663303258e-15,0,1.62408827951e-14,nan,nan,1.03775840889e-14,nan,nan
18480,2.6042089015e-15,0,1.2623624811e-14,nan,nan,1.04248533754e-14,nan,nan
18484,2.60065377405e-15,0,1.66312302772e-14,nan,nan,1.03564830633e-14,nan,nan
18488,2.60110276959e-15,0,1.2545476793e-14,nan,nan,1.03636388379e-14,nan,nan
18492,2.59923005659e-15,0,1.62966654965e-14,nan,nan,1.03476917732e-14,nan,nan
18496,2.59346367804e-15,0,1.32576382954e-14,nan,nan,1.03033663635e-14,nan,nan
18500,2.59560948692e-15,0,1.54155700966e-14,nan,nan,1.03186714095e-14,nan,nan
18504,2.5936039818e-15,0,1.43844985802e-14,nan,nan,1.02591256137e-14,nan,nan
18508,2.59065923124e-15,0,1.42189906624e-14,nan,nan,1.02680569841e-14,nan,nan
18512,2.58716893361e-15,0,1.54713740956e-14,nan,nan,1.02289671324e-14,nan,nan
18516,2.58584070815e-15,0,1.30698160169e-14,nan,nan,1.02027164403e-14,nan,nan
18520,2.58646066684e-15,0,1.61172396466e-14,nan,nan,1.02031683503e-14,nan,nan
18524,2.58107839985e-15,0,1.24721867542e-14,nan,nan,1.01404714307e-14,nan,nan
18528,2.5805438581e-15,0,1.61480286927e-14,nan,nan,1.01561364694e-14,nan,nan
18532,2.58082521471e-15,0,1.26542116804e-14,nan,nan,1.01044916089e-14,nan,nan
18536,2.57618229384e-15,0,1.56067213468e-14,nan,nan,1.00829535347e-14,nan,nan
18540,2.57463281591e-15,0,1.34168296213e-14,nan,nan,1.00800357487e-14,nan,nan
18544,2.57337875692e-15,0,1.45991160085e-14,nan,nan,1.0014621387e-14,nan,nan
18548,2.57160192114e-15,0,1.44531419908e-14,nan,nan,1.00326504827e-14,nan,nan
18552,2.56837409104e-15,0,1.33443708412e-14,nan,nan,9.97867409645e-15,nan,nan
18556,2.56688880537e-15,0,1.53696023254e-14,nan,nan,9.95437554718e-15,nan,nan
18560,2.56744546197e-15,0,1.23373152511e-14,nan,nan,9.95805750423e-15,nan,nan
18564,2.56310786049e-15,0,1.57313063922e-14,nan,nan,9.88512198992e-15,nan,nan
18568,2.56135742672e-15,0,1.20887723762e-14,nan,nan,9.90673679216e-15,nan,nan
18572,2.56033994058e-15,0,1.53908785871e-14,nan,nan,9.85950194376e-15,nan,nan
18576,2.55642314849e-15,0,1.2607051229e-14,nan,nan,9.82070749462e-15,nan,nan
18580,2.55608618338e-15,0,1.45470780792e-14,nan,nan,9.84429950795e-15,nan,nan
18584,2.55415524911e-15,0,1.34933220114e-14,nan,nan,9.76030674678e-15,nan,nan
18588,2.55315168164e-15,0,1.34619262483e-14,nan,nan,9.78121424698e-15,nan,nan
18592,2.54867514821e-15,0,1.43626928638e-14,nan,nan,9.75377131319e-15,nan,nan
18596,2.54936877222e-15,0,1.23958662126e-14,nan,nan,9.69090408965e-15,nan,nan
18600,2.54718038885e-15,0,1.49139530865e-14,nan,nan,9.73683787963e-15,nan,nan
18604,2.54459885721e-15,0,1.17563563407e-14,nan,nan,9.65146034171e-15,nan,nan
18608,2.54186237423e-15,0,1.49409915765e-14,nan,nan,9.66024191367e-15,nan,nan
18612,2.54151777969e-15,0,1.18326072812e-14,nan,nan,9.65789928938e-15,nan,nan
18616,2.53776795527e-15,0,1.44203611861e-14,nan,nan,9.58114459299e-15,nan,nan
18620,2.53811419722e-15,0,1.24727976388e-14,nan,nan,9.63051461842e-15,nan,nan
18624,2.53585962489e-15,0,1.34824461669e-14,nan,nan,9.56052334149e-15,nan,nan
18628,2.53188239421e-15,0,1.33468275173e-14,nan,nan,9.55711278061e-15,nan,nan
18632,2.53168789104e-15,0,1.23684714863e-14,nan,nan,9.56241594111e-15,nan,nan
18636,2.53075560011e-15,0,1.41086503137e-14,nan,nan,9.49743690609e-15,nan,nan
18640,2.52734517294e-15,0,1.14965246118e-14,nan,nan,9.53422809943e-15,nan,nan
18644,2.52613674059e-15,0,1.43927640826e-14,nan,nan,9.4767584664e-15,nan,nan
18648,2.52357605333e-15,0,1.12958341777e-14,nan,nan,9.48053178714e-15,nan,nan
18652,2.52235557829e-15,0,1.40677417326e-14,nan,nan,9.47234837187e-15,nan,nan
18656,2.51988052544e-15,0,1.17516917812e-14,nan,nan,9.42816014849e-15,nan,nan
18660,2.51821672532e-15,0,1.33372265242e-14,nan,nan,9.45935881713e-15,nan,nan
18664,2.51725976768e-15,0,1.24887297269e-14,nan,nan,9.39856682397e-15,nan,nan
18668,2.51501158205e-15,0,1.24493634865e-14,nan,nan,9.42049614924e-15,nan,nan
18672,2.51259567513e-15,0,1.32160108976e-14,nan,nan,9.40079686737e-15,nan,nan
18676,2.51023008361e-15,0,1.15760207685e-14,nan,nan,9.36411214251e-15,nan,nan
18680,2.51042644231e-15,0,1.37212092644e-14,nan,nan,9.40310118272e-15,nan,nan
18684,2.50599010935e-15,0,1.10376376372e-14,nan,nan,9.33586836835e-15,nan,nan
18688,2.50691788556e-15,0,1.37885600089e-14,nan,nan,9.36523290253e-15,nan,nan
18692,2.50398969585e-15,0,1.11351213427e-14,nan,nan,9.35001585152e-15,nan,nan
18696,2.5017103478e-15,0,1.33613584269e-14,nan,nan,9.3091823967e-15,nan,nan
18700,2.49978354171e-15,0,1.17342521816e-14,nan,nan,9.3548262532e-15,nan,nan
18704,2.49694559292e-15,0,1.25862907105e-14,nan,nan,9.29216106337e-15,nan,nan
18708,2.49665360499e-15,0,1.2523645282e-14,nan,nan,9.31431455514e-15,nan,nan
18712,2.49536964171e-15,0,1.16711865634e-14,nan,nan,9.31172493244e-15,nan,nan
18716,2.49096597988e-15,0,1.3255458892e-14,nan,nan,9.26675046665e-15,nan,nan
18720,2.49261837052e-15,0,1.09275428588e-14,nan,nan,9.31183950697e-15,nan,nan
18724,2.48946494371e-15,0,1.35982855946e-14,nan,nan,9.25949040009e-15,nan,nan
18728,2.48549648073e-15,0,1.08051807172e-14,nan,nan,9.27228956822e-15,nan,nan
18732,2.48697472844e-15,0,1.33194894808e-14,nan,nan,9.27966556083e-15,nan,nan
18736,2.48308442535e-15,0,1.13751765978e-14,nan,nan,9.23134485818e-15,nan,nan
18740,2.48179185746e-15,0,1.26096233949e-14,nan,nan,9.27755819688e-15,nan,nan
18744,2.48025424409e-15,0,1.21577546972e-14,nan,nan,9.22977803501e-15,nan,nan
18748,2.47752456831e-15,0,1.18607830515e-14,nan,nan,9.23784410148e-15,nan,nan
18752,2.47658165598e-15,0,1.27827961219e-14,nan,nan,9.25156983159e-15,nan,nan
18756,2.47336583497e-15,0,1.12586100738e-14,nan,nan,9.20020237476e-15,nan,nan
18760,2.47488693414e-15,0,1.31900685634e-14,nan,nan,9.24932160243e-15,nan,nan
18764,2.4700304489e-15,0,1.09236333184e-14,nan,nan,9.20006248722e-15,nan,nan
18768,2.46924532995e-15,0,1.32795155313e-14,nan,nan,9.21175058265e-15,nan,nan
18772,2.46670661611e-15,0,1.1089396831e-14,nan,nan,9.22185175773e-15,nan,nan
18776,2.46506007682e-15,0,1.2925073732e-14,nan,nan,9.1733398272e-15,nan,nan
18780,2.46584028242e-15,0,1.17053484649e-14,nan,nan,9.22565244998e-15,nan,nan
18784,2.46060051325e-15,0,1.22579325073e-14,nan,nan,9.16542109628e-15,nan,nan
18788,2.46129774246e-15,0,1.24172359977e-14,nan,nan,9.19399970211e-15,nan,nan
18792,2.45685183732e-15,0,1.15786389503e-14,nan,nan,9.18995158994e-15,nan,nan
18796,2.45764515118e-15,0,1.29873691708e-14,nan,nan,9.14347346565e-15,nan,nan
18800,2.45409407841e-15,0,1.10945399415e-14,nan,nan,9.20915338361e-15,nan,nan
18804,2.45289721676e-15,0,1.3286598439e-14,nan,nan,9.12598145822e-15,nan,nan
18808,2.45184618292e-15,0,1.10044141136e-14,nan,nan,9.17288004221e-15,nan,nan
18812,2.44799983012e-15,0,1.3154526261e-14,nan,nan,9.16578039643e-15,nan,nan
18816,2.45024545828e-15,0,1.14489570101e-14,nan,nan,9.10406074217e-15,nan,nan
18820,2.44367960035e-15,0,1.26020552329e-14,nan,nan,9.19070641214e-15,nan,nan
18824,2.4453509661e-15,0,1.21849467059e-14,nan,nan,9.09523677282e-15,nan,nan
18828,2.44113574877e-15,0,1.19208385772e-14,nan,nan,9.13463683412e-15,nan,nan
18832,2.44165586976e-15,0,1.28036868629e-14,nan,nan,9.14789551844e-15,nan,nan
18836,2.43852906087e-15,0,1.14007632818e-14,nan,nan,9.06775810119e-15,nan,nan
18840,2.43676618603e-15,0,1.31560922619e-14,nan,nan,9.15325001519e-15,nan,nan
18844,2.43539710263e-15,0,1.11634531104e-14,nan,nan,9.07941419404e-15,nan,nan
18848,2.4342913723e-15,0,1.32268839701e-14,nan,nan,9.08931411615e-15,nan,nan
18852,2.43208469173e-15,0,1.13142206637e-14,nan,nan,9.11560023042e-15,nan,nan
18856,2.42863706574e-15,0,1.29346075932e-14,nan,nan,9.04960924757e-15,nan,nan
18860,2.42950519923e-15,0,1.18570758234e-14,nan,nan,9.09847362691e-15,nan,nan
18864,2.42537622621e-15,0,1.23225254848e-14,nan,nan,9.05699096833e-15,nan,nan
18868,2.42622348358e-15,0,1.25311601908e-14,nan,nan,9.05998175972e-15,nan,nan
18872,2.42129252803e-15,0,1.16780399495e-14,nan,nan,9.05961600759e-15,nan,nan
18876,2.42217300875e-15,0,1.30340378597e-14,nan,nan,9.03395650684e-15,nan,nan
18880,2.41816430111e-15,0,1.12857733794e-14,nan,nan,9.05550212978e-15,nan,nan
18884,2.4200616064e-15,0,1.32204231762e-14,nan,nan,9.00689828008e-15,nan,nan
18888,2.41505942591e-15,0,1.12715632812e-14,nan,nan,9.04370292091e-15,nan,nan
18892,2.41475183305e-15,0,1.30446573088e-14,nan,nan,9.00634709019e-15,nan,nan
18896,2.41227062972e-15,0,1.16514129579e-14,nan,nan,8.99024260745e-15,nan,nan
18900,2.40986644561e-15,0,1.25557071167e-14,nan,nan,9.03554907356e-15,nan,nan
18904,2.40923569703e-15,0,1.22442482314e-14,nan,nan,8.94540528854e-15,nan,nan
18908,2.40703698728e-15,0,1.19678010336e-14,nan,nan,9.00825026398e-15,nan,nan
18912,2.40729912574e-15,0,1.27375899049e-14,nan,nan,8.97948080918e-15,nan,nan
18916,2.40329100627e-15,0,1.15297882034e-14,nan,nan,8.92337612952e-15,nan,nan
18920,2.40089871562e-15,0,1.29890302682e-14,nan,nan,9.01017401772e-15,nan,nan
18924,2.4018837447e-15,0,1.13344578679e-14,nan,nan,8.90521261973e-15,nan,nan
18928,2.39860962321e-15,0,1.30193064399e-14,nan,nan,8.9448434107e-15,nan,nan
18932,2.39729485035e-15,0,1.14103690635e-14,nan,nan,8.95821426417e-15,nan,nan
18936,2.39456199248e-15,0,1.27874350895e-14,nan,nan,8.87059683064e-15,nan,nan
18940,2.39386103089e-15,0,1.17948968882e-14,nan,nan,8.9551908083e-15,nan,nan
18944,2.39137438516e-15,0,1.22667017344e-14,nan,nan,8.88106244457e-15,nan,nan
18948,2.39023472533e-15,0,1.23539577852e-14,nan,nan,8.88556798911e-15,nan,nan
18952,2.38960501325e-15,0,1.16594523745e-14,nan,nan,8.90925529856e-15,nan,nan
18956,2.38602841643e-15,0,1.28007726175e-14,nan,nan,8.84335103568e-15,nan,nan
18960,2.38494521518e-15,0,1.12693541319e-14,nan,nan,8.89053335188e-15,nan,nan
18964,2.38238324093e-15,0,1.29454873137e-14,nan,nan,8.83866715839e-15,nan,nan
18968,2.38237228224e-15,0,1.12304103433e-14,nan,nan,8.85321477149e-15,nan,nan
18972,2.38002921449e-15,0,1.27706482296e-14,nan,nan,8.84037462796e-15,nan,nan
18976,2.37885955416e-15,0,1.15175559738e-14,nan,nan,8.81052140309e-15,nan,nan
18980,2.37612432557e-15,0,1.2338529689e-14,nan,nan,8.84686599717e-15,nan,nan
18984,2.37445177884e-15,0,1.20030197746e-14,nan,nan,8.77328038953e-15,nan,nan
18988,2.37368510731e-15,0,1.17908662842e-14,nan,nan,8.82398936729e-15,nan,nan
18992,2.37111409217e-15,0,1.24503008353e-14,nan,nan,8.78647057436e-15,nan,nan
18996,2.36894676352e-15,0,1.13484918126e-14,nan,nan,8.75359765309e-15,nan,nan
19000,2.36919765311e-15,0,1.26712446275e-14,nan,nan,8.81514923049e-15,nan,nan
19004,2.36562117655e-15,0,1.11674088247e-14,nan,nan,8.71679800216e-15,nan,nan
19008,2.36360725363e-15,0,1.26489979063e-14,nan,nan,8.77312987489e-15,nan,nan
19012,2.36525712228e-15,0,1.12543599266e-14,nan,nan,8.75038812592e-15,nan,nan
19016,2.36096280883e-15,0,1.24080188292e-14,nan,nan,8.69810343499e-15,nan,nan
19020,2.35971135597e-15,0,1.15727808462e-14,nan,nan,8.76480784215e-15,nan,nan
19024,2.35780633537e-15,0,1.19512894337e-14,nan,nan,8.68054137308e-15,nan,nan
19028,2.35585827506e-15,0,1.20384983532e-14,nan,nan,8.71575086216e-15,nan,nan
19032,2.35381697372e-15,0,1.14098042235e-14,nan,nan,8.70258655034e-15,nan,nan
19036,2.35428726741e-15,0,1.24319571461e-14,nan,nan,8.66242525118e-15,nan,nan
19040,2.35111389813e-15,0,1.1059183883e-14,nan,nan,8.70268362604e-15,nan,nan
19044,2.34959934062e-15,0,1.2535834317e-14,nan,nan,8.64002537836e-15,nan,nan
19048,2.34681780159e-15,0,1.10618035833e-14,nan,nan,8.67495948654e-15,nan,nan
19052,2.34735534255e-15,0,1.23317080336e-14,nan,nan,8.64120603295e-15,nan,nan
19056,2.3439813789e-15,0,1.1337662908e-14,nan,nan,8.62713108898e-15,nan,nan
19060,2.34424806078e-15,0,1.19542256119e-14,nan,nan,8.65458044445e-15,nan,nan
19064,2.33943950173e-15,0,1.17153034654e-14,nan,nan,8.58542281706e-15,nan,nan
19068,2.34193408348e-15,0,1.1537507624e-14,nan,nan,8.63645177145e-15,nan,nan
19072,2.33681800073e-15,0,1.20561117969e-14,nan,nan,8.59410142018e-15,nan,nan
19076,2.33620894436e-15,0,1.11841173001e-14,nan,nan,8.57361427176e-15,nan,nan
19080,2.3358647928e-15,0,1.22657032389e-14,nan,nan,8.61558974672e-15,nan,nan
19084,2.33183994773e-15,0,1.09996911379e-14,nan,nan,8.54085678847e-15,nan,nan
19088,2.33166848768e-15,0,1.22878797892e-14,nan,nan,8.57860848604e-15,nan,nan
19092,2.32936233988e-15,0,1.10562010258e-14,nan,nan,8.56319014121e-15,nan,nan
19096,2.32727634294e-15,0,1.20915597957e-14,nan,nan,8.52212624754e-15,nan,nan
19100,2.32808169197e-15,0,1.13442493668e-14,nan,nan,8.5612581148e-15,nan,nan
19104,2.32413197101e-15,0,1.16952295431e-14,nan,nan,8.51435241587e-15,nan,nan
19108,2.32340542263e-15,0,1.17623061222e-14,nan,nan,8.51878705809e-15,nan,nan
19112,2.3223051625e-15,0,1.12317194021e-14,nan,nan,8.51865427307e-15,nan,nan
19116,2.31880409859e-15,0,1.21228504321e-14,nan,nan,8.4912192734e-15,nan,nan
19120,2.31927128954e-15,0,1.09224500149e-14,nan,nan,8.50057663904e-15,nan,nan
19124,2.31625013351e-15,0,1.22454022791e-14,nan,nan,8.47483524836e-15,nan,nan
19128,2.31498571671e-15,0,1.09159970405e-14,nan,nan,8.48482755036e-15,nan,nan
19132,2.31425264181e-15,0,1.20830692621e-14,nan,nan,8.45762422611e-15,nan,nan
19136,2.3103682688e-15,0,1.11815128146e-14,nan,nan,8.45472732092e-15,nan,nan
19140,2.31174670424e-15,0,1.17304782084e-14,nan,nan,8.46720887129e-15,nan,nan
19144,2.30682791296e-15,0,1.15644643413e-14,nan,nan,8.40784505509e-15,nan,nan
19148,2.30863202156e-15,0,1.13356561347e-14,nan,nan,8.46000597946e-15,nan,nan
19152,2.30417352226e-15,0,1.18885767599e-14,nan,nan,8.41478784734e-15,nan,nan
19156,2.30341852927e-15,0,1.1044838854e-14,nan,nan,8.38872995741e-15,nan,nan
19160,2.30257801863e-15,0,1.20411025108e-14,nan,nan,8.45410711104e-15,nan,nan
19164,2.29965209852e-15,0,1.09498791498e-14,nan,nan,8.34687259773e-15,nan,nan
19168,2.30053926093e-15,0,1.20149562325e-14,nan,nan,8.41049401026e-15,nan,nan
19172,2.29633191796e-15,0,1.10366119647e-14,nan,nan,8.39703536558e-15,nan,nan
19176,2.29535482353e-15,0,1.18477189722e-14,nan,nan,8.32038835747e-15,nan,nan
19180,2.29524199291e-15,0,1.12570384354e-14,nan,nan,8.42011266248e-15,nan,nan
19184,2.29240602313e-15,0,1.15513909905e-14,nan,nan,8.31592678875e-15,nan,nan
19188,2.28979750667e-15,0,1.15811174595e-14,nan,nan,8.34844373226e-15,nan,nan
19192,2.28914359481e-15,0,1.11735521251e-14,nan,nan,8.36482037837e-15,nan,nan
19196,2.2885502912e-15,0,1.19006721824e-14,nan,nan,8.28666491469e-15,nan,nan
19200,2.28408390466e-15,0,1.08857974273e-14,nan,nan,8.35866767606e-15,nan,nan
19204,2.28724148505e-15,0,1.20283199897e-14,nan,nan,8.28678175309e-15,nan,nan
19208,2.28105376414e-15,0,1.08630709653e-14,nan,nan,8.31349490478e-15,nan,nan
19212,2.28186474096e-15,0,1.18837085807e-14,nan,nan,8.29847390921e-15,nan,nan
19216,2.27875413979e-15,0,1.10917668555e-14,nan,nan,8.26995017114e-15,nan,nan
19220,2.27928322622e-15,0,1.15680618344e-14,nan,nan,8.30902447256e-15,nan,nan
19224,2.27593978046e-15,0,1.14077772859e-14,nan,nan,8.22913907506e-15,nan,nan
19228,2.27493173122e-15,0,1.12295418833e-14,nan,nan,8.29997232907e-15,nan,nan
19232,2.27430134125e-15,0,1.16706404413e-14,nan,nan,8.23564941683e-15,nan,nan
19236,2.27062189973e-15,0,1.09629680191e-14,nan,nan,8.22851089245e-15,nan,nan
19240,2.27116212646e-15,0,1.18103853266e-14,nan,nan,8.28542601876e-15,nan,nan
19244,2.26782038017e-15,0,1.08375778856e-14,nan,nan,8.1681771169e-15,nan,nan
19248,2.26767410327e-15,0,1.17955962263e-14,nan,nan,8.26376610942e-15,nan,nan
19252,2.26470654668e-15,0,1.08863824066e-14,nan,nan,8.20744125428e-15,nan,nan
19256,2.26529907831e-15,0,1.1623839881e-14,nan,nan,8.16882239587e-15,nan,nan
19260,2.26115191242e-15,0,1.1080528296e-14,nan,nan,8.25067280756e-15,nan,nan
19264,2.26021720042e-15,0,1.13200966993e-14,nan,nan,8.14131941712e-15,nan,nan
19268,2.26082169842e-15,0,1.13583932056e-14,nan,nan,8.19582867004e-15,nan,nan
19272,2.25698133093e-15,0,1.09613327792e-14,nan,nan,8.18591634175e-15,nan,nan
19276,2.25588573088e-15,0,1.16076504773e-14,nan,nan,8.1314256288e-15,nan,nan
19280,2.25564904368e-15,0,1.06996360953e-14,nan,nan,8.18307200279e-15,nan,nan
19284,2.2508964851e-15,0,1.16773432741e-14,nan,nan,8.13332083394e-15,nan,nan
19288,2.2524304522e-15,0,1.06677673123e-14,nan,nan,8.13809166355e-15,nan,nan
19292,2.24968278436e-15,0,1.15155997786e-14,nan,nan,8.13533671414e-15,nan,nan
19296,2.24942519516e-15,0,1.08347625773e-14,nan,nan,8.11989553988e-15,nan,nan
19300,2.2457798355e-15,0,1.12229836253e-14,nan,nan,8.1136157419e-15,nan,nan
19304,2.24475400595e-15,0,1.10598658183e-14,nan,nan,8.10186747795e-15,nan,nan
19308,2.24404541819e-15,0,1.09157556299e-14,nan,nan,8.11087974072e-15,nan,nan
19312,2.2417851023e-15,0,1.12500019276e-14,nan,nan,8.07093507567e-15,nan,nan
19316,2.24145973561e-15,0,1.06474592172e-14,nan,nan,8.09483213182e-15,nan,nan
19320,2.23841117698e-15,0,1.1355468093e-14,nan,nan,8.07572578717e-15,nan,nan
19324,2.23844848151e-15,0,1.04882069557e-14,nan,nan,8.04514081689e-15,nan,nan
19328,2.23546965928e-15,0,1.13176630916e-14,nan,nan,8.08464981567e-15,nan,nan
19332,2.23398063992e-15,0,1.05004144534e-14,nan,nan,8.02993750582e-15,nan,nan
19336,2.23281631557e-15,0,1.11223726063e-14,nan,nan,8.03976663465e-15,nan,nan
19340,2.23174848469e-15,0,1.06415611776e-14,nan,nan,8.05342432109e-15,nan,nan
19344,2.23011943681e-15,0,1.08279374622e-14,nan,nan,7.99669385585e-15,nan,nan
19348,2.22732113531e-15,0,1.08311338098e-14,nan,nan,8.03577933942e-15,nan,nan
19352,2.22756552485e-15,0,1.05017953207e-14,nan,nan,8.00885431108e-15,nan,nan
19356,2.22452023785e-15,0,1.10058769076e-14,nan,nan,7.98191561713e-15,nan,nan
19360,2.22291606625e-15,0,1.02307388353e-14,nan,nan,8.01885831051e-15,nan,nan
19364,2.22394941932e-15,0,1.10589033736e-14,nan,nan,7.96386137115e-15,nan,nan
19368,2.22051409483e-15,0,1.01407185086e-14,nan,nan,7.98194612367e-15,nan,nan
19372,2.21870337075e-15,0,1.08988824134e-14,nan,nan,7.97896744126e-15,nan,nan
19376,2.21752729813e-15,0,1.02591974351e-14,nan,nan,7.93875741036e-15,nan,nan
19380,2.21568897898e-15,0,1.05903878358e-14,nan,nan,7.9759342833e-15,nan,nan
19384,2.21533845545e-15,0,1.04452067837e-14,nan,nan,7.92625335368e-15,nan,nan
19388,2.21247027477e-15,0,1.02822509061e-14,nan,nan,7.94197776396e-15,nan,nan
19392,2.21169412506e-15,0,1.05699976188e-14,nan,nan,7.93679764768e-15,nan,nan
19396,2.21144591975e-15,0,1.00396739462e-14,nan,nan,7.89779203411e-15,nan,nan
19400,2.2066558764e-15,0,1.06161848179e-14,nan,nan,7.94097433551e-15,nan,nan
19404,2.20811284343e-15,0,9.87394669339e-15,nan,nan,7.87867036312e-15,nan,nan
19408,2.20590521553e-15,0,1.05724987744e-14,nan,nan,7.90616403349e-15,nan,nan
19412,2.20328693579e-15,0,9.83274707273e-15,nan,nan,7.89876256111e-15,nan,nan
19416,2.20274465442e-15,0,1.03954635248e-14,nan,nan,7.85071852394e-15,nan,nan
19420,2.20098623598e-15,0,9.93171577832e-15,nan,nan,7.90827777873e-15,nan,nan
19424,2.19959810761e-15,0,1.00971034622e-14,nan,nan,7.83634866323e-15,nan,nan
19428,2.19841729679e-15,0,1.01030425409e-14,nan,nan,7.86339127312e-15,nan,nan
19432,2.19539685814e-15,0,9.76749831733e-15,nan,nan,7.8636422702e-15,nan,nan
19436,2.19572219783e-15,0,1.02442101146e-14,nan,nan,7.80927527948e-15,nan,nan
19440,2.19417568442e-15,0,9.52256279248e-15,nan,nan,7.86515737128e-15,nan,nan
19444,2.19232532257e-15,0,1.02510622605e-14,nan,nan,7.80138558993e-15,nan,nan
19448,2.18946942856e-15,0,9.45520075971e-15,nan,nan,7.82251527578e-15,nan,nan
19452,2.18826313431e-15,0,1.00781949577e-14,nan,nan,7.81835445043e-15,nan,nan
19456,2.18881733281e-15,0,9.55312016624e-15,nan,nan,7.7788823009e-15,nan,nan
19460,2.18688874187e-15,0,9.80164801664e-15,nan,nan,7.81848760455e-15,nan,nan
19464,2.18457782371e-15,0,9.69515287063e-15,nan,nan,7.76105643677e-15,nan,nan
19468,2.18300897038e-15,0,9.53490910689e-15,nan,nan,7.79102338962e-15,nan,nan
19472,2.18113811511e-15,0,9.79402921672e-15,nan,nan,7.76823112365e-15,nan,nan
19476,2.179715524e-15,0,9.31718562794e-15,nan,nan,7.74609429285e-15,nan,nan
19480,2.17850319337e-15,0,9.83457437874e-15,nan,nan,7.77891650789e-15,nan,nan
19484,2.17897128343e-15,0,9.17446449028e-15,nan,nan,7.71645247818e-15,nan,nan
19488,2.17554514377e-15,0,9.7831940873e-15,nan,nan,7.75720748183e-15,nan,nan
19492,2.175091838e-15,0,9.16510255842e-15,nan,nan,7.72612256979e-15,nan,nan
19496,2.17054195566e-15,0,9.60784121829e-15,nan,nan,7.70672459406e-15,nan,nan
19500,2.17333838163e-15,0,9.26789522752e-15,nan,nan,7.73973350566e-15,nan,nan
19504,2.16965650498e-15,0,9.36197252236e-15,nan,nan,7.67894814653e-15,nan,nan
19508,2.16699045962e-15,0,9.39777639181e-15,nan,nan,7.71555729378e-15,nan,nan
19512,2.16871611182e-15,0,9.11857445504e-15,nan,nan,7.68669989143e-15,nan,nan
19516,2.16576073497e-15,0,9.51134639248e-15,nan,nan,7.67145027613e-15,nan,nan
19520,2.16320531342e-15,0,8.91945488395e-15,nan,nan,7.69499809592e-15,nan,nan
19524,2.16281844131e-15,0,9.55327923121e-15,nan,nan,7.6429803901e-15,nan,nan
19528,2.16120695819e-15,0,8.85232857182e-15,nan,nan,7.67874270971e-15,nan,nan
19532,2.16001521322e-15,0,9.43300988373e-15,nan,nan,7.64088495708e-15,nan,nan
19536,2.15871329498e-15,0,8.96986994025e-15,nan,nan,7.63874894161e-15,nan,nan
19540,2.15500450116e-15,0,9.18268086558e-15,nan,nan,7.65515234204e-15,nan,nan
19544,2.15608342108e-15,0,9.14904796621e-15,nan,nan,7.59729473309e-15,nan,nan
19548,2.15552282263e-15,0,8.95795800542e-15,nan,nan,7.64922561173e-15,nan,nan
19552,2.15261791495e-15,0,9.25097229508e-15,nan,nan,7.59682763362e-15,nan,nan
19556,2.14997216751e-15,0,8.82182369273e-15,nan,nan,7.59592797153e-15,nan,nan
19560,2.15007587584e-15,0,9.28904223645e-15,nan,nan,7.62619404325e-15,nan,nan
19564,2.14836386831e-15,0,8.73905143259e-15,nan,nan,7.55022618066e-15,nan,nan
19568,2.14637007953e-15,0,9.28168226713e-15,nan,nan,7.609841223e-15,nan,nan
19572,2.14589828902e-15,0,8.74958865708e-15,nan,nan,7.56771814161e-15,nan,nan
19576,2.14293396376e-15,0,9.16599451685e-15,nan,nan,7.54573745527e-15,nan,nan
19580,2.14290581548e-15,0,8.89041212216e-15,nan,nan,7.59178782195e-15,nan,nan
19584,2.14146254998e-15,0,8.95319111491e-15,nan,nan,7.51928396983e-15,nan,nan
19588,2.1391582544e-15,0,9.07478658778e-15,nan,nan,7.55625681001e-15,nan,nan
19592,2.13861938639e-15,0,8.7561374582e-15,nan,nan,7.54189104102e-15,nan,nan
19596,2.13632079513e-15,0,9.20610885518e-15,nan,nan,7.5060437125e-15,nan,nan
19600,2.13499659337e-15,0,8.6492922392e-15,nan,nan,7.54271017818e-15,nan,nan
19604,2.13530356257e-15,0,9.24094687026e-15,nan,nan,7.49600944532e-15,nan,nan
19608,2.13222858806e-15,0,8.67188555688e-15,nan,nan,7.50817325438e-15,nan,nan
19612,2.13067797432e-15,0,9.14398570842e-15,nan,nan,7.50249698042e-15,nan,nan
19616,2.13018372868e-15,0,8.83521460299e-15,nan,nan,7.47653710237e-15,nan,nan
19620,2.12834767897e-15,0,8.95521827913e-15,nan,nan,7.49566504532e-15,nan,nan
19624,2.12644972491e-15,0,9.03096382489e-15,nan,nan,7.45970865763e-15,nan,nan
19628,2.12478873016e-15,0,8.81203233714e-15,nan,nan,7.47490663707e-15,nan,nan
19632,2.12453649428e-15,0,9.13572598631e-15,nan,nan,7.45787949222e-15,nan,nan
19636,2.12220702606e-15,0,8.76966351179e-15,nan,nan,7.43945409447e-15,nan,nan
19640,2.12151817345e-15,0,9.17482839425e-15,nan,nan,7.46363713523e-15,nan,nan
19644,2.12037991517e-15,0,8.76659873953e-15,nan,nan,7.41253489103e-15,nan,nan
19648,2.11829165564e-15,0,9.19844410031e-15,nan,nan,7.44202734418e-15,nan,nan
19652,2.11645090006e-15,0,8.81125236933e-15,nan,nan,7.42282597921e-15,nan,nan
19656,2.11615179192e-15,0,9.15282286505e-15,nan,nan,7.39198583271e-15,nan,nan
19660,2.1143400623e-15,0,8.95483837284e-15,nan,nan,7.43561900448e-15,nan,nan
19664,2.11271103812e-15,0,9.02464562846e-15,nan,nan,7.37059469025e-15,nan,nan
19668,2.1102870453e-15,0,9.13990825244e-15,nan,nan,7.40104719163e-15,nan,nan
19672,2.1112946851e-15,0,8.90354853342e-15,nan,nan,7.39176263254e-15,nan,nan
19676,2.10811736398e-15,0,9.28954462295e-15,nan,nan,7.34923273789e-15,nan,nan
19680,2.10711598109e-15,0,8.83827187451e-15,nan,nan,7.39917499962e-15,nan,nan
19684,2.10632836473e-15,0,9.38159330184e-15,nan,nan,7.33323762897e-15,nan,nan
19688,2.10456928903e-15,0,8.86205130709e-15,nan,nan,7.36488155998e-15,nan,nan
19692,2.1029933922e-15,0,9.35552267657e-15,nan,nan,7.34998220449e-15,nan,nan
19696,2.10173018853e-15,0,9.04151592653e-15,nan,nan,7.31526259591e-15,nan,nan
19700,2.09901779763e-15,0,9.19180893807e-15,nan,nan,7.36255933486e-15,nan,nan
19704,2.1001024996e-15,0,9.30109289708e-15,nan,nan,7.28818852671e-15,nan,nan
19708,2.0976828762e-15,0,9.04369415554e-15,nan,nan,7.33801885591e-15,nan,nan
19712,2.0964862059e-15,0,9.45147274074e-15,nan,nan,7.30425589422e-15,nan,nan
19716,2.09406280226e-15,0,9.04477562099e-15,nan,nan,7.27874088821e-15,nan,nan
19720,2.0943878928e-15,0,9.47597350891e-15,nan,nan,7.3313799331e-15,nan,nan
19724,2.09116846773e-15,0,9.11968380602e-15,nan,nan,7.24193519347e-15,nan,nan
19728,2.0907432346e-15,0,9.48719699508e-15,nan,nan,7.30720732417e-15,nan,nan
19732,2.08900500453e-15,0,9.20169820068e-15,nan,nan,7.26462669507e-15,nan,nan
19736,2.08826582932e-15,0,9.46709891963e-15,nan,nan,7.24194259851e-15,nan,nan
19740,2.08654306143e-15,0,9.35697220495e-15,nan,nan,7.29229241786e-15,nan,nan
19744,2.08546539587e-15,0,9.36263121368e-15,nan,nan,7.20890000006e-15,nan,nan
19748,2.0841712825e-15,0,9.55598236319e-15,nan,nan,7.26782646699e-15,nan,nan
19752,2.0828961483e-15,0,9.27848720704e-15,nan,nan,7.22365239294e-15,nan,nan
19756,2.08052510298e-15,0,9.67321417023e-15,nan,nan,7.21629407266e-15,nan,nan
19760,2.07959341742e-15,0,9.30355642247e-15,nan,nan,7.2408590593e-15,nan,nan
19764,2.07853196674e-15,0,9.70341368727e-15,nan,nan,7.18068912332e-15,nan,nan
19768,2.07714144578e-15,0,9.38053295487e-15,nan,nan,7.23364928738e-15,nan,nan
19772,2.07570612764e-15,0,9.70535745108e-15,nan,nan,7.17388450534e-15,nan,nan
19776,2.07288975296e-15,0,9.49404925946e-15,nan,nan,7.19457960216e-15,nan,nan
19780,2.07401344997e-15,0,9.64782697965e-15,nan,nan,7.19543006851e-15,nan,nan
19784,2.07144165192e-15,0,9.67947390277e-15,nan,nan,7.14276106677e-15,nan,nan
19788,2.07170222619e-15,0,9.54349656154e-15,nan,nan,7.20337298933e-15,nan,nan
19792,2.06920476487e-15,0,9.8499228549e-15,nan,nan,7.13248690159e-15,nan,nan
19796,2.06666728299e-15,0,9.5113247415e-15,nan,nan,7.15625468456e-15,nan,nan
19800,2.06529984976e-15,0,9.9093809161e-15,nan,nan,7.16337636785e-15,nan,nan
19804,2.0656551238e-15,0,9.57856093923e-15,nan,nan,7.1055776335e-15,nan,nan
19808,2.06395424272e-15,0,9.91287653085e-15,nan,nan,7.15762047673e-15,nan,nan
19812,2.06147488618e-15,0,9.66503354666e-15,nan,nan,7.11127473056e-15,nan,nan
19816,2.06153258566e-15,0,9.90787593942e-15,nan,nan,7.10838484048e-15,nan,nan
19820,2.06023988944e-15,0,9.78001475125e-15,nan,nan,7.12391535812e-15,nan,nan
19824,2.05805598409e-15,0,9.84058121105e-15,nan,nan,7.08769890874e-15,nan,nan
19828,2.05651030633e-15,0,9.9602937733e-15,nan,nan,7.09682883423e-15,nan,nan
19832,2.05522225343e-15,0,9.73271216345e-15,nan,nan,7.08997709834e-15,nan,nan
19836,2.054545263e-15,0,1.01170687385e-14,nan,nan,7.07595161582e-15,nan,nan
19840,2.05276341697e-15,0,9.70800609854e-15,nan,nan,7.06821003691e-15,nan,nan
19844,2.05134283715e-15,0,1.01542440631e-14,nan,nan,7.07280728836e-15,nan,nan
19848,2.0524313308e-15,0,9.80179214396e-15,nan,nan,7.0508284201e-15,nan,nan
19852,2.04707877894e-15,0,1.01003857253e-14,nan,nan,7.04764940367e-15,nan,nan
19856,2.04848214588e-15,0,9.94965899775e-15,nan,nan,7.05369542864e-15,nan,nan
19860,2.04573145565e-15,0,1.00161231689e-14,nan,nan,7.02345566368e-15,nan,nan
19864,2.04479152482e-15,0,1.01068780134e-14,nan,nan,7.03161912843e-15,nan,nan
19868,2.04377642768e-15,0,9.93695294565e-15,nan,nan,7.02862074923e-15,nan,nan
19872,2.0434593239e-15,0,1.02283771161e-14,nan,nan,7.0017249145e-15,nan,nan
19876,2.04084435558e-15,0,9.91778278351e-15,nan,nan,7.01167284355e-15,nan,nan
19880,2.03911881576e-15,0,1.02645087623e-14,nan,nan,7.00816309449e-15,nan,nan
19884,2.0383432178e-15,0,9.97979350282e-15,nan,nan,6.97307043065e-15,nan,nan
19888,2.03742747822e-15,0,1.024315385e-14,nan,nan,7.00068347869e-15,nan,nan
19892,2.03577272729e-15,0,1.00648771659e-14,nan,nan,6.97892849199e-15,nan,nan
19896,2.03450580461e-15,0,1.02193448207e-14,nan,nan,6.94881169631e-15,nan,nan
19900,2.03468077406e-15,0,1.01474366655e-14,nan,nan,6.99572298372e-15,nan,nan
19904,2.03007811874e-15,0,1.01757274592e-14,nan,nan,6.9321694341e-15,nan,nan
19908,2.03066483066e-15,0,1.02616061503e-14,nan,nan,6.95051310958e-15,nan,nan
19912,2.02957205013e-15,0,1.0097567258e-14,nan,nan,6.96525815612e-15,nan,nan
19916,2.02863373618e-15,0,1.03782636035e-14,nan,nan,6.89945331661e-15,nan,nan
19920,2.02758037489e-15,0,1.00584236059e-14,nan,nan,6.95746742222e-15,nan,nan
19924,2.0243012586e-15,0,1.04138766438e-14,nan,nan,6.90988597088e-15,nan,nan
19928,2.02452161626e-15,0,1.01137118709e-14,nan,nan,6.90392040003e-15,nan,nan
19932,2.02215564032e-15,0,1.03650272707e-14,nan,nan,6.92791863993e-15,nan,nan
19936,2.02274388049e-15,0,1.02191339799e-14,nan,nan,6.87700711559e-15,nan,nan
19940,2.01879504392e-15,0,1.02944387499e-14,nan,nan,6.90874862491e-15,nan,nan
19944,2.01965748524e-15,0,1.03232715746e-14,nan,nan,6.87484920556e-15,nan,nan
19948,2.01725212488e-15,0,1.02287792375e-14,nan,nan,6.88330056438e-15,nan,nan
19952,2.01743009476e-15,0,1.04163341344e-14,nan,nan,6.87134164229e-15,nan,nan
19956,2.01591604912e-15,0,1.01759260294e-14,nan,nan,6.85381693104e-15,nan,nan
19960,2.01231359223e-15,0,1.04752417282e-14,nan,nan,6.87831831077e-15,nan,nan
19964,2.01256614721e-15,0,1.01715142597e-14,nan,nan,6.82038240455e-15,nan,nan
19968,2.01239695089e-15,0,1.04707249979e-14,nan,nan,6.86834244086e-15,nan,nan
19972,2.00956674886e-15,0,1.02303493167e-14,nan,nan,6.82697429579e-15,nan,nan
19976,2.00868841543e-15,0,1.04132388775e-14,nan,nan,6.81329825676e-15,nan,nan
19980,2.00725770821e-15,0,1.03236980264e-14,nan,nan,6.85594823362e-15,nan,nan
19984,2.00662173957e-15,0,1.03272709782e-14,nan,nan,6.77564038196e-15,nan,nan
19988,2.00491035232e-15,0,1.04315154117e-14,nan,nan,6.83359860857e-15,nan,nan
19992,2.00368011554e-15,0,1.0232547198e-14,nan,nan,6.79711669772e-15,nan,nan
19996,2.00202866787e-15,0,1.05227332506e-14,nan,nan,6.77569878064e-15,nan,nan
20000,2.00157989699e-15,0,1.01847118808e-14,nan,nan,6.81527851647e-15,nan,nan
20004,2.00038538875e-15,0,1.0530729963e-14,nan,nan,6.75237296148e-15,nan,nan
20008,1.99802590651e-15,0,1.02409819127e-14,nan,nan,6.78978158879e-15,nan,nan
20012,1.99723313203e-15,0,1.04380722417e-14,nan,nan,6.7596377978e-15,nan,nan
20016,1.99641049901e-15,0,1.03585833169e-14,nan,nan,6.75425831701e-15,nan,nan
20020,1.99461099947e-15,0,1.03322540215e-14,nan,nan,6.76275135215e-15,nan,nan
20024,1.99395937254e-15,0,1.04358800889e-14,nan,nan,6.72799363359e-15,nan,nan
20028,1.99150156792e-15,0,1.02921342961e-14,nan,nan,6.75699947054e-15,nan,nan
20032,1.99124522387e-15,0,1.04477288011e-14,nan,nan,6.71437477218e-15,nan,nan
20036,1.99151741909e-15,0,1.02882083012e-14,nan,nan,6.73011747015e-15,nan,nan
20040,1.98798511381e-15,0,1.04513748736e-14,nan,nan,6.724532239e-15,nan,nan
20044,1.98663537882e-15,0,1.02702959055e-14,nan,nan,6.69019984093e-15,nan,nan
20048,1.98704581601e-15,0,1.04640015927e-14,nan,nan,6.72512884754e-15,nan,nan
20052,1.98416721343e-15,0,1.02619026846e-14,nan,nan,6.68268157364e-15,nan,nan
20056,1.98307470488e-15,0,1.04411836547e-14,nan,nan,6.68706495314e-15,nan,nan
20060,1.98321594839e-15,0,1.03042864688e-14,nan,nan,6.6971777033e-15,nan,nan
20064,1.98209532639e-15,0,1.03612088593e-14,nan,nan,6.6574325301e-15,nan,nan
20068,1.97777729026e-15,0,1.03886184222e-14,nan,nan,6.67870897862e-15,nan,nan
20072,1.97964559272e-15,0,1.02562762461e-14,nan,nan,6.66410615717e-15,nan,nan
20076,1.9767240911e-15,0,1.04695771309e-14,nan,nan,6.6435789483e-15,nan,nan
20080,1.977890458e-15,0,1.01800179262e-14,nan,nan,6.65935330163e-15,nan,nan
20084,1.97291276952e-15,0,1.0492582892e-14,nan,nan,6.63617648546e-15,nan,nan
20088,1.97412015058e-15,0,1.01841605231e-14,nan,nan,6.63159363866e-15,nan,nan
20092,1.97491079984e-15,0,1.04226248138e-14,nan,nan,6.63357685163e-15,nan,nan
20096,1.96869246484e-15,0,1.02713273043e-14,nan,nan,6.61510772184e-15,nan,nan
20100,1.97022924259e-15,0,1.02977662747e-14,nan,nan,6.61668569399e-15,nan,nan
20104,1.97016207553e-15,0,1.03676092851e-14,nan,nan,6.6035109196e-15,nan,nan
20108,1.96683872192e-15,0,1.02042332219e-14,nan,nan,6.60462111589e-15,nan,nan
20112,1.96679725457e-15,0,1.0400969959e-14,nan,nan,6.58892724857e-15,nan,nan
20116,1.96455760297e-15,0,1.01778862769e-14,nan,nan,6.58432637955e-15,nan,nan
20120,1.9637962832e-15,0,1.0376454742e-14,nan,nan,6.5919421603e-15,nan,nan
20124,1.96342659957e-15,0,1.01865715877e-14,nan,nan,6.55131984588e-15,nan,nan
20128,1.96124930521e-15,0,1.03362723229e-14,nan,nan,6.58572002286e-15,nan,nan
20132,1.95978914119e-15,0,1.01991542155e-14,nan,nan,6.5535038524e-15,nan,nan
20136,1.9595696353e-15,0,1.02931625103e-14,nan,nan,6.53567147623e-15,nan,nan
20140,1.95760246634e-15,0,1.02175315348e-14,nan,nan,6.57904820835e-15,nan,nan
20144,1.95702516455e-15,0,1.02355888155e-14,nan,nan,6.50343702529e-15,nan,nan
20148,1.95433658941e-15,0,1.02530846151e-14,nan,nan,6.55055302948e-15,nan,nan
20152,1.95499500544e-15,0,1.01569444803e-14,nan,nan,6.53320111538e-15,nan,nan
20156,1.95416797498e-15,0,1.03037884579e-14,nan,nan,6.4876820781e-15,nan,nan
20160,1.95019273079e-15,0,1.0077860364e-14,nan,nan,6.54989069058e-15,nan,nan
20164,1.95159205889e-15,0,1.03269686781e-14,nan,nan,6.47675674509e-15,nan,nan
20168,1.94860161731e-15,0,1.00574931229e-14,nan,nan,6.50582187772e-15,nan,nan
20172,1.94849430029e-15,0,1.02668704254e-14,nan,nan,6.50361093656e-15,nan,nan
20176,1.94799090219e-15,0,1.01219352895e-14,nan,nan,6.46175069486e-15,nan,nan
20180,1.94448823252e-15,0,1.01467560337e-14,nan,nan,6.50170923617e-15,nan,nan
20184,1.94553273766e-15,0,1.01992455958e-14,nan,nan,6.45316011469e-15,nan,nan
20188,1.94337428137e-15,0,1.00600930691e-14,nan,nan,6.47472090138e-15,nan,nan
20192,1.94062343666e-15,0,1.02128327052e-14,nan,nan,6.45582616873e-15,nan,nan
20196,1.94158143344e-15,0,1.00352767918e-14,nan,nan,6.44399512192e-15,nan,nan
20200,1.94054857827e-15,0,1.01856857459e-14,nan,nan,6.46109041949e-15,nan,nan
20204,1.93903479103e-15,0,1.00229090249e-14,nan,nan,6.41413269559e-15,nan,nan
20208,1.93704657971e-15,0,1.01623960027e-14,nan,nan,6.4539622123e-15,nan,nan
20212,1.93699178548e-15,0,1.00101358688e-14,nan,nan,6.41259263899e-15,nan,nan
20216,1.93427896666e-15,0,1.01226682445e-14,nan,nan,6.41078472608e-15,nan,nan
20220,1.93471675397e-15,0,1.0029694048e-14,nan,nan,6.43578835279e-15,nan,nan
20224,1.93222477076e-15,0,1.00454051051e-14,nan,nan,6.37234617548e-15,nan,nan
20228,1.93116551588e-15,0,1.00739007395e-14,nan,nan,6.42185701949e-15,nan,nan
20232,1.93090453558e-15,0,9.96070232548e-15,nan,nan,6.38706499356e-15,nan,nan
20236,1.92884665362e-15,0,1.01072267839e-14,nan,nan,6.36799911988e-15,nan,nan
20240,1.92714017762e-15,0,9.90028567819e-15,nan,nan,6.40603231633e-15,nan,nan
20244,1.92788274481e-15,0,1.01067262562e-14,nan,nan,6.34616908175e-15,nan,nan
20248,1.92585801325e-15,0,9.88358816688e-15,nan,nan,6.37580691481e-15,nan,nan
20252,1.92448016319e-15,0,1.0052014033e-14,nan,nan,6.3636266709e-15,nan,nan
20256,1.92346019929e-15,0,9.92398790814e-15,nan,nan,6.33561984397e-15,nan,nan
20260,1.9212929462e-15,0,9.95239436793e-15,nan,nan,6.36179584446e-15,nan,nan
20264,1.92222280652e-15,0,9.98195280635e-15,nan,nan,6.32713272236e-15,nan,nan
20268,1.91960455735e-15,0,9.86996075427e-15,nan,nan,6.33509577115e-15,nan,nan
20272,1.91864949551e-15,0,9.99529003499e-15,nan,nan,6.32713400663e-15,nan,nan
20276,1.91712161031e-15,0,9.83597837056e-15,nan,nan,6.31347044257e-15,nan,nan
20280,1.91583218526e-15,0,9.97439926658e-15,nan,nan,6.31876146797e-15,nan,nan
20284,1.9160064066e-15,0,9.8148817427e-15,nan,nan,6.29668102793e-15,nan,nan
20288,1.91445091179e-15,0,9.95240105984e-15,nan,nan,6.30797509874e-15,nan,nan
20292,1.91205471097e-15,0,9.80174876997e-15,nan,nan,6.28590647791e-15,nan,nan
20296,1.91308206517e-15,0,9.90568256629e-15,nan,nan,6.2851999094e-15,nan,nan
20300,1.90942379917e-15,0,9.82790996347e-15,nan,nan,6.2888015973e-15,nan,nan
20304,1.9096904981e-15,0,9.82151493018e-15,nan,nan,6.256095577e-15,nan,nan
20308,1.90855288469e-15,0,9.86998591018e-15,nan,nan,6.28299703992e-15,nan,nan
20312,1.90653134553e-15,0,9.74628438921e-15,nan,nan,6.2507534225e-15,nan,nan
20316,1.90560647986e-15,0,9.88470996791e-15,nan,nan,6.2484722808e-15,nan,nan
20320,1.90520173078e-15,0,9.70444656789e-15,nan,nan,6.26443827017e-15,nan,nan
20324,1.90369481173e-15,0,9.87049769856e-15,nan,nan,6.21570032052e-15,nan,nan
20328,1.90302661997e-15,0,9.69038870815e-15,nan,nan,6.25470840393e-15,nan,nan
20332,1.90130831812e-15,0,9.82243537794e-15,nan,nan,6.21864067544e-15,nan,nan
20336,1.90026051118e-15,0,9.71879985481e-15,nan,nan,6.2123055034e-15,nan,nan
20340,1.89797009218e-15,0,9.73419390354e-15,nan,nan,6.23677982491e-15,nan,nan
20344,1.89933716344e-15,0,9.76837484126e-15,nan,nan,6.17891417375e-15,nan,nan
20348,1.8968605576e-15,0,9.65922257439e-15,nan,nan,6.22508728609e-15,nan,nan
20352,1.895742068e-15,0,9.77129143496e-15,nan,nan,6.18528012769e-15,nan,nan
20356,1.89389778654e-15,0,9.64187935899e-15,nan,nan,6.17927715989e-15,nan,nan
20360,1.89410724575e-15,0,9.73316191259e-15,nan,nan,6.20582415319e-15,nan,nan
20364,1.89212105845e-15,0,9.63214188952e-15,nan,nan,6.14552661755e-15,nan,nan
20368,1.89102414134e-15,0,9.71663537266e-15,nan,nan,6.19277902656e-15,nan,nan
20372,1.88958936655e-15,0,9.59657760518e-15,nan,nan,6.15349034218e-15,nan,nan
20376,1.88931952232e-15,0,9.70452702153e-15,nan,nan,6.14744955991e-15,nan,nan
20380,1.88839260985e-15,0,9.59179975182e-15,nan,nan,6.17099130942e-15,nan,nan
20384,1.88692330777e-15,0,9.6379542933e-15,nan,nan,6.11855634186e-15,nan,nan
20388,1.88539059584e-15,0,9.63944353264e-15,nan,nan,6.15572285385e-15,nan,nan
20392,1.883862913e-15,0,9.54463490153e-15,nan,nan,6.12280877943e-15,nan,nan
20396,1.88309506887e-15,0,9.67821191638e-15,nan,nan,6.12028970645e-15,nan,nan
20400,1.88292985634e-15,0,9.48852617704e-15,nan,nan,6.12950682974e-15,nan,nan
20404,1.87979862301e-15,0,9.66877670254e-15,nan,nan,6.09603141191e-15,nan,nan
20408,1.8816609578e-15,0,9.48107693544e-15,nan,nan,6.11989553539e-15,nan,nan
20412,1.87835166005e-15,0,9.61514677504e-15,nan,nan,6.08689219817e-15,nan,nan
20416,1.87699575421e-15,0,9.51413639025e-15,nan,nan,6.09819562354e-15,nan,nan
20420,1.87770758877e-15,0,9.52981280411e-15,nan,nan,6.0879251726e-15,nan,nan
20424,1.87526321584e-15,0,9.56231364381e-15,nan,nan,6.06869125876e-15,nan,nan
20428,1.87396108652e-15,0,9.45595303033e-15,nan,nan,6.08995903379e-15,nan,nan
20432,1.87356344636e-15,0,9.57344815049e-15,nan,nan,6.05006904215e-15,nan,nan
20436,1.87181701078e-15,0,9.43068249517e-15,nan,nan,6.07018864764e-15,nan,nan
20440,1.8713474582e-15,0,9.54329527378e-15,nan,nan,6.05553897752e-15,nan,nan
20444,1.86956888864e-15,0,9.42582150448e-15,nan,nan,6.03625382472e-15,nan,nan
20448,1.87035754499e-15,0,9.51427934968e-15,nan,nan,6.05716470874e-15,nan,nan
20452,1.86676105822e-15,0,9.41468319474e-15,nan,nan,6.02302945608e-15,nan,nan
20456,1.86744134459e-15,0,9.4810691676e-15,nan,nan,6.03272483305e-15,nan,nan
20460,1.86563546856e-15,0,9.42606667552e-15,nan,nan,6.02675675083e-15,nan,nan
20464,1.86383015239e-15,0,9.41712002846e-15,nan,nan,6.00816606644e-15,nan,nan
20468,1.8640646385e-15,0,9.45758505642e-15,nan,nan,6.01657347232e-15,nan,nan
20472,1.86112955079e-15,0,9.35686609539e-15,nan,nan,6.00107449958e-15,nan,nan
20476,1.86194708798e-15,0,9.46300027757e-15,nan,nan,5.99712696044e-15,nan,nan
20480,1.8602476308e-15,0,9.33240417349e-15,nan,nan,5.992231507e-15,nan,nan
20484,1.85876631846e-15,0,9.44099786479e-15,nan,nan,5.98454029552e-15,nan,nan
20488,1.85820342584e-15,0,9.32345014389e-15,nan,nan,5.97937809634e-15,nan,nan
20492,1.85757824388e-15,0,9.4086437519e-15,nan,nan,5.9701648254e-15,nan,nan
20496,1.85506022124e-15,0,9.33059235793e-15,nan,nan,5.96981735063e-15,nan,nan
20500,1.85549755268e-15,0,9.35276032635e-15,nan,nan,5.95751615119e-15,nan,nan
20504,1.852197165e-15,0,9.36037369734e-15,nan,nan,5.9518811502e-15,nan,nan
20508,1.85344447855e-15,0,9.29325133738e-15,nan,nan,5.95379598877e-15,nan,nan
20512,1.85233103431e-15,0,9.3664432918e-15,nan,nan,5.93336475997e-15,nan,nan
20516,1.84960481553e-15,0,9.2750765932e-15,nan,nan,5.9380634331e-15,nan,nan
20520,1.85029217158e-15,0,9.33775434969e-15,nan,nan,5.93374375512e-15,nan,nan
20524,1.84696633575e-15,0,9.26361968974e-15,nan,nan,5.91031909584e-15,nan,nan
20528,1.84775845456e-15,0,9.33334868183e-15,nan,nan,5.92836650816e-15,nan,nan
20532,1.84574857686e-15,0,9.21991145129e-15,nan,nan,5.90641363235e-15,nan,nan
20536,1.8447584339e-15,0,9.33892263271e-15,nan,nan,5.8956470981e-15,nan,nan
20540,1.84434450714e-15,0,9.20985734133e-15,nan,nan,5.91467795276e-15,nan,nan
20544,1.84287446717e-15,0,9.27544437539e-15,nan,nan,5.87571360756e-15,nan,nan
20548,1.84312013115e-15,0,9.2742383504e-15,nan,nan,5.8908669358e-15,nan,nan
20552,1.84016588409e-15,0,9.16862164133e-15,nan,nan,5.88810149573e-15,nan,nan
20556,1.83852389372e-15,0,9.32877085372e-15,nan,nan,5.85427106226e-15,nan,nan
20560,1.83996497745e-15,0,9.11995534861e-15,nan,nan,5.88590828526e-15,nan,nan
20564,1.83744930844e-15,0,9.30395291021e-15,nan,nan,5.85124351565e-15,nan,nan
20568,1.83639200436e-15,0,9.1445683468e-15,nan,nan,5.85067060979e-15,nan,nan
20572,1.83453966162e-15,0,9.23058019185e-15,nan,nan,5.86321582688e-15,nan,nan
20576,1.83645636035e-15,0,9.1929677274e-15,nan,nan,5.82370583264e-15,nan,nan
20580,1.83166642359e-15,0,9.15245262072e-15,nan,nan,5.85140639758e-15,nan,nan
20584,1.83279667419e-15,0,9.2312313121e-15,nan,nan,5.82253816147e-15,nan,nan
20588,1.83090891544e-15,0,9.1025204396e-15,nan,nan,5.82217120202e-15,nan,nan
20592,1.8307032617e-15,0,9.22184755962e-15,nan,nan,5.82774492841e-15,nan,nan
20596,1.82935646603e-15,0,9.11161254391e-15,nan,nan,5.79568939757e-15,nan,nan
20600,1.82790440207e-15,0,9.16295245381e-15,nan,nan,5.82403627902e-15,nan,nan
20604,1.82718050103e-15,0,9.13881994367e-15,nan,nan,5.78426811084e-15,nan,nan
20608,1.82479758086e-15,0,9.12795150679e-15,nan,nan,5.79927932752e-15,nan,nan
20612,1.82669470812e-15,0,9.11412760211e-15,nan,nan,5.79464964365e-15,nan,nan
20616,1.82312154988e-15,0,9.14316577347e-15,nan,nan,5.76131362444e-15,nan,nan
20620,1.82401467364e-15,0,9.07144708229e-15,nan,nan,5.80097502137e-15,nan,nan
20624,1.82118802171e-15,0,9.13354016812e-15,nan,nan,5.74772886602e-15,nan,nan
20628,1.82077951376e-15,0,9.08369513576e-15,nan,nan,5.77096657063e-15,nan,nan
20632,1.81940392282e-15,0,9.06954364544e-15,nan,nan,5.76595494676e-15,nan,nan
20636,1.8178922635e-15,0,9.12430254222e-15,nan,nan,5.72899511645e-15,nan,nan
20640,1.81883388131e-15,0,9.01163589989e-15,nan,nan,5.77093525021e-15,nan,nan
20644,1.81750850197e-15,0,9.13535187905e-15,nan,nan,5.71834554371e-15,nan,nan
20648,1.81502436641e-15,0,8.99106199638e-15,nan,nan,5.74194055235e-15,nan,nan
20652,1.81499810156e-15,0,9.1117259735e-15,nan,nan,5.73072457307e-15,nan,nan
20656,1.81351018078e-15,0,9.00338373587e-15,nan,nan,5.70568718201e-15,nan,nan
20660,1.81261785705e-15,0,9.05359235665e-15,nan,nan,5.73690638599e-15,nan,nan
20664,1.81116980968e-15,0,9.05106248548e-15,nan,nan,5.68491539714e-15,nan,nan
20668,1.8105209855e-15,0,8.97461403314e-15,nan,nan,5.72140964821e-15,nan,nan
20672,1.80903452518e-15,0,9.08903937019e-15,nan,nan,5.68996126613e-15,nan,nan
20676,1.80879801811e-15,0,8.94007596859e-15,nan,nan,5.68108140178e-15,nan,nan
20680,1.80805410623e-15,0,9.06036702216e-15,nan,nan,5.70949731514e-15,nan,nan
20684,1.80569965163e-15,0,8.96584414606e-15,nan,nan,5.64713597027e-15,nan,nan
20688,1.80650888337e-15,0,9.00658826187e-15,nan,nan,5.69875804657e-15,nan,nan
20692,1.80437421801e-15,0,8.97646000695e-15,nan,nan,5.65797189979e-15,nan,nan
20696,1.80196283251e-15,0,8.99140836486e-15,nan,nan,5.64856125735e-15,nan,nan
20700,1.80397550601e-15,0,8.95642941963e-15,nan,nan,5.68273844001e-15,nan,nan
20704,1.80050963896e-15,0,8.97441469338e-15,nan,nan,5.61830688141e-15,nan,nan
20708,1.79987262442e-15,0,8.97134172605e-15,nan,nan,5.6636636681e-15,nan,nan
20712,1.80033022266e-15,0,8.91435947857e-15,nan,nan,5.63331048406e-15,nan,nan
20716,1.79771380736e-15,0,9.00631022399e-15,nan,nan,5.61965893055e-15,nan,nan
20720,1.79804346287e-15,0,8.87480018306e-15,nan,nan,5.64463005479e-15,nan,nan
20724,1.79621289586e-15,0,8.98885970376e-15,nan,nan,5.60009546301e-15,nan,nan
20728,1.7947752452e-15,0,8.89387096149e-15,nan,nan,5.62735859808e-15,nan,nan
20732,1.79463888646e-15,0,8.93530685736e-15,nan,nan,5.60037933841e-15,nan,nan
20736,1.79332208436e-15,0,8.9159640371e-15,nan,nan,5.60159925596e-15,nan,nan
20740,1.79291451101e-15,0,8.90200689069e-15,nan,nan,5.60310317047e-15,nan,nan
20744,1.79213107137e-15,0,8.91603395319e-15,nan,nan,5.57479948096e-15,nan,nan
20748,1.78793163727e-15,0,8.87738562136e-15,nan,nan,5.60376773491e-15,nan,nan
20752,1.79047521153e-15,0,8.92224493186e-15,nan,nan,5.55969670687e-15,nan,nan
20756,1.78838257442e-15,0,8.84659451883e-15,nan,nan,5.57969337327e-15,nan,nan
20760,1.7870362411e-15,0,8.91975752298e-15,nan,nan,5.57471642405e-15,nan,nan
20764,1.78689595075e-15,0,8.84062983767e-15,nan,nan,5.53735366819e-15,nan,nan
20768,1.78501485586e-15,0,8.88830284531e-15,nan,nan,5.58168744994e-15,nan,nan
20772,1.78402976565e-15,0,8.85145397687e-15,nan,nan,5.53037805154e-15,nan,nan
20776,1.78481107913e-15,0,8.86301367988e-15,nan,nan,5.54288571336e-15,nan,nan
20780,1.78177266572e-15,0,8.8400196846e-15,nan,nan,5.5539236487e-15,nan,nan
20784,1.78080867899e-15,0,8.85711426815e-15,nan,nan,5.50690778233e-15,nan,nan
20788,1.78098350886e-15,0,8.83030852997e-15,nan,nan,5.54375877224e-15,nan,nan
20792,1.77862723892e-15,0,8.82451957964e-15,nan,nan,5.51432376728e-15,nan,nan
20796,1.77922062791e-15,0,8.85978320444e-15,nan,nan,5.50606743972e-15,nan,nan
20800,1.77741389437e-15,0,8.76583889808e-15,nan,nan,5.52067245942e-15,nan,nan
20804,1.77687649277e-15,0,8.88269076237e-15,nan,nan,5.4916339427e-15,nan,nan
20808,1.77497720017e-15,0,8.74893906325e-15,nan,nan,5.50035132723e-15,nan,nan
20812,1.77493523399e-15,0,8.84600812941e-15,nan,nan,5.49026723229e-15,nan,nan
20816,1.77439028639e-15,0,8.78442760642e-15,nan,nan,5.48414756042e-15,nan,nan
20820,1.76996651719e-15,0,8.78353789849e-15,nan,nan,5.4780745304e-15,nan,nan
20824,1.7749945093e-15,0,8.81479267346e-15,nan,nan,5.47241514616e-15,nan,nan
20828,1.76856861459e-15,0,8.7478181009e-15,nan,nan,5.47215561426e-15,nan,nan
20832,1.77085343452e-15,0,8.81489701754e-15,nan,nan,5.45178369976e-15,nan,nan
20836,1.76785690665e-15,0,8.73340050211e-15,nan,nan,5.46525913404e-15,nan,nan
20840,1.76789198515e-15,0,8.80451510253e-15,nan,nan,5.44728624084e-15,nan,nan
20844,1.76696070583e-15,0,8.72465812465e-15,nan,nan,5.43538450405e-15,nan,nan
20848,1.76724056969e-15,0,8.78532606887e-15,nan,nan,5.45515436531e-15,nan,nan
20852,1.76297253899e-15,0,8.73096719914e-15,nan,nan,5.41679536929e-15,nan,nan
20856,1.76354298941e-15,0,8.75110561642e-15,nan,nan,5.43159315288e-15,nan,nan
20860,1.76426140948e-15,0,8.74579371924e-15,nan,nan,5.43123036219e-15,nan,nan
20864,1.76101690221e-15,0,8.71866129328e-15,nan,nan,5.39547372589e-15,nan,nan
20868,1.76269704836e-15,0,8.75021285305e-15,nan,nan,5.42822200211e-15,nan,nan
20872,1.7590418275e-15,0,8.69793258295e-15,nan,nan,5.3971022108e-15,nan,nan
20876,1.75962334895e-15,0,8.7483525201e-15,nan,nan,5.39034890031e-15,nan,nan
20880,1.75719162758e-15,0,8.67932745972e-15,nan,nan,5.4099594752e-15,nan,nan
20884,1.75894409149e-15,0,8.74282050992e-15,nan,nan,5.36984235235e-15,nan,nan
20888,1.75509519173e-15,0,8.6731895134e-15,nan,nan,5.3893259189e-15,nan,nan
20892,1.75484791669e-15,0,8.7154756237e-15,nan,nan,5.37833924651e-15,nan,nan
20896,1.75557177999e-15,0,8.69055387664e-15,nan,nan,5.35938383792e-15,nan,nan
20900,1.75363768458e-15,0,8.67609653351e-15,nan,nan,5.37580262084e-15,nan,nan
20904,1.75310422242e-15,0,8.70066181123e-15,nan,nan,5.34989390942e-15,nan,nan
20908,1.74818988987e-15,0,8.66078173526e-15,nan,nan,5.35616519844e-15,nan,nan
20912,1.75335147245e-15,0,8.68355555815e-15,nan,nan,5.34764905357e-15,nan,nan
20916,1.74947688758e-15,0,8.65967890171e-15,nan,nan,5.33751868412e-15,nan,nan
20920,1.74835330057e-15,0,8.67417343742e-15,nan,nan,5.34233842376e-15,nan,nan
20924,1.7484414473e-15,0,8.63482910916e-15,nan,nan,5.32117378957e-15,nan,nan
20928,1.74519319048e-15,0,8.68722007503e-15,nan,nan,5.33317760798e-15,nan,nan
20932,1.74776655841e-15,0,8.60641735863e-15,nan,nan,5.31368336196e-15,nan,nan
20936,1.74424918328e-15,0,8.67927501294e-15,nan,nan,5.31129317681e-15,nan,nan
20940,1.74318380557e-15,0,8.61658283146e-15,nan,nan,5.31704423817e-15,nan,nan
20944,1.74481696141e-15,0,8.63317520544e-15,nan,nan,5.28784146635e-15,nan,nan
20948,1.74195067561e-15,0,8.6481797574e-15,nan,nan,5.30840281811e-15,nan,nan
20952,1.74006310104e-15,0,8.5868120921e-15,nan,nan,5.28601504602e-15,nan,nan
20956,1.74123170928e-15,0,8.66410678899e-15,nan,nan,5.28027471683e-15,nan,nan
20960,1.7401081718e-15,0,8.56333358983e-15,nan,nan,5.29141897546e-15,nan,nan
20964,1.73764066203e-15,0,8.65697105799e-15,nan,nan,5.26009366659e-15,nan,nan
20968,1.73666404539e-15,0,8.56419059272e-15,nan,nan,5.27845144062e-15,nan,nan
20972,1.7377204444e-15,0,8.62172792358e-15,nan,nan,5.2597042584e-15,nan,nan
20976,1.73611212559e-15,0,8.59502395186e-15,nan,nan,5.25264106017e-15,nan,nan
20980,1.73465716751e-15,0,8.56510917645e-15,nan,nan,5.26153080308e-15,nan,nan
20984,1.73421322501e-15,0,8.62486799738e-15,nan,nan,5.23355420951e-15,nan,nan
20988,1.7315738904e-15,0,8.53820891878e-15,nan,nan,5.2513589425e-15,nan,nan
20992,1.73337929235e-15,0,8.60548979715e-15,nan,nan,5.22935554112e-15,nan,nan
20996,1.72967469289e-15,0,8.55910991753e-15,nan,nan,5.2265363365e-15,nan,nan
21000,1.73207467339e-15,0,8.56372481938e-15,nan,nan,5.23478021183e-15,nan,nan
21004,1.72821732698e-15,0,8.56602831546e-15,nan,nan,5.20206824043e-15,nan,nan
21008,1.72848058986e-15,0,8.56198832557e-15,nan,nan,5.22720244e-15,nan,nan
21012,1.72760375838e-15,0,8.53250929693e-15,nan,nan,5.20091553588e-15,nan,nan
21016,1.72771900001e-15,0,8.57642636416e-15,nan,nan,5.19611680391e-15,nan,nan
21020,1.72420790369e-15,0,8.51685151112e-15,nan,nan,5.21126266443e-15,nan,nan
21024,1.72470593807e-15,0,8.5504187645e-15,nan,nan,5.17229269691e-15,nan,nan
21028,1.72551562949e-15,0,8.54150590343e-15,nan,nan,5.1984323657e-15,nan,nan
21032,1.72131410468e-15,0,8.50400387042e-15,nan,nan,5.17664326066e-15,nan,nan
21036,1.72328593225e-15,0,8.56087517232e-15,nan,nan,5.16665260858e-15,nan,nan
21040,1.72071732549e-15,0,8.48033203002e-15,nan,nan,5.18237157419e-15,nan,nan
21044,1.71833323023e-15,0,8.55437436395e-15,nan,nan,5.14930371252e-15,nan,nan
21048,1.7216300249e-15,0,8.47792564544e-15,nan,nan,5.16697113036e-15,nan,nan
21052,1.7180447205e-15,0,8.53088923061e-15,nan,nan,5.14892623971e-15,nan,nan
21056,1.71767441682e-15,0,8.49228617902e-15,nan,nan,5.14437588781e-15,nan,nan
21060,1.71761271654e-15,0,8.4902690166e-15,nan,nan,5.14818000732e-15,nan,nan
21064,1.71439716503e-15,0,8.5182144132e-15,nan,nan,5.12557344246e-15,nan,nan
21068,1.716006355e-15,0,8.4544167662e-15,nan,nan,5.14171427085e-15,nan,nan
21072,1.71379194177e-15,0,8.51888820378e-15,nan,nan,5.11551798344e-15,nan,nan
21076,1.71203846368e-15,0,8.45599720135e-15,nan,nan,5.12241451461e-15,nan,nan
21080,1.71284750327e-15,0,8.48709204051e-15,nan,nan,5.11975544222e-15,nan,nan
21084,1.71183344475e-15,0,8.46907256276e-15,nan,nan,5.09478305004e-15,nan,nan
21088,1.71051971675e-15,0,8.46900551602e-15,nan,nan,5.11944788509e-15,nan,nan
21092,1.7084493228e-15,0,8.45421124369e-15,nan,nan,5.08651183151e-15,nan,nan
21096,1.7094284418e-15,0,8.47437087383e-15,nan,nan,5.09283546871e-15,nan,nan
21100,1.70846465018e-15,0,8.43610336286e-15,nan,nan,5.09779736157e-15,nan,nan
21104,1.70595411915e-15,0,8.46141046202e-15,nan,nan,5.06463978391e-15,nan,nan
21108,1.70706983521e-15,0,8.44638322027e-15,nan,nan,5.09039420514e-15,nan,nan
21112,1.70467481515e-15,0,8.42537174184e-15,nan,nan,5.06573436986e-15,nan,nan
21116,1.70442348404e-15,0,8.46510147737e-15,nan,nan,5.05936260011e-15,nan,nan
21120,1.70395253615e-15,0,8.39597521887e-15,nan,nan,5.07284016905e-15,nan,nan
21124,1.70239725163e-15,0,8.468422926e-15,nan,nan,5.04165123024e-15,nan,nan
21128,1.70138382322e-15,0,8.38641021017e-15,nan,nan,5.05604093515e-15,nan,nan
21132,1.7003857253e-15,0,8.44768054474e-15,nan,nan,5.04552101722e-15,nan,nan
21136,1.70026883264e-15,0,8.40505431346e-15,nan,nan,5.03003922153e-15,nan,nan
21140,1.69961910153e-15,0,8.399995728e-15,nan,nan,5.04403075238e-15,nan,nan
21144,1.69729184032e-15,0,8.43871192941e-15,nan,nan,5.01937602186e-15,nan,nan
21148,1.69843080784e-15,0,8.36120918456e-15,nan,nan,5.02498182032e-15,nan,nan
21152,1.6961139301e-15,0,8.43684299923e-15,nan,nan,5.02160824911e-15,nan,nan
21156,1.69480500451e-15,0,8.37214287261e-15,nan,nan,5.00146574675e-15,nan,nan
21160,1.69554746698e-15,0,8.39443608561e-15,nan,nan,5.01901868715e-15,nan,nan
21164,1.69409370734e-15,0,8.39458388601e-15,nan,nan,4.99122272231e-15,nan,nan
21168,1.69393609629e-15,0,8.37403834565e-15,nan,nan,4.99831110128e-15,nan,nan
21172,1.69060105101e-15,0,8.37620522012e-15,nan,nan,4.9976268406e-15,nan,nan
21176,1.69230292833e-15,0,8.38814467894e-15,nan,nan,4.96960117312e-15,nan,nan
21180,1.69143214678e-15,0,8.34996562723e-15,nan,nan,4.99839288784e-15,nan,nan
21184,1.6883308315e-15,0,8.38051470604e-15,nan,nan,4.96067903329e-15,nan,nan
21188,1.68850916128e-15,0,8.36004001672e-15,nan,nan,4.97247651828e-15,nan,nan
21192,1.68830272456e-15,0,8.34396538777e-15,nan,nan,4.97346633638e-15,nan,nan
21196,1.68754763129e-15,0,8.37789496078e-15,nan,nan,4.93981466581e-15,nan,nan
21200,1.68573951861e-15,0,8.32012054259e-15,nan,nan,4.97548864268e-15,nan,nan
21204,1.68569868258e-15,0,8.37494100649e-15,nan,nan,4.930759388e-15,nan,nan
21208,1.68472756814e-15,0,8.31402429866e-15,nan,nan,4.95025720491e-15,nan,nan
21212,1.68427928774e-15,0,8.36019765427e-15,nan,nan,4.94294825328e-15,nan,nan
21216,1.68059693043e-15,0,8.31852978301e-15,nan,nan,4.91574896565e-15,nan,nan
21220,1.68352362147e-15,0,8.33092191066e-15,nan,nan,4.95081748827e-15,nan,nan
21224,1.68163776933e-15,0,8.33987275468e-15,nan,nan,4.89793256524e-15,nan,nan
21228,1.68121753811e-15,0,8.29350602193e-15,nan,nan,4.93358126899e-15,nan,nan
21232,1.67857401349e-15,0,8.3506598483e-15,nan,nan,4.90857034648e-15,nan,nan
21236,1.67786074409e-15,0,8.28515340939e-15,nan,nan,4.89238871238e-15,nan,nan
21240,1.6764091229e-15,0,8.32593793369e-15,nan,nan,4.92820173158e-15,nan,nan
21244,1.67983400738e-15,0,8.29997922006e-15,nan,nan,4.86412789255e-15,nan,nan
21248,1.67565564612e-15,0,8.30232442504e-15,nan,nan,4.91495860668e-15,nan,nan
21252,1.67380581366e-15,0,8.29409014687e-15,nan,nan,4.87756286223e-15,nan,nan
21256,1.67655307162e-15,0,8.30275120391e-15,nan,nan,4.86862667203e-15,nan,nan
21260,1.67300930214e-15,0,8.27891262586e-15,nan,nan,4.90105591415e-15,nan,nan
21264,1.67385850646e-15,0,8.29114800309e-15,nan,nan,4.8390501425e-15,nan,nan
21268,1.66975039898e-15,0,8.28777264438e-15,nan,nan,4.8898274305e-15,nan,nan
21272,1.67229375305e-15,0,8.26025149397e-15,nan,nan,4.846352354e-15,nan,nan
21276,1.67026161012e-15,0,8.29924548402e-15,nan,nan,4.85337073194e-15,nan,nan
21280,1.67044263798e-15,0,8.24432700749e-15,nan,nan,4.86289361736e-15,nan,nan
21284,1.66879335245e-15,0,8.28878544266e-15,nan,nan,4.82074102403e-15,nan,nan
21288,1.66603785796e-15,0,8.24485360285e-15,nan,nan,4.86705326081e-15,nan,nan
21292,1.66895674801e-15,0,8.27213727128e-15,nan,nan,4.80721803572e-15,nan,nan
21296,1.66524577148e-15,0,8.24619151069e-15,nan,nan,4.84509696328e-15,nan,nan
21300,1.66636952984e-15,0,8.25143556151e-15,nan,nan,4.82464327839e-15,nan,nan
21304,1.66496979297e-15,0,8.2587465198e-15,nan,nan,4.79690746333e-15,nan,nan
21308,1.66279173835e-15,0,8.22027454867e-15,nan,nan,4.84926962329e-15,nan,nan
21312,1.66314176167e-15,0,8.26889906509e-15,nan,nan,4.77058524755e-15,nan,nan
21316,1.66085187885e-15,0,8.20982791399e-15,nan,nan,4.82604919382e-15,nan,nan
21320,1.66414130697e-15,0,8.24700368209e-15,nan,nan,4.79855854401e-15,nan,nan
21324,1.66043476061e-15,0,8.22593676094e-15,nan,nan,4.76927885602e-15,nan,nan
21328,1.65906036211e-15,0,8.21926734819e-15,nan,nan,4.82213023022e-15,nan,nan
21332,1.65852520201e-15,0,8.22478503527e-15,nan,nan,4.75262619393e-15,nan,nan
21336,1.65743142414e-15,0,8.21991715494e-15,nan,nan,4.79157029018e-15,nan,nan
21340,1.65904327301e-15,0,8.20381396193e-15,nan,nan,4.77572213351e-15,nan,nan
21344,1.65555529915e-15,0,8.21908581377e-15,nan,nan,4.75321097208e-15,nan,nan
21348,1.65589403571e-15,0,8.20350456535e-15,nan,nan,4.77770396781e-15,nan,nan
21352,1.65568632036e-15,0,8.19307669726e-15,nan,nan,4.74619667292e-15,nan,nan
21356,1.65312733011e-15,0,8.21662214154e-15,nan,nan,4.75851110211e-15,nan,nan
21360,1.65395847668e-15,0,8.17260559279e-15,nan,nan,4.7423062464e-15,nan,nan
21364,1.65277024754e-15,0,8.21077123756e-15,nan,nan,4.74684636077e-15,nan,nan
21368,1.65226675565e-15,0,8.17222053238e-15,nan,nan,4.73400764467e-15,nan,nan
21372,1.65058003325e-15,0,8.19424826955e-15,nan,nan,4.72934074943e-15,nan,nan
21376,1.65075185893e-15,0,8.17173651927e-15,nan,nan,4.73720230755e-15,nan,nan
21380,1.64813619648e-15,0,8.18140483836e-15,nan,nan,4.70704585291e-15,nan,nan
21384,1.64960019398e-15,0,8.17213103889e-15,nan,nan,4.72906961337e-15,nan,nan
21388,1.64681101978e-15,0,8.1623563193e-15,nan,nan,4.70837917508e-15,nan,nan
21392,1.64871130807e-15,0,8.17942986721e-15,nan,nan,4.70097875692e-15,nan,nan
21396,1.64611510778e-15,0,8.14218261752e-15,nan,nan,4.71236526238e-15,nan,nan
21400,1.64486579581e-15,0,8.17969515162e-15,nan,nan,4.68887883012e-15,nan,nan
21404,1.64488440075e-15,0,8.13345056397e-15,nan,nan,4.69308551918e-15,nan,nan
21408,1.64241478897e-15,0,8.16956319579e-15,nan,nan,4.69021990217e-15,nan,nan
21412,1.64425687176e-15,0,8.13088287113e-15,nan,nan,4.67941054492e-15,nan,nan
21416,1.64304517801e-15,0,8.15589594537e-15,nan,nan,4.6732667961e-15,nan,nan
21420,1.64047133386e-15,0,8.13566468816e-15,nan,nan,4.68080846307e-15,nan,nan
21424,1.6419378402e-15,0,8.12839342542e-15,nan,nan,4.65840912206e-15,nan,nan
21428,1.64041148212e-15,0,8.15519395908e-15,nan,nan,4.66320044723e-15,nan,nan
21432,1.63835762471e-15,0,8.09607717538e-15,nan,nan,4.66600440274e-15,nan,nan
21436,1.6379222257e-15,0,8.16113607034e-15,nan,nan,4.63637497237e-15,nan,nan
21440,1.63907714509e-15,0,8.09456992422e-15,nan,nan,4.66172913143e-15,nan,nan
21444,1.63586961852e-15,0,8.13149268587e-15,nan,nan,4.63551087815e-15,nan,nan
21448,1.63578747435e-15,0,8.11806088803e-15,nan,nan,4.63440604505e-15,nan,nan
21452,1.63610554139e-15,0,8.09713306239e-15,nan,nan,4.64156783746e-15,nan,nan
21456,1.63464140847e-15,0,8.12696167921e-15,nan,nan,4.61682600912e-15,nan,nan
21460,1.63418650063e-15,0,8.08731773093e-15,nan,nan,4.631516965e-15,nan,nan
21464,1.63446802053e-15,0,8.11294376916e-15,nan,nan,4.61027151417e-15,nan,nan
21468,1.63026818256e-15,0,8.09209630327e-15,nan,nan,4.61881817827e-15,nan,nan
21472,1.63244745498e-15,0,8.09280216665e-15,nan,nan,4.60348861629e-15,nan,nan
21476,1.63150105768e-15,0,8.09799216517e-15,nan,nan,4.60121804634e-15,nan,nan
21480,1.62808708463e-15,0,8.07544898904e-15,nan,nan,4.60859788122e-15,nan,nan
21484,1.6297546892e-15,0,8.09466068192e-15,nan,nan,4.57462846849e-15,nan,nan
21488,1.62963179798e-15,0,8.07733067436e-15,nan,nan,4.60763256483e-15,nan,nan
21492,1.62671778592e-15,0,8.06490113563e-15,nan,nan,4.57236534382e-15,nan,nan
21496,1.62717440372e-15,0,8.10092668275e-15,nan,nan,4.57373949061e-15,nan,nan
21500,1.62695322037e-15,0,8.03224434907e-15,nan,nan,4.59318042849e-15,nan,nan
21504,1.62568491917e-15,0,8.10075999473e-15,nan,nan,4.54311933515e-15,nan,nan
21508,1.62506621258e-15,0,8.04605885286e-15,nan,nan,4.58331719302e-15,nan,nan
21512,1.62329038174e-15,0,8.0499744007e-15,nan,nan,4.5541241992e-15,nan,nan
21516,1.62441922337e-15,0,8.09253272503e-15,nan,nan,4.54330003155e-15,nan,nan
21520,1.62196271874e-15,0,7.99998792419e-15,nan,nan,4.56886372426e-15,nan,nan
21524,1.62135895737e-15,0,8.10218708237e-15,nan,nan,4.52518444849e-15,nan,nan
21528,1.62088759108e-15,0,8.00776211539e-15,nan,nan,4.55139878303e-15,nan,nan
21532,1.62040688524e-15,0,8.05742058263e-15,nan,nan,4.5328268151e-15,nan,nan
21536,1.61923712912e-15,0,8.04776416641e-15,nan,nan,4.52382657893e-15,nan,nan
21540,1.61998325369e-15,0,8.00953567959e-15,nan,nan,4.53648760276e-15,nan,nan
21544,1.6183099399e-15,0,8.06766104053e-15,nan,nan,4.50698505931e-15,nan,nan
21548,1.61538340501e-15,0,7.99363790187e-15,nan,nan,4.52849627044e-15,nan,nan
21552,1.61794129105e-15,0,8.05405338872e-15,nan,nan,4.50187744251e-15,nan,nan
21556,1.61603719885e-15,0,8.00596563529e-15,nan,nan,4.50672811661e-15,nan,nan
21560,1.61529930631e-15,0,8.02146579e-15,nan,nan,4.51072882069e-15,nan,nan
21564,1.61449875545e-15,0,8.02515522937e-15,nan,nan,4.4790392351e-15,nan,nan
21568,1.61335934269e-15,0,7.99603058224e-15,nan,nan,4.51030050134e-15,nan,nan
21572,1.61365268189e-15,0,8.02467002305e-15,nan,nan,4.47638309164e-15,nan,nan
21576,1.61072372231e-15,0,7.99747037553e-15,nan,nan,4.47945015832e-15,nan,nan
21580,1.61279385947e-15,0,8.0000200829e-15,nan,nan,4.49248681019e-15,nan,nan
21584,1.61092962461e-15,0,8.00995433749e-15,nan,nan,4.45305157349e-15,nan,nan
21588,1.61041099658e-15,0,7.9824927659e-15,nan,nan,4.48274994533e-15,nan,nan
21592,1.60789811699e-15,0,8.00072517216e-15,nan,nan,4.45942860911e-15,nan,nan
21596,1.60869550081e-15,0,7.99125667226e-15,nan,nan,4.45169808397e-15,nan,nan
21600,1.60804611685e-15,0,7.9732519503e-15,nan,nan,4.46615921249e-15,nan,nan
21604,1.60788828502e-15,0,8.00267484767e-15,nan,nan,4.43712639943e-15,nan,nan
21608,1.60648498757e-15,0,7.95863433792e-15,nan,nan,4.45232724788e-15,nan,nan
21612,1.60438327201e-15,0,7.99270537512e-15,nan,nan,4.4358422907e-15,nan,nan
21616,1.60710301629e-15,0,7.96427841116e-15,nan,nan,4.4354212491e-15,nan,nan
21620,1.60344947079e-15,0,7.97042112323e-15,nan,nan,4.43350560163e-15,nan,nan
21624,1.60367668606e-15,0,7.97301979311e-15,nan,nan,4.41735415839e-15,nan,nan
21628,1.60207047202e-15,0,7.95233275344e-15,nan,nan,4.43406426239e-15,nan,nan
21632,1.60225177801e-15,0,7.97385183027e-15,nan,nan,4.40213185136e-15,nan,nan
21636,1.60217995547e-15,0,7.94283520501e-15,nan,nan,4.41965505707e-15,nan,nan
21640,1.60121627798e-15,0,7.96631727997e-15,nan,nan,4.41106711683e-15,nan,nan
21644,1.59862561626e-15,0,7.94097694654e-15,nan,nan,4.38512202464e-15,nan,nan
21648,1.59947462667e-15,0,7.95308767738e-15,nan,nan,4.42026524531e-15,nan,nan
21652,1.59867251001e-15,0,7.94097915733e-15,nan,nan,4.3760020325e-15,nan,nan
21656,1.59883083491e-15,0,7.94369848046e-15,nan,nan,4.39023448365e-15,nan,nan
21660,1.59696439951e-15,0,7.9340033198e-15,nan,nan,4.39758523286e-15,nan,nan
21664,1.59597895395e-15,0,7.93938250522e-15,nan,nan,4.35672953108e-15,nan,nan
21668,1.59640094671e-15,0,7.92957414896e-15,nan,nan,4.3933690888e-15,nan,nan
21672,1.59536742624e-15,0,7.92341197671e-15,nan,nan,4.36253688104e-15,nan,nan
21676,1.5933955614e-15,0,7.94041149933e-15,nan,nan,4.3591901909e-15,nan,nan
21680,1.59436624359e-15,0,7.89752308135e-15,nan,nan,4.3736805205e-15,nan,nan
21684,1.59295699709e-15,0,7.94703089864e-15,nan,nan,4.34270482914e-15,nan,nan
21688,1.59168288258e-15,0,7.89331440543e-15,nan,nan,4.35980434811e-15,nan,nan
21692,1.59266157006e-15,0,7.9218095887e-15,nan,nan,4.34300071186e-15,nan,nan
21696,1.59116759675e-15,0,7.91699427534e-15,nan,nan,4.34309054136e-15,nan,nan
21700,1.58922171882e-15,0,7.8867457007e-15,nan,nan,4.33885401274e-15,nan,nan
21704,1.59081595889e-15,0,7.92671855282e-15,nan,nan,4.32758431436e-15,nan,nan
21708,1.58792831791e-15,0,7.88220508948e-15,nan,nan,4.33927879921e-15,nan,nan
21712,1.58799668666e-15,0,7.90552391216e-15,nan,nan,4.30916624243e-15,nan,nan
21716,1.58831168845e-15,0,7.89449060172e-15,nan,nan,4.33143902013e-15,nan,nan
21720,1.5867667307e-15,0,7.8880726939e-15,nan,nan,4.31276063958e-15,nan,nan
21724,1.58526259849e-15,0,7.88830399542e-15,nan,nan,4.29799480559e-15,nan,nan
21728,1.58645037741e-15,0,7.88916693036e-15,nan,nan,4.32750639045e-15,nan,nan
21732,1.58470529388e-15,0,7.87582688486e-15,nan,nan,4.27951619143e-15,nan,nan
21736,1.5827789785e-15,0,7.88281484247e-15,nan,nan,4.30639620607e-15,nan,nan
21740,1.58487492465e-15,0,7.87645595366e-15,nan,nan,4.29853937368e-15,nan,nan
21744,1.58272974913e-15,0,7.86899113632e-15,nan,nan,4.26872255274e-15,nan,nan
21748,1.58191872811e-15,0,7.87301737966e-15,nan,nan,4.30408750036e-15,nan,nan
21752,1.58063256188e-15,0,7.86620197504e-15,nan,nan,4.26483466471e-15,nan,nan
21756,1.58100809867e-15,0,7.86329937714e-15,nan,nan,4.27526636027e-15,nan,nan
21760,1.58088325033e-15,0,7.85791308382e-15,nan,nan,4.27749122017e-15,nan,nan
21764,1.57918458091e-15,0,7.86838413814e-15,nan,nan,4.25340601758e-15,nan,nan
21768,1.57893652243e-15,0,7.83671103488e-15,nan,nan,4.27027027836e-15,nan,nan
21772,1.57763467311e-15,0,7.8713464226e-15,nan,nan,4.2494336484e-15,nan,nan
21776,1.57693343887e-15,0,7.83666464729e-15,nan,nan,4.25552404665e-15,nan,nan
21780,1.57746941944e-15,0,7.84421970113e-15,nan,nan,4.24515586205e-15,nan,nan
21784,1.57473678137e-15,0,7.85735645181e-15,nan,nan,4.24122333213e-15,nan,nan
21788,1.57719899356e-15,0,7.82043439284e-15,nan,nan,4.24490119091e-15,nan,nan
21792,1.57354290866e-15,0,7.85156648669e-15,nan,nan,4.22193721226e-15,nan,nan
21796,1.57494873734e-15,0,7.83028679236e-15,nan,nan,4.24179220967e-15,nan,nan
21800,1.57365446248e-15,0,7.82631495444e-15,nan,nan,4.2176086684e-15,nan,nan
21804,1.57140866986e-15,0,7.83283650591e-15,nan,nan,4.21728570339e-15,nan,nan
21808,1.5730317166e-15,0,7.82900082536e-15,nan,nan,4.22873798379e-15,nan,nan
21812,1.57099431227e-15,0,7.80724962066e-15,nan,nan,4.19509955383e-15,nan,nan
21816,1.57039502855e-15,0,7.83992268797e-15,nan,nan,4.21893624217e-15,nan,nan
21820,1.57023414647e-15,0,7.8005003948e-15,nan,nan,4.20089730779e-15,nan,nan
21824,1.56988716358e-15,0,7.81650674302e-15,nan,nan,4.19004644506e-15,nan,nan
21828,1.56894906513e-15,0,7.82245903857e-15,nan,nan,4.20643247559e-15,nan,nan
21832,1.5672172114e-15,0,7.78621479658e-15,nan,nan,4.17900159722e-15,nan,nan
21836,1.56794615088e-15,0,7.82843506868e-15,nan,nan,4.1893641226e-15,nan,nan
21840,1.56660124448e-15,0,7.78257671271e-15,nan,nan,4.18245129006e-15,nan,nan
21844,1.56660580582e-15,0,7.81264892939e-15,nan,nan,4.17135688739e-15,nan,nan
21848,1.56582189818e-15,0,7.78758074314e-15,nan,nan,4.17730747872e-15,nan,nan
21852,1.56417182101e-15,0,7.79731250092e-15,nan,nan,4.16324930685e-15,nan,nan
21856,1.56642971125e-15,0,7.79344601371e-15,nan,nan,4.16615285817e-15,nan,nan
21860,1.56222905029e-15,0,7.77521603965e-15,nan,nan,4.15784660649e-15,nan,nan
21864,1.56275981994e-15,0,7.8066659055e-15,nan,nan,4.1529923436e-15,nan,nan
21868,1.56335059686e-15,0,7.75722751988e-15,nan,nan,4.15433194655e-15,nan,nan
21872,1.56310305491e-15,0,7.79756061742e-15,nan,nan,4.14034818506e-15,nan,nan
21876,1.55893818741e-15,0,7.7730667812e-15,nan,nan,4.14526439823e-15,nan,nan
21880,1.5610229396e-15,0,7.76091331884e-15,nan,nan,4.13797734643e-15,nan,nan
21884,1.55951530844e-15,0,7.79210581742e-15,nan,nan,4.12718595005e-15,nan,nan
21888,1.55866968604e-15,0,7.74996494317e-15,nan,nan,4.1361091603e-15,nan,nan
21892,1.55910467894e-15,0,7.76994770783e-15,nan,nan,4.11987155743e-15,nan,nan
21896,1.55721749713e-15,0,7.77311700849e-15,nan,nan,4.11822131774e-15,nan,nan
21900,1.55737636124e-15,0,7.73952758268e-15,nan,nan,4.12296554219e-15,nan,nan
21904,1.55711085392e-15,0,7.77592437868e-15,nan,nan,4.10272284984e-15,nan,nan
21908,1.55613869017e-15,0,7.74363779923e-15,nan,nan,4.11167068613e-15,nan,nan
21912,1.5567291025e-15,0,7.75043515875e-15,nan,nan,4.10441964539e-15,nan,nan
21916,1.55550357055e-15,0,7.75759369425e-15,nan,nan,4.0922756964e-15,nan,nan
21920,1.55328661192e-15,0,7.73242326303e-15,nan,nan,4.10072920773e-15,nan,nan
21924,1.55279289991e-15,0,7.75796329295e-15,nan,nan,4.086262298e-15,nan,nan
21928,1.55285705299e-15,0,7.72355020134e-15,nan,nan,4.08644592023e-15,nan,nan
21932,1.55220822825e-15,0,7.75544484314e-15,nan,nan,4.08185240137e-15,nan,nan
21936,1.55137315175e-15,0,7.71915142821e-15,nan,nan,4.07745186613e-15,nan,nan
21940,1.55092487652e-15,0,7.73918483263e-15,nan,nan,4.07332371652e-15,nan,nan
21944,1.55097944337e-15,0,7.73601807165e-15,nan,nan,4.0650328523e-15,nan,nan
21948,1.55077349323e-15,0,7.70668314884e-15,nan,nan,4.07309069632e-15,nan,nan
21952,1.54950869033e-15,0,7.75077495804e-15,nan,nan,4.04959075762e-15,nan,nan
21956,1.54836340649e-15,0,7.69776766425e-15,nan,nan,4.06286666153e-15,nan,nan
21960,1.54898452363e-15,0,7.73071423139e-15,nan,nan,4.05508542622e-15,nan,nan
21964,1.54496573049e-15,0,7.71592010152e-15,nan,nan,4.03334007285e-15,nan,nan
21968,1.5465524003e-15,0,7.70611729951e-15,nan,nan,4.06325109767e-15,nan,nan
21972,1.54689880879e-15,0,7.7167191693e-15,nan,nan,4.02431593132e-15,nan,nan
21976,1.54579898447e-15,0,7.70663349782e-15,nan,nan,4.03678181938e-15,nan,nan
21980,1.54525381866e-15,0,7.70283947837e-15,nan,nan,4.04310386926e-15,nan,nan
21984,1.54530333922e-15,0,7.70269439001e-15,nan,nan,4.0069788582e-15,nan,nan
21988,1.54385264137e-15,0,7.7064442639e-15,nan,nan,4.0394351766e-15,nan,nan
21992,1.54317810964e-15,0,7.68360074869e-15,nan,nan,4.01163352755e-15,nan,nan
21996,1.54089911443e-15,0,7.70942029208e-15,nan,nan,4.01045888574e-15,nan,nan
22000,1.54186453698e-15,0,7.68254355097e-15,nan,nan,4.01957868813e-15,nan,nan
22004,1.54188609807e-15,0,7.68918660023e-15,nan,nan,3.99656879656e-15,nan,nan
22008,1.54173763374e-15,0,7.69397016825e-15,nan,nan,4.00848190913e-15,nan,nan
22012,1.54078983802e-15,0,7.67462163546e-15,nan,nan,3.99315243066e-15,nan,nan
22016,1.53951105365e-15,0,7.68691613618e-15,nan,nan,3.99779064711e-15,nan,nan
22020,1.53816001805e-15,0,7.67896264063e-15,nan,nan,3.9858245228e-15,nan,nan
22024,1.53832509617e-15,0,7.67260903494e-15,nan,nan,3.98478938113e-15,nan,nan
22028,1.53706227768e-15,0,7.67733864663e-15,nan,nan,3.9889633436e-15,nan,nan
22032,1.53723024923e-15,0,7.66916586136e-15,nan,nan,3.96333491266e-15,nan,nan
22036,1.53895748019e-15,0,7.66880100021e-15,nan,nan,3.98723138408e-15,nan,nan
22040,1.53616172697e-15,0,7.66556559674e-15,nan,nan,3.96253862595e-15,nan,nan
22044,1.53364365727e-15,0,7.66309172175e-15,nan,nan,3.95906166958e-15,nan,nan
22048,1.53477283003e-15,0,7.66395396433e-15,nan,nan,3.97649734817e-15,nan,nan
22052,1.53266755256e-15,0,7.64847207882e-15,nan,nan,3.93970002206e-15,nan,nan
22056,1.53710186388e-15,0,7.67194582825e-15,nan,nan,3.96189215413e-15,nan,nan
22060,1.53324419381e-15,0,7.63408873735e-15,nan,nan,3.95162887607e-15,nan,nan
22064,1.53300625325e-15,0,7.66436954124e-15,nan,nan,3.93263357206e-15,nan,nan
22068,1.53054379743e-15,0,7.64673024744e-15,nan,nan,3.95360666884e-15,nan,nan
22072,1.52973344205e-15,0,7.63172636652e-15,nan,nan,3.9293090184e-15,nan,nan
22076,1.53162222078e-15,0,7.66816840886e-15,nan,nan,3.93182367418e-15,nan,nan
22080,1.53275746201e-15,0,7.61136279611e-15,nan,nan,3.93373645997e-15,nan,nan
22084,1.52989479222e-15,0,7.66202204521e-15,nan,nan,3.91936578036e-15,nan,nan
22088,1.52677483424e-15,0,7.62193244189e-15,nan,nan,3.92267357406e-15,nan,nan
22092,1.52783294498e-15,0,7.63378918561e-15,nan,nan,3.91577346888e-15,nan,nan
22096,1.52927766699e-15,0,7.64060710828e-15,nan,nan,3.91335915134e-15,nan,nan
22100,1.52925176558e-15,0,7.60938195855e-15,nan,nan,3.90653214824e-15,nan,nan
22104,1.52686214119e-15,0,7.64830638478e-15,nan,nan,3.90528920306e-15,nan,nan
22108,1.52416642889e-15,0,7.60089380294e-15,nan,nan,3.90286903005e-15,nan,nan
22112,1.52470251615e-15,0,7.63578081188e-15,nan,nan,3.89063438295e-15,nan,nan
22116,1.52604087917e-15,0,7.61451884696e-15,nan,nan,3.8979600714e-15,nan,nan
22120,1.52660250102e-15,0,7.6054908275e-15,nan,nan,3.88815603057e-15,nan,nan
22124,1.52390204435e-15,0,7.63302102826e-15,nan,nan,3.87810332769e-15,nan,nan
22128,1.52124420481e-15,0,7.58959279998e-15,nan,nan,3.89077338154e-15,nan,nan
22132,1.52327436446e-15,0,7.62044615585e-15,nan,nan,3.86937432888e-15,nan,nan
22136,1.52226435765e-15,0,7.60842038278e-15,nan,nan,3.8711684251e-15,nan,nan
22140,1.52392875046e-15,0,7.58666637525e-15,nan,nan,3.87903095291e-15,nan,nan
22144,1.52085909012e-15,0,7.623348793e-15,nan,nan,3.85171989902e-15,nan,nan
22148,1.51867609451e-15,0,7.58089006846e-15,nan,nan,3.86934955789e-15,nan,nan
22152,1.52233432831e-15,0,7.60109952119e-15,nan,nan,3.85806085671e-15,nan,nan
22156,1.52004127003e-15,0,7.60263339951e-15,nan,nan,3.84417259618e-15,nan,nan
22160,1.51918125003e-15,0,7.57316896677e-15,nan,nan,3.86007152071e-15,nan,nan
22164,1.5152264477e-15,0,7.60915618956e-15,nan,nan,3.83807867496e-15,nan,nan
22168,1.51772305851e-15,0,7.57058955016e-15,nan,nan,3.84305046457e-15,nan,nan
22172,1.52143528244e-15,0,7.59324443585e-15,nan,nan,3.83886137165e-15,nan,nan
22176,1.51653785816e-15,0,7.57910938966e-15,nan,nan,3.83255068627e-15,nan,nan
22180,1.51435794707e-15,0,7.57662360408e-15,nan,nan,3.8305827169e-15,nan,nan
22184,1.51459564159e-15,0,7.58430428021e-15,nan,nan,3.82246545185e-15,nan,nan
22188,1.51809936112e-15,0,7.56371240341e-15,nan,nan,3.83071307038e-15,nan,nan
22192,1.51496474919e-15,0,7.58566347728e-15,nan,nan,3.80563413068e-15,nan,nan
22196,1.51195719386e-15,0,7.5576616246e-15,nan,nan,3.82444616358e-15,nan,nan
22200,1.51293706437e-15,0,7.57574568886e-15,nan,nan,3.81063367254e-15,nan,nan
22204,1.51706582415e-15,0,7.5637230763e-15,nan,nan,3.7927490386e-15,nan,nan
22208,1.51066540553e-15,0,7.55863948119e-15,nan,nan,3.82554079866e-15,nan,nan
22212,1.509916061e-15,0,7.56706428364e-15,nan,nan,3.77863912628e-15,nan,nan
22216,1.51290118041e-15,0,7.55408472381e-15,nan,nan,3.80245075499e-15,nan,nan
22220,1.51198448776e-15,0,7.55554493624e-15,nan,nan,3.80084200298e-15,nan,nan
22224,1.50949754483e-15,0,7.55753310566e-15,nan,nan,3.76714879593e-15,nan,nan
22228,1.50952757001e-15,0,7.54765323681e-15,nan,nan,3.80463484898e-15,nan,nan
22232,1.51060306167e-15,0,7.54870513833e-15,nan,nan,3.76774718832e-15,nan,nan
22236,1.51000443819e-15,0,7.55274736404e-15,nan,nan,3.77766861008e-15,nan,nan
22240,1.50504410662e-15,0,7.53429019983e-15,nan,nan,3.77798916096e-15,nan,nan
22244,1.50814026589e-15,0,7.5528416651e-15,nan,nan,3.76086144419e-15,nan,nan
22248,1.5103615118e-15,0,7.53271479317e-15,nan,nan,3.77246748625e-15,nan,nan
22252,1.50544997849e-15,0,7.54003183484e-15,nan,nan,3.75235187891e-15,nan,nan
22256,1.50377540778e-15,0,7.53719560287e-15,nan,nan,3.76936365857e-15,nan,nan
22260,1.50908279658e-15,0,7.52882709867e-15,nan,nan,3.74170847688e-15,nan,nan
22264,1.50444441356e-15,0,7.53587057375e-15,nan,nan,3.75540633979e-15,nan,nan
22268,1.50205878879e-15,0,7.52374842994e-15,nan,nan,3.7538137529e-15,nan,nan
22272,1.50562717428e-15,0,7.53144759172e-15,nan,nan,3.72197603113e-15,nan,nan
22276,1.50527341415e-15,0,7.51895417361e-15,nan,nan,3.76413990029e-15,nan,nan
22280,1.50188088609e-15,0,7.52655771086e-15,nan,nan,3.71785616468e-15,nan,nan
22284,1.50259651813e-15,0,7.51657252868e-15,nan,nan,3.73087461111e-15,nan,nan
22288,1.50378273865e-15,0,7.51853235316e-15,nan,nan,3.74546007574e-15,nan,nan
22292,1.49865190886e-15,0,7.51613026169e-15,nan,nan,3.69911865525e-15,nan,nan
22296,1.50145075371e-15,0,7.51198384673e-15,nan,nan,3.73843852509e-15,nan,nan
22300,1.50399236605e-15,0,7.51135430486e-15,nan,nan,3.71316539891e-15,nan,nan
22304,1.49806463728e-15,0,7.50899985574e-15,nan,nan,3.70307408664e-15,nan,nan
22308,1.49792312284e-15,0,7.50668539608e-15,nan,nan,3.72308953752e-15,nan,nan
22312,1.50198238536e-15,0,7.50215077284e-15,nan,nan,3.69703900468e-15,nan,nan
22316,1.49658495038e-15,0,7.50728984917e-15,nan,nan,3.70219377449e-15,nan,nan
22320,1.49733336872e-15,0,7.49223875945e-15,nan,nan,3.70198798493e-15,nan,nan
22324,1.50058414069e-15,0,7.50548056306e-15,nan,nan,3.69346615573e-15,nan,nan
22328,1.49618719086e-15,0,7.49078588192e-15,nan,nan,3.68709091039e-15,nan,nan
22332,1.49391327844e-15,0,7.49336572342e-15,nan,nan,3.69306730331e-15,nan,nan
22336,1.49934424005e-15,0,7.49650685261e-15,nan,nan,3.68270467802e-15,nan,nan
22340,1.49413064445e-15,0,7.48164583573e-15,nan,nan,3.67308581752e-15,nan,nan
22344,1.49438660187e-15,0,7.49344252107e-15,nan,nan,3.68854139606e-15,nan,nan
22348,1.49688557643e-15,0,7.48309411593e-15,nan,nan,3.66374563997e-15,nan,nan
22352,1.49200039768e-15,0,7.47884292268e-15,nan,nan,3.66910255477e-15,nan,nan
22356,1.49296974881e-15,0,7.48807521061e-15,nan,nan,3.67566713887e-15,nan,nan
22360,1.49541556074e-15,0,7.47178817921e-15,nan,nan,3.64945321086e-15,nan,nan
22364,1.4908489066e-15,0,7.47785879741e-15,nan,nan,3.6657257683e-15,nan,nan
22368,1.49278628976e-15,0,7.48045379534e-15,nan,nan,3.65753446331e-15,nan,nan
22372,1.49390617305e-15,0,7.4587772984e-15,nan,nan,3.64247852014e-15,nan,nan
22376,1.48763134107e-15,0,7.48679910634e-15,nan,nan,3.65585331066e-15,nan,nan
22380,1.49167370662e-15,0,7.45336485057e-15,nan,nan,3.64298061062e-15,nan,nan
22384,1.49214150452e-15,0,7.47330739942e-15,nan,nan,3.63529269932e-15,nan,nan
22388,1.48706173791e-15,0,7.46678736462e-15,nan,nan,3.64422421636e-15,nan,nan
22392,1.49176539272e-15,0,7.44842111926e-15,nan,nan,3.63154605934e-15,nan,nan
22396,1.48717030332e-15,0,7.48031467575e-15,nan,nan,3.62595097563e-15,nan,nan
22400,1.48803971762e-15,0,7.43449204191e-15,nan,nan,3.6335916293e-15,nan,nan
22404,1.4900680555e-15,0,7.4756272882e-15,nan,nan,3.61974248643e-15,nan,nan
22408,1.48489728981e-15,0,7.44170744062e-15,nan,nan,3.61691994816e-15,nan,nan
22412,1.48742606885e-15,0,7.45172202356e-15,nan,nan,3.62283928064e-15,nan,nan
22416,1.48656555524e-15,0,7.46151519887e-15,nan,nan,3.60781007633e-15,nan,nan
22420,1.48579164418e-15,0,7.4256560751e-15,nan,nan,3.60863991673e-15,nan,nan
22424,1.48785551619e-15,0,7.47069499744e-15,nan,nan,3.61119441197e-15,nan,nan
22428,1.48310627899e-15,0,7.42202921011e-15,nan,nan,3.59704433068e-15,nan,nan
22432,1.48303017172e-15,0,7.45211714291e-15,nan,nan,3.59939744505e-15,nan,nan
22436,1.48596317867e-15,0,7.44222841862e-15,nan,nan,3.59980228057e-15,nan,nan
22440,1.48243286024e-15,0,7.42236140051e-15,nan,nan,3.58684326639e-15,nan,nan
22444,1.48439803026e-15,0,7.45683128038e-15,nan,nan,3.58921100653e-15,nan,nan
22448,1.48181025421e-15,0,7.41267224006e-15,nan,nan,3.58979284968e-15,nan,nan
22452,1.48346234567e-15,0,7.4442741379e-15,nan,nan,3.57501385426e-15,nan,nan
22456,1.48092459661e-15,0,7.42782757155e-15,nan,nan,3.58054044519e-15,nan,nan
22460,1.48033200036e-15,0,7.41753450836e-15,nan,nan,3.58006996012e-15,nan,nan
22464,1.48197506652e-15,0,7.44329155003e-15,nan,nan,3.56105266928e-15,nan,nan
22468,1.47949817116e-15,0,7.40280483948e-15,nan,nan,3.5765495066e-15,nan,nan
22472,1.47984714265e-15,0,7.43862576308e-15,nan,nan,3.5642522616e-15,nan,nan
22476,1.4793610143e-15,0,7.41102948375e-15,nan,nan,3.55259680879e-15,nan,nan
22480,1.47878001186e-15,0,7.41390041137e-15,nan,nan,3.57064752284e-15,nan,nan
22484,1.48062843765e-15,0,7.43102477989e-15,nan,nan,3.54542804574e-15,nan,nan
22488,1.47597067213e-15,0,7.39057684061e-15,nan,nan,3.55186842559e-15,nan,nan
22492,1.4793420995e-15,0,7.43553965714e-15,nan,nan,3.554071827e-15,nan,nan
22496,1.47661658088e-15,0,7.39303664717e-15,nan,nan,3.53584731449e-15,nan,nan
22500,1.47596939913e-15,0,7.41295282797e-15,nan,nan,3.54744299047e-15,nan,nan
22504,1.47791688079e-15,0,7.41315733549e-15,nan,nan,3.53511636181e-15,nan,nan
22508,1.47480208889e-15,0,7.38913328106e-15,nan,nan,3.53512692817e-15,nan,nan
22512,1.47661714417e-15,0,7.41935995124e-15,nan,nan,3.53017209602e-15,nan,nan
22516,1.47405826951e-15,0,7.38605206392e-15,nan,nan,3.52819282244e-15,nan,nan
22520,1.47357365941e-15,0,7.40749146446e-15,nan,nan,3.52745756369e-15,nan,nan
22524,1.47540520315e-15,0,7.39092275881e-15,nan,nan,3.51281105183e-15,nan,nan
22528,1.4731985501e-15,0,7.39845044323e-15,nan,nan,3.52942005647e-15,nan,nan
22532,1.47155643397e-15,0,7.39015372595e-15,nan,nan,3.50572116742e-15,nan,nan
22536,1.47507499356e-15,0,7.39043181739e-15,nan,nan,3.51071605234e-15,nan,nan
22540,1.47152179337e-15,0,7.39439553592e-15,nan,nan,3.51991132527e-15,nan,nan
22544,1.47204975842e-15,0,7.375757306e-15,nan,nan,3.48678148421e-15,nan,nan
22548,1.47207330741e-15,0,7.39991714686e-15,nan,nan,3.51593837789e-15,nan,nan
22552,1.47069116046e-15,0,7.36983125204e-15,nan,nan,3.49478793242e-15,nan,nan
22556,1.47036940747e-15,0,7.38981154685e-15,nan,nan,3.48615082368e-15,nan,nan
22560,1.4714488356e-15,0,7.37842031623e-15,nan,nan,3.506869813e-15,nan,nan
22564,1.46889860492e-15,0,7.37307326263e-15,nan,nan,3.47528305325e-15,nan,nan
22568,1.46900482108e-15,0,7.3839886239e-15,nan,nan,3.49148270514e-15,nan,nan
22572,1.46827631504e-15,0,7.3653161112e-15,nan,nan,3.48276693118e-15,nan,nan
22576,1.46978666145e-15,0,7.38103616199e-15,nan,nan,3.47524800773e-15,nan,nan
22580,1.46688171406e-15,0,7.36237687689e-15,nan,nan,3.47893018542e-15,nan,nan
22584,1.46739136383e-15,0,7.3754005042e-15,nan,nan,3.46888370889e-15,nan,nan
22588,1.46973390251e-15,0,7.36440415979e-15,nan,nan,3.47579358505e-15,nan,nan
22592,1.46553358993e-15,0,7.36070981399e-15,nan,nan,3.45537553683e-15,nan,nan
22596,1.4653299641e-15,0,7.37551379708e-15,nan,nan,3.47397484286e-15,nan,nan
22600,1.4679517266e-15,0,7.3451785666e-15,nan,nan,3.45515632041e-15,nan,nan
22604,1.46414147608e-15,0,7.37355011139e-15,nan,nan,3.44877843213e-15,nan,nan
22608,1.46508633523e-15,0,7.35305833484e-15,nan,nan,3.47243668974e-15,nan,nan
22612,1.4646347763e-15,0,7.34885895025e-15,nan,nan,3.42877766962e-15,nan,nan
22616,1.46413238859e-15,0,7.37183186452e-15,nan,nan,3.45996624637e-15,nan,nan
22620,1.46501214547e-15,0,7.33195510333e-15,nan,nan,3.44694182061e-15,nan,nan
22624,1.46275303268e-15,0,7.36766935506e-15,nan,nan,3.42419404794e-15,nan,nan
22628,1.46393454693e-15,0,7.34125539421e-15,nan,nan,3.45893206981e-15,nan,nan
22632,1.46172758188e-15,0,7.34548095769e-15,nan,nan,3.41986873885e-15,nan,nan
22636,1.46265251658e-15,0,7.35547762297e-15,nan,nan,3.43427391382e-15,nan,nan
22640,1.46123513845e-15,0,7.3290130168e-15,nan,nan,3.43581077809e-15,nan,nan
22644,1.46286735316e-15,0,7.35991038745e-15,nan,nan,3.41471838881e-15,nan,nan
22648,1.46009067756e-15,0,7.32229010309e-15,nan,nan,3.43043462047e-15,nan,nan
22652,1.46050322547e-15,0,7.35400394715e-15,nan,nan,3.41478471164e-15,nan,nan
22656,1.46101105352e-15,0,7.330017376e-15,nan,nan,3.41928372871e-15,nan,nan
22660,1.45870126127e-15,0,7.33041994985e-15,nan,nan,3.40936814476e-15,nan,nan
22664,1.45941460713e-15,0,7.35074979805e-15,nan,nan,3.41320713981e-15,nan,nan
22668,1.45914002475e-15,0,7.30841163406e-15,nan,nan,3.40853487056e-15,nan,nan
22672,1.45887656085e-15,0,7.3515126407e-15,nan,nan,3.3949645876e-15,nan,nan
22676,1.45920127198e-15,0,7.31761735741e-15,nan,nan,3.41522846379e-15,nan,nan
22680,1.4571277978e-15,0,7.32540620647e-15,nan,nan,3.38598852216e-15,nan,nan
22684,1.45889580994e-15,0,7.33540577369e-15,nan,nan,3.39741918248e-15,nan,nan
22688,1.45527690869e-15,0,7.31265311662e-15,nan,nan,3.40165027233e-15,nan,nan
22692,1.45725007831e-15,0,7.32761925908e-15,nan,nan,3.37211761388e-15,nan,nan
22696,1.45622814545e-15,0,7.32027118952e-15,nan,nan,3.4004228164e-15,nan,nan
22700,1.45617277596e-15,0,7.31688900408e-15,nan,nan,3.37863271844e-15,nan,nan
22704,1.45502031505e-15,0,7.31491392272e-15,nan,nan,3.37276173199e-15,nan,nan
22708,1.45645788461e-15,0,7.32242370648e-15,nan,nan,3.39012204511e-15,nan,nan
22712,1.45437225706e-15,0,7.30507667946e-15,nan,nan,3.36329995821e-15,nan,nan
22716,1.45326077791e-15,0,7.31609647276e-15,nan,nan,3.37403498401e-15,nan,nan
22720,1.45435704669e-15,0,7.31453093021e-15,nan,nan,3.37235641789e-15,nan,nan
22724,1.45613174666e-15,0,7.29786727757e-15,nan,nan,3.35831294477e-15,nan,nan
22728,1.45155674219e-15,0,7.31848366378e-15,nan,nan,3.36705965552e-15,nan,nan
22732,1.45127351673e-15,0,7.30051097145e-15,nan,nan,3.35760166582e-15,nan,nan
22736,1.45405278509e-15,0,7.30058996053e-15,nan,nan,3.35666905324e-15,nan,nan
22740,1.45229611043e-15,0,7.31085975036e-15,nan,nan,3.35282752648e-15,nan,nan
22744,1.45204623007e-15,0,7.29363549505e-15,nan,nan,3.35130440273e-15,nan,nan
22748,1.44959863073e-15,0,7.30107782144e-15,nan,nan,3.34957038466e-15,nan,nan
22752,1.4522184432e-15,0,7.30005829514e-15,nan,nan,3.33887358823e-15,nan,nan
22756,1.45124533287e-15,0,7.29427094593e-15,nan,nan,3.35058130302e-15,nan,nan
22760,1.4494326832e-15,0,7.29123339579e-15,nan,nan,3.33291553709e-15,nan,nan
22764,1.44884922585e-15,0,7.30004211155e-15,nan,nan,3.33501540458e-15,nan,nan
22768,1.44954084116e-15,0,7.28585591062e-15,nan,nan,3.34314009114e-15,nan,nan
22772,1.44943087577e-15,0,7.28611238684e-15,nan,nan,3.31665950602e-15,nan,nan
22776,1.44813525732e-15,0,7.30367557007e-15,nan,nan,3.33811786983e-15,nan,nan
22780,1.45116404602e-15,0,7.26440495009e-15,nan,nan,3.32359854653e-15,nan,nan
22784,1.44644863662e-15,0,7.30353063968e-15,nan,nan,3.31379148856e-15,nan,nan
22788,1.44853697268e-15,0,7.27881388169e-15,nan,nan,3.33186984368e-15,nan,nan
22792,1.44743504394e-15,0,7.26993824401e-15,nan,nan,3.30613515435e-15,nan,nan
22796,1.44759156927e-15,0,7.3041681966e-15,nan,nan,3.31784864942e-15,nan,nan
22800,1.4450673687e-15,0,7.25377941197e-15,nan,nan,3.31225179549e-15,nan,nan
22804,1.44550933549e-15,0,7.29485682667e-15,nan,nan,3.30389835274e-15,nan,nan
22808,1.44730514409e-15,0,7.27047154483e-15,nan,nan,3.30969761384e-15,nan,nan
22812,1.44547927916e-15,0,7.27008117789e-15,nan,nan,3.29775205891e-15,nan,nan
22816,1.4451793687e-15,0,7.28244379829e-15,nan,nan,3.30604779157e-15,nan,nan
22820,1.44259598881e-15,0,7.26055151842e-15,nan,nan,3.28982560044e-15,nan,nan
22824,1.44678369855e-15,0,7.28134762747e-15,nan,nan,3.29901288271e-15,nan,nan
22828,1.44425797501e-15,0,7.2564438779e-15,nan,nan,3.29316351551e-15,nan,nan
22832,1.44432324444e-15,0,7.27839652335e-15,nan,nan,3.27892310055e-15,nan,nan
22836,1.44317414215e-15,0,7.2583386302e-15,nan,nan,3.3003788756e-15,nan,nan
22840,1.44284489809e-15,0,7.26291824909e-15,nan,nan,3.27175444404e-15,nan,nan
22844,1.44309887773e-15,0,7.2737598394e-15,nan,nan,3.28331078271e-15,nan,nan
22848,1.44261807246e-15,0,7.24398744679e-15,nan,nan,3.28531737125e-15,nan,nan
22852,1.43961594635e-15,0,7.27526792578e-15,nan,nan,3.26242068811e-15,nan,nan
22856,1.44242105348e-15,0,7.2515605279e-15,nan,nan,3.28339504235e-15,nan,nan
22860,1.44235298521e-15,0,7.25207066379e-15,nan,nan,3.26611640247e-15,nan,nan
22864,1.44204674187e-15,0,7.26802813653e-15,nan,nan,3.26452062235e-15,nan,nan
22868,1.44112417458e-15,0,7.2405771124e-15,nan,nan,3.26904802267e-15,nan,nan
22872,1.43979879279e-15,0,7.260007888e-15,nan,nan,3.26011528361e-15,nan,nan
22876,1.44023796712e-15,0,7.25172672643e-15,nan,nan,3.25840444944e-15,nan,nan
22880,1.438241861e-15,0,7.24349314766e-15,nan,nan,3.25682726499e-15,nan,nan
22884,1.43851095712e-15,0,7.25510255294e-15,nan,nan,3.25855958272e-15,nan,nan
22888,1.44012669628e-15,0,7.24269350215e-15,nan,nan,3.24261829341e-15,nan,nan
22892,1.44026281866e-15,0,7.24711399518e-15,nan,nan,3.25671028558e-15,nan,nan
22896,1.43828567599e-15,0,7.24335641124e-15,nan,nan,3.24495747228e-15,nan,nan
22900,1.43837545402e-15,0,7.24465467996e-15,nan,nan,3.23571483088e-15,nan,nan
22904,1.43624943698e-15,0,7.23840643007e-15,nan,nan,3.25395578554e-15,nan,nan
22908,1.43636242917e-15,0,7.24210811253e-15,nan,nan,3.22825775868e-15,nan,nan
22912,1.43729890238e-15,0,7.23909429536e-15,nan,nan,3.23711037391e-15,nan,nan
22916,1.43827580844e-15,0,7.23358648521e-15,nan,nan,3.24100575853e-15,nan,nan
22920,1.4371003957e-15,0,7.24072843274e-15,nan,nan,3.22088392938e-15,nan,nan
22924,1.43655473565e-15,0,7.2303036329e-15,nan,nan,3.23261253461e-15,nan,nan
22928,1.43507930197e-15,0,7.23589367883e-15,nan,nan,3.22947548576e-15,nan,nan
22932,1.43444363485e-15,0,7.2291493204e-15,nan,nan,3.21504376099e-15,nan,nan
22936,1.43339382985e-15,0,7.23465287729e-15,nan,nan,3.22508213346e-15,nan,nan
22940,1.43735016268e-15,0,7.22297551011e-15,nan,nan,3.22225816208e-15,nan,nan
22944,1.43552956942e-15,0,7.23290090308e-15,nan,nan,3.20445990465e-15,nan,nan
22948,1.43342144006e-15,0,7.22619011353e-15,nan,nan,3.22341408569e-15,nan,nan
22952,1.43569707328e-15,0,7.21721582584e-15,nan,nan,3.20862015462e-15,nan,nan
22956,1.43008260024e-15,0,7.23897114051e-15,nan,nan,3.19932436439e-15,nan,nan
22960,1.43262257757e-15,0,7.20470563877e-15,nan,nan,3.21966484975e-15,nan,nan
22964,1.43546863535e-15,0,7.23443215639e-15,nan,nan,3.19247038007e-15,nan,nan
22968,1.43395005863e-15,0,7.2165249634e-15,nan,nan,3.2025680455e-15,nan,nan
22972,1.4310409855e-15,0,7.21100758899e-15,nan,nan,3.20462857361e-15,nan,nan
22976,1.43211028788e-15,0,7.23255754119e-15,nan,nan,3.18717759966e-15,nan,nan
22980,1.43009255034e-15,0,7.19904608712e-15,nan,nan,3.19877100427e-15,nan,nan
22984,1.43228693626e-15,0,7.22767142217e-15,nan,nan,3.18999983592e-15,nan,nan
22988,1.43399704447e-15,0,7.20750283574e-15,nan,nan,3.18824328512e-15,nan,nan
22992,1.42966607396e-15,0,7.21077944604e-15,nan,nan,3.18391799851e-15,nan,nan
22996,1.42871193663e-15,0,7.21799699889e-15,nan,nan,3.18917292039e-15,nan,nan
23000,1.43023946157e-15,0,7.19891476068e-15,nan,nan,3.17729758302e-15,nan,nan
23004,1.43003032664e-15,0,7.22011437844e-15,nan,nan,3.17616898729e-15,nan,nan
23008,1.43203167835e-15,0,7.19700081048e-15,nan,nan,3.18821902904e-15,nan,nan
23012,1.42851733693e-15,0,7.21116624153e-15,nan,nan,3.15917908305e-15,nan,nan
23016,1.42796534677e-15,0,7.20643164419e-15,nan,nan,3.18209389386e-15,nan,nan
23020,1.42773733429e-15,0,7.19412565332e-15,nan,nan,3.1704697218e-15,nan,nan
23024,1.43150898845e-15,0,7.21699936093e-15,nan,nan,3.15545608399e-15,nan,nan
23028,1.42866239185e-15,0,7.18528105364e-15,nan,nan,3.18095130529e-15,nan,nan
23032,1.42572654635e-15,0,7.21053097499e-15,nan,nan,3.15070453036e-15,nan,nan
23036,1.42738923974e-15,0,7.19727486303e-15,nan,nan,3.16290435137e-15,nan,nan
23040,1.42662104369e-15,0,7.18824859759e-15,nan,nan,3.16300246439e-15,nan,nan
23044,1.43044405965e-15,0,7.21263936477e-15,nan,nan,3.14806367947e-15,nan,nan
23048,1.42508294564e-15,0,7.17657031544e-15,nan,nan,3.15834890288e-15,nan,nan
23052,1.42454098072e-15,0,7.20807836172e-15,nan,nan,3.14870430781e-15,nan,nan
23056,1.42786414282e-15,0,7.18625645828e-15,nan,nan,3.15028607599e-15,nan,nan
23060,1.42658175049e-15,0,7.18840172382e-15,nan,nan,3.14307290934e-15,nan,nan
23064,1.42692201077e-15,0,7.20075983235e-15,nan,nan,3.14871353913e-15,nan,nan
23068,1.42230802259e-15,0,7.17458446362e-15,nan,nan,3.13974598971e-15,nan,nan
23072,1.42523995202e-15,0,7.20220623482e-15,nan,nan,3.13608845376e-15,nan,nan
23076,1.42684490182e-15,0,7.17652621839e-15,nan,nan,3.14651915439e-15,nan,nan
23080,1.42535906094e-15,0,7.18955621046e-15,nan,nan,3.12598325676e-15,nan,nan
23084,1.42199673282e-15,0,7.18699928896e-15,nan,nan,3.13671849722e-15,nan,nan
23088,1.42429801508e-15,0,7.17552188233e-15,nan,nan,3.13505634416e-15,nan,nan
23092,1.42478153926e-15,0,7.19194939267e-15,nan,nan,3.12005436119e-15,nan,nan
23096,1.42396270387e-15,0,7.17255036045e-15,nan,nan,3.13325508647e-15,nan,nan
23100,1.42069381732e-15,0,7.18381618849e-15,nan,nan,3.12413348811e-15,nan,nan
23104,1.42387454566e-15,0,7.17961302091e-15,nan,nan,3.11662620969e-15,nan,nan
23108,1.42454554725e-15,0,7.17286404464e-15,nan,nan,3.12572142565e-15,nan,nan
23112,1.42101912083e-15,0,7.18207874405e-15,nan,nan,3.11741910153e-15,nan,nan
23116,1.42127401432e-15,0,7.17165207889e-15,nan,nan,3.11012322268e-15,nan,nan
23120,1.42276784361e-15,0,7.17425066134e-15,nan,nan,3.12113280367e-15,nan,nan
23124,1.42374847197e-15,0,7.17624910934e-15,nan,nan,3.10767836282e-15,nan,nan
23128,1.41847660391e-15,0,7.16754306777e-15,nan,nan,3.10581782091e-15,nan,nan
23132,1.42140207432e-15,0,7.1745662322e-15,nan,nan,3.11522492911e-15,nan,nan
23136,1.42177005455e-15,0,7.16868460269e-15,nan,nan,3.09847906775e-15,nan,nan
23140,1.42204656465e-15,0,7.16801652651e-15,nan,nan,3.10390805809e-15,nan,nan
23144,1.41683939156e-15,0,7.16961245321e-15,nan,nan,3.10473925484e-15,nan,nan
23148,1.42051147608e-15,0,7.16547349162e-15,nan,nan,3.09482226319e-15,nan,nan
23152,1.42448206658e-15,0,7.16599407743e-15,nan,nan,3.09646134675e-15,nan,nan
23156,1.41432060366e-15,0,7.16415843394e-15,nan,nan,3.09940268586e-15,nan,nan
23160,1.42111574973e-15,0,7.16512385968e-15,nan,nan,3.08903192621e-15,nan,nan
23164,1.41985724865e-15,0,7.15920178875e-15,nan,nan,3.08729244039e-15,nan,nan
23168,1.42022998486e-15,0,7.16576322765e-15,nan,nan,3.0997296473e-15,nan,nan
23172,1.41448037681e-15,0,7.15702268818e-15,nan,nan,3.07302235507e-15,nan,nan
23176,1.42011436557e-15,0,7.15997430807e-15,nan,nan,3.09129767629e-15,nan,nan
23180,1.42045620421e-15,0,7.16124019712e-15,nan,nan,3.08873954973e-15,nan,nan
23184,1.41462718457e-15,0,7.151903441e-15,nan,nan,3.06337083686e-15,nan,nan
23188,1.41865399847e-15,0,7.16121535674e-15,nan,nan,3.09813146281e-15,nan,nan
23192,1.41908063451e-15,0,7.15270348591e-15,nan,nan,3.06565767015e-15,nan,nan
23196,1.41565418887e-15,0,7.15359790895e-15,nan,nan,3.07202951398e-15,nan,nan
23200,1.41651414046e-15,0,7.15565714447e-15,nan,nan,3.08582306704e-15,nan,nan
23204,1.41905689603e-15,0,7.1498561386e-15,nan,nan,3.0550039485e-15,nan,nan
23208,1.41322935944e-15,0,7.15187469015e-15,nan,nan,3.0796965441e-15,nan,nan
23212,1.41667138997e-15,0,7.1512392447e-15,nan,nan,3.06305909014e-15,nan,nan
23216,1.417730808e-15,0,7.14828497028e-15,nan,nan,3.06398463527e-15,nan,nan
23220,1.41471868096e-15,0,7.14862367419e-15,nan,nan,3.06543134497e-15,nan,nan
23224,1.41427120858e-15,0,7.14763816921e-15,nan,nan,3.05811468247e-15,nan,nan
23228,1.41927315483e-15,0,7.14702263128e-15,nan,nan,3.06508192296e-15,nan,nan
23232,1.41190024502e-15,0,7.14295603904e-15,nan,nan,3.04598013063e-15,nan,nan
23236,1.4144886751e-15,0,7.14870283192e-15,nan,nan,3.06934069732e-15,nan,nan
23240,1.41730225001e-15,0,7.14037496467e-15,nan,nan,3.04383091739e-15,nan,nan
23244,1.41018676897e-15,0,7.14162175378e-15,nan,nan,3.04901132304e-15,nan,nan
23248,1.41643281738e-15,0,7.14852882219e-15,nan,nan,3.06680912903e-15,nan,nan
23252,1.41529573122e-15,0,7.12856996609e-15,nan,nan,3.02324833029e-15,nan,nan
23256,1.40997651058e-15,0,7.15183569904e-15,nan,nan,3.06672473882e-15,nan,nan
23260,1.41642137129e-15,0,7.13243013495e-15,nan,nan,3.03886869589e-15,nan,nan
23264,1.41388881136e-15,0,7.1352241349e-15,nan,nan,3.03027769572e-15,nan,nan
23268,1.41005333959e-15,0,7.14807254275e-15,nan,nan,3.06396894618e-15,nan,nan
23272,1.41637351894e-15,0,7.12101865376e-15,nan,nan,3.01652198053e-15,nan,nan
23276,1.41109015424e-15,0,7.14871813338e-15,nan,nan,3.04922641373e-15,nan,nan
23280,1.41048545146e-15,0,7.12652942986e-15,nan,nan,3.03605367148e-15,nan,nan
23284,1.41520766334e-15,0,7.13461851653e-15,nan,nan,3.02418060111e-15,nan,nan
23288,1.40966289978e-15,0,7.13665683867e-15,nan,nan,3.04389321157e-15,nan,nan
23292,1.41326553756e-15,0,7.12433971239e-15,nan,nan,3.01923258579e-15,nan,nan
23296,1.41180061407e-15,0,7.14039898399e-15,nan,nan,3.03792726403e-15,nan,nan
23300,1.40851811464e-15,0,7.11913764767e-15,nan,nan,3.01794403254e-15,nan,nan
23304,1.41493687214e-15,0,7.13944445356e-15,nan,nan,3.03101529822e-15,nan,nan
23308,1.40745957056e-15,0,7.12072140958e-15,nan,nan,3.02319273792e-15,nan,nan
23312,1.41185909599e-15,0,7.12687952615e-15,nan,nan,3.01159813187e-15,nan,nan
23316,1.41269634997e-15,0,7.13621947968e-15,nan,nan,3.03859247653e-15,nan,nan
23320,1.40736801866e-15,0,7.10762969117e-15,nan,nan,2.99730497162e-15,nan,nan
23324,1.41278673326e-15,0,7.14366554537e-15,nan,nan,3.02936181212e-15,nan,nan
23328,1.40788075402e-15,0,7.11196514853e-15,nan,nan,3.0159708629e-15,nan,nan
23332,1.40962770363e-15,0,7.12249686801e-15,nan,nan,2.99786963593e-15,nan,nan
23336,1.41061912418e-15,0,7.13585121188e-15,nan,nan,3.03289130405e-15,nan,nan
23340,1.40829930628e-15,0,7.10011791473e-15,nan,nan,2.99166998932e-15,nan,nan
23344,1.40901881333e-15,0,7.14046278534e-15,nan,nan,3.0163793719e-15,nan,nan
23348,1.41134405114e-15,0,7.107536826e-15,nan,nan,3.00916311812e-15,nan,nan
23352,1.40637474193e-15,0,7.11930161187e-15,nan,nan,2.9953619039e-15,nan,nan
23356,1.40780380356e-15,0,7.12651797325e-15,nan,nan,3.01455631019e-15,nan,nan
23360,1.41012770608e-15,0,7.10342813976e-15,nan,nan,2.9912677077e-15,nan,nan
23364,1.4075937849e-15,0,7.13165074307e-15,nan,nan,3.00881417843e-15,nan,nan
23368,1.40857785124e-15,0,7.10184479161e-15,nan,nan,2.99199868002e-15,nan,nan
23372,1.40686726314e-15,0,7.12598068894e-15,nan,nan,2.9991340716e-15,nan,nan
23376,1.40816605203e-15,0,7.10779759716e-15,nan,nan,3.00023017169e-15,nan,nan
23380,1.40702977728e-15,0,7.11308248536e-15,nan,nan,2.98168324846e-15,nan,nan
23384,1.40816212347e-15,0,7.12168977903e-15,nan,nan,3.00817583595e-15,nan,nan
23388,1.40574885378e-15,0,7.09555392389e-15,nan,nan,2.97828212457e-15,nan,nan
23392,1.40671096257e-15,0,7.130090359e-15,nan,nan,2.99239582119e-15,nan,nan
23396,1.4084302383e-15,0,7.09497632447e-15,nan,nan,2.9955374066e-15,nan,nan
23400,1.40505980752e-15,0,7.11634241683e-15,nan,nan,2.97201847301e-15,nan,nan
23404,1.40626153914e-15,0,7.11198115296e-15,nan,nan,2.99787739304e-15,nan,nan
23408,1.40731827802e-15,0,7.09764653018e-15,nan,nan,2.97707534908e-15,nan,nan
23412,1.40444180348e-15,0,7.12018227359e-15,nan,nan,2.98028661252e-15,nan,nan
23416,1.40720044191e-15,0,7.09521162371e-15,nan,nan,2.98569228208e-15,nan,nan
23420,1.40513963858e-15,0,7.11431509928e-15,nan,nan,2.97415654845e-15,nan,nan
23424,1.40541009028e-15,0,7.09997469471e-15,nan,nan,2.97949751891e-15,nan,nan
23428,1.40525061173e-15,0,7.10731191208e-15,nan,nan,2.97496773318e-15,nan,nan
23432,1.40414037882e-15,0,7.10387599605e-15,nan,nan,2.97708646891e-15,nan,nan
23436,1.40693273977e-15,0,7.09842569087e-15,nan,nan,2.96872939763e-15,nan,nan
23440,1.40364520171e-15,0,7.11214015107e-15,nan,nan,2.97558654836e-15,nan,nan
23444,1.40457994932e-15,0,7.08825512429e-15,nan,nan,2.97087395692e-15,nan,nan
23448,1.40495484389e-15,0,7.1138085773e-15,nan,nan,2.96310715531e-15,nan,nan
23452,1.40317136391e-15,0,7.09312242698e-15,nan,nan,2.97613873196e-15,nan,nan
23456,1.40603909431e-15,0,7.09831511665e-15,nan,nan,2.96021965789e-15,nan,nan
23460,1.40174640012e-15,0,7.10825150609e-15,nan,nan,2.96443023147e-15,nan,nan
23464,1.40490839037e-15,0,7.08451002717e-15,nan,nan,2.96921277472e-15,nan,nan
23468,1.40338807808e-15,0,7.11186632801e-15,nan,nan,2.95567498818e-15,nan,nan
23472,1.40381861288e-15,0,7.08599942888e-15,nan,nan,2.9634499376e-15,nan,nan
23476,1.40290569605e-15,0,7.10300782949e-15,nan,nan,2.96231384871e-15,nan,nan
23480,1.40331543269e-15,0,7.09365974872e-15,nan,nan,2.95266959477e-15,nan,nan
23484,1.40288081002e-15,0,7.09130915002e-15,nan,nan,2.95835669502e-15,nan,nan
23488,1.40434692084e-15,0,7.10279781951e-15,nan,nan,2.95835853228e-15,nan,nan
23492,1.40167898377e-15,0,7.07654165957e-15,nan,nan,2.94618604402e-15,nan,nan
23496,1.40182023516e-15,0,7.11517508812e-15,nan,nan,2.95755411684e-15,nan,nan
23500,1.40328819709e-15,0,7.07245154189e-15,nan,nan,2.9537424614e-15,nan,nan
23504,1.40146830066e-15,0,7.10144928661e-15,nan,nan,2.94275501444e-15,nan,nan
23508,1.40171888411e-15,0,7.09780064649e-15,nan,nan,2.95809131174e-15,nan,nan
23512,1.40309915893e-15,0,7.06895538354e-15,nan,nan,2.94426314635e-15,nan,nan
23516,1.40153436288e-15,0,7.12013940511e-15,nan,nan,2.94361754048e-15,nan,nan
23520,1.40104788477e-15,0,7.06156054357e-15,nan,nan,2.95347023916e-15,nan,nan
23524,1.40292992384e-15,0,7.10515031589e-15,nan,nan,2.93812810289e-15,nan,nan
23528,1.40132061956e-15,0,7.08770402928e-15,nan,nan,2.94436919602e-15,nan,nan
23532,1.4005402382e-15,0,7.07473130985e-15,nan,nan,2.94517414959e-15,nan,nan
23536,1.40113032751e-15,0,7.10814475349e-15,nan,nan,2.93850145107e-15,nan,nan
23540,1.40054233541e-15,0,7.06369195288e-15,nan,nan,2.93882048453e-15,nan,nan
23544,1.40169340415e-15,0,7.10561944464e-15,nan,nan,2.94336958654e-15,nan,nan
23548,1.40088042371e-15,0,7.07197883755e-15,nan,nan,2.9338454759e-15,nan,nan
23552,1.39952726606e-15,0,7.08933636869e-15,nan,nan,2.93419589114e-15,nan,nan
23556,1.40103470413e-15,0,7.09033946985e-15,nan,nan,2.94356620297e-15,nan,nan
23560,1.40043652426e-15,0,7.06700179564e-15,nan,nan,2.92377857338e-15,nan,nan
23564,1.400171757e-15,0,7.10710788163e-15,nan,nan,2.93807407921e-15,nan,nan
23568,1.39962572662e-15,0,7.05844065461e-15,nan,nan,2.93552189672e-15,nan,nan
23572,1.39964033969e-15,0,7.098038736e-15,nan,nan,2.91979689316e-15,nan,nan
23576,1.40063107479e-15,0,7.07992589442e-15,nan,nan,2.94075209907e-15,nan,nan
23580,1.39982602506e-15,0,7.06755980197e-15,nan,nan,2.92384663591e-15,nan,nan
23584,1.4000524085e-15,0,7.10369325387e-15,nan,nan,2.92389348475e-15,nan,nan
23588,1.39811499039e-15,0,7.0560301559e-15,nan,nan,2.93490509983e-15,nan,nan
23592,1.39928695492e-15,0,7.09649302061e-15,nan,nan,2.91880104608e-15,nan,nan
23596,1.40051260928e-15,0,7.07317251637e-15,nan,nan,2.92549991865e-15,nan,nan
23600,1.39709606081e-15,0,7.07409989631e-15,nan,nan,2.92728324695e-15,nan,nan
23604,1.40110730986e-15,0,7.08957821593e-15,nan,nan,2.91804245412e-15,nan,nan
23608,1.39863709424e-15,0,7.06231007969e-15,nan,nan,2.92242596939e-15,nan,nan
23612,1.39704093518e-15,0,7.09346942836e-15,nan,nan,2.92326695269e-15,nan,nan
23616,1.40038999371e-15,0,7.06135219236e-15,nan,nan,2.91609014296e-15,nan,nan
23620,1.39691117502e-15,0,7.08708220222e-15,nan,nan,2.91872613205e-15,nan,nan
23624,1.39934131081e-15,0,7.0725204444e-15,nan,nan,2.92097367694e-15,nan,nan
23628,1.39796324812e-15,0,7.06836556405e-15,nan,nan,2.91264301788e-15,nan,nan
23632,1.39757396642e-15,0,7.09086020651e-15,nan,nan,2.91605040297e-15,nan,nan
23636,1.39906142633e-15,0,7.05372543841e-15,nan,nan,2.91917854507e-15,nan,nan
23640,1.39809321339e-15,0,7.09139277315e-15,nan,nan,2.90751214e-15,nan,nan
23644,1.39680171854e-15,0,7.0643827969e-15,nan,nan,2.91568702074e-15,nan,nan
23648,1.39818085674e-15,0,7.07132379174e-15,nan,nan,2.9156578468e-15,nan,nan
23652,1.39838499735e-15,0,7.0815896244e-15,nan,nan,2.90242396023e-15,nan,nan
23656,1.39743476913e-15,0,7.06068287495e-15,nan,nan,2.91830542306e-15,nan,nan
23660,1.39659751724e-15,0,7.08091694385e-15,nan,nan,2.90729316469e-15,nan,nan
23664,1.39654265872e-15,0,7.06488985709e-15,nan,nan,2.90288938374e-15,nan,nan
23668,1.39776792683e-15,0,7.07563093913e-15,nan,nan,2.91783563044e-15,nan,nan
23672,1.39791597007e-15,0,7.06524948945e-15,nan,nan,2.89799646215e-15,nan,nan
23676,1.39707013409e-15,0,7.07439533374e-15,nan,nan,2.90918541802e-15,nan,nan
23680,1.39678757471e-15,0,7.06900672657e-15,nan,nan,2.90785039593e-15,nan,nan
23684,1.39671874353e-15,0,7.06276078848e-15,nan,nan,2.89818583107e-15,nan,nan
23688,1.3961777257e-15,0,7.08188770286e-15,nan,nan,2.90978475456e-15,nan,nan
23692,1.39714571933e-15,0,7.05326454737e-15,nan,nan,2.89788916357e-15,nan,nan
23696,1.39683369235e-15,0,7.07832520584e-15,nan,nan,2.90590481912e-15,nan,nan
23700,1.39532227287e-15,0,7.06749092947e-15,nan,nan,2.89799085748e-15,nan,nan
23704,1.39797292071e-15,0,7.05727919666e-15,nan,nan,2.90167516078e-15,nan,nan
23708,1.39603778913e-15,0,7.08185645279e-15,nan,nan,2.90297457824e-15,nan,nan
23712,1.39494233459e-15,0,7.05355143332e-15,nan,nan,2.89003328712e-15,nan,nan
23716,1.39675068734e-15,0,7.07188897132e-15,nan,nan,2.91048822021e-15,nan,nan
23720,1.3960813319e-15,0,7.06767943842e-15,nan,nan,2.88735220559e-15,nan,nan
23724,1.3965474327e-15,0,7.05961289257e-15,nan,nan,2.89907880642e-15,nan,nan
23728,1.39560219141e-15,0,7.07120876367e-15,nan,nan,2.90361548568e-15,nan,nan
23732,1.39617049006e-15,0,7.06028141029e-15,nan,nan,2.88153138869e-15,nan,nan
23736,1.39455354969e-15,0,7.06859227037e-15,nan,nan,2.9084403407e-15,nan,nan
23740,1.3959003297e-15,0,7.05874171934e-15,nan,nan,2.88676683687e-15,nan,nan
23744,1.39647782067e-15,0,7.06975159097e-15,nan,nan,2.89323090078e-15,nan,nan
23748,1.3951789458e-15,0,7.05832605661e-15,nan,nan,2.89878581535e-15,nan,nan
23752,1.39441960391e-15,0,7.06146823952e-15,nan,nan,2.88464743497e-15,nan,nan
23756,1.39613537811e-15,0,7.07219298389e-15,nan,nan,2.89751535541e-15,nan,nan
23760,1.39534458746e-15,0,7.04848726683e-15,nan,nan,2.88591533589e-15,nan,nan
23764,1.39511889559e-15,0,7.07508350077e-15,nan,nan,2.89502654653e-15,nan,nan
23768,1.39428706316e-15,0,7.05698431867e-15,nan,nan,2.88571293577e-15,nan,nan
23772,1.39656048073e-15,0,7.05686225447e-15,nan,nan,2.88986993001e-15,nan,nan
23776,1.39415994321e-15,0,7.07340890671e-15,nan,nan,2.89398377408e-15,nan,nan
23780,1.39526794754e-15,0,7.04899958612e-15,nan,nan,2.87598736001e-15,nan,nan
23784,1.39408252301e-15,0,7.06732687165e-15,nan,nan,2.90102995256e-15,nan,nan
23788,1.39584471995e-15,0,7.06242370024e-15,nan,nan,2.87851223717e-15,nan,nan
23792,1.39399142156e-15,0,7.05306177678e-15,nan,nan,2.88409625907e-15,nan,nan
23796,1.39495615806e-15,0,7.06793452954e-15,nan,nan,2.89813345765e-15,nan,nan
23800,1.39422078059e-15,0,7.05596103982e-15,nan,nan,2.86968906889e-15,nan,nan
23804,1.39472028103e-15,0,7.05854287349e-15,nan,nan,2.89555947511e-15,nan,nan
23808,1.39465215664e-15,0,7.06367561842e-15,nan,nan,2.88311553133e-15,nan,nan
23812,1.39434209862e-15,0,7.05470982127e-15,nan,nan,2.87693788257e-15,nan,nan
23816,1.39396947384e-15,0,7.06222346971e-15,nan,nan,2.89251289671e-15,nan,nan
23820,1.39633409937e-15,0,7.05701335271e-15,nan,nan,2.8767975004e-15,nan,nan
23824,1.39288949089e-15,0,7.05987194741e-15,nan,nan,2.8838833758e-15,nan,nan
23828,1.39414338574e-15,0,7.05729126973e-15,nan,nan,2.88226766697e-15,nan,nan
23832,1.39312308181e-15,0,7.05728161614e-15,nan,nan,2.88280073927e-15,nan,nan
23836,1.39486786068e-15,0,7.06194308604e-15,nan,nan,2.87758683832e-15,nan,nan
23840,1.3949969078e-15,0,7.05029049329e-15,nan,nan,2.88281991887e-15,nan,nan
23844,1.3931453024e-15,0,7.06575087156e-15,nan,nan,2.88343302844e-15,nan,nan
23848,1.39466421335e-15,0,7.0521152691e-15,nan,nan,2.87072714151e-15,nan,nan
23852,1.393469037e-15,0,7.05608481276e-15,nan,nan,2.89021080955e-15,nan,nan
23856,1.39482007312e-15,0,7.06438509781e-15,nan,nan,2.8733880777e-15,nan,nan
23860,1.39244403684e-15,0,7.04595270163e-15,nan,nan,2.87526969752e-15,nan,nan
23864,1.39372919229e-15,0,7.06543888492e-15,nan,nan,2.88908990825e-15,nan,nan
23868,1.39473068377e-15,0,7.05362117029e-15,nan,nan,2.86704274362e-15,nan,nan
23872,1.39295462515e-15,0,7.05210608504e-15,nan,nan,2.88192694248e-15,nan,nan
23876,1.39475071786e-15,0,7.06497990176e-15,nan,nan,2.88187387281e-15,nan,nan
23880,1.39313059504e-15,0,7.04687692327e-15,nan,nan,2.86818054803e-15,nan,nan
23884,1.3943735826e-15,0,7.06102140005e-15,nan,nan,2.88255639255e-15,nan,nan
23888,1.39252220076e-15,0,7.05603172429e-15,nan,nan,2.87838289024e-15,nan,nan
23892,1.39365827248e-15,0,7.05045172519e-15,nan,nan,2.86797168432e-15,nan,nan
23896,1.39376697433e-15,0,7.0628741017e-15,nan,nan,2.88374043768e-15,nan,nan
23900,1.39311687002e-15,0,7.04764409813e-15,nan,nan,2.87462951223e-15,nan,nan
23904,1.39378537898e-15,0,7.06063556644e-15,nan,nan,2.86832087893e-15,nan,nan
23908,1.39260911394e-15,0,7.05250663935e-15,nan,nan,2.88594049658e-15,nan,nan
23912,1.39472675923e-15,0,7.0533376027e-15,nan,nan,2.86744809123e-15,nan,nan
23916,1.39356666681e-15,0,7.06024780303e-15,nan,nan,2.87505427461e-15,nan,nan
23920,1.39236183597e-15,0,7.04617686124e-15,nan,nan,2.88047909074e-15,nan,nan
23924,1.39403853807e-15,0,7.06383964673e-15,nan,nan,2.866776758e-15,nan,nan
23928,1.39380007953e-15,0,7.04777816375e-15,nan,nan,2.87906452575e-15,nan,nan
23932,1.39228157091e-15,0,7.05613010283e-15,nan,nan,2.87262475723e-15,nan,nan
23936,1.39328361078e-15,0,7.05835955078e-15,nan,nan,2.87414990121e-15,nan,nan
23940,1.39413525827e-15,0,7.04620552502e-15,nan,nan,2.8719025514e-15,nan,nan
23944,1.39274643088e-15,0,7.06270956155e-15,nan,nan,2.87630355085e-15,nan,nan
23948,1.3922638251e-15,0,7.04863786376e-15,nan,nan,2.87297794159e-15,nan,nan
23952,1.39400407393e-15,0,7.05459854348e-15,nan,nan,2.86751894765e-15,nan,nan
23956,1.39305635627e-15,0,7.05759077326e-15,nan,nan,2.88453802424e-15,nan,nan
23960,1.39379194139e-15,0,7.04893661826e-15,nan,nan,2.86039250174e-15,nan,nan
23964,1.39217052682e-15,0,7.05735836975e-15,nan,nan,2.87943768243e-15,nan,nan
23968,1.39371157646e-15,0,7.05336836639e-15,nan,nan,2.87661103044e-15,nan,nan
23972,1.39454259967e-15,0,7.05173637522e-15,nan,nan,2.85969202522e-15,nan,nan
23976,1.3915657836e-15,0,7.05672987079e-15,nan,nan,2.88848053554e-15,nan,nan
23980,1.39402766198e-15,0,7.05176961025e-15,nan,nan,2.86120684736e-15,nan,nan
23984,1.39223999255e-15,0,7.05395208659e-15,nan,nan,2.87592556865e-15,nan,nan
23988,1.39304758598e-15,0,7.05503034812e-15,nan,nan,2.87595833804e-15,nan,nan
23992,1.39347320602e-15,0,7.05211375184e-15,nan,nan,2.86507538498e-15,nan,nan
23996,1.39281434231e-15,0,7.05485022388e-15,nan,nan,2.88030337907e-15,nan,nan
24000,6.96859484489e-16,0,3.52641539235e-15,nan,nan,1.43239496067e-15,nan,nan
